left_1,left_2,left_3,left_4,left_5,left_6,left_7,left_8,left_9,left_10,left_11,left_12,left_13,left_14,left_15,left_16,left_17,left_18,left_19,left_20,left_21,left_22,left_23,left_24,left_25,left_26,left_27,left_28,left_29,left_30,left_31,left_32,left_33,left_34,left_35,left_36,left_37,left_38,left_39,left_40,left_41,left_42,left_43,left_44,left_45,left_46,left_47,left_48,right_1,right_2,right_3,right_4,right_5,right_6,right_7,right_8,right_9,right_10,right_11,right_12,right_13,right_14,right_15,right_16,right_17,right_18,right_19,right_20,right_21,right_22,right_23,right_24,right_25,right_26,right_27,right_28,right_29,right_30,right_31,right_32,right_33,right_34,right_35,right_36,right_37,right_38,right_39,right_40,right_41,right_42,right_43,right_44,right_45,right_46,right_47,right_48,direction
0,0,8,0,0,0,0,54,18,0,0,0,0,72,62,0,0,0,0,0,0,16,0,0,0,71,69,0,0,0,0,0,9,0,0,0,0,0,41,0,0,0,0,0,0,0,0,0,0,0,108,0,0,0,0,0,17,0,0,0,0,48,63,0,0,0,0,0,3,0,0,0,0,0,70,0,0,0,0,0,33,27,0,0,0,0,0,0,0,0,0,0,26,0,0,0,none
0,0,8,0,0,0,0,53,20,0,0,0,0,74,64,0,0,0,0,0,0,19,0,0,0,70,69,0,0,0,0,0,9,0,0,0,0,0,41,0,0,0,0,0,0,0,0,0,0,0,99,0,0,0,0,0,18,0,0,0,0,45,63,0,0,0,0,0,8,0,0,0,0,0,63,0,0,0,0,0,32,18,0,0,0,0,0,0,0,0,0,0,16,0,0,0,none
0,0,8,0,0,0,0,56,22,0,0,0,0,79,65,0,0,0,0,0,0,13,0,0,0,64,69,0,0,0,0,0,4,0,0,0,0,0,36,0,0,0,0,0,0,0,0,0,0,0,95,0,0,0,0,0,13,0,0,0,0,34,101,29,0,0,0,0,7,0,0,0,0,0,66,0,0,0,0,0,34,38,0,0,0,0,0,0,0,0,0,0,32,0,0,0,none
0,0,6,0,0,0,0,55,22,0,0,0,0,78,65,0,0,0,0,0,0,14,0,0,0,65,69,0,0,0,0,0,5,0,0,0,0,0,37,0,0,0,0,0,0,0,0,0,0,0,97,0,0,0,0,0,16,0,0,0,0,35,105,32,0,0,0,0,8,0,0,0,0,0,68,0,0,0,0,0,34,37,0,0,0,0,0,0,0,0,0,0,30,0,0,0,none
0,0,9,0,0,0,0,53,19,0,0,0,0,78,65,0,0,0,0,0,0,14,0,0,0,65,68,0,0,0,0,0,5,0,0,0,0,0,38,0,0,0,0,0,0,0,0,0,0,0,96,0,0,0,0,0,14,0,0,0,0,33,106,36,0,0,0,0,11,0,0,0,0,0,68,0,0,0,0,0,33,33,0,0,0,0,0,0,0,0,0,0,30,0,0,0,none
0,0,10,0,0,0,0,55,20,0,0,0,0,78,64,0,0,0,0,0,0,13,0,0,0,67,68,0,0,0,0,0,5,0,0,0,0,0,38,0,0,0,0,0,0,0,0,0,0,0,96,0,0,0,0,0,14,0,0,0,0,33,106,36,0,0,0,0,10,0,0,0,0,0,69,0,0,0,0,0,34,36,0,0,0,0,0,0,0,0,0,0,29,0,0,0,none
0,0,10,0,0,0,0,57,24,0,0,0,0,79,65,0,0,0,0,0,0,13,0,0,0,66,65,0,0,0,0,0,5,0,0,0,0,0,38,0,0,0,0,0,0,0,0,0,0,0,96,0,0,0,0,0,11,0,0,0,0,32,104,34,0,0,0,0,9,0,0,0,0,0,68,0,0,0,0,0,35,38,0,0,0,0,0,0,0,0,0,0,31,0,0,0,none
0,0,7,0,0,0,0,52,20,0,0,0,0,79,65,0,0,0,0,0,0,13,0,0,0,69,69,0,0,0,0,0,6,0,0,0,0,0,38,0,0,0,0,0,0,0,0,0,0,0,86,0,0,0,0,0,17,0,0,0,0,25,98,29,0,0,0,0,11,3,0,0,0,0,62,0,0,0,0,0,37,49,0,0,0,0,0,0,0,0,0,0,33,0,0,0,none
0,0,0,0,0,0,0,56,23,0,0,0,0,22,40,0,0,0,0,0,3,28,0,0,0,21,42,0,0,0,0,0,10,0,0,0,0,0,31,0,0,0,0,0,0,0,0,0,0,0,12,0,0,0,0,0,22,0,0,0,0,0,35,0,0,0,0,0,27,25,0,0,0,0,32,0,0,0,0,0,69,131,0,0,0,0,0,0,0,0,0,0,57,0,0,0,none
0,0,0,0,0,0,0,54,22,0,0,0,0,47,49,0,0,0,0,0,0,20,0,0,0,37,51,0,0,0,0,0,8,0,0,0,0,0,33,0,0,0,0,0,0,0,0,0,0,0,40,0,0,0,0,0,22,4,0,0,0,0,49,0,0,0,0,0,16,15,0,0,0,0,47,0,0,0,0,0,59,109,0,0,0,0,0,0,0,0,0,0,56,0,0,0,none
0,0,5,0,0,0,0,53,21,0,0,0,0,57,56,0,0,0,0,0,0,17,0,0,0,45,57,0,0,0,0,0,7,0,0,0,0,0,31,0,0,0,0,0,0,0,0,0,0,0,31,0,0,0,0,0,15,0,0,0,0,0,51,0,0,0,0,0,18,17,0,0,0,0,45,0,0,0,0,0,61,113,0,0,0,0,0,0,0,0,0,0,56,0,0,0,none
0,0,0,0,0,0,0,59,23,0,0,0,0,15,38,0,0,0,0,0,9,37,0,0,0,7,40,0,0,0,0,0,13,0,0,0,0,0,24,0,0,0,0,0,0,0,0,0,0,0,22,0,0,0,0,0,22,5,0,0,0,0,48,0,0,0,0,0,24,27,0,0,0,0,35,0,0,0,0,0,65,129,0,0,0,0,0,0,0,0,0,0,59,0,0,0,none
0,0,0,0,0,0,0,57,26,0,0,0,0,27,42,0,0,0,0,0,6,34,0,0,0,14,42,0,0,0,0,0,12,0,0,0,0,0,27,0,0,0,0,0,0,0,0,0,0,0,16,0,0,0,0,0,17,0,0,0,0,0,44,0,0,0,0,0,24,26,0,0,0,0,36,0,0,0,0,0,68,137,0,0,0,0,0,0,0,0,0,0,60,0,0,0,none
0,0,0,0,0,0,0,54,24,0,0,0,0,32,43,0,0,0,0,0,7,32,0,0,0,23,46,0,0,0,0,0,11,0,0,0,0,0,29,0,0,0,0,0,0,0,0,0,0,0,13,0,0,0,0,0,23,5,0,0,0,0,45,0,0,0,0,0,24,26,0,0,0,0,37,0,0,0,0,0,70,135,0,0,0,0,0,0,0,0,0,0,56,0,0,0,none
0,0,0,0,0,0,0,53,20,0,0,0,0,43,46,0,0,0,0,0,0,27,0,0,0,29,50,0,0,0,0,0,10,0,0,0,0,0,32,0,0,0,0,0,0,0,0,0,0,0,28,0,0,0,0,0,22,6,0,0,0,0,45,0,0,0,0,0,21,23,0,0,0,0,39,0,0,0,0,0,63,126,0,0,0,0,0,0,0,0,0,0,60,0,0,0,none
0,0,0,0,0,0,0,51,21,0,0,0,0,47,48,0,0,0,0,0,3,28,0,0,0,32,52,0,0,0,0,0,11,0,0,0,0,0,34,0,0,0,0,0,0,0,0,0,0,0,25,0,0,0,0,0,21,6,0,0,0,0,48,0,0,0,0,0,21,24,0,0,0,0,40,0,0,0,0,0,65,123,0,0,0,0,0,0,0,0,0,0,58,0,0,0,none
0,0,0,0,0,0,0,55,25,0,0,0,0,43,48,0,0,0,0,0,6,33,0,0,0,28,50,0,0,0,0,0,11,0,0,0,0,0,31,0,0,0,0,0,0,0,0,0,0,0,36,0,0,0,0,0,23,6,0,0,0,0,53,0,0,0,0,0,17,18,0,0,0,0,47,0,0,0,0,0,62,118,0,0,0,0,0,0,0,0,0,0,58,0,0,0,none
0,0,0,0,0,0,0,50,19,0,0,0,0,30,45,0,0,0,0,0,7,36,0,0,0,30,46,0,0,0,0,0,11,0,0,0,0,0,31,0,0,0,0,0,0,0,0,0,0,0,51,0,0,0,0,0,0,0,0,0,0,0,26,0,0,0,0,0,20,0,0,0,0,0,42,0,0,0,0,0,57,92,0,0,0,0,0,0,0,0,0,0,59,0,0,0,none
0,0,0,0,0,0,0,42,13,0,0,0,0,39,48,0,0,0,0,0,3,28,0,0,0,46,55,0,0,0,0,0,13,0,0,0,0,0,37,0,0,0,0,0,0,0,0,0,0,0,48,0,0,0,0,0,0,0,0,0,0,0,28,0,0,0,0,0,20,3,0,0,0,0,47,0,0,0,0,0,58,93,0,0,0,0,0,0,0,0,0,0,56,0,0,0,none
0,0,0,0,0,0,0,69,33,0,0,0,0,0,6,0,0,0,0,0,21,66,0,0,0,0,20,0,0,0,0,0,26,0,0,0,0,0,0,0,0,0,0,0,19,0,0,0,0,0,0,0,0,0,0,0,30,0,0,0,0,0,13,0,0,0,0,0,68,65,0,0,0,0,0,0,0,0,0,0,54,24,0,0,0,0,0,0,0,0,0,0,62,0,0,0,forward
0,0,0,0,0,0,0,71,37,0,0,0,0,0,11,0,0,0,0,0,22,68,0,0,0,0,14,0,0,0,0,0,25,0,0,0,0,0,3,0,0,0,0,0,19,0,0,0,0,0,0,0,0,0,0,0,29,0,0,0,0,0,15,0,0,0,0,0,65,61,0,0,0,0,0,0,0,0,0,0,55,21,0,0,0,0,0,0,0,0,0,0,64,0,0,0,forward
0,0,0,0,0,0,0,70,36,0,0,0,0,0,11,0,0,0,0,0,23,69,0,0,0,0,20,0,0,0,0,0,25,0,0,0,0,0,4,0,0,0,0,0,19,0,0,0,0,0,0,0,0,0,0,0,30,0,0,0,0,0,17,0,0,0,0,0,66,62,0,0,0,0,0,0,0,0,0,0,52,20,0,0,0,0,0,0,0,0,0,0,66,0,0,0,forward
0,0,0,0,0,0,0,70,35,0,0,0,0,0,12,0,0,0,0,0,22,67,0,0,0,0,20,0,0,0,0,0,24,0,0,0,0,0,3,0,0,0,0,0,19,0,0,0,0,0,0,0,0,0,0,0,30,0,0,0,0,0,19,0,0,0,0,0,66,63,0,0,0,0,0,0,0,0,0,0,53,22,0,0,0,0,0,0,0,0,0,0,65,0,0,0,forward
0,0,0,0,0,0,0,69,42,0,0,0,0,0,0,0,0,0,0,0,57,138,0,0,0,0,0,0,0,0,0,0,51,0,0,0,0,0,0,0,0,0,0,0,30,0,0,0,0,0,0,0,0,0,0,0,34,0,0,0,0,0,0,0,0,0,0,0,91,105,0,0,0,0,0,0,0,0,0,0,53,34,0,0,0,0,0,0,0,0,0,0,69,0,0,0,forward
0,0,0,0,0,0,0,59,39,0,0,0,0,0,0,0,0,0,0,0,58,156,0,0,0,0,0,0,0,0,0,0,54,0,0,0,0,0,0,0,0,0,0,0,28,0,0,0,0,0,0,0,0,0,0,0,32,0,0,0,0,0,0,0,0,0,0,0,88,103,0,0,0,0,0,0,0,0,0,0,56,39,0,0,0,0,0,0,0,0,0,0,72,4,0,0,forward
0,0,0,0,0,0,0,42,34,0,0,0,0,0,0,0,0,0,0,0,58,166,0,0,0,0,0,0,0,0,0,0,54,0,0,0,0,0,0,0,0,0,0,0,33,0,0,0,0,0,0,0,0,0,0,0,23,0,0,0,0,0,0,0,0,0,0,0,83,104,0,0,0,0,0,0,0,0,0,0,56,47,0,0,0,0,0,0,0,0,0,0,78,16,0,0,forward
0,0,0,0,0,0,0,13,21,0,0,0,0,0,0,0,0,0,0,0,46,164,0,0,0,0,0,0,0,0,0,0,67,0,9,0,0,0,0,0,0,0,0,0,50,0,0,0,0,0,0,0,0,0,0,0,0,0,0,0,0,0,0,0,0,0,0,0,66,109,0,0,0,0,0,0,0,0,0,0,57,65,0,0,0,0,0,0,0,0,0,0,121,47,0,0,forward
0,0,0,0,0,0,0,0,0,0,0,0,0,0,0,0,0,0,0,0,11,135,0,0,0,0,0,0,0,0,0,0,70,5,42,0,0,0,0,0,0,0,0,0,68,0,0,0,0,0,0,0,0,0,0,0,0,0,0,0,0,0,0,0,0,0,0,0,38,104,0,0,0,0,0,0,0,0,0,0,55,76,0,0,0,0,0,0,0,0,0,0,162,49,0,0,forward
0,0,0,0,0,0,0,0,0,0,0,0,0,0,0,0,0,0,0,0,0,131,0,0,0,0,0,0,0,0,0,0,65,15,56,0,0,0,0,0,0,0,0,0,69,0,0,0,0,0,0,0,0,0,0,0,0,0,0,0,0,0,0,0,0,0,0,0,24,111,0,0,0,0,0,0,0,0,0,0,53,86,0,0,0,0,0,0,0,0,0,0,161,48,0,0,forward
0,0,0,0,0,0,0,0,0,0,0,0,0,0,0,0,0,0,0,0,0,138,0,0,0,0,0,0,0,0,0,0,59,18,44,0,0,0,0,0,0,0,0,0,63,0,0,0,0,0,0,0,0,0,0,0,0,0,0,0,0,0,0,0,0,0,0,0,9,126,0,0,0,0,0,0,0,0,0,0,33,89,0,0,0,0,0,0,0,0,0,0,135,53,0,0,forward
0,0,0,0,0,0,0,0,0,0,0,0,0,0,0,0,0,0,0,0,0,213,0,0,0,0,0,0,0,0,0,0,60,33,38,0,0,0,0,0,0,0,0,0,44,0,0,0,0,0,0,0,0,0,0,0,0,0,0,0,0,0,0,0,0,0,0,0,19,135,0,0,0,0,0,0,0,0,0,0,44,109,0,0,0,0,0,0,0,0,0,0,129,55,0,0,forward
0,0,0,0,0,0,0,0,0,0,0,0,0,0,0,0,0,0,0,0,0,257,0,0,0,0,0,0,0,0,0,0,50,44,33,0,0,0,0,0,0,0,0,0,28,0,0,0,0,0,0,0,0,0,0,0,0,0,0,0,0,0,0,0,0,0,0,0,9,140,0,0,0,0,0,0,0,0,0,0,36,106,0,0,0,0,0,0,0,0,0,0,106,56,0,0,forward
0,0,0,0,0,0,0,0,0,11,0,0,0,0,0,0,0,0,0,0,79,405,0,0,0,0,0,0,0,0,0,0,58,25,0,0,0,0,0,0,0,0,0,0,15,0,0,0,0,0,0,0,0,0,0,0,0,0,0,0,0,0,0,0,0,0,0,0,44,176,0,0,0,0,0,0,0,0,0,0,57,111,0,0,0,0,0,0,0,0,0,0,112,46,0,0,forward
0,0,0,0,0,0,0,0,0,22,0,0,0,0,0,0,0,0,0,0,26,458,0,0,0,0,0,0,0,0,0,0,0,27,0,0,0,0,0,0,0,0,0,0,0,0,0,0,0,0,0,0,0,0,0,0,0,9,0,0,0,0,0,0,0,0,0,0,21,183,0,0,0,0,0,0,0,0,0,0,11,88,0,0,0,0,0,0,0,0,0,0,38,20,0,0,forward
0,0,0,0,0,0,0,0,16,0,0,0,0,0,0,0,0,0,0,0,58,202,0,0,0,0,0,0,0,0,0,0,65,12,0,0,0,0,0,0,0,0,0,0,16,0,0,0,0,0,0,0,0,0,0,0,0,48,0,0,0,0,0,0,0,0,0,0,38,197,0,0,0,0,0,0,0,0,0,0,0,93,0,0,0,0,0,0,0,0,0,0,18,5,0,0,forward
0,0,0,0,0,0,0,0,112,19,0,0,0,0,0,0,0,0,0,0,52,26,0,0,0,0,0,0,0,0,0,0,67,0,0,0,0,0,0,0,0,0,0,0,23,0,0,0,0,0,0,0,0,0,0,0,7,0,0,0,0,0,0,0,0,0,0,0,51,65,0,0,0,0,0,0,0,0,0,0,71,37,0,0,0,0,0,0,0,0,0,0,44,0,0,0,forward
0,0,0,0,0,0,0,0,76,18,0,0,0,0,0,0,0,0,0,0,41,33,0,0,0,0,0,0,0,0,0,0,62,7,0,0,0,0,0,0,0,0,0,0,33,0,0,0,0,0,0,0,0,0,0,0,0,4,0,0,0,0,0,0,0,0,0,0,41,63,0,0,0,0,0,0,0,0,0,0,66,39,0,0,0,0,0,0,0,0,0,0,41,3,0,42,forward
0,0,0,0,0,0,0,0,30,14,0,0,0,0,0,0,0,0,0,0,20,47,23,0,0,0,0,0,0,0,0,0,49,22,0,0,0,0,0,0,0,0,0,0,25,0,0,0,0,0,0,0,0,0,0,0,0,0,0,0,0,0,0,0,0,0,0,0,18,61,0,0,0,0,0,0,0,0,0,0,46,40,0,0,0,0,0,0,0,0,0,0,23,14,0,140,forward
0,0,0,0,0,0,0,0,5,9,0,0,0,0,0,0,0,0,0,0,8,52,16,0,0,0,0,0,0,0,0,0,53,30,0,0,0,0,0,0,0,0,0,0,33,0,0,0,0,0,0,0,0,0,0,0,0,0,0,0,0,0,0,0,0,0,0,0,12,65,0,0,0,0,0,0,0,0,0,0,37,38,0,0,0,0,0,0,0,0,0,0,11,11,0,183,forward
0,0,0,0,0,0,0,0,0,13,0,0,0,0,0,0,0,0,0,0,7,58,17,0,0,0,0,0,0,0,0,0,54,34,0,0,0,0,0,0,0,0,0,0,34,0,0,0,0,0,0,0,0,0,0,0,0,0,0,0,0,0,0,0,0,0,0,0,12,64,0,0,0,0,0,0,0,0,0,0,27,39,0,0,0,0,0,0,0,0,0,0,4,12,0,174,forward
0,0,0,0,0,0,0,0,0,14,0,0,0,0,0,0,0,0,0,0,21,52,0,0,0,0,0,0,0,0,0,0,67,35,0,0,0,0,0,0,0,0,0,0,54,0,0,0,0,0,0,0,0,0,0,0,0,12,0,0,0,0,0,0,0,0,0,0,28,79,0,0,0,0,0,0,0,0,0,0,32,41,0,0,0,0,0,0,0,0,0,0,0,0,0,63,forward
0,0,0,0,0,0,0,0,15,4,0,0,0,0,0,0,0,0,0,0,37,46,0,0,0,0,0,0,0,0,0,0,83,30,0,0,0,0,0,0,0,0,0,0,67,0,0,0,0,0,0,0,0,0,0,0,0,22,0,0,0,0,0,0,0,0,0,0,49,91,0,0,0,0,0,0,0,0,0,0,32,41,0,0,0,0,0,0,0,0,0,0,0,0,0,23,forward
0,0,0,0,0,0,0,0,13,11,0,0,0,0,0,0,0,0,0,0,25,51,0,0,0,0,0,0,0,0,0,0,56,37,0,0,0,0,0,0,0,0,0,0,31,0,0,0,0,0,0,0,0,0,0,0,0,23,0,0,0,0,0,0,0,0,0,0,31,93,0,0,0,0,0,0,0,0,0,0,0,39,0,0,0,0,0,0,0,0,0,0,0,0,0,136,forward
0,0,0,0,0,0,0,0,16,18,0,0,0,0,0,0,0,0,0,0,19,58,0,0,0,0,0,0,0,0,0,0,41,36,0,0,0,0,0,0,0,0,0,0,13,0,0,0,0,0,0,0,0,0,0,0,0,18,0,0,0,0,0,0,0,0,0,0,19,93,0,0,0,0,0,0,0,0,0,0,0,46,0,0,0,0,0,0,0,0,0,0,0,7,0,203,forward
0,0,0,0,0,0,0,0,41,26,0,0,0,0,0,0,0,0,0,0,39,62,0,0,0,0,0,0,0,0,0,0,54,37,0,0,0,0,0,0,0,0,0,0,14,0,0,0,0,0,0,0,0,0,0,0,0,22,0,0,0,0,0,0,0,0,0,0,25,95,0,0,0,0,0,0,0,0,0,0,0,50,0,0,0,0,0,0,0,0,0,0,0,6,0,111,forward
0,0,0,0,0,0,0,0,66,33,0,0,0,0,0,0,0,0,0,0,55,66,0,0,0,0,0,0,0,0,0,0,62,32,0,0,0,0,0,0,0,0,0,0,22,0,0,0,0,0,0,0,0,0,0,0,0,13,0,0,0,0,0,0,0,0,0,0,37,94,0,0,0,0,0,0,0,0,0,0,43,56,0,0,0,0,0,0,0,0,0,0,0,8,0,29,forward
0,0,0,0,0,0,0,0,51,9,0,0,0,0,0,0,0,0,0,0,62,35,0,0,0,0,0,0,0,0,0,0,96,9,0,0,0,0,0,0,0,0,0,0,47,0,0,0,0,0,0,0,0,0,0,0,0,8,0,0,0,0,0,0,0,0,0,0,49,71,0,0,0,0,0,0,0,0,0,0,77,57,0,0,0,0,0,0,0,0,0,0,41,16,0,0,forward
0,0,0,0,0,0,0,0,62,0,0,0,0,0,0,0,0,0,0,0,64,22,0,0,0,0,0,0,0,0,0,0,100,0,0,0,0,0,0,0,0,0,0,0,45,0,0,0,0,0,0,0,0,0,0,0,23,16,0,0,0,0,0,0,0,0,0,0,62,68,0,0,0,0,0,0,0,0,0,0,88,43,0,0,0,0,0,0,0,0,0,0,55,0,0,0,forward
0,0,0,0,0,0,0,0,73,0,0,0,0,0,0,0,0,0,0,0,59,25,0,0,0,0,0,0,0,0,0,0,107,0,0,0,0,0,0,0,0,0,0,0,49,0,0,0,0,0,0,0,0,0,0,0,24,11,0,0,0,0,0,0,0,0,0,0,66,68,0,0,0,0,0,0,0,0,0,0,88,43,0,0,0,0,0,0,0,0,0,0,58,0,0,0,forward
0,0,0,0,0,0,0,0,116,5,0,0,0,0,0,0,0,0,0,0,61,24,0,0,0,0,0,0,0,0,0,0,78,0,0,0,0,0,0,0,0,0,0,0,28,0,0,0,0,0,0,0,0,0,0,0,35,16,0,0,0,0,0,0,0,0,0,0,69,65,0,0,0,0,0,0,0,0,0,0,80,36,0,0,0,0,0,0,0,0,0,0,52,0,0,0,forward
0,0,0,0,0,0,0,33,215,24,0,0,0,0,0,0,0,0,0,0,63,12,0,0,0,0,0,0,0,0,0,0,51,0,0,0,0,0,0,0,0,0,0,0,7,0,0,0,0,0,0,0,0,0,0,0,84,30,0,0,0,0,0,0,0,0,0,0,78,61,0,0,0,0,0,0,0,0,0,0,76,25,0,0,0,0,0,0,0,0,0,0,36,0,0,0,forward
0,0,0,0,0,0,0,38,197,7,0,0,0,0,0,0,0,0,0,0,59,9,0,0,0,0,0,0,0,0,0,6,65,0,0,0,0,0,0,0,0,0,0,0,6,0,0,0,0,0,0,0,0,0,0,0,108,30,0,0,0,0,0,0,0,0,0,0,80,56,0,0,0,0,0,0,0,0,0,0,75,20,0,0,0,0,0,0,0,0,0,0,30,0,0,0,forward
0,0,0,0,0,0,0,29,152,7,0,0,0,0,0,0,0,0,0,0,52,15,0,0,0,0,0,0,0,0,0,4,72,0,0,0,0,0,0,0,0,0,0,0,27,0,0,0,0,0,0,0,0,0,0,0,115,33,0,0,0,0,0,0,0,0,0,0,74,53,0,0,0,0,0,0,0,0,0,0,75,21,0,0,0,0,0,0,0,0,0,0,39,0,0,0,forward
0,0,0,0,0,0,0,22,128,4,0,0,0,0,0,0,0,0,0,0,50,25,0,0,0,0,0,0,0,0,0,0,67,0,0,0,0,0,0,0,0,0,0,0,36,0,0,0,0,0,0,0,0,0,0,0,95,20,0,0,0,0,0,0,0,0,0,0,77,57,0,0,0,0,0,0,0,0,0,0,74,23,0,0,0,0,0,0,0,0,0,0,44,0,0,0,forward
0,0,0,0,0,0,0,30,145,0,0,0,0,0,0,0,0,0,0,0,52,24,0,0,0,0,0,0,0,0,0,4,73,0,0,0,0,0,0,0,0,0,0,0,30,0,0,0,0,0,0,0,0,0,0,0,44,4,0,0,0,0,0,0,0,0,0,0,74,53,0,0,0,0,0,0,0,0,0,0,78,35,0,0,0,0,0,0,0,0,0,0,51,4,0,0,forward
0,0,0,0,0,0,0,22,157,6,0,0,0,0,0,0,0,0,0,0,50,17,0,0,0,0,0,0,0,0,0,3,71,0,0,0,0,0,0,0,0,0,0,0,24,0,0,0,0,0,0,0,0,0,0,0,42,0,0,0,0,0,0,0,0,0,0,0,75,53,0,0,0,0,0,0,0,0,0,0,77,31,0,0,0,0,0,0,0,0,0,0,55,4,0,0,forward
0,0,0,0,0,0,0,16,21,0,0,0,0,0,0,0,0,0,0,0,35,23,0,0,0,0,0,0,0,0,0,10,68,0,0,0,0,0,0,0,0,0,0,0,51,0,0,0,0,0,0,0,0,0,0,0,26,0,0,0,0,0,0,0,0,0,0,0,78,112,0,0,0,0,0,0,0,0,0,0,71,48,0,0,0,0,0,0,0,0,0,0,63,0,0,0,forward
0,0,0,0,0,0,0,15,22,0,0,0,0,0,0,0,0,0,0,0,32,22,0,0,0,0,0,0,0,0,0,7,65,0,0,0,0,0,0,0,0,0,0,0,52,0,0,0,0,0,0,0,0,0,0,0,24,0,0,0,0,0,0,0,0,0,0,0,78,107,0,0,0,0,0,0,0,0,0,0,74,47,0,0,0,0,0,0,0,0,0,0,61,0,0,0,forward
0,0,0,0,0,0,0,15,20,0,0,0,0,0,0,0,0,0,0,0,30,21,0,0,0,0,0,0,0,0,0,5,64,0,0,0,0,0,0,0,0,0,0,0,50,0,0,0,0,0,0,0,0,0,0,6,37,0,0,0,0,0,0,0,0,0,0,0,78,100,0,0,0,0,0,0,0,0,0,0,70,44,0,0,0,0,0,0,0,0,0,0,61,0,0,0,forward
0,0,0,0,0,0,0,13,14,0,0,0,0,0,3,0,0,0,0,0,21,12,0,0,0,0,0,0,0,0,0,3,53,0,0,0,0,0,0,0,0,0,0,0,46,0,0,0,0,0,0,0,0,0,0,7,33,0,0,0,0,0,9,0,0,0,0,0,70,84,0,0,0,0,0,0,0,0,0,0,66,37,0,0,0,0,0,0,0,0,0,0,59,0,0,0,forward
0,0,36,0,0,0,0,0,5,0,0,0,0,0,32,0,0,0,0,0,0,0,0,0,0,0,46,0,0,0,0,0,22,0,0,0,0,0,0,0,0,0,0,0,32,0,0,0,0,0,0,0,0,0,0,0,36,0,0,0,0,0,104,123,0,0,0,0,53,68,0,0,0,0,59,0,0,0,0,0,30,0,0,0,0,0,0,0,0,0,0,0,33,0,0,0,none
0,0,39,0,0,0,0,0,0,0,0,0,0,44,86,10,0,0,0,0,0,0,0,0,0,25,81,0,0,0,0,0,0,0,0,0,0,0,17,0,0,0,0,0,0,0,0,0,0,159,48,0,0,0,0,0,0,0,0,0,0,54,63,0,0,0,0,0,0,0,0,0,0,0,217,0,0,0,0,0,0,0,0,0,0,0,0,0,0,0,0,0,0,0,0,0,backward
0,0,40,0,0,0,0,0,0,0,0,0,0,44,86,10,0,0,0,0,0,0,0,0,0,25,79,0,0,0,0,0,0,0,0,0,0,0,17,0,0,0,0,0,0,0,0,0,0,155,42,0,0,0,0,0,0,0,0,0,0,58,65,0,0,0,0,0,0,0,0,0,0,0,218,0,0,0,0,0,0,0,0,0,0,0,0,0,0,0,0,0,0,0,0,0,backward
0,0,39,0,0,0,0,0,0,0,0,0,0,45,87,8,0,0,0,0,0,0,0,0,0,24,79,0,0,0,0,0,0,0,0,0,0,0,17,0,0,0,0,0,0,0,0,0,0,161,44,0,0,0,0,0,5,0,0,0,0,58,65,0,0,0,0,0,0,0,0,0,0,0,217,0,0,0,0,0,0,0,0,0,0,0,0,0,0,0,0,0,0,0,0,0,backward
0,0,40,0,0,0,0,0,0,0,0,0,0,42,90,5,0,0,0,0,0,0,0,0,0,30,81,0,0,0,0,0,0,0,0,0,0,0,17,0,0,0,0,0,0,0,0,0,0,161,41,0,0,0,0,0,0,0,0,0,0,56,70,0,0,0,0,0,0,0,0,0,0,7,225,0,0,0,0,0,0,0,0,0,0,0,0,0,0,0,0,0,0,0,0,0,backward
0,0,35,0,0,0,0,0,0,0,0,0,0,54,93,0,0,0,0,0,0,0,0,0,0,35,83,0,0,0,0,0,0,0,0,0,0,0,16,0,0,0,0,0,0,0,0,0,0,162,38,0,0,0,0,0,0,0,0,0,0,67,72,0,0,0,0,0,0,0,0,0,0,17,227,0,0,0,0,0,0,0,0,0,0,0,0,0,0,0,0,0,0,0,0,0,backward
0,0,30,0,0,0,0,0,0,0,0,0,0,59,95,0,0,0,0,0,0,0,0,0,0,41,81,0,0,0,0,0,0,0,0,0,0,0,12,0,0,0,0,0,0,0,0,0,0,147,19,0,0,0,0,0,0,0,0,0,0,78,58,0,0,0,0,0,0,0,0,0,0,27,201,0,0,0,0,0,0,0,0,0,0,0,0,0,0,0,0,0,0,0,0,0,backward
0,0,29,0,0,0,0,0,0,0,0,0,0,57,95,0,0,0,0,0,0,0,0,0,0,45,78,0,0,0,0,0,0,0,0,0,0,0,0,0,0,0,0,0,0,0,0,0,0,145,10,0,0,0,0,0,0,0,0,0,0,84,50,0,0,0,0,0,0,0,0,0,0,25,177,0,0,0,0,0,0,0,0,0,0,0,0,0,0,0,0,0,0,0,0,0,backward
0,0,19,0,0,0,0,0,0,0,0,0,0,76,88,0,0,0,0,0,0,0,0,0,0,55,73,0,0,0,0,0,0,0,0,0,0,0,0,0,0,0,0,0,0,0,0,0,14,120,3,0,0,0,0,0,0,0,0,0,0,96,30,0,0,0,0,0,0,0,0,0,0,34,123,0,0,0,0,0,0,0,0,0,0,0,0,0,0,0,0,0,0,0,0,0,backward
0,0,5,0,0,0,0,0,0,0,0,0,0,113,77,0,0,0,0,0,0,0,0,0,0,56,51,0,0,0,0,0,0,0,0,0,0,0,0,0,0,0,0,0,0,0,0,0,45,83,0,0,0,0,0,0,0,0,0,0,36,118,0,0,0,0,0,0,0,0,0,0,0,37,47,0,0,0,0,0,0,0,0,0,0,0,0,0,0,0,0,0,0,0,0,0,backward
0,0,11,0,0,0,0,0,0,0,0,0,0,125,88,0,0,0,0,0,0,0,0,0,0,59,63,0,0,0,0,0,0,0,0,0,0,0,0,0,0,0,0,0,0,0,0,0,39,80,0,0,0,0,0,0,0,0,0,0,51,123,0,0,0,0,0,0,0,0,0,0,0,44,45,0,0,0,0,0,0,0,0,0,0,0,0,0,0,0,0,0,0,0,0,0,backward
0,0,10,0,0,0,0,0,0,0,0,0,0,144,91,0,0,0,0,0,0,0,0,0,0,73,65,0,0,0,0,0,0,0,0,0,0,0,0,0,0,0,0,0,0,0,0,0,30,116,0,0,0,0,0,0,0,0,0,0,27,117,6,0,0,0,0,0,0,0,0,0,0,44,85,0,0,0,0,0,0,0,0,0,0,0,0,0,0,0,0,0,0,0,0,0,backward
0,12,4,0,0,0,0,0,0,0,0,0,0,183,74,0,0,0,0,0,0,0,0,0,0,92,33,0,0,0,0,0,0,0,0,0,0,0,0,0,0,0,0,0,0,0,0,0,34,77,0,0,0,0,0,0,0,0,0,0,48,121,0,0,0,0,0,0,0,0,0,0,0,37,53,0,0,0,0,0,0,0,0,0,0,0,0,0,0,0,0,0,0,0,0,0,backward
0,0,0,0,0,0,0,0,0,0,0,0,0,172,29,0,0,0,0,0,0,0,0,0,25,140,14,0,0,0,0,0,0,0,0,0,0,0,0,0,0,0,0,0,0,0,0,0,0,0,0,0,0,0,0,0,0,0,0,0,112,78,0,0,0,0,0,0,0,0,0,0,50,19,0,0,0,0,0,0,0,0,0,0,0,0,0,0,0,0,0,0,0,0,0,0,backward
0,0,0,0,0,0,0,0,0,0,0,0,0,179,58,0,0,0,0,0,0,0,0,0,0,123,29,0,0,0,0,0,0,0,0,0,0,0,0,0,0,0,0,0,0,0,0,0,0,38,0,0,0,0,0,0,0,0,0,0,38,94,0,0,0,0,0,0,0,0,0,0,0,30,16,0,0,0,0,0,0,0,0,0,0,0,0,0,0,0,0,0,0,0,0,0,backward
0,0,3,0,0,0,0,0,0,0,0,0,0,171,100,0,0,0,0,0,0,0,0,0,0,104,70,0,0,0,0,0,0,0,0,0,0,0,0,0,0,0,0,0,0,0,0,0,0,105,0,0,0,0,0,0,0,0,0,0,4,78,0,0,0,0,0,0,0,0,0,0,0,40,74,0,0,0,0,0,0,0,0,0,0,0,0,0,0,0,0,0,0,0,0,0,backward
0,0,3,0,0,0,0,0,0,0,0,0,0,186,96,0,0,0,0,0,0,0,0,0,0,123,63,0,0,0,0,0,0,0,0,0,0,0,0,0,0,0,0,0,0,0,0,0,0,112,0,0,0,0,0,0,0,0,0,0,18,96,0,0,0,0,0,0,0,0,0,0,0,46,63,0,0,0,0,0,0,0,0,0,0,0,0,0,0,0,0,0,0,0,0,0,backward
0,0,0,0,0,0,0,0,0,0,0,0,0,189,35,0,0,0,0,0,0,0,0,0,17,132,15,0,0,0,0,0,0,0,0,0,0,0,0,0,0,0,0,0,0,0,0,0,26,25,0,0,0,0,0,0,0,0,0,0,94,92,0,0,0,0,0,0,0,0,0,0,20,25,11,0,0,0,0,0,0,0,0,0,0,0,0,0,0,0,0,0,0,0,0,0,backward
0,0,0,0,0,0,0,0,0,0,0,0,0,147,4,0,0,0,0,0,0,0,0,0,31,103,0,0,0,0,0,0,0,0,0,0,0,0,0,0,0,0,0,0,0,0,0,0,0,0,0,0,0,0,0,0,0,0,0,0,111,60,0,0,0,0,0,0,0,0,0,0,119,38,0,0,0,0,0,0,0,0,0,0,0,0,0,0,0,0,0,0,0,0,0,0,backward
0,0,0,0,0,0,0,0,0,0,0,0,0,157,41,0,0,0,0,0,0,0,0,0,0,75,0,0,0,0,0,0,0,0,0,0,0,0,0,0,0,0,0,0,0,0,0,0,0,0,0,0,0,0,0,0,0,0,0,0,66,78,0,0,0,0,0,0,0,0,0,0,26,23,0,0,0,0,0,0,0,0,0,0,0,0,0,0,0,0,0,0,0,0,0,0,backward
0,0,0,0,0,0,0,0,0,0,0,0,0,161,92,0,0,0,0,0,0,0,0,0,0,66,29,0,0,0,0,0,0,0,0,0,0,0,0,0,0,0,0,0,0,0,0,0,0,40,0,0,0,0,0,0,0,0,0,0,33,63,0,0,0,0,0,0,0,0,0,0,0,22,7,0,0,0,0,0,0,0,0,0,0,0,0,0,0,0,0,0,0,0,0,0,backward
0,0,4,0,0,0,0,0,0,0,0,0,0,137,112,0,0,0,0,0,0,0,0,0,0,69,50,0,0,0,0,0,0,0,0,0,0,0,0,0,0,0,0,0,0,0,0,0,0,101,0,0,0,0,0,0,0,0,0,0,10,71,0,0,0,0,0,0,0,0,0,0,0,21,51,0,0,0,0,0,0,0,0,0,0,0,0,0,0,0,0,0,0,0,0,0,backward
0,0,18,0,0,0,0,0,0,0,0,0,0,117,128,0,0,0,0,0,0,0,0,0,0,69,77,0,0,0,0,0,0,0,0,0,0,0,0,0,0,0,0,0,0,0,0,0,0,125,0,0,0,0,0,0,0,0,0,0,0,68,7,0,0,0,0,0,0,0,0,0,0,32,66,0,0,0,0,0,0,0,0,0,0,0,0,0,0,0,0,0,0,0,0,0,backward
0,0,47,0,0,0,0,0,0,0,0,0,0,72,116,0,0,0,0,0,0,0,0,0,0,38,75,0,0,0,0,0,0,0,0,0,0,0,0,0,0,0,0,0,0,0,0,0,6,332,83,0,0,0,0,0,0,0,0,0,0,70,59,0,0,0,0,0,0,0,0,0,0,0,80,0,0,0,0,0,0,0,0,0,0,0,0,0,0,0,0,0,0,0,0,0,backward
0,0,41,0,0,0,0,0,0,0,0,0,0,50,115,0,0,0,0,0,0,0,0,0,0,33,75,0,0,0,0,0,0,0,0,0,0,0,8,0,0,0,0,0,0,0,0,0,0,233,62,0,0,0,0,0,0,0,0,0,0,60,62,0,0,0,0,0,0,0,0,0,0,0,62,0,0,0,0,0,0,0,0,0,0,0,0,0,0,0,0,0,0,0,0,0,backward
0,108,89,0,0,0,0,0,0,0,0,0,0,84,52,0,0,0,0,0,0,0,0,0,0,42,85,0,0,0,0,0,0,0,0,0,0,0,37,0,0,0,0,0,0,0,0,0,0,165,54,0,0,0,0,0,0,0,0,0,0,48,69,0,0,0,0,0,0,0,0,0,0,0,82,0,0,0,0,0,0,0,0,0,0,0,0,0,0,0,0,0,0,0,0,0,backward
0,69,89,0,0,0,0,0,0,0,0,0,0,73,55,0,0,0,0,0,0,0,0,0,0,44,90,0,0,0,0,0,0,0,0,0,0,0,50,0,0,0,0,0,0,0,0,0,0,181,39,0,0,0,0,0,0,0,0,0,0,65,68,0,0,0,0,0,0,0,0,0,0,0,60,0,0,0,0,0,0,0,0,0,0,0,0,0,0,0,0,0,0,0,0,0,backward
0,0,53,0,0,0,0,0,0,0,0,0,0,46,51,0,0,0,0,0,0,0,0,0,0,44,94,0,0,0,0,0,0,0,0,0,0,0,88,0,0,0,0,0,0,0,0,0,0,190,34,0,0,0,0,0,0,0,0,0,0,75,73,0,0,0,0,0,0,0,0,0,0,0,72,0,0,0,0,0,0,0,0,0,0,0,0,0,0,0,0,0,0,0,0,0,backward
0,0,42,0,0,0,0,0,0,0,0,0,0,62,61,0,0,0,0,0,0,0,0,0,0,55,94,0,0,0,0,0,0,0,0,0,0,0,113,0,0,0,0,0,0,0,0,0,0,82,21,0,0,0,0,0,0,0,0,0,0,49,76,0,0,0,0,0,0,0,0,0,0,5,109,0,0,0,0,0,0,0,0,0,0,0,0,0,0,0,0,0,0,0,0,0,backward
0,11,8,0,0,0,0,0,0,0,0,0,0,90,46,0,0,0,0,0,0,0,0,0,0,74,81,0,0,0,0,0,0,0,0,0,0,0,32,0,0,0,0,0,0,0,0,0,0,93,0,0,0,0,0,0,0,0,0,0,0,67,67,0,0,0,0,0,0,0,0,0,0,15,77,0,0,0,0,0,0,0,0,0,0,0,0,0,0,0,0,0,0,0,0,0,backward
0,27,0,0,0,0,0,0,0,0,0,0,0,132,32,0,0,0,0,0,0,0,0,0,0,79,43,0,0,0,0,0,0,0,0,0,0,0,0,0,0,0,0,0,0,0,0,0,0,64,0,0,0,0,0,0,0,0,0,0,30,89,8,0,0,0,0,0,0,0,0,0,0,17,7,0,0,0,0,0,0,0,0,0,0,0,0,0,0,0,0,0,0,0,0,0,backward
0,15,0,0,0,0,0,0,0,0,0,0,0,146,9,0,0,0,0,0,0,0,0,0,0,81,0,0,0,0,0,0,0,0,0,0,0,0,0,0,0,0,0,0,0,0,0,0,0,0,0,0,0,0,0,0,0,0,0,0,103,102,0,0,0,0,0,0,0,0,0,0,40,16,0,0,0,0,0,0,0,0,0,0,0,0,0,0,0,0,0,0,0,0,0,0,backward
0,0,0,0,0,0,0,0,0,0,0,0,0,134,41,0,0,0,0,0,0,0,0,0,0,84,56,0,0,0,0,0,0,0,0,0,0,0,0,0,0,0,0,0,0,0,0,0,0,45,0,0,0,0,0,0,0,0,0,0,21,104,0,0,0,0,0,0,0,0,0,0,0,31,7,0,0,0,0,0,0,0,0,0,0,0,0,0,0,0,0,0,0,0,0,0,backward
0,105,55,0,0,0,0,0,0,0,0,0,0,125,55,0,0,0,0,0,0,0,0,0,0,56,74,0,0,0,0,0,0,0,0,0,0,0,0,0,0,0,0,0,0,0,0,0,0,40,0,0,0,0,0,0,0,0,0,0,0,88,0,0,0,0,0,0,0,0,0,0,0,25,17,0,0,0,0,0,0,0,0,0,0,0,0,0,0,0,0,0,0,0,0,0,backward
0,152,129,0,0,0,0,0,0,0,0,0,0,78,60,0,0,0,0,0,0,0,0,0,0,37,86,0,0,0,0,0,0,0,0,0,0,0,9,0,0,0,0,0,0,0,0,0,0,20,0,0,0,0,0,0,0,0,0,0,0,74,18,0,0,0,0,0,0,0,0,0,0,24,44,0,0,0,0,0,0,0,0,0,0,0,0,0,0,0,0,0,0,0,0,0,backward
0,0,30,0,0,0,0,0,0,0,0,0,0,47,52,0,0,0,0,0,0,0,0,0,0,58,94,0,0,0,0,0,0,0,0,0,0,0,109,0,0,0,0,0,0,0,0,0,0,126,16,0,0,0,0,0,0,0,0,0,0,58,72,0,0,0,0,0,0,0,0,0,0,0,113,0,0,0,0,0,0,0,0,0,0,0,0,0,0,0,0,0,0,0,0,0,backward
0,0,36,0,0,0,0,0,0,0,0,0,0,29,47,0,0,0,0,0,6,0,0,0,0,46,79,3,0,0,0,0,0,0,0,0,0,0,105,0,0,0,0,0,0,0,0,0,0,105,12,0,0,0,0,0,0,0,0,0,0,56,68,0,0,0,0,0,0,0,0,0,0,0,117,0,0,0,0,0,0,0,0,0,0,0,0,0,0,0,0,0,0,0,0,0,backward
0,0,25,45,0,0,0,81,40,0,0,0,0,0,72,0,0,0,0,0,0,0,0,0,0,0,46,0,0,0,0,0,0,0,0,0,0,0,0,0,0,0,0,0,0,0,0,0,0,0,0,0,0,0,0,0,0,0,0,0,0,0,0,0,0,0,0,0,20,0,0,0,0,0,22,0,0,0,0,0,44,0,0,0,0,0,0,0,0,0,0,0,139,0,0,0,strafe_left
0,0,44,71,0,0,0,43,0,0,0,0,0,13,149,12,0,0,0,0,0,0,0,0,0,0,76,0,0,0,0,0,0,0,0,0,0,0,0,0,0,0,0,0,0,0,0,0,0,0,0,0,0,0,0,0,0,0,0,0,0,0,43,0,0,0,0,0,3,0,0,0,0,100,70,0,0,0,0,0,41,0,0,0,0,0,30,0,0,0,0,0,93,0,0,0,strafe_left
0,0,34,66,0,0,0,45,0,0,0,0,0,11,153,20,0,0,0,0,0,0,0,0,0,0,76,0,0,0,0,0,0,0,0,0,0,0,0,0,0,0,0,0,0,0,0,0,0,0,0,0,0,0,0,0,0,0,0,0,0,0,40,0,0,0,0,0,10,0,0,0,0,107,72,0,0,0,0,0,41,0,0,0,0,0,30,0,0,0,0,0,82,0,0,0,strafe_left
0,0,32,79,0,0,0,76,55,0,0,0,0,3,117,20,0,0,0,0,0,0,0,0,0,0,77,0,0,0,0,0,0,0,0,0,0,0,0,0,0,0,0,0,0,0,0,0,0,0,0,0,0,0,0,0,0,0,0,0,0,0,10,0,0,0,0,0,31,0,0,0,0,0,13,0,0,0,0,0,51,0,0,0,0,0,0,0,0,0,0,0,175,0,0,0,strafe_left
0,0,32,77,0,0,0,76,58,0,0,0,0,4,119,18,0,0,0,0,0,0,0,0,0,0,77,0,0,0,0,0,0,0,0,0,0,0,0,0,0,0,0,0,0,0,0,0,0,0,0,0,0,0,0,0,0,0,0,0,0,0,0,0,0,0,0,0,36,0,0,0,0,0,0,0,0,0,0,0,67,0,0,0,0,0,0,0,0,0,0,0,202,0,0,0,strafe_left
0,0,29,81,0,8,0,96,68,0,0,0,0,0,103,13,0,0,0,0,0,0,0,0,0,0,74,0,0,0,0,0,0,0,0,0,0,0,0,0,0,0,0,0,0,0,0,0,0,0,0,0,0,0,0,0,0,0,0,0,0,0,15,0,0,0,0,0,20,0,0,0,0,17,41,0,0,0,0,0,45,0,0,0,0,0,0,0,0,0,0,0,106,0,0,0,strafe_left
0,0,0,28,0,10,9,171,133,0,0,0,0,0,30,0,0,0,0,0,0,0,0,0,0,0,40,0,0,0,0,0,0,0,0,0,0,0,0,0,0,0,0,0,0,0,0,0,0,0,0,0,0,0,0,0,0,0,0,0,0,0,0,0,0,0,0,0,29,0,0,0,0,0,0,0,0,0,0,0,68,0,0,0,0,0,0,0,0,0,0,0,203,0,0,0,strafe_left
0,0,16,71,0,15,0,105,87,0,0,0,0,0,88,14,0,0,0,0,0,0,0,0,0,0,72,0,0,0,0,0,0,0,0,0,0,0,0,0,0,0,0,0,0,0,0,0,0,0,0,0,0,0,0,0,0,0,0,0,0,0,40,0,0,0,0,0,0,0,0,0,0,98,71,0,0,0,0,0,41,0,0,0,0,0,18,0,0,0,0,0,71,0,0,0,strafe_left
0,0,0,63,0,15,0,124,108,0,0,0,0,0,77,10,0,0,0,0,0,0,0,0,0,0,69,0,0,0,0,0,0,0,0,0,0,0,0,0,0,0,0,0,0,0,0,0,0,0,0,0,0,0,0,0,0,0,0,0,0,0,37,0,0,0,0,0,5,0,0,0,0,95,66,0,0,0,0,0,38,0,0,0,0,0,14,0,0,0,0,0,75,0,0,0,strafe_left
0,0,28,75,0,0,0,66,33,0,0,0,0,13,123,25,0,0,0,0,0,0,0,0,0,0,74,0,0,0,0,0,0,0,0,0,0,0,0,0,0,0,0,0,0,0,0,0,0,0,0,0,0,0,0,0,0,0,0,0,0,0,41,0,0,0,0,0,0,0,0,0,0,99,71,0,0,0,0,0,37,0,0,0,0,0,18,0,0,0,0,0,68,0,0,0,strafe_left
0,0,37,84,0,0,0,59,23,0,0,0,0,14,137,29,0,0,0,0,0,0,0,0,0,0,77,0,0,0,0,0,0,0,0,0,0,0,0,0,0,0,0,0,0,0,0,0,0,0,0,0,0,0,0,0,0,0,0,0,0,0,40,0,0,0,0,0,0,0,0,0,0,100,71,0,0,0,0,0,37,0,0,0,0,0,22,0,0,0,0,0,77,0,0,0,strafe_left
0,0,41,83,0,0,0,53,21,0,0,0,0,17,140,27,0,0,0,0,0,0,0,0,0,0,78,0,0,0,0,0,0,0,0,0,0,0,0,0,0,0,0,0,0,0,0,0,0,0,0,0,0,0,0,0,0,0,0,0,0,0,39,0,0,0,0,0,0,0,0,0,0,106,74,0,0,0,0,0,40,0,0,0,0,0,20,0,0,0,0,0,84,0,0,0,strafe_left
0,0,48,89,0,0,0,53,27,0,0,0,0,11,139,23,0,0,0,0,0,0,0,0,0,0,76,0,0,0,0,0,0,0,0,0,0,0,0,0,0,0,0,0,0,0,0,0,0,0,0,0,0,0,0,0,0,0,0,0,0,0,31,0,0,0,0,0,0,0,0,0,0,107,75,0,0,0,0,0,42,0,0,0,0,0,33,0,0,0,0,0,111,0,0,0,strafe_left
0,0,0,43,0,9,0,117,101,0,0,0,0,0,62,5,0,0,0,0,0,0,0,0,0,0,66,0,0,0,0,0,0,0,0,0,0,0,0,0,0,0,0,0,0,0,0,0,0,0,0,0,0,0,0,0,0,0,0,0,0,0,15,0,0,0,0,0,8,0,0,0,0,40,49,0,0,0,0,0,45,0,0,0,0,0,11,3,0,0,0,0,129,0,0,0,strafe_left
0,0,0,44,0,5,0,107,91,0,0,0,0,0,68,7,0,0,0,0,0,0,0,0,0,0,71,0,0,0,0,0,0,0,0,0,0,0,0,0,0,0,0,0,0,0,0,0,0,0,0,0,0,0,0,0,0,0,0,0,0,0,17,0,0,0,0,0,15,0,0,0,0,31,45,0,0,0,0,0,45,0,0,0,0,0,5,5,0,0,0,0,135,0,0,0,strafe_left
0,0,0,50,0,13,0,126,114,0,0,0,0,0,57,0,0,0,0,0,0,0,0,0,0,0,66,0,0,0,0,0,0,0,0,0,0,0,0,0,0,0,0,0,0,0,0,0,0,0,0,0,0,0,0,0,0,0,0,0,0,0,14,0,0,0,0,0,17,0,0,0,0,21,44,0,0,0,0,0,49,0,0,0,0,0,0,4,0,0,0,0,132,0,0,0,strafe_left
0,0,0,53,0,14,0,133,122,0,0,0,0,0,57,3,0,0,0,0,0,0,0,0,0,0,64,0,0,0,0,0,0,0,0,0,0,0,0,0,0,0,0,0,0,0,0,0,0,0,0,0,0,0,0,0,0,0,0,0,0,0,21,0,0,0,0,0,13,0,0,0,0,48,48,0,0,0,0,0,45,0,0,0,0,0,12,7,0,0,0,0,118,0,0,0,strafe_left
0,0,12,63,0,7,0,93,77,0,0,0,0,0,86,15,0,0,0,0,0,0,0,0,0,0,76,0,0,0,0,0,0,0,0,0,0,0,0,0,0,0,0,0,0,0,0,0,0,0,0,0,0,0,0,0,0,0,0,0,0,0,39,0,0,0,0,0,0,0,0,0,0,98,69,0,0,0,0,0,38,0,0,0,0,0,21,0,0,0,0,0,63,0,0,0,strafe_left
0,0,0,0,0,0,0,0,0,0,0,0,0,0,15,0,0,0,0,0,0,0,0,0,0,0,49,0,0,0,0,0,20,0,0,0,0,21,46,0,0,0,0,0,61,38,0,0,0,0,19,0,0,0,9,17,30,0,0,0,0,0,32,0,0,0,0,0,0,0,0,0,0,0,0,0,0,0,0,0,0,0,0,0,0,0,0,0,0,0,0,0,0,0,0,0,strafe_right
0,0,0,0,0,0,0,0,0,0,0,0,0,0,3,0,0,0,0,0,0,0,0,0,0,0,46,0,0,0,0,0,23,0,0,0,0,0,39,0,0,0,0,0,74,50,0,13,0,0,0,0,0,0,15,21,46,0,0,0,0,0,0,0,0,0,0,0,0,0,0,0,0,0,0,0,0,0,0,0,0,0,0,0,0,0,0,0,0,0,0,0,0,0,0,0,strafe_right
0,0,0,0,0,0,0,0,0,0,0,0,0,0,3,0,0,0,0,0,0,0,0,0,0,0,45,0,0,0,0,0,22,0,0,0,0,0,38,0,0,0,0,0,74,50,0,13,0,0,5,0,0,0,22,26,50,0,0,0,0,0,0,0,0,0,0,0,0,0,0,0,0,0,0,0,0,0,0,0,0,0,0,0,0,0,0,0,0,0,0,0,0,0,0,0,strafe_right
0,0,0,0,0,0,0,0,0,0,0,0,0,0,4,0,0,0,0,0,0,0,0,0,0,0,45,0,0,0,0,0,19,0,0,0,0,9,38,0,0,0,0,0,71,50,0,8,0,0,13,0,0,0,21,23,42,0,0,0,0,0,4,0,0,0,0,0,0,0,0,0,0,0,0,0,0,0,0,0,0,0,0,0,0,0,0,0,0,0,0,0,0,0,0,0,strafe_right
0,0,0,0,0,0,0,0,0,0,0,0,0,0,6,0,0,0,0,0,0,0,0,0,0,0,46,0,0,0,0,0,16,0,0,0,0,27,45,0,0,0,0,0,67,44,0,0,0,0,30,4,0,0,21,18,35,0,0,0,0,0,24,0,0,0,0,0,0,0,0,0,0,0,0,0,0,0,0,0,0,0,0,0,0,0,0,0,0,0,0,0,0,0,0,0,strafe_right
0,0,0,0,0,0,0,0,0,0,0,0,0,0,18,0,0,0,0,0,0,0,0,0,0,0,48,0,0,0,0,0,16,0,0,0,0,60,58,0,0,0,0,0,60,35,0,0,0,0,55,11,0,0,11,0,21,0,0,0,0,0,40,0,0,0,0,0,0,0,0,0,0,0,0,0,0,0,0,0,0,0,0,0,0,0,0,0,0,0,0,0,0,0,0,0,strafe_right
0,0,0,0,0,0,0,0,0,0,0,0,0,0,24,0,0,0,0,0,0,0,0,0,0,0,50,0,0,0,0,0,13,0,0,0,0,61,60,0,0,0,0,0,52,21,0,0,0,0,55,10,0,0,6,0,23,0,0,0,0,0,39,0,0,0,0,0,0,0,0,0,0,0,0,0,0,0,0,0,0,0,0,0,0,0,0,0,0,0,0,0,0,0,0,0,strafe_right
0,0,0,0,0,0,0,0,0,0,0,0,0,0,11,0,0,0,0,0,0,0,0,0,0,0,52,0,0,0,0,0,20,0,0,0,0,36,51,0,0,0,0,0,52,30,0,24,0,0,29,0,0,0,23,8,31,0,0,0,0,0,0,0,0,0,0,0,0,0,0,0,0,0,0,0,0,0,0,0,0,0,0,0,0,0,0,0,0,0,0,0,0,0,0,0,strafe_right
0,0,0,0,0,0,0,0,0,0,0,0,0,0,14,0,0,0,0,0,0,0,0,0,0,0,51,0,0,0,0,0,19,0,0,0,0,48,55,0,0,0,0,0,51,27,0,13,0,0,26,0,0,0,19,6,29,0,0,0,0,0,0,0,0,0,0,0,0,0,0,0,0,0,0,0,0,0,0,0,0,0,0,0,0,0,0,0,0,0,0,0,0,0,0,0,strafe_right
0,0,0,0,0,0,0,0,0,0,0,0,0,0,14,0,0,0,0,0,0,0,0,0,0,0,51,0,0,0,0,0,14,0,0,0,0,55,60,0,0,0,0,0,47,25,0,6,0,0,29,0,0,0,17,0,26,0,0,0,0,0,0,0,0,0,0,0,0,0,0,0,0,0,0,0,0,0,0,0,0,0,0,0,0,0,0,0,0,0,0,0,0,0,0,0,strafe_right
0,0,0,0,0,0,0,0,0,0,0,0,0,0,18,0,0,0,0,0,0,0,0,0,0,0,49,0,0,0,0,0,14,0,0,0,0,55,59,0,0,0,0,0,47,24,0,3,0,0,52,9,0,0,23,0,22,0,0,0,0,0,0,0,0,0,0,0,0,0,0,0,0,0,0,0,0,0,0,0,0,0,0,0,0,0,0,0,0,0,0,0,0,0,0,0,strafe_right
0,0,0,0,0,0,0,0,0,0,0,0,0,0,25,0,0,0,0,0,0,0,0,0,0,0,48,0,0,0,0,0,8,0,0,0,0,56,56,0,0,0,0,0,39,3,0,0,0,0,61,14,0,0,12,0,13,0,0,0,0,0,0,0,0,0,0,0,0,0,0,0,0,0,0,0,0,0,0,0,0,0,0,0,0,0,0,0,0,0,0,0,0,0,0,0,strafe_right
0,0,0,0,0,0,0,0,0,0,0,0,0,0,25,0,0,0,0,0,0,0,0,0,0,0,49,0,0,0,0,0,9,0,0,0,0,61,57,0,0,0,0,0,38,5,0,0,0,0,59,4,0,0,0,0,0,0,0,0,0,0,7,0,0,0,0,0,0,0,0,0,0,0,0,0,0,0,0,0,0,0,0,0,0,0,0,0,0,0,0,0,0,0,0,0,strafe_right
0,0,0,0,0,0,0,0,0,0,0,0,0,0,23,0,0,0,0,0,0,0,0,0,0,0,49,0,0,0,0,0,7,0,0,0,0,62,57,0,0,0,0,0,34,4,0,0,0,0,62,7,0,0,4,0,3,0,0,0,0,0,6,0,0,0,0,0,0,0,0,0,0,0,0,0,0,0,0,0,0,0,0,0,0,0,0,0,0,0,0,0,0,0,0,0,strafe_right
0,0,0,0,0,0,0,0,0,0,0,0,0,0,28,0,0,0,0,0,0,0,0,0,0,0,51,0,0,0,0,0,0,0,0,0,0,65,58,0,0,0,0,0,24,0,0,0,0,0,61,10,0,0,0,0,0,0,0,0,0,0,3,0,0,0,0,0,0,0,0,0,0,0,0,0,0,0,0,0,0,0,0,0,0,0,0,0,0,0,0,0,0,0,0,0,strafe_right
0,0,0,0,0,0,0,0,0,0,0,0,0,0,23,0,0,0,0,0,0,0,0,0,0,0,49,0,0,0,0,0,10,0,0,0,0,57,56,0,0,0,0,0,40,0,0,0,0,0,50,3,0,0,16,0,13,0,0,0,0,0,3,0,0,0,0,0,0,0,0,0,0,0,0,0,0,0,0,0,0,0,0,0,0,0,0,0,0,0,0,0,0,0,0,0,strafe_right
0,0,0,0,0,0,0,0,0,0,0,0,0,0,22,0,0,0,0,0,0,0,0,0,0,0,51,0,0,0,0,0,8,0,0,0,0,58,55,0,0,0,0,0,39,0,0,0,0,0,43,3,0,0,17,0,16,0,0,0,0,0,0,0,0,0,0,0,0,0,0,0,0,0,0,0,0,0,0,0,0,0,0,0,0,0,0,0,0,0,0,0,0,0,0,0,strafe_right
0,0,0,0,0,0,0,0,0,0,0,0,0,0,11,0,0,0,0,0,0,0,0,0,0,0,47,0,0,0,0,0,16,0,0,0,0,27,44,0,0,0,0,0,49,16,0,0,0,0,45,3,0,0,19,0,16,0,0,0,0,0,0,0,0,0,0,0,0,0,0,0,0,0,0,0,0,0,0,0,0,0,0,0,0,0,0,0,0,0,0,0,0,0,0,0,strafe_right
0,0,0,0,0,0,0,0,0,0,0,0,0,0,0,0,0,0,0,0,0,0,0,0,0,0,43,0,0,0,0,0,21,0,0,0,0,10,40,0,0,0,0,0,54,30,0,0,0,0,44,0,0,0,18,0,16,0,0,0,0,0,0,0,0,0,0,0,0,0,0,0,0,0,0,0,0,0,0,0,0,0,0,0,0,0,0,0,0,0,0,0,0,0,0,0,strafe_right
0,0,0,0,0,0,0,0,0,0,0,0,0,0,0,0,0,0,0,0,0,0,0,0,0,0,42,0,0,0,0,0,21,0,0,0,0,4,38,0,0,0,0,0,58,33,0,0,0,0,51,6,0,0,22,0,18,0,0,0,0,0,0,0,0,0,0,0,0,0,0,0,0,0,0,0,0,0,0,0,0,0,0,0,0,0,0,0,0,0,0,0,0,0,0,0,strafe_right
0,0,0,0,0,0,0,0,10,0,0,0,0,0,0,0,0,0,0,0,49,52,0,0,0,0,0,0,0,0,0,0,72,27,0,0,0,0,0,0,0,0,0,0,73,9,0,48,0,0,0,0,0,0,0,0,72,81,0,0,0,0,0,0,0,0,0,0,78,50,0,0,0,0,0,0,0,0,0,0,67,6,0,0,0,0,0,0,0,0,0,0,53,0,0,0,forward
0,0,0,0,0,0,0,0,8,0,0,0,0,0,0,0,0,0,0,0,52,53,0,0,0,0,0,0,0,0,0,0,62,25,0,0,0,0,0,0,0,0,0,0,74,8,0,48,0,0,0,0,0,0,0,0,69,80,0,0,0,0,0,0,0,0,0,0,80,51,0,0,0,0,0,0,0,0,0,0,66,6,0,0,0,0,0,0,0,0,0,0,55,0,0,0,forward
0,0,0,0,0,0,0,0,10,0,0,0,0,0,0,0,0,0,0,0,49,56,0,0,0,0,0,0,0,0,0,0,65,27,0,0,0,0,0,0,0,0,0,0,76,16,0,84,0,0,0,0,0,0,0,0,61,68,0,0,0,0,0,0,0,0,0,0,81,55,0,0,0,0,0,0,0,0,0,0,74,14,0,0,0,0,0,0,0,0,0,0,66,0,0,0,forward
0,0,0,0,0,0,0,0,0,0,0,0,0,0,0,0,0,0,0,0,37,65,0,0,0,0,0,0,0,0,0,0,55,41,0,0,0,0,0,0,0,0,0,0,66,29,0,126,0,0,0,0,0,0,0,0,30,50,0,0,0,0,0,0,0,0,0,0,59,51,0,0,0,0,0,0,0,0,0,0,65,14,0,0,0,0,0,0,0,0,0,0,69,0,0,0,forward
0,0,0,0,0,0,0,0,14,0,0,0,0,0,0,0,0,0,0,0,68,97,0,0,0,0,0,0,0,0,0,0,79,43,0,0,0,0,0,0,0,0,0,0,68,0,0,0,0,0,0,0,0,0,0,0,44,66,0,0,0,0,0,0,0,0,0,0,70,53,0,0,0,0,0,0,0,0,0,0,70,12,0,0,0,0,0,0,0,0,0,0,68,0,0,0,forward
0,0,0,0,0,0,0,0,19,0,0,0,0,0,0,0,0,0,0,0,72,94,0,0,0,0,0,0,0,0,0,0,81,40,0,0,0,0,0,0,0,0,0,0,64,0,0,0,0,0,0,0,0,0,0,0,61,82,0,0,0,0,0,0,0,0,0,0,79,57,0,0,0,0,0,0,0,0,0,0,69,8,0,0,0,0,0,0,0,0,0,0,60,0,0,0,forward
0,0,0,0,0,0,0,6,24,0,0,0,0,0,0,0,0,0,0,9,78,74,0,0,0,0,0,0,0,0,0,0,90,26,0,0,0,0,0,0,0,0,0,0,58,0,0,0,0,0,0,0,0,0,0,0,67,88,0,0,0,0,0,0,0,0,0,0,81,54,0,0,0,0,0,0,0,0,0,0,72,8,0,0,0,0,0,0,0,0,0,0,46,0,0,0,forward
0,0,0,0,0,0,0,14,20,0,0,0,0,0,0,0,0,0,0,9,71,43,0,0,0,0,0,0,0,0,0,0,91,12,0,0,0,0,0,0,0,0,0,0,61,0,0,0,0,0,0,0,0,0,0,0,68,84,0,0,0,0,0,0,0,0,0,0,79,47,0,0,0,0,0,0,0,0,0,0,71,3,0,0,0,0,0,0,0,0,0,0,54,0,0,0,forward
0,0,0,0,0,0,0,17,14,0,0,0,0,0,0,0,0,0,0,12,71,36,0,0,0,0,0,0,0,0,0,0,94,5,0,0,0,0,0,0,0,0,0,0,60,0,0,0,0,0,0,0,0,0,0,0,62,68,0,0,0,0,0,0,0,0,0,0,75,45,0,0,0,0,0,0,0,0,0,0,71,4,0,0,0,0,0,0,0,0,0,0,46,0,0,0,forward
0,0,0,0,0,0,0,24,20,0,0,0,0,0,0,0,0,0,0,10,60,41,0,0,0,0,0,0,0,0,0,0,80,5,0,0,0,0,0,0,0,0,0,0,57,0,0,0,0,0,0,0,0,0,0,13,55,28,0,0,0,0,0,0,0,0,0,0,54,6,0,0,0,0,0,0,0,0,0,0,46,0,0,0,0,0,0,0,0,0,0,0,25,0,0,0,forward
0,0,0,0,0,0,0,29,18,0,0,0,0,0,0,0,0,0,0,0,47,15,0,0,0,0,10,0,0,0,0,0,68,0,0,0,0,0,0,0,0,0,0,0,56,0,0,0,0,0,3,0,0,0,0,8,46,12,0,0,0,0,11,0,0,0,0,0,48,0,0,0,0,0,0,0,0,0,0,0,40,0,0,0,0,0,0,0,0,0,0,0,24,0,0,0,forward
0,0,0,0,0,0,0,0,0,0,0,0,0,0,67,0,0,0,0,0,0,0,0,0,0,44,90,0,0,0,0,0,0,0,0,0,0,123,84,0,0,0,0,0,0,0,0,0,0,14,103,0,0,0,0,0,0,0,0,0,0,0,75,0,0,0,0,0,0,0,0,0,0,18,63,0,0,0,0,0,0,0,0,0,0,0,0,0,0,0,0,0,0,0,0,0,backward
0,0,0,0,0,0,0,0,0,0,0,0,0,0,39,0,0,0,0,0,0,0,0,0,0,54,86,0,0,0,0,0,0,0,0,0,0,168,72,0,0,0,0,0,0,0,0,0,0,27,61,0,0,0,0,0,0,0,0,0,0,15,79,0,0,0,0,0,0,0,0,0,0,65,57,0,0,0,0,0,0,0,0,0,0,0,0,0,0,0,0,0,0,0,0,0,backward
0,0,0,0,0,0,0,0,0,0,0,0,0,0,62,0,0,0,0,0,0,0,0,0,0,31,80,0,0,0,0,0,0,0,0,0,0,144,88,0,0,0,0,0,0,0,0,0,0,16,97,0,0,0,0,0,0,0,0,0,0,0,78,0,0,0,0,0,0,0,0,0,0,21,60,0,0,0,0,0,0,0,0,0,0,0,0,0,0,0,0,0,0,0,0,0,backward
0,0,0,0,0,0,0,0,0,0,0,0,0,0,56,0,0,0,0,0,0,0,0,0,0,32,82,0,0,0,0,0,0,0,0,0,0,119,85,0,0,0,0,0,0,0,0,0,0,16,115,0,0,0,0,0,0,0,0,0,0,0,77,0,0,0,0,0,0,0,0,0,0,0,62,0,0,0,0,0,0,0,0,0,0,0,0,0,0,0,0,0,0,0,0,0,backward
0,0,0,29,0,0,0,80,36,0,0,0,0,5,103,19,0,0,0,0,0,0,0,0,0,0,80,0,0,0,0,0,0,0,0,0,0,0,6,0,0,0,0,0,0,0,0,0,0,0,10,0,0,0,0,0,0,0,0,0,0,0,34,0,0,0,0,0,31,0,0,0,0,19,61,0,0,0,0,0,45,0,0,0,0,0,0,0,0,0,0,0,53,0,0,0,strafe_left
0,0,0,30,0,0,0,85,40,0,0,0,0,7,106,21,0,0,0,0,0,0,0,0,0,0,80,0,0,0,0,0,0,0,0,0,0,0,0,0,0,0,0,0,0,0,0,0,0,0,11,0,0,0,0,0,0,0,0,0,0,0,37,0,0,0,0,0,29,0,0,0,0,15,58,0,0,0,0,0,43,0,0,0,0,0,0,0,0,0,0,0,54,0,0,0,strafe_left
0,0,0,29,0,0,0,83,36,0,0,0,0,8,108,22,0,0,0,0,0,0,0,0,0,0,81,0,0,0,0,0,0,0,0,0,0,0,6,0,0,0,0,0,0,0,0,0,0,0,12,0,0,0,0,0,5,0,0,0,0,0,38,0,0,0,0,0,28,0,0,0,0,16,59,0,0,0,0,0,44,0,0,0,0,0,0,0,0,0,0,0,52,0,0,0,strafe_left
0,0,0,0,0,0,0,0,0,0,0,0,0,0,0,0,0,0,0,0,0,0,0,0,0,0,46,0,0,0,0,0,7,0,0,0,0,62,55,0,0,0,0,0,99,0,0,0,0,21,104,3,0,0,6,0,16,0,0,0,0,0,32,0,0,0,0,0,0,0,0,0,0,0,0,0,0,0,0,0,0,0,0,0,0,0,0,0,0,0,0,0,0,0,0,0,strafe_right
0,0,0,0,0,0,0,0,0,0,0,0,0,0,0,0,0,0,0,0,0,0,0,0,0,0,47,0,0,0,0,0,4,0,0,0,0,69,57,0,0,0,0,0,95,0,0,0,0,19,102,0,0,0,5,0,12,0,0,0,0,0,33,0,0,0,0,0,0,0,0,0,0,0,0,0,0,0,0,0,0,0,0,0,0,0,0,0,0,0,0,0,0,0,0,0,strafe_right
0,0,0,0,0,0,0,0,0,0,0,0,0,0,23,0,0,0,0,0,0,0,0,0,0,0,52,0,0,0,0,0,0,0,0,0,0,54,50,0,0,0,0,0,74,0,0,0,0,0,86,10,0,0,20,31,55,0,0,0,0,0,18,0,0,0,0,0,0,0,0,0,0,0,0,0,0,0,0,0,0,0,0,0,0,0,0,0,0,0,0,0,0,0,0,0,strafe_right
0,0,0,0,0,0,0,0,0,0,0,0,0,0,15,0,0,0,0,0,0,0,0,0,0,0,49,0,0,0,0,0,0,0,0,0,0,12,39,0,0,0,0,0,103,0,0,0,0,0,64,3,0,0,28,38,64,0,0,0,0,0,8,0,0,0,0,0,0,0,0,0,0,0,0,0,0,0,0,0,0,0,0,0,0,0,0,0,0,0,0,0,0,0,0,0,strafe_right
0,0,0,0,0,0,0,0,0,0,0,0,0,0,10,0,0,0,0,0,0,0,0,0,0,0,41,0,0,0,0,0,5,0,0,0,0,0,34,0,0,0,0,0,111,0,11,0,0,0,51,0,0,0,25,33,62,0,0,0,0,0,5,0,0,0,0,0,0,0,0,0,0,0,0,0,0,0,0,0,0,0,0,0,0,0,0,0,0,0,0,0,0,0,0,0,strafe_right
0,0,0,0,0,0,0,0,0,0,0,0,0,0,22,0,0,0,0,0,0,0,0,0,0,0,48,0,0,0,0,0,0,0,0,0,0,37,43,0,0,0,0,0,79,0,0,0,0,0,78,12,0,0,27,34,60,0,0,0,0,0,11,0,0,0,0,0,0,0,0,0,0,0,0,0,0,0,0,0,0,0,0,0,0,0,0,0,0,0,0,0,0,0,0,0,strafe_right
0,0,0,0,0,0,0,0,0,0,0,0,0,0,24,0,0,0,0,0,0,0,0,0,0,0,56,0,0,0,0,0,0,0,0,0,0,55,51,0,0,0,0,0,68,0,0,0,0,10,88,11,0,0,18,28,48,0,0,0,0,0,18,0,0,0,0,0,0,0,0,0,0,0,0,0,0,0,0,0,0,0,0,0,0,0,0,0,0,0,0,0,0,0,0,0,strafe_right
0,0,0,0,0,0,0,0,0,0,0,0,0,0,22,0,0,0,0,0,0,0,0,0,0,0,56,0,0,0,0,0,0,0,0,0,0,56,53,0,0,0,0,0,71,0,0,0,0,17,99,17,0,0,18,28,38,0,0,0,0,0,21,0,0,0,0,0,0,0,0,0,0,0,0,0,0,0,0,0,0,0,0,0,0,0,0,0,0,0,0,0,0,0,0,0,strafe_right
0,0,0,0,0,0,0,0,0,0,0,0,0,0,18,0,0,0,0,0,0,0,0,0,0,0,54,0,0,0,0,0,0,0,0,0,0,38,46,0,0,0,0,0,81,0,0,0,0,16,101,13,0,0,11,20,34,0,0,0,0,0,20,0,0,0,0,0,0,0,0,0,0,0,0,0,0,0,0,0,0,0,0,0,0,0,0,0,0,0,0,0,0,0,0,0,strafe_right
0,0,0,0,0,0,0,0,0,0,0,0,0,0,26,0,0,0,0,0,0,0,0,0,0,0,51,0,0,0,0,0,0,0,0,0,0,53,51,0,0,0,0,0,79,0,0,0,0,0,84,10,0,0,23,33,58,0,0,0,0,0,25,0,0,0,0,0,0,0,0,0,0,0,0,0,0,0,0,0,0,0,0,0,0,0,0,0,0,0,0,0,0,0,0,0,strafe_right
0,0,0,0,0,0,0,0,0,0,0,0,0,0,22,0,0,0,0,0,0,0,0,0,0,0,77,0,0,0,0,0,0,0,0,0,0,10,48,0,0,0,0,0,55,0,0,0,0,25,99,36,0,0,30,39,62,0,0,0,0,0,17,0,0,0,0,0,0,0,0,0,0,0,0,0,0,0,0,0,0,0,0,0,0,0,0,0,0,0,0,0,0,0,0,0,strafe_right
0,0,0,0,0,0,0,0,0,0,0,0,0,0,25,0,0,0,0,0,0,0,0,0,0,0,77,0,0,0,0,0,0,0,0,0,0,8,49,0,0,0,0,0,54,0,0,0,0,0,63,9,0,0,31,37,70,0,0,0,0,0,0,0,0,0,0,0,0,0,0,0,0,0,0,0,0,0,0,0,0,0,0,0,0,0,0,0,0,0,0,0,0,0,0,0,strafe_right
0,0,0,0,0,0,0,0,0,0,0,0,0,0,0,0,0,0,0,0,0,0,0,0,0,0,107,7,0,0,0,0,0,0,0,0,0,89,90,0,0,0,0,0,89,0,0,0,0,0,25,0,0,0,0,24,61,0,0,0,0,0,0,0,0,0,0,0,0,0,0,0,0,0,0,0,0,0,0,0,0,0,0,0,0,0,0,0,0,0,0,0,0,0,0,0,strafe_right
0,0,0,0,0,0,0,0,0,0,0,0,0,0,0,0,0,0,0,0,0,0,0,0,0,0,90,4,0,0,0,0,0,0,0,0,0,42,74,0,0,0,0,0,87,0,11,3,0,0,19,0,0,0,8,33,73,0,0,0,0,0,0,0,0,0,0,0,0,0,0,0,0,0,0,0,0,0,0,0,0,0,0,0,0,0,0,0,0,0,0,0,0,0,0,0,strafe_right
0,0,0,0,0,0,0,0,0,0,0,0,0,0,0,0,0,0,0,0,0,0,0,0,0,0,74,6,0,0,0,0,9,0,0,0,0,8,62,0,0,0,0,0,96,0,31,33,0,0,20,0,0,0,12,36,84,0,0,0,0,0,0,0,0,0,0,0,0,0,0,0,0,0,0,0,0,0,0,0,0,0,0,0,0,0,0,0,0,0,0,0,0,0,0,0,strafe_right
0,0,0,0,0,0,0,0,0,0,0,0,0,0,0,0,0,0,0,0,0,0,0,0,0,0,68,0,0,0,0,0,21,0,0,0,0,4,53,0,0,0,0,0,110,0,15,39,0,0,23,0,0,0,11,38,88,0,0,0,0,0,0,0,0,0,0,0,0,0,0,0,0,0,0,0,0,0,0,0,0,0,0,0,0,0,0,0,0,0,0,0,0,0,0,0,strafe_right
0,0,0,0,0,0,0,0,0,0,0,0,0,0,0,0,0,0,0,0,0,0,0,0,0,0,96,11,0,0,0,0,11,0,0,0,0,41,57,0,0,0,0,0,79,0,0,0,0,0,28,0,0,0,6,36,86,0,0,0,0,0,0,0,0,0,0,0,0,0,0,0,0,0,0,0,0,0,0,0,0,0,0,0,0,0,0,0,0,0,0,0,0,0,0,0,strafe_right
0,0,0,0,0,0,0,0,0,0,0,0,0,0,0,0,0,0,0,0,0,0,0,0,0,0,110,14,0,0,0,0,4,0,0,0,0,67,73,0,0,0,0,0,75,0,0,0,0,0,34,0,0,0,0,31,74,0,0,0,0,0,0,0,0,0,0,0,0,0,0,0,0,0,0,0,0,0,0,0,0,0,0,0,0,0,0,0,0,0,0,0,0,0,0,0,strafe_right
0,0,0,0,0,0,0,0,0,0,0,0,0,0,0,0,0,0,0,0,0,0,0,0,0,0,111,15,0,0,0,0,5,0,0,0,0,52,69,0,0,0,0,0,77,0,0,0,0,0,40,0,0,0,0,31,80,0,0,0,0,0,0,0,0,0,0,0,0,0,0,0,0,0,0,0,0,0,0,0,0,0,0,0,0,0,0,0,0,0,0,0,0,0,0,0,strafe_right
0,0,0,0,0,0,0,0,0,0,0,0,0,0,0,0,0,0,0,0,0,0,0,0,0,0,105,16,0,0,0,0,15,0,0,0,0,22,61,0,0,0,0,0,98,0,0,0,0,0,34,0,0,0,7,40,97,0,0,0,0,0,0,0,0,0,0,0,0,0,0,0,0,0,0,0,0,0,0,0,0,0,0,0,0,0,0,0,0,0,0,0,0,0,0,0,strafe_right
0,0,0,0,0,0,0,0,0,0,0,0,0,0,0,0,0,0,0,0,0,0,0,0,0,0,115,24,0,0,0,0,13,0,0,0,0,68,74,0,0,0,0,0,87,0,0,0,0,71,56,0,0,0,0,31,73,0,0,0,0,0,23,0,0,0,0,0,0,0,0,0,0,0,0,0,0,0,0,0,0,0,0,0,0,0,0,0,0,0,0,0,0,0,0,0,strafe_right
0,0,0,0,0,0,0,0,0,0,0,0,0,0,0,0,0,0,0,0,0,0,0,0,0,0,109,21,0,0,0,0,17,0,0,0,0,50,70,0,0,0,0,0,90,0,0,0,0,90,71,0,0,0,7,35,84,0,0,0,0,0,22,0,0,0,0,0,0,0,0,0,0,0,0,0,0,0,0,0,0,0,0,0,0,0,0,0,0,0,0,0,0,0,0,0,strafe_right
0,0,0,0,0,0,0,0,0,0,0,0,0,0,0,0,0,0,0,0,0,0,0,0,0,0,103,21,0,0,0,0,22,0,0,0,0,24,60,0,0,0,0,0,91,0,0,4,0,84,60,0,0,0,10,37,89,0,0,0,0,0,18,0,0,0,0,0,0,0,0,0,0,0,0,0,0,0,0,0,0,0,0,0,0,0,0,0,0,0,0,0,0,0,0,0,strafe_right
0,0,0,0,0,0,0,0,0,0,0,0,0,0,0,0,0,0,0,0,0,0,0,0,0,0,112,24,0,0,0,0,21,0,0,0,0,44,67,0,0,0,0,0,91,0,0,0,0,102,71,0,0,0,5,34,84,0,0,0,0,0,21,0,0,0,0,0,0,0,0,0,0,0,0,0,0,0,0,0,0,0,0,0,0,0,0,0,0,0,0,0,0,0,0,0,strafe_right
0,0,0,0,0,0,0,0,0,0,0,0,0,0,0,0,0,0,0,0,0,0,0,0,0,0,128,26,0,0,0,0,8,0,0,0,0,80,77,0,0,0,0,0,75,0,0,0,0,157,94,0,0,0,4,32,67,0,0,0,0,0,28,0,0,0,0,0,0,0,0,0,0,0,0,0,0,0,0,0,0,0,0,0,0,0,0,0,0,0,0,0,0,0,0,0,strafe_right
0,0,0,0,0,0,0,0,0,0,0,0,0,0,0,0,0,0,0,0,0,0,0,0,0,0,130,24,0,0,0,0,0,0,0,0,0,70,69,0,0,0,0,0,58,0,0,0,0,152,92,0,0,0,0,23,59,0,0,0,0,0,19,0,0,0,0,0,0,0,0,0,0,0,0,0,0,0,0,0,0,0,0,0,0,0,0,0,0,0,0,0,0,0,0,0,strafe_right
0,0,0,0,0,0,0,0,0,0,0,0,0,0,0,0,0,0,0,0,0,0,0,0,0,11,147,14,0,0,0,0,0,0,0,0,0,79,71,0,0,0,0,0,46,0,0,0,0,168,97,0,0,0,0,21,54,0,0,0,0,0,29,0,0,0,0,0,0,0,0,0,0,0,0,0,0,0,0,0,0,0,0,0,0,0,0,0,0,0,0,0,0,0,0,0,strafe_right
0,0,0,0,0,0,0,0,0,0,0,0,0,17,118,56,0,0,0,25,5,0,0,0,0,16,75,0,0,0,0,0,8,0,0,0,0,0,23,0,0,0,0,0,14,0,0,0,0,10,63,0,0,0,0,0,15,0,0,0,0,91,93,0,0,0,0,0,0,0,0,0,0,0,123,0,0,0,0,0,0,0,0,0,0,0,24,3,0,0,0,0,0,0,0,0,backward
0,0,0,0,0,0,0,0,0,0,0,0,0,25,128,66,0,0,0,18,0,0,0,0,0,25,80,0,0,0,0,0,0,0,0,0,0,0,27,0,0,0,0,0,3,0,0,0,0,25,66,0,0,0,0,0,11,0,0,0,0,106,100,0,0,0,0,0,0,0,0,0,0,0,121,0,0,0,0,0,0,0,0,0,0,0,26,0,0,0,0,0,0,0,0,0,backward
0,31,0,0,0,0,0,0,0,0,0,0,0,108,189,58,0,0,0,0,0,0,0,0,0,39,89,0,0,0,0,0,0,0,0,0,0,0,29,0,0,0,0,0,0,0,0,0,0,36,69,0,0,0,0,0,0,0,0,0,0,170,130,0,0,0,0,0,0,0,0,0,0,36,154,6,0,0,0,0,0,0,0,0,0,0,39,0,0,0,0,0,0,0,0,0,backward
0,31,0,0,0,0,0,0,0,0,0,0,0,111,189,50,0,0,0,0,0,0,0,0,0,46,94,0,0,0,0,0,0,0,0,0,0,0,27,0,0,0,0,0,0,0,0,0,0,27,65,0,0,0,0,0,0,0,0,0,0,181,130,0,0,0,0,0,0,0,0,0,0,73,156,0,0,0,0,0,0,0,0,0,0,0,34,0,0,0,0,0,0,0,0,0,backward
0,27,0,0,0,0,0,0,0,0,0,0,0,65,172,79,0,0,0,0,0,0,0,0,0,27,91,0,0,0,0,0,0,0,0,0,0,0,33,0,0,0,0,0,0,0,0,0,0,23,71,0,0,0,0,0,0,0,0,0,0,128,121,0,0,0,0,0,0,0,0,0,0,0,142,3,0,0,0,0,0,0,0,0,0,0,23,0,0,0,0,0,0,0,0,0,backward
0,0,0,0,0,0,0,0,0,0,0,0,0,27,145,78,0,0,0,24,0,0,0,0,0,15,81,0,0,0,0,0,0,0,0,0,0,0,35,0,0,0,0,0,0,0,0,0,0,7,65,0,0,0,0,0,25,0,0,0,0,79,99,0,0,0,0,0,0,0,0,0,0,0,119,0,0,0,0,0,0,0,0,0,0,0,20,0,0,0,0,0,0,0,0,0,backward
0,0,0,0,0,0,0,0,0,0,0,0,0,27,146,81,0,0,0,22,0,0,0,0,0,19,84,0,0,0,0,0,0,0,0,0,0,0,34,0,0,0,0,0,0,0,0,0,0,3,62,0,0,0,0,0,30,0,0,0,0,63,93,0,0,0,0,0,0,0,0,0,0,0,112,0,0,0,0,0,0,0,0,0,0,0,16,0,0,0,0,0,0,0,0,0,backward
0,0,0,0,0,0,0,0,20,0,0,0,0,0,0,0,0,0,0,49,45,14,0,0,0,0,0,0,0,0,0,0,86,83,0,0,0,0,0,0,0,0,0,0,63,0,0,0,0,0,0,0,0,0,0,4,97,13,0,0,0,0,0,0,0,0,0,0,66,22,0,0,0,0,0,0,0,0,0,0,34,0,0,0,0,0,0,0,0,0,0,0,3,0,0,0,forward
0,0,0,0,0,0,0,0,15,0,0,0,0,0,0,0,0,0,0,18,37,12,0,0,0,0,0,0,0,0,0,0,83,89,0,0,0,0,0,0,0,0,0,0,70,0,0,0,0,0,0,0,0,0,0,0,84,9,0,0,0,0,0,0,0,0,0,0,61,24,0,0,0,0,0,0,0,0,0,0,37,5,0,0,0,0,0,0,0,0,0,0,5,0,0,0,forward
0,0,0,0,0,0,0,0,0,0,0,0,0,0,0,0,0,0,0,0,25,13,0,0,0,0,0,0,0,0,0,0,82,101,0,0,0,0,0,0,0,0,0,0,86,0,0,0,0,0,0,0,0,0,0,0,61,5,0,0,0,0,0,0,0,0,0,0,51,31,0,0,0,0,0,0,0,0,0,0,32,21,0,0,0,0,0,0,0,0,0,0,32,0,0,0,forward
0,0,0,0,0,0,0,0,0,0,0,0,0,0,0,0,0,0,0,0,4,18,0,0,0,0,0,0,0,0,0,0,67,110,8,0,0,0,0,0,0,0,0,0,94,11,0,0,0,0,0,0,0,0,0,0,45,0,0,0,0,0,0,0,0,0,0,0,29,29,0,0,0,0,0,0,0,0,0,0,19,23,0,0,0,0,0,0,0,0,0,0,33,0,0,0,forward
0,0,0,0,0,0,0,0,0,0,0,0,0,0,0,0,0,0,0,0,0,20,0,0,0,0,0,0,0,0,0,0,61,120,13,0,0,0,0,0,0,0,0,0,94,15,0,0,0,0,0,0,0,0,0,0,23,0,0,0,0,0,0,0,0,0,0,0,29,34,0,0,0,0,0,0,0,0,0,0,14,24,0,9,0,0,0,0,0,0,0,0,28,0,0,0,forward
0,0,0,0,0,0,0,0,41,0,0,0,0,0,0,0,0,0,0,0,48,33,0,0,0,0,0,0,0,0,0,0,74,107,0,0,0,0,0,0,0,0,0,0,42,0,0,0,0,0,0,0,0,0,0,0,49,4,0,0,0,0,0,0,0,0,0,0,45,40,0,0,0,0,0,0,0,0,0,0,38,37,0,0,0,0,0,0,0,0,0,0,49,0,0,0,forward
0,0,0,0,0,0,0,0,71,0,0,0,0,0,0,0,0,0,0,20,80,40,0,0,0,0,0,0,0,0,0,0,71,64,0,0,0,0,0,0,0,0,0,0,30,0,0,0,0,0,0,0,0,0,0,0,56,9,0,0,0,0,0,0,0,0,0,0,53,38,0,0,0,0,0,0,0,0,0,0,44,40,0,0,0,0,0,0,0,0,0,0,57,0,0,0,forward
0,0,0,0,0,0,0,0,101,0,0,0,0,0,0,0,0,0,0,50,89,40,0,0,0,0,0,0,0,0,0,0,63,34,0,0,0,0,0,0,0,0,0,0,27,0,0,0,0,0,0,0,0,0,0,0,57,10,0,0,0,0,0,0,0,0,0,0,47,36,0,0,0,0,0,0,0,0,0,0,44,39,0,0,0,0,0,0,0,0,0,0,62,0,0,0,forward
0,0,0,0,0,0,0,0,55,0,0,0,0,0,0,0,0,0,0,19,62,39,0,0,0,0,0,0,0,0,0,0,87,92,0,0,0,0,0,0,0,0,0,0,62,0,0,0,0,0,0,0,0,0,0,0,45,4,0,0,0,0,0,0,0,0,0,0,41,41,0,0,0,0,0,0,0,0,0,0,37,40,0,0,0,0,0,0,0,0,0,0,49,0,0,0,forward
0,0,0,0,0,0,0,0,9,0,0,0,0,0,0,0,0,0,0,0,23,31,0,0,0,0,0,0,0,0,0,0,79,125,0,0,0,0,0,0,0,0,0,0,89,0,0,0,0,0,0,0,0,0,0,0,26,0,0,0,0,0,0,0,0,0,0,0,30,40,0,0,0,0,0,0,0,0,0,0,29,42,0,0,0,0,0,0,0,0,0,0,48,0,0,0,forward
0,0,0,0,0,0,0,0,0,0,0,0,0,0,0,0,0,0,0,0,0,29,0,0,0,0,0,0,0,0,0,0,60,130,6,0,0,0,0,0,0,0,0,0,91,15,0,0,0,0,0,0,0,0,0,0,0,0,0,0,0,0,0,0,0,0,0,0,14,42,0,0,0,0,0,0,0,0,0,0,15,51,0,82,0,0,0,0,0,0,0,0,28,0,0,0,forward
0,0,0,0,0,0,0,0,0,0,0,0,0,0,0,0,0,0,0,0,0,38,0,0,0,0,0,0,0,0,0,0,51,148,11,0,0,0,0,0,0,0,0,0,72,9,0,0,0,0,0,0,0,0,0,0,0,0,0,0,0,0,0,0,0,0,0,0,6,40,0,0,0,0,0,0,0,0,0,0,8,48,0,123,0,0,0,0,0,0,0,0,20,0,0,0,forward
0,0,0,0,0,0,0,0,0,0,0,0,0,0,0,0,0,0,0,0,0,49,0,0,0,0,0,0,0,0,0,0,37,159,8,0,0,0,0,0,0,0,0,0,42,0,0,0,0,0,0,0,0,0,0,0,0,0,0,0,0,0,0,0,0,0,0,0,4,46,0,0,0,0,0,0,0,0,0,0,3,58,0,97,0,0,0,0,0,0,0,0,4,0,0,0,forward
0,0,0,0,0,0,0,0,16,0,0,0,0,0,0,0,0,0,0,0,34,51,0,0,0,0,0,0,0,0,0,0,77,167,0,0,0,0,0,0,0,0,0,0,62,0,0,0,0,0,0,0,0,0,0,0,5,4,0,0,0,0,0,0,0,0,0,0,27,57,0,0,0,0,0,0,0,0,0,0,32,50,0,0,0,0,0,0,0,0,0,0,38,0,0,0,forward
0,0,0,0,0,0,0,0,0,0,0,0,0,0,0,0,0,0,0,0,0,52,0,0,0,0,0,0,0,0,0,0,34,179,18,0,0,0,0,0,0,0,0,0,41,0,0,0,0,0,0,0,0,0,0,0,0,5,0,12,0,0,0,0,0,0,0,0,16,58,0,0,0,0,0,0,0,0,0,0,10,52,0,39,0,0,0,0,0,0,0,0,14,0,0,0,forward
0,0,0,0,0,0,0,0,0,0,0,0,0,0,0,0,0,0,0,0,0,63,0,0,0,0,0,0,0,0,0,0,26,193,0,0,0,0,0,0,0,0,0,0,33,0,0,0,0,0,0,0,0,0,0,0,0,16,0,12,0,0,0,0,0,0,0,0,16,61,0,0,0,0,0,0,0,0,0,0,0,49,0,0,0,0,0,0,0,0,0,0,0,0,0,0,forward
0,0,0,0,0,0,0,0,0,0,0,0,0,0,0,0,0,0,0,0,45,43,0,0,0,0,0,0,0,0,0,0,105,139,0,0,0,0,0,0,0,0,0,0,95,0,0,0,0,0,0,0,0,0,0,0,63,23,0,0,0,0,0,0,0,0,0,0,50,49,0,0,0,0,0,0,0,0,0,0,30,31,0,0,0,0,0,0,0,0,0,0,25,0,0,0,forward
0,0,0,0,0,0,0,0,3,0,0,0,0,0,0,0,0,0,0,0,74,21,0,0,0,0,0,0,0,0,0,0,133,54,0,0,0,0,0,0,0,0,0,0,174,0,0,0,0,0,0,0,0,0,0,0,64,16,0,0,0,0,0,0,0,0,0,0,56,44,0,0,0,0,0,0,0,0,0,0,50,39,0,0,0,0,0,0,0,0,0,0,47,0,0,0,forward
0,0,0,0,0,0,0,0,0,0,0,0,0,0,0,0,0,0,0,30,78,10,0,0,0,0,0,0,0,0,0,0,134,33,0,0,0,0,0,0,0,0,0,0,162,0,0,0,0,0,0,0,0,0,0,0,72,19,0,0,0,0,0,0,0,0,0,0,57,36,0,0,0,0,0,0,0,0,0,0,52,36,0,0,0,0,0,0,0,0,0,0,52,0,0,0,forward
0,0,0,0,0,0,0,0,5,0,0,0,0,0,0,0,0,0,0,47,73,6,0,0,0,0,0,0,0,0,0,0,130,23,0,0,0,0,0,0,0,0,0,0,135,0,0,0,0,0,0,0,0,0,0,0,50,7,0,0,0,0,0,0,0,0,0,0,51,34,0,0,0,0,0,0,0,0,0,0,58,40,0,0,0,0,0,0,0,0,0,0,68,0,0,0,forward
0,0,0,0,0,0,0,0,14,0,0,0,0,0,0,0,0,0,0,98,78,0,0,0,0,0,0,0,0,0,0,0,122,15,0,0,0,0,0,0,0,0,0,0,138,0,0,0,0,0,0,0,0,0,0,0,65,8,0,0,0,0,0,0,0,0,0,0,58,31,0,0,0,0,0,0,0,0,0,0,59,29,0,0,0,0,0,0,0,0,0,0,64,0,0,0,forward
0,0,0,0,0,0,0,0,0,0,0,0,0,0,86,45,0,0,0,32,12,0,0,0,0,64,78,0,0,0,0,0,20,0,0,0,0,0,34,0,0,0,0,0,20,0,0,0,0,0,28,0,0,0,0,0,28,0,0,0,0,0,42,0,0,0,0,0,21,0,0,0,0,0,71,0,0,0,0,0,22,0,0,0,0,0,0,0,0,0,0,0,0,0,0,0,none
0,0,0,0,0,0,0,0,0,0,0,0,0,0,83,40,0,0,0,25,5,0,0,0,0,63,76,0,0,0,0,0,19,0,0,0,0,0,35,0,0,0,0,0,22,0,0,0,0,0,34,0,0,0,0,0,34,0,0,0,0,0,40,0,0,0,0,0,19,0,0,0,0,0,68,0,0,0,0,0,21,0,0,0,0,0,0,0,0,0,0,0,0,0,0,0,none
0,0,0,0,0,0,0,4,0,0,0,0,0,0,86,44,0,0,0,38,14,0,0,0,0,64,79,0,0,0,0,0,20,0,0,0,0,0,31,0,0,0,0,0,17,0,0,0,0,0,29,0,0,0,0,0,30,0,0,0,0,0,41,0,0,0,0,0,21,0,0,0,0,0,80,0,0,0,0,0,32,0,0,0,0,0,0,0,0,0,0,0,0,0,0,0,none
0,0,0,0,0,0,0,10,3,0,0,0,0,0,82,45,0,0,0,43,15,0,0,0,0,61,79,0,0,0,0,0,17,0,0,0,0,0,31,0,0,0,0,0,15,0,0,0,0,0,30,0,0,0,0,0,31,0,0,0,0,0,41,0,0,0,0,0,21,0,0,0,0,0,78,0,0,0,0,0,35,0,0,0,0,0,0,0,0,0,0,0,0,0,0,0,none
0,0,0,0,0,0,0,22,5,0,0,0,0,0,88,51,0,0,0,46,17,0,0,0,0,51,80,0,0,0,0,0,11,0,0,0,0,0,29,0,0,0,0,0,12,0,0,0,0,0,27,0,0,0,0,0,30,0,0,0,0,0,45,0,0,0,0,0,19,0,0,0,0,13,82,0,0,0,0,0,37,0,0,0,0,0,15,0,0,0,0,0,0,0,0,0,none
0,0,0,0,0,0,0,19,9,0,0,0,0,0,91,52,0,0,0,44,17,0,0,0,0,50,78,0,0,0,0,0,13,0,0,0,0,0,29,0,0,0,0,0,14,0,0,0,0,0,33,0,0,0,0,0,30,0,0,0,0,0,40,0,0,0,0,0,22,0,0,0,0,0,77,0,0,0,0,0,35,0,0,0,0,0,0,0,0,0,0,0,0,0,0,0,none
0,0,0,0,0,0,0,8,3,0,0,0,0,0,90,46,0,0,0,35,13,0,0,0,0,57,82,0,0,0,0,0,19,0,0,0,0,0,34,0,0,0,0,0,18,0,0,0,0,0,34,0,0,0,0,0,35,0,0,0,0,0,38,0,0,0,0,0,21,0,0,0,0,0,78,0,0,0,0,0,26,0,0,0,0,0,0,0,0,0,0,0,0,0,0,0,none
0,0,0,0,0,0,0,0,0,0,0,0,0,0,80,33,0,0,0,22,9,0,0,0,0,64,81,0,0,0,0,0,24,0,0,0,0,0,33,0,0,0,0,0,22,0,0,0,0,0,43,0,0,0,0,0,39,0,0,0,0,0,38,0,0,0,0,0,17,0,0,0,0,0,76,0,0,0,0,0,13,0,0,0,0,0,0,0,0,0,0,0,0,0,0,0,none
0,0,0,0,0,0,0,0,0,0,0,0,0,0,57,20,0,0,0,13,6,0,0,0,0,70,83,0,0,0,0,0,31,0,0,0,0,0,39,0,0,0,0,0,29,0,0,0,0,0,37,0,0,0,0,0,34,0,0,0,0,0,41,0,0,0,0,0,7,0,0,0,0,0,69,0,0,0,0,0,0,0,0,0,0,0,0,0,0,0,0,0,0,0,0,0,none
0,0,0,0,0,0,0,0,0,0,0,0,0,0,26,0,0,0,0,0,0,0,0,0,0,8,51,0,0,0,0,0,20,0,0,0,0,0,30,0,0,0,0,0,33,0,0,0,0,0,25,0,0,0,0,0,30,0,0,0,0,0,38,0,0,0,0,0,0,0,0,0,0,0,34,0,0,0,0,0,0,0,0,0,0,0,0,0,0,0,0,0,0,0,0,0,none
0,0,0,0,0,0,0,27,26,0,0,0,0,0,23,0,0,0,0,0,0,0,0,0,0,0,56,0,0,0,0,0,12,0,0,0,0,0,38,0,0,0,0,0,20,0,0,0,0,0,13,0,0,0,0,0,26,0,0,0,0,0,34,0,0,0,0,0,24,0,0,0,0,30,75,0,0,0,0,0,69,0,0,0,0,0,26,0,0,0,0,0,0,0,0,0,none
0,0,0,0,0,0,0,32,25,0,0,0,0,0,24,0,0,0,0,0,0,0,0,0,0,0,56,0,0,0,0,0,13,0,0,0,0,0,40,0,0,0,0,0,25,0,0,0,0,0,16,0,0,0,0,0,33,0,0,0,0,0,36,0,0,0,0,0,24,0,0,0,0,35,74,0,0,0,0,0,64,0,0,0,0,0,29,0,0,0,0,0,0,0,0,0,none
0,0,0,0,0,0,0,29,25,0,0,0,0,0,23,0,0,0,0,0,3,0,0,0,0,0,59,0,0,0,0,0,13,0,0,0,0,0,39,0,0,0,0,0,14,0,0,0,0,0,16,0,0,0,0,0,26,0,0,0,0,0,33,0,0,0,0,0,23,0,0,0,0,39,78,0,0,0,0,0,65,0,0,0,0,0,32,0,0,0,0,0,0,0,0,0,none
0,0,0,0,0,0,0,29,24,0,0,0,0,0,24,0,0,0,0,0,0,0,0,0,0,0,59,0,0,0,0,0,13,0,0,0,0,0,39,0,0,0,0,0,22,0,0,0,0,0,14,0,0,0,0,0,27,0,0,0,0,0,35,0,0,0,0,0,24,0,0,0,0,39,81,5,0,0,0,0,68,0,0,0,0,0,32,0,0,0,0,0,0,0,0,0,none
0,0,0,0,0,0,0,35,33,0,0,0,0,0,0,0,0,0,0,0,12,0,0,0,0,0,51,0,0,0,0,0,28,0,0,0,0,0,25,0,0,0,0,0,33,0,0,0,0,0,7,0,0,0,0,0,42,0,0,0,0,0,27,0,0,0,0,0,33,5,0,0,0,0,54,0,0,0,0,0,82,5,0,0,0,0,0,0,0,0,0,0,0,0,0,0,none
0,0,0,0,0,0,0,36,31,0,0,0,0,0,11,0,0,0,0,0,9,0,0,0,0,0,52,0,0,0,0,0,25,0,0,0,0,0,28,0,0,0,0,0,30,0,0,0,0,0,10,0,0,0,0,0,39,0,0,0,0,0,28,0,0,0,0,0,30,0,0,0,0,0,59,0,0,0,0,0,72,0,0,0,0,0,0,0,0,0,0,0,0,0,0,0,none
0,0,0,0,0,0,0,36,32,0,0,0,0,0,12,0,0,0,0,0,7,0,0,0,0,0,49,0,0,0,0,0,18,0,0,0,0,0,30,0,0,0,0,0,27,0,0,0,0,0,10,0,0,0,0,0,31,0,0,0,0,0,28,0,0,0,0,0,26,0,0,0,0,0,67,0,0,0,0,0,68,0,0,0,0,0,15,0,0,0,0,0,0,0,0,0,none
0,0,0,0,0,0,0,31,27,0,0,0,0,0,19,0,0,0,0,0,6,0,0,0,0,0,53,0,0,0,0,0,15,0,0,0,0,0,39,0,0,0,0,0,22,0,0,0,0,0,17,0,0,0,0,0,30,0,0,0,0,0,34,0,0,0,0,0,24,0,0,0,0,24,75,0,0,0,0,0,57,0,0,0,0,0,28,0,0,0,0,0,0,0,0,0,none
0,0,0,0,0,0,0,29,39,0,0,0,0,0,0,0,0,0,0,23,46,11,0,0,0,0,0,0,0,0,0,0,70,42,0,0,0,0,0,0,0,0,0,0,50,0,0,0,0,0,0,0,0,0,0,0,57,24,7,0,0,0,0,0,0,0,0,0,60,33,0,0,0,0,0,0,0,0,0,0,130,28,0,0,0,0,0,0,0,0,0,0,0,0,0,0,forward
0,0,0,0,0,0,0,17,37,0,0,0,0,0,0,0,0,0,0,17,47,15,0,0,0,0,0,0,0,0,0,0,74,59,0,0,0,0,0,0,0,0,0,0,50,0,0,0,0,0,0,0,0,0,0,0,53,21,7,0,0,0,0,0,0,0,0,0,64,38,0,0,0,0,0,0,0,0,0,0,117,28,0,0,0,0,0,0,0,0,0,0,0,0,0,0,forward
0,0,0,0,0,0,0,0,41,0,0,0,0,0,0,0,0,0,0,0,46,22,0,0,0,0,0,0,0,0,0,0,80,69,0,0,0,0,0,0,0,0,0,0,46,0,0,0,0,0,0,0,0,0,0,0,59,27,13,0,0,0,0,0,0,0,0,0,66,46,0,0,0,0,0,0,0,0,0,0,105,28,0,0,0,0,0,0,0,0,0,0,0,0,0,0,forward
0,0,0,0,0,0,0,0,45,0,0,0,0,0,0,0,0,0,0,0,48,27,0,0,0,0,0,0,0,0,0,0,74,74,0,0,0,0,0,0,0,0,0,0,43,0,0,0,0,0,0,0,0,0,0,0,60,33,26,0,0,0,0,0,0,0,0,0,58,52,0,0,0,0,0,0,0,0,0,0,101,37,0,0,0,0,0,0,0,0,0,0,0,0,0,0,forward
0,0,0,0,0,0,0,0,0,0,0,5,0,0,0,0,0,0,0,0,41,53,0,0,0,0,0,0,0,0,0,0,77,141,0,0,0,0,0,0,0,0,0,0,71,0,0,0,0,0,0,0,0,0,0,0,45,31,36,0,0,0,0,0,0,0,0,0,32,50,0,0,0,0,0,0,0,0,0,0,76,41,0,0,0,0,0,0,0,0,0,0,0,0,0,0,forward
0,0,0,0,0,0,0,0,25,0,0,7,0,0,0,0,0,0,0,0,62,71,0,0,0,0,0,0,0,0,0,0,65,144,0,0,0,0,0,0,0,0,0,0,42,0,0,0,0,0,0,0,0,0,0,0,41,26,38,0,0,0,0,0,0,0,0,0,24,53,0,0,0,0,0,0,0,0,0,0,75,43,0,0,0,0,0,0,0,0,0,0,0,0,0,0,forward
0,0,0,0,0,0,0,0,93,51,5,0,0,0,0,0,0,0,0,0,64,65,0,0,0,0,0,0,0,0,0,0,15,60,0,0,0,0,0,0,0,0,0,0,0,0,0,0,0,0,0,0,0,0,0,0,40,24,17,0,0,0,0,0,0,0,0,0,35,50,0,0,0,0,0,0,0,0,0,0,100,41,0,0,0,0,0,0,0,0,0,0,0,0,0,0,forward
0,0,0,0,0,0,0,0,0,0,0,0,0,0,0,0,0,0,0,0,0,23,0,0,0,0,0,0,0,0,0,0,0,109,0,120,0,0,0,0,0,0,0,0,11,0,0,126,0,0,0,0,0,0,0,0,0,4,19,15,0,0,0,0,0,0,0,0,0,46,0,131,0,0,0,0,0,0,0,0,0,28,0,18,0,0,0,0,0,0,0,0,0,0,0,0,forward
0,0,0,0,0,0,0,0,0,0,0,6,0,0,0,0,0,0,0,0,0,47,0,0,0,0,0,0,0,0,0,0,0,145,0,122,0,0,0,0,0,0,0,0,11,0,0,76,0,0,0,0,0,0,0,0,0,0,17,5,0,0,0,0,0,0,0,0,0,38,0,120,0,0,0,0,0,0,0,0,0,30,0,0,0,0,0,0,0,0,0,0,0,0,0,0,forward
0,0,0,0,0,0,0,0,12,35,9,4,0,0,0,0,0,0,0,0,28,92,0,0,0,0,0,0,0,0,0,0,0,137,0,34,0,0,0,0,0,0,0,0,0,0,0,0,0,0,0,0,0,0,0,0,11,19,23,0,0,0,0,0,0,0,0,0,15,53,0,7,0,0,0,0,0,0,0,0,58,30,0,0,0,0,0,0,0,0,0,0,0,0,0,0,forward
0,0,0,0,0,0,0,0,0,29,8,10,0,0,0,0,0,0,0,0,8,91,0,0,0,0,0,0,0,0,0,0,0,161,0,80,0,0,0,0,0,0,0,0,0,0,0,0,0,0,0,0,0,0,0,0,0,11,21,0,0,0,0,0,0,0,0,0,3,56,0,51,0,0,0,0,0,0,0,0,38,33,0,0,0,0,0,0,0,0,0,0,0,0,0,0,forward
0,0,0,0,0,0,0,0,0,13,0,0,0,0,0,0,0,0,0,0,31,81,0,0,0,0,0,0,0,0,0,0,45,193,0,0,0,0,0,0,0,0,0,0,41,3,0,0,0,0,0,0,0,0,0,0,16,25,24,0,0,0,0,0,0,0,0,0,19,59,0,0,0,0,0,0,0,0,0,0,79,40,0,0,0,0,0,0,0,0,0,0,0,0,0,0,forward
0,0,0,0,0,0,0,0,0,11,0,0,0,0,0,0,0,0,0,0,45,81,0,0,0,0,0,0,0,0,0,0,70,189,0,0,0,0,0,0,0,0,0,0,54,0,0,0,0,0,0,0,0,0,0,0,29,18,19,0,0,0,0,0,0,0,0,0,37,59,0,0,0,0,0,0,0,0,0,0,115,48,0,0,0,0,0,0,0,0,0,0,0,0,0,0,forward
0,0,0,0,0,0,0,0,8,10,0,0,0,0,0,0,0,0,0,0,67,70,0,0,0,0,0,0,0,0,0,0,104,166,0,0,0,0,0,0,0,0,0,0,76,0,0,0,0,0,0,0,0,0,0,0,34,19,9,0,0,0,0,0,0,0,0,0,42,60,0,0,0,0,0,0,0,0,0,0,129,47,0,0,0,0,0,0,0,0,0,0,0,0,0,0,forward
0,0,0,0,0,0,0,0,39,7,0,0,0,0,0,0,0,0,0,0,89,49,0,0,0,0,0,0,0,0,0,0,118,88,0,0,0,0,0,0,0,0,0,0,58,0,0,0,0,0,0,0,0,0,0,0,42,23,8,0,0,0,0,0,0,0,0,0,45,64,0,0,0,0,0,0,0,0,0,0,130,46,0,0,0,0,0,0,0,0,0,0,0,0,0,0,forward
0,0,0,0,0,0,0,0,55,0,0,0,0,0,0,0,0,0,0,0,111,40,0,0,0,0,0,0,0,0,0,0,111,56,0,0,0,0,0,0,0,0,0,0,52,0,0,0,0,0,0,0,0,0,0,0,44,16,0,0,0,0,0,0,0,0,0,0,52,57,0,0,0,0,0,0,0,0,0,0,149,56,0,0,0,0,0,0,0,0,0,0,0,0,0,0,forward
0,0,0,0,0,0,0,0,64,0,0,0,0,0,0,0,0,0,0,0,127,37,0,0,0,0,0,0,0,0,0,0,101,30,0,0,0,0,0,0,0,0,0,0,44,0,0,0,0,0,0,0,0,0,0,0,54,22,0,0,0,0,0,0,0,0,0,0,72,63,0,0,0,0,0,0,0,0,0,0,204,60,0,0,0,0,0,0,0,0,0,0,0,0,0,0,forward
0,0,0,0,0,0,0,3,98,0,0,0,0,0,0,0,0,0,0,17,133,28,0,0,0,0,0,0,0,0,0,0,74,4,0,0,0,0,0,0,0,0,0,0,24,0,0,0,0,0,0,0,0,0,0,0,75,30,0,0,0,0,0,0,0,0,0,0,99,53,0,0,0,0,0,0,0,0,0,0,232,49,0,0,0,0,0,0,0,0,0,0,0,0,0,0,forward
0,0,0,0,0,0,0,17,99,0,0,0,0,0,0,0,0,0,0,26,128,23,0,0,0,0,0,0,0,0,0,0,80,6,0,0,0,0,0,0,0,0,0,0,38,0,0,0,0,0,0,0,0,0,0,0,76,21,0,0,0,0,0,0,0,0,0,0,105,47,0,0,0,0,0,0,0,0,0,0,221,39,0,0,0,0,0,0,0,0,0,0,0,0,0,0,forward
0,0,0,0,0,0,0,35,27,0,0,0,0,0,0,0,0,0,0,65,124,14,0,0,0,0,0,0,0,0,0,0,109,28,0,0,0,0,0,0,0,0,0,0,74,0,0,0,0,0,0,0,0,0,0,0,68,0,0,0,0,0,0,0,0,0,0,0,98,28,0,0,0,0,0,0,0,0,0,0,226,14,0,0,0,0,0,0,0,0,0,0,0,0,0,0,forward
0,0,0,0,0,0,0,49,20,0,0,0,0,0,0,0,0,0,0,74,116,0,0,0,0,0,0,0,0,0,0,0,108,18,0,0,0,0,0,0,0,0,0,0,82,0,0,0,0,0,0,0,0,0,0,0,72,7,0,0,0,0,0,0,0,0,0,0,97,30,0,0,0,0,0,0,0,0,0,0,224,13,0,0,0,0,0,0,0,0,0,0,0,0,0,0,forward
0,0,0,0,0,0,0,53,21,0,0,0,0,0,0,0,0,0,0,77,118,0,0,0,0,0,0,0,0,0,0,0,103,14,0,0,0,0,0,0,0,0,0,0,73,0,0,0,0,0,0,0,0,0,0,0,65,3,0,0,0,0,0,0,0,0,0,0,98,30,0,0,0,0,0,0,0,0,0,0,228,13,0,0,0,0,0,0,0,0,0,0,0,0,0,0,forward
0,0,0,0,0,0,0,67,50,0,0,0,0,0,0,0,0,0,0,87,109,0,0,0,0,0,0,0,0,0,0,0,76,0,0,0,0,0,0,0,0,0,0,0,49,0,0,0,0,0,0,0,0,0,0,0,66,0,0,0,0,0,0,0,0,0,0,0,95,23,0,0,0,0,0,0,0,0,0,0,206,0,0,0,0,0,0,0,0,0,0,0,0,0,0,0,forward
0,0,0,0,0,0,0,0,0,0,0,0,0,37,59,0,0,0,0,0,0,0,0,0,0,46,111,4,0,0,0,0,0,0,0,0,0,115,103,0,0,0,0,0,0,0,0,0,0,32,69,0,0,0,0,0,0,0,0,0,0,152,120,0,0,0,0,0,0,0,0,0,0,60,99,14,0,0,0,0,0,0,0,0,0,0,0,0,0,0,0,0,0,0,0,0,backward
0,0,0,0,0,0,0,0,0,0,0,0,0,41,66,0,0,0,0,0,0,0,0,0,0,48,108,5,0,0,0,0,0,0,0,0,0,129,104,0,0,0,0,0,0,0,0,0,0,55,80,0,0,0,0,0,0,0,0,0,0,156,121,0,0,0,0,0,0,0,0,0,0,70,101,8,0,0,0,0,0,0,0,0,0,0,0,0,0,0,0,0,0,0,0,0,backward
0,0,0,0,0,0,0,0,0,0,0,0,0,22,21,0,0,0,0,0,0,0,0,0,0,53,110,0,0,0,0,0,0,0,0,0,0,188,122,0,0,0,0,0,0,0,0,0,0,76,90,0,0,0,0,0,0,0,0,0,0,167,130,0,0,0,0,0,0,0,0,0,0,74,103,0,0,0,0,0,0,0,0,0,0,0,0,0,0,0,0,0,0,0,0,0,backward
0,0,0,0,0,0,0,0,0,0,0,0,0,7,0,0,0,0,0,0,0,0,0,0,0,30,74,0,0,0,0,0,0,0,0,0,112,164,65,0,0,0,0,0,0,0,0,0,25,101,32,0,0,0,0,0,0,0,0,0,0,195,108,0,0,0,0,0,0,0,0,0,0,76,56,0,0,0,0,0,0,0,0,0,0,0,0,0,0,0,0,0,0,0,0,0,backward
0,0,0,0,0,0,0,0,0,0,0,0,0,34,0,0,0,0,0,0,0,0,0,0,0,20,72,0,0,0,0,0,0,0,0,0,137,125,37,0,0,0,0,0,0,0,0,0,52,97,22,0,0,0,0,0,0,0,0,0,0,176,89,0,0,0,0,0,0,0,0,0,0,47,33,0,0,0,0,0,0,0,0,0,0,0,0,0,0,0,0,0,0,0,0,0,backward
0,0,0,0,0,0,0,0,0,0,0,0,0,109,15,0,0,0,0,0,0,0,0,0,0,42,96,0,0,0,0,0,0,0,0,0,53,54,15,0,0,0,0,0,0,0,0,0,0,70,13,0,0,0,0,0,0,0,0,0,0,181,98,0,0,0,0,0,0,0,0,0,0,72,60,0,0,0,0,0,0,0,0,0,0,0,0,0,0,0,0,0,0,0,0,0,backward
0,0,0,0,0,0,0,0,0,0,0,0,0,153,68,0,0,0,0,0,0,0,0,0,0,47,97,0,0,0,0,0,0,0,0,0,0,4,6,0,0,0,0,0,0,0,0,0,0,51,4,0,0,0,0,0,0,0,0,0,0,163,93,0,0,0,0,0,0,0,0,0,0,66,64,0,0,0,0,0,0,0,0,0,0,0,0,0,0,0,0,0,0,0,0,0,backward
0,0,0,0,0,0,0,0,0,0,0,0,0,244,129,0,0,0,0,0,0,0,0,0,0,30,82,0,0,0,0,0,0,0,0,0,0,0,0,0,0,0,0,0,0,0,0,0,0,7,8,0,0,0,0,0,0,0,0,0,0,132,99,0,0,0,0,0,0,0,0,0,0,39,75,0,0,0,0,0,0,0,0,0,0,0,0,0,0,0,0,0,0,0,0,0,backward
0,0,0,0,0,0,0,14,0,0,0,0,0,0,19,0,0,0,0,0,16,0,0,0,0,27,134,32,0,0,0,0,0,0,0,0,0,7,69,0,0,0,0,0,0,0,0,0,0,33,65,0,0,0,0,0,24,0,0,0,0,76,78,0,0,0,0,0,4,0,0,0,0,7,68,3,0,0,0,0,31,0,0,0,0,0,0,0,0,0,0,0,0,0,0,0,backward
0,0,0,0,0,0,0,20,0,0,0,0,0,3,22,0,0,0,0,0,9,0,0,0,0,24,139,32,0,0,0,0,0,0,0,0,0,0,68,0,0,0,0,0,0,0,0,0,0,27,61,0,0,0,0,0,28,0,0,0,0,77,82,0,0,0,0,0,10,0,0,0,0,3,64,7,0,0,0,0,40,0,0,0,0,0,0,0,0,0,0,0,0,0,0,0,backward
0,0,0,15,98,47,10,94,56,0,0,0,0,0,33,28,0,0,0,0,0,0,0,0,0,0,51,0,0,0,0,0,0,0,0,0,0,0,0,0,0,0,0,0,0,0,0,0,0,0,0,0,0,0,0,0,0,0,0,0,0,0,57,0,0,0,0,0,0,0,0,0,0,7,69,0,0,0,0,0,86,0,0,0,0,0,0,0,0,0,0,0,85,0,0,0,strafe_left
0,0,0,0,40,29,16,106,96,0,0,0,0,0,0,0,0,0,0,0,0,0,0,0,0,0,21,0,0,0,0,0,0,0,0,0,0,0,0,0,0,0,0,0,0,0,0,0,0,0,0,0,0,0,0,0,0,0,0,0,0,0,28,0,0,0,0,0,0,0,0,0,0,0,49,0,0,0,0,0,108,0,0,0,0,0,0,0,0,0,0,0,98,10,0,0,strafe_left
0,0,0,0,62,36,28,125,89,12,0,0,0,0,13,0,0,0,0,0,0,0,0,0,0,0,30,0,0,0,0,0,0,0,0,0,0,0,0,0,0,0,0,0,0,0,0,0,0,0,0,0,0,0,0,0,0,0,0,0,0,0,52,0,0,0,0,0,0,0,0,0,0,28,80,0,0,0,0,0,33,0,0,0,0,0,0,0,0,0,0,0,94,0,0,0,strafe_left
0,0,0,15,83,44,27,113,66,0,0,0,0,0,27,0,0,0,0,0,0,0,0,0,0,0,37,0,0,0,0,0,0,0,0,0,0,0,0,0,0,0,0,0,0,0,0,0,0,0,0,0,0,0,0,0,0,0,0,0,0,0,47,0,0,0,0,0,0,0,0,0,0,15,78,0,0,0,0,0,32,0,0,0,0,0,0,0,0,0,0,0,94,0,0,0,strafe_left
0,0,0,44,100,45,21,97,54,0,0,0,0,0,40,0,0,0,0,0,0,0,0,0,0,0,41,0,0,0,0,0,0,0,0,0,0,0,3,0,0,0,0,0,0,0,0,0,0,0,0,0,0,0,0,0,0,0,0,0,0,0,48,0,0,0,0,0,0,0,0,0,0,38,85,0,0,0,0,0,16,0,0,0,0,0,0,0,0,0,0,0,86,0,0,0,strafe_left
0,0,12,53,130,58,22,95,36,0,0,0,0,32,52,10,0,0,0,0,0,0,0,0,0,0,56,0,0,0,0,0,0,0,0,0,0,0,4,0,0,0,0,0,0,0,0,0,0,0,0,0,0,0,0,0,0,0,0,0,0,0,45,0,0,0,0,0,0,0,0,0,0,39,85,0,0,0,0,0,12,0,0,0,0,0,4,0,0,0,0,0,82,0,0,0,strafe_left
0,0,15,57,109,48,9,79,17,0,0,0,0,80,81,29,0,0,0,0,0,0,0,0,0,0,71,0,0,0,0,0,0,0,0,0,0,0,15,0,0,0,0,0,0,0,0,0,0,0,0,0,0,0,0,0,0,0,0,0,0,0,46,0,0,0,0,0,0,0,0,0,0,41,86,0,0,0,0,0,9,0,0,0,0,0,4,0,0,0,0,0,79,0,0,0,strafe_left
0,0,25,62,101,32,0,63,0,0,0,0,0,128,112,43,0,0,0,0,0,0,0,0,0,0,83,0,0,0,0,0,0,0,0,0,0,0,14,0,0,0,0,0,0,0,0,0,0,0,0,0,0,0,0,0,0,0,0,0,0,0,52,0,0,0,0,0,0,0,0,0,0,56,92,0,0,0,0,0,13,0,0,0,0,0,10,0,0,0,0,0,66,0,0,0,strafe_left
0,0,22,72,143,65,23,91,47,0,0,0,0,35,67,26,0,0,0,0,0,0,0,0,0,0,59,0,0,0,0,0,0,0,0,0,0,0,12,0,0,0,0,0,0,0,0,0,0,0,0,0,0,0,0,0,0,0,0,0,0,0,49,0,0,0,0,0,0,0,0,0,0,55,90,0,0,0,0,0,16,0,0,0,0,0,9,0,0,0,0,0,77,0,0,0,strafe_left
0,0,10,55,128,62,27,99,61,0,0,0,0,4,48,13,0,0,0,0,0,0,0,0,0,0,47,0,0,0,0,0,0,0,0,0,0,0,9,0,0,0,0,0,0,0,0,0,0,0,0,0,0,0,0,0,0,0,0,0,0,0,50,0,0,0,0,0,0,0,0,0,0,54,91,0,0,0,0,0,11,0,0,0,0,0,10,0,0,0,0,0,75,0,0,0,strafe_left
0,0,0,38,124,69,36,117,74,0,0,0,0,0,22,0,0,0,0,0,0,0,0,0,0,0,33,0,0,0,0,0,0,0,0,0,0,0,6,0,0,0,0,0,0,0,0,0,0,0,0,0,0,0,0,0,0,0,0,0,0,0,52,0,0,0,0,0,0,0,0,0,0,50,89,0,0,0,0,0,8,0,0,0,0,0,7,0,0,0,0,0,78,0,0,0,strafe_left
0,0,0,13,66,32,19,99,68,0,0,0,0,0,10,0,0,0,0,0,0,0,0,0,0,0,19,0,0,0,0,0,0,0,0,0,0,0,0,0,0,0,0,0,0,0,0,0,0,0,0,0,0,0,0,0,0,0,0,0,0,0,53,0,0,0,0,0,0,0,0,0,0,131,122,3,0,0,0,0,0,0,0,0,0,0,60,0,0,0,0,0,89,0,0,0,strafe_left
0,0,0,0,11,0,6,106,90,0,0,0,0,0,0,0,0,0,0,0,0,0,0,0,0,0,0,0,0,0,0,0,0,0,0,0,0,0,0,0,0,0,0,0,0,0,0,0,0,0,0,0,0,0,0,0,0,0,0,0,0,0,24,0,0,0,0,0,0,0,0,0,0,0,70,0,0,0,0,0,10,0,0,0,0,0,7,0,0,0,0,0,95,11,0,0,strafe_left
0,0,0,0,51,25,19,99,78,0,0,0,0,0,4,0,0,0,0,0,0,0,0,0,0,0,3,0,0,0,0,0,0,0,0,0,0,0,0,0,0,0,0,0,0,0,0,0,0,0,0,0,0,0,0,0,0,0,0,0,0,0,31,0,0,0,0,0,0,0,0,0,0,0,58,0,0,0,0,0,0,0,0,0,0,0,0,0,0,0,0,0,89,6,0,0,strafe_left
0,0,8,50,95,22,3,53,15,0,0,0,0,20,70,7,0,0,0,0,0,0,0,0,0,0,58,0,0,0,0,0,0,0,0,0,0,0,7,0,0,0,0,0,0,0,0,0,0,0,0,0,0,0,0,0,0,0,0,0,0,0,47,0,0,0,0,0,0,0,0,0,0,26,82,8,0,0,0,0,8,0,0,0,0,0,18,0,0,0,0,0,76,0,0,0,strafe_left
0,0,11,48,94,21,0,53,16,0,0,0,0,22,71,9,0,0,0,0,0,0,0,0,0,0,58,0,0,0,0,0,0,0,0,0,0,0,5,0,0,0,0,0,0,0,0,0,0,0,0,0,0,0,0,0,0,0,0,0,0,0,44,0,0,0,0,0,0,0,0,0,0,31,83,10,0,0,0,0,6,0,0,0,0,0,20,0,0,0,0,0,74,0,0,0,strafe_left
0,0,9,49,105,34,16,65,29,0,0,0,0,10,55,0,0,0,0,0,0,0,0,0,0,0,48,0,0,0,0,0,0,0,0,0,0,0,5,0,0,0,0,0,0,0,0,0,0,0,0,0,0,0,0,0,0,0,0,0,0,0,44,0,0,0,0,0,0,0,0,0,0,25,83,8,0,0,0,0,9,0,0,0,0,0,17,0,0,0,0,0,73,0,0,0,strafe_left
0,0,7,53,102,31,14,63,26,0,0,0,0,0,54,0,0,0,0,0,0,0,0,0,0,0,46,0,0,0,0,0,0,0,0,0,0,0,3,0,0,0,0,0,0,0,0,0,0,0,0,0,0,0,0,0,0,0,0,0,0,0,48,0,0,0,0,0,0,0,0,0,0,15,79,4,0,0,0,0,9,0,0,0,0,0,5,0,0,0,0,0,72,0,0,0,strafe_left
0,0,14,61,112,28,11,57,10,0,0,0,0,29,75,6,0,0,0,0,0,0,0,0,0,0,59,0,0,0,0,0,0,0,0,0,0,0,5,0,0,0,0,0,0,0,0,0,0,0,0,0,0,0,0,0,0,0,0,0,0,0,49,0,0,0,0,0,0,0,0,0,0,42,90,7,0,0,0,0,7,0,0,0,0,0,10,0,0,0,0,0,66,0,0,0,strafe_left
0,0,5,43,80,26,7,65,21,0,0,0,0,63,81,19,0,0,0,0,0,0,0,0,0,0,63,0,0,0,0,0,0,0,0,0,0,0,10,0,0,0,0,0,0,0,0,0,0,0,0,0,0,0,0,0,0,0,0,0,0,0,59,0,0,0,0,0,0,0,0,0,0,49,94,13,0,0,0,0,17,0,0,0,0,0,6,0,0,0,0,0,66,0,0,0,strafe_left
0,0,0,0,0,0,0,0,0,0,0,0,0,0,0,0,0,0,0,0,0,0,0,0,0,0,58,0,0,0,0,0,0,0,0,0,0,14,53,0,0,0,0,0,26,0,0,0,0,32,58,0,0,0,22,10,84,0,0,0,0,0,15,0,0,0,0,0,0,0,0,0,0,0,0,0,0,0,0,0,0,0,0,0,0,0,0,0,0,0,0,0,0,0,0,0,strafe_right
0,0,0,0,0,0,0,0,0,0,0,0,0,0,0,0,0,0,0,0,0,0,0,0,0,0,55,0,0,0,0,0,0,0,0,0,0,13,53,0,0,0,0,0,27,0,0,0,0,26,57,0,0,0,19,10,84,0,0,0,0,0,16,0,0,0,0,0,0,0,0,0,0,0,0,0,0,0,0,0,0,0,0,0,0,0,0,0,0,0,0,0,0,0,0,0,strafe_right
0,0,0,0,0,0,0,0,0,0,0,0,0,0,0,0,0,0,0,0,0,0,0,0,0,0,37,0,0,0,0,0,0,0,0,0,0,0,43,0,0,0,0,0,39,0,0,0,0,32,59,0,0,0,21,12,86,0,0,0,0,0,17,0,0,0,0,0,0,0,0,0,0,0,0,0,0,0,0,0,0,0,0,0,0,0,0,0,0,0,0,0,0,0,0,0,strafe_right
0,0,0,0,0,0,0,0,0,0,0,0,0,0,6,0,0,0,0,0,0,0,0,0,0,0,73,0,0,0,0,0,0,0,0,0,0,0,42,0,0,0,0,0,54,0,0,0,0,49,66,0,0,0,17,9,76,0,0,0,0,0,21,0,0,0,0,0,0,0,0,0,0,0,0,0,0,0,0,0,0,0,0,0,0,0,0,0,0,0,0,0,0,0,0,0,strafe_right
0,0,0,0,0,0,0,0,0,0,0,0,0,0,0,0,0,0,0,0,0,0,0,0,0,0,42,0,0,0,0,0,0,0,0,0,0,0,31,0,0,0,0,0,72,0,0,0,0,29,56,0,0,0,19,11,81,0,0,0,0,0,26,0,0,0,0,0,0,0,0,0,0,0,0,0,0,0,0,0,0,0,0,0,0,0,0,0,0,0,0,0,0,0,0,0,strafe_right
0,0,0,0,0,0,0,0,0,0,0,0,0,0,0,0,0,0,0,0,0,0,0,0,0,0,30,0,0,0,0,0,4,0,0,0,0,0,13,0,0,0,0,0,54,0,0,0,0,18,53,0,0,0,30,25,109,0,0,0,0,0,33,0,0,0,0,0,0,0,0,0,0,0,0,0,0,0,0,0,0,0,0,0,0,0,0,0,0,0,0,0,0,0,0,0,strafe_right
0,0,0,0,0,0,0,0,0,0,0,0,0,0,0,0,0,0,0,0,4,0,0,0,0,0,31,0,0,0,0,0,0,0,0,0,0,0,12,0,0,0,0,0,33,0,0,0,0,0,14,0,0,0,38,28,142,0,0,0,0,0,0,0,0,0,0,0,0,0,0,0,0,0,0,0,0,0,0,0,0,0,0,0,0,0,0,0,0,0,0,0,0,0,0,0,strafe_right
0,0,0,0,0,0,0,0,0,0,0,0,0,0,0,0,0,0,0,0,4,0,0,0,0,0,47,0,0,0,0,0,0,0,0,0,0,0,24,0,0,0,0,0,40,0,0,0,0,66,89,0,0,0,31,14,83,0,0,0,0,0,34,0,0,0,0,0,0,0,0,0,0,0,0,0,0,0,0,0,0,0,0,0,0,0,0,0,0,0,0,0,0,0,0,0,strafe_right
0,0,0,0,0,0,0,0,0,0,0,0,0,0,0,0,0,0,0,0,4,0,0,0,0,0,38,0,0,0,0,0,5,0,0,0,0,0,19,0,0,0,0,0,55,0,0,0,0,10,51,0,0,0,38,21,99,0,0,0,0,0,33,0,0,0,0,0,0,0,0,0,0,0,0,0,0,0,0,0,0,0,0,0,0,0,0,0,0,0,0,0,0,0,0,0,strafe_right
0,0,0,0,0,0,0,0,0,0,0,0,0,0,0,0,0,0,0,0,4,0,0,0,0,0,40,0,0,0,0,0,4,0,0,0,0,0,18,0,0,0,0,0,56,0,0,0,0,0,39,0,0,0,44,25,110,0,0,0,0,0,23,0,0,0,0,0,0,0,0,0,0,0,0,0,0,0,0,0,0,0,0,0,0,0,0,0,0,0,0,0,0,0,0,0,strafe_right
0,0,0,0,0,0,0,0,0,0,0,0,0,0,0,0,0,0,0,0,0,0,0,0,0,0,45,0,0,0,0,0,0,0,0,0,0,0,22,0,0,0,0,0,34,0,0,0,0,0,44,0,0,0,52,27,119,0,0,0,0,0,24,0,0,0,0,0,0,0,0,0,0,0,0,0,0,0,0,0,0,0,0,0,0,0,0,0,0,0,0,0,0,0,0,0,strafe_right
0,0,0,0,0,0,0,0,0,0,0,0,0,0,0,0,0,0,0,0,0,0,0,0,0,0,59,0,0,0,0,0,0,0,0,0,0,0,23,0,0,0,0,0,21,0,0,0,4,21,63,0,0,0,33,16,98,0,0,0,0,0,46,0,0,0,0,0,0,0,0,0,0,0,0,0,0,0,0,0,0,0,0,0,0,0,0,0,0,0,0,0,0,0,0,0,strafe_right
0,0,0,0,0,0,0,0,0,0,0,0,0,0,0,0,0,0,0,0,0,0,0,0,0,0,79,0,0,0,0,0,0,0,0,0,0,0,33,0,0,0,0,0,43,0,0,0,0,69,102,4,0,0,12,0,58,0,0,0,0,0,61,0,0,0,0,0,0,0,0,0,0,0,0,0,0,0,0,0,0,0,0,0,0,0,0,0,0,0,0,0,0,0,0,0,strafe_right
0,0,0,0,0,0,0,0,0,0,0,0,0,0,6,0,0,0,0,0,0,0,0,0,0,0,90,0,0,0,0,0,0,0,0,0,0,21,57,0,0,0,0,0,84,0,0,0,0,35,73,0,0,0,15,0,61,0,0,0,0,0,37,0,0,0,0,0,0,0,0,0,0,0,0,0,0,0,0,0,0,0,0,0,0,0,0,0,0,0,0,0,0,0,0,0,strafe_right
0,0,0,0,0,0,0,0,0,0,0,0,0,0,7,0,0,0,0,0,0,0,0,0,0,0,102,0,0,0,0,0,0,0,0,0,0,28,63,0,0,0,0,0,54,0,0,0,0,10,58,0,0,0,9,0,60,0,0,0,0,0,7,0,0,0,0,0,0,0,0,0,0,0,0,0,0,0,0,0,0,0,0,0,0,0,0,0,0,0,0,0,0,0,0,0,strafe_right
0,0,0,0,0,0,0,0,0,0,0,0,0,0,14,0,0,0,0,0,0,0,0,0,0,10,120,0,0,0,0,0,0,0,0,0,4,39,75,0,0,0,0,0,43,0,0,0,0,5,56,0,0,0,0,0,51,0,0,0,0,0,0,0,0,0,0,0,0,0,0,0,0,0,0,0,0,0,0,0,0,0,0,0,0,0,0,0,0,0,0,0,0,0,0,0,strafe_right
0,0,0,0,0,0,0,0,0,0,0,0,0,0,12,0,0,0,0,0,0,0,0,0,0,7,115,0,0,0,0,0,0,0,0,0,3,32,71,0,0,0,0,0,43,0,0,0,0,13,62,0,0,0,0,0,53,0,0,0,0,0,0,0,0,0,0,0,0,0,0,0,0,0,0,0,0,0,0,0,0,0,0,0,0,0,0,0,0,0,0,0,0,0,0,0,strafe_right
0,0,0,0,0,0,0,0,0,0,0,0,0,0,10,0,0,0,0,0,0,0,0,0,0,9,105,0,0,0,0,0,3,0,0,0,0,11,58,0,0,0,0,0,38,0,0,0,0,16,64,0,0,0,7,0,57,0,0,0,0,0,9,0,0,0,0,0,0,0,0,0,0,0,0,0,0,0,0,0,0,0,0,0,0,0,0,0,0,0,0,0,0,0,0,0,strafe_right
0,0,0,0,0,0,0,0,0,0,0,0,0,0,0,0,0,0,0,0,0,0,0,0,0,3,87,0,0,0,0,0,0,0,0,0,0,4,55,0,0,0,0,0,58,0,0,0,0,0,45,0,0,0,20,0,75,0,0,0,0,0,0,0,0,0,0,0,0,0,0,0,0,0,3,0,0,0,0,0,0,0,0,0,0,0,0,0,0,0,0,0,0,0,0,0,strafe_right
0,0,0,0,0,0,0,0,0,0,0,0,0,0,4,0,0,0,0,0,0,0,0,0,0,0,87,0,0,0,0,0,0,0,0,0,0,6,52,0,0,0,0,0,61,0,0,0,0,15,57,0,0,0,20,0,84,0,0,0,0,0,0,0,0,0,0,0,0,0,0,0,0,0,0,0,0,0,0,0,0,0,0,0,0,0,0,0,0,0,0,0,0,0,0,0,strafe_right
0,0,0,55,73,19,7,51,59,0,0,0,0,0,43,0,0,0,0,0,0,0,0,0,0,0,34,0,0,0,0,0,0,0,0,0,0,0,0,0,0,0,0,0,0,0,0,0,0,0,0,0,0,0,0,0,0,0,0,0,0,0,63,0,0,0,0,0,0,0,0,0,0,51,89,66,0,0,0,0,55,0,0,0,0,0,34,0,0,0,0,0,56,0,0,0,strafe_left
0,0,0,54,71,23,15,55,68,0,0,0,0,0,24,0,0,0,0,0,0,0,0,0,0,0,25,0,0,0,0,0,0,0,0,0,0,0,0,0,0,0,0,0,0,0,0,0,0,0,0,0,0,0,0,0,0,0,0,0,0,0,51,0,0,0,0,0,0,0,0,0,0,0,78,62,0,0,0,0,71,0,0,0,0,0,15,0,0,0,0,0,64,4,0,0,strafe_left
0,0,10,68,71,17,8,48,58,0,0,0,0,0,29,0,0,0,0,0,0,0,0,0,0,0,25,0,0,0,0,0,0,0,0,0,0,0,0,0,0,0,0,0,0,0,0,0,0,0,0,0,0,0,0,0,0,0,0,0,0,0,50,0,0,0,0,0,0,0,0,0,0,0,71,59,0,0,0,0,64,0,0,0,0,0,15,0,0,0,0,0,66,5,0,0,strafe_left
0,0,29,80,76,16,5,42,48,0,0,0,0,0,41,0,0,0,0,0,0,0,0,0,0,0,28,0,0,0,0,0,0,0,0,0,0,0,0,0,0,0,0,0,0,0,0,0,0,0,0,0,0,0,0,0,0,0,0,0,0,0,59,0,0,0,0,0,0,0,0,0,0,26,92,73,0,0,0,0,53,0,0,0,0,0,24,0,0,0,0,0,61,0,0,0,strafe_left
0,0,21,46,40,0,0,45,53,0,0,0,0,24,50,0,0,0,0,0,0,0,0,0,0,0,59,0,0,0,0,0,0,0,0,0,0,0,0,0,0,0,0,0,0,0,0,0,0,0,0,0,0,0,0,0,0,0,0,0,0,0,60,0,0,0,0,0,0,0,0,0,0,40,99,82,0,0,0,0,56,0,0,0,0,0,34,0,0,0,0,0,62,0,0,0,strafe_left
0,0,0,0,22,9,8,57,81,0,0,0,0,0,17,0,0,0,0,0,12,0,0,0,0,0,22,0,0,0,0,0,0,0,0,0,0,0,0,0,0,0,0,0,0,0,0,0,0,0,0,0,0,0,0,0,0,0,0,0,0,0,54,0,0,0,0,0,0,0,0,0,0,0,83,61,0,0,0,0,69,0,0,0,0,0,17,0,0,0,0,0,71,10,0,0,strafe_left
0,0,0,0,0,0,0,0,0,0,0,0,0,0,0,0,0,0,0,0,0,0,0,0,0,47,37,0,0,0,0,0,10,0,0,0,0,70,53,0,0,0,0,12,226,0,0,0,0,0,0,0,0,0,0,21,0,0,0,0,0,0,6,0,0,0,0,0,0,0,0,0,0,0,0,0,0,0,0,0,0,0,0,0,0,0,0,0,0,0,0,0,0,0,0,0,strafe_right
0,0,0,0,0,0,0,0,0,0,0,0,0,0,0,0,0,0,0,0,0,0,0,0,0,11,39,0,0,0,0,0,0,0,0,0,0,0,28,0,0,0,0,14,218,0,0,0,0,0,36,0,0,0,0,16,0,0,0,0,0,0,0,0,0,0,0,0,0,0,0,0,0,0,0,0,0,0,0,0,0,0,0,0,0,0,0,0,0,0,0,0,0,0,0,0,strafe_right
0,0,0,0,0,0,0,0,0,0,0,0,0,0,0,0,0,0,0,0,0,0,0,0,0,0,38,0,0,0,0,0,0,0,0,0,0,0,26,0,0,0,0,17,232,0,0,0,0,0,24,0,0,0,0,28,6,0,0,0,0,0,0,0,0,0,0,0,0,0,0,0,0,0,0,0,0,0,0,0,0,0,0,0,0,0,0,0,0,0,0,0,0,0,0,0,strafe_right
0,0,0,0,0,0,0,0,0,0,0,0,0,0,0,0,0,0,0,0,0,0,0,0,0,0,25,0,0,0,0,0,0,0,0,0,0,0,13,0,0,0,0,6,253,0,8,0,0,0,3,0,0,0,0,24,3,0,0,0,0,0,0,0,0,0,0,0,0,0,0,0,0,0,0,0,0,0,0,0,0,0,0,0,0,0,0,0,0,0,0,0,0,0,0,0,strafe_right
0,0,0,0,0,0,0,0,0,0,0,0,0,28,15,0,0,0,0,0,0,0,0,0,0,133,83,0,0,0,0,0,0,0,0,0,0,0,39,0,0,0,0,0,179,0,0,0,0,13,18,0,0,0,0,7,0,0,0,0,0,0,0,0,0,0,0,0,0,0,0,0,0,0,0,0,0,0,0,0,0,0,0,0,0,0,0,0,0,0,0,0,0,0,0,0,strafe_right
0,0,0,0,0,0,0,0,0,0,0,0,0,34,17,0,0,0,0,0,0,0,0,0,0,130,80,0,0,0,0,0,0,0,0,0,0,9,41,0,0,0,0,0,178,0,0,0,0,0,8,0,0,0,0,11,0,0,0,0,0,0,0,0,0,0,0,0,0,0,0,0,0,0,0,0,0,0,0,0,0,0,0,0,0,0,0,0,0,0,0,0,0,0,0,0,strafe_right
0,0,0,0,0,0,0,0,0,0,0,0,0,0,0,0,0,0,0,0,0,0,0,0,0,34,44,0,0,0,0,0,5,0,0,0,0,0,36,0,0,0,0,0,181,0,0,0,9,0,3,0,0,0,0,28,0,0,0,0,0,0,0,0,0,0,0,0,0,0,0,0,0,0,0,0,0,0,0,0,0,0,0,0,0,0,0,0,0,0,0,0,0,0,0,0,strafe_right
0,0,0,0,0,0,0,0,0,0,0,0,0,0,0,0,0,0,0,0,0,0,0,0,0,4,32,0,0,0,0,0,10,0,0,0,0,0,33,0,0,0,0,4,250,0,0,0,5,0,0,0,0,0,0,32,9,0,0,0,0,0,0,0,0,0,0,0,0,0,0,0,0,0,0,0,0,0,0,0,0,0,0,0,0,0,0,0,0,0,0,0,0,0,0,0,strafe_right
0,0,0,0,0,0,0,0,0,0,0,0,0,0,0,0,0,0,0,0,0,0,0,0,0,0,20,0,0,0,0,0,18,0,0,0,0,0,18,0,0,0,0,8,230,0,0,0,0,0,0,0,0,0,0,37,30,0,0,0,0,0,0,0,0,0,0,0,0,0,0,0,0,0,0,0,0,0,0,0,0,0,0,0,0,0,0,0,0,0,0,0,0,0,0,0,strafe_right
0,0,0,0,0,0,0,0,0,0,0,0,0,0,0,0,0,0,0,0,0,0,0,0,0,45,49,0,0,0,0,0,0,0,0,0,0,0,27,0,0,0,0,0,138,0,0,0,14,12,14,0,0,0,0,26,4,0,0,0,0,0,0,0,0,0,0,0,0,0,0,0,0,0,0,0,0,0,0,0,0,0,0,0,0,0,0,0,0,0,0,0,0,0,0,0,strafe_right
0,0,0,0,0,0,0,0,0,0,0,0,0,0,0,0,0,0,0,0,0,0,0,0,0,39,46,0,0,0,0,0,0,0,0,0,0,0,30,0,0,0,0,0,164,0,0,0,12,16,16,0,0,0,0,28,4,0,0,0,0,0,0,0,0,0,0,0,0,0,0,0,0,0,0,0,0,0,0,0,0,0,0,0,0,0,0,0,0,0,0,0,0,0,0,0,strafe_right
0,0,0,0,0,0,0,0,0,0,0,0,0,0,5,0,0,0,0,0,0,0,0,0,0,25,43,0,0,0,0,0,0,0,0,0,0,0,19,0,0,0,0,0,116,0,0,0,8,26,21,0,0,0,0,25,4,0,0,0,0,0,0,0,0,0,0,0,0,0,0,0,0,0,0,0,0,0,0,0,0,0,0,0,0,0,0,0,0,0,0,0,0,0,0,0,strafe_right
0,0,0,0,0,0,0,0,0,0,0,0,0,0,0,0,0,0,0,0,0,0,0,0,0,35,47,0,0,0,0,0,0,0,0,0,0,0,23,0,0,0,0,0,112,0,0,0,14,32,27,0,0,0,0,25,4,0,0,0,0,0,0,0,0,0,0,0,0,0,0,0,0,0,0,0,0,0,0,0,0,0,0,0,0,0,0,0,0,0,0,0,0,0,0,0,strafe_right
0,0,0,0,0,0,0,0,0,0,0,0,0,0,7,0,0,0,0,0,0,0,0,0,0,32,45,0,0,0,0,0,0,0,0,0,0,0,24,0,0,0,0,0,145,0,0,0,18,32,29,0,0,0,0,23,0,0,0,0,0,0,0,0,0,0,0,0,0,0,0,0,0,0,0,0,0,0,0,0,0,0,0,0,0,0,0,0,0,0,0,0,0,0,0,0,strafe_right
0,0,0,0,0,0,0,0,0,0,0,0,0,0,9,0,0,0,0,0,0,0,0,0,0,58,55,0,0,0,0,0,0,0,0,0,0,4,37,0,0,0,0,0,204,0,0,0,16,26,29,0,0,0,0,19,0,0,0,0,0,0,0,0,0,0,0,0,0,0,0,0,0,0,0,0,0,0,0,0,0,0,0,0,0,0,0,0,0,0,0,0,0,0,0,0,strafe_right
0,0,0,0,0,0,0,0,0,0,0,0,0,0,6,0,0,0,0,0,0,0,0,0,0,53,51,0,0,0,0,0,0,0,0,0,0,13,41,0,0,0,0,0,212,0,0,0,8,22,24,0,0,0,0,16,0,0,0,0,0,0,0,0,0,0,0,0,0,0,0,0,0,0,0,0,0,0,0,0,0,0,0,0,0,0,0,0,0,0,0,0,0,0,0,0,strafe_right
0,0,0,0,0,0,0,0,0,0,0,0,0,0,10,0,0,0,0,0,0,0,0,0,0,60,55,0,0,0,0,0,0,0,0,0,0,5,33,0,0,0,0,0,187,0,0,0,13,27,27,0,0,0,0,19,0,0,0,0,0,0,0,0,0,0,0,0,0,0,0,0,0,0,0,0,0,0,0,0,0,0,0,0,0,0,0,0,0,0,0,0,0,0,0,0,strafe_right
0,0,0,0,0,0,0,0,0,0,0,0,0,0,0,0,0,0,0,0,0,0,0,0,0,0,0,0,0,0,0,0,0,0,0,0,0,0,0,0,0,0,0,0,0,0,0,0,0,0,0,0,0,0,0,0,0,0,0,0,0,0,0,0,0,0,0,0,0,0,0,0,0,0,0,0,0,0,0,0,0,0,0,0,0,0,0,0,0,0,0,0,0,0,0,0,none
0,0,0,0,0,0,0,0,0,0,0,0,0,0,0,0,0,0,0,0,0,0,0,0,0,0,0,0,0,0,0,0,0,0,0,0,0,0,0,0,0,0,0,0,0,0,0,0,0,0,0,0,0,0,0,0,0,0,0,0,0,0,0,0,0,0,0,0,0,0,0,0,0,0,0,0,0,0,0,0,0,0,0,0,0,0,0,0,0,0,0,0,0,0,0,0,none
0,0,0,0,0,0,0,0,0,0,0,0,0,0,0,0,0,0,0,0,0,0,0,0,0,0,0,0,0,0,0,0,0,0,0,0,0,0,0,0,0,0,0,0,0,0,0,0,0,0,0,0,0,0,0,0,0,0,0,0,0,0,0,0,0,0,0,0,0,0,0,0,0,0,0,0,0,0,0,0,0,0,0,0,0,0,0,0,0,0,0,0,0,0,0,0,none
0,0,0,0,0,0,0,0,0,0,0,0,0,0,0,0,0,0,0,0,0,0,0,0,0,0,0,0,0,0,0,0,0,0,0,0,0,0,0,0,0,0,0,0,0,0,0,0,0,0,0,0,0,0,0,0,0,0,0,0,0,0,0,0,0,0,0,0,0,0,0,0,0,0,0,0,0,0,0,0,0,0,0,0,0,0,0,0,0,0,0,0,0,0,0,0,none
0,0,0,0,0,0,0,0,0,0,0,0,0,0,0,0,0,0,0,0,0,0,0,0,0,0,0,0,0,0,0,0,0,0,0,0,0,0,0,0,0,0,0,0,0,0,0,0,0,0,0,0,0,0,0,0,0,0,0,0,0,0,0,0,0,0,0,0,0,0,0,0,0,0,0,0,0,0,0,0,0,0,0,0,0,0,0,0,0,0,0,0,0,0,0,0,none
0,0,0,0,0,0,0,0,0,0,0,0,0,0,0,0,0,0,0,0,0,0,0,0,0,0,0,0,0,0,0,0,0,0,0,0,0,0,0,0,0,0,0,0,0,0,0,0,0,0,0,0,0,0,0,0,0,0,0,0,0,0,0,0,0,0,0,0,0,0,0,0,0,0,0,0,0,0,0,0,0,0,0,0,0,0,0,0,0,0,0,0,0,0,0,0,none
0,0,0,0,0,0,0,0,0,0,0,0,0,0,0,0,0,0,0,0,0,0,0,0,0,0,0,0,0,0,0,0,0,0,0,0,0,0,0,0,0,0,0,0,0,0,0,0,0,0,0,0,0,0,0,0,0,0,0,0,0,0,0,0,0,0,0,0,0,0,0,0,0,0,0,0,0,0,0,0,0,0,0,0,0,0,0,0,0,0,0,0,0,0,0,0,none
0,0,0,0,0,0,0,0,0,0,0,0,0,0,0,0,0,0,0,0,0,0,0,0,0,0,0,0,0,0,0,0,0,0,0,0,0,0,0,0,0,0,0,0,0,0,0,0,0,0,0,0,0,0,0,0,0,0,0,0,0,0,0,0,0,0,0,0,0,0,0,0,0,0,0,0,0,0,0,0,0,0,0,0,0,0,0,0,0,0,0,0,0,0,0,0,none
5,21,25,0,0,0,0,15,0,0,0,0,4,112,45,0,0,0,0,19,7,0,0,0,0,0,23,0,0,0,0,0,8,0,0,0,0,0,0,0,0,0,0,0,0,0,0,0,0,0,5,110,0,0,0,0,0,19,0,0,0,0,10,29,0,0,0,0,0,24,0,0,0,0,0,18,26,0,0,0,0,43,81,0,0,0,0,0,0,0,0,0,0,26,28,0,none
36,37,32,0,0,0,0,12,0,0,0,0,9,149,58,0,0,0,0,13,0,0,0,0,0,0,21,0,0,0,0,0,0,0,0,0,0,0,0,0,0,0,0,0,0,0,0,0,0,0,24,137,0,0,0,0,0,11,0,0,0,0,26,38,5,0,0,0,0,22,0,0,0,0,0,26,23,0,0,0,0,24,32,0,0,0,0,0,0,0,0,0,0,3,0,0,none
22,38,30,0,0,0,0,12,0,0,0,0,0,137,54,0,0,0,0,15,0,0,0,0,0,0,21,0,0,0,0,0,0,0,0,0,0,0,0,0,0,0,0,0,0,0,0,0,0,0,24,125,0,0,0,0,0,15,0,0,0,0,20,35,3,0,0,0,0,26,0,0,0,0,0,18,14,0,0,0,0,26,50,0,0,0,0,0,0,0,0,0,0,6,5,0,none
24,35,35,0,0,0,0,22,0,0,0,0,0,134,48,0,0,0,0,16,0,0,0,0,0,0,20,0,0,0,0,0,4,0,0,0,0,0,0,0,0,0,0,0,0,0,0,0,0,0,18,127,0,0,0,0,0,16,0,0,0,0,15,31,0,0,0,0,0,23,0,0,0,0,0,25,25,0,0,0,0,36,61,0,0,0,0,0,0,0,0,0,0,14,27,0,none
27,34,32,0,0,0,0,22,0,0,0,0,0,137,52,0,0,0,0,18,3,0,0,0,0,0,19,0,0,0,0,0,4,0,0,0,0,0,0,0,0,0,0,0,0,0,0,0,0,0,14,126,0,0,0,0,0,13,0,0,0,0,18,34,4,0,0,0,0,24,0,0,0,0,0,29,27,0,0,0,0,38,61,0,0,0,0,0,0,0,0,0,0,14,23,0,none
22,38,36,0,0,0,0,17,0,0,0,0,0,152,57,0,0,0,0,15,0,0,0,0,0,0,23,0,0,0,0,0,0,0,0,0,0,0,0,0,0,0,0,0,0,0,0,0,0,0,26,138,0,0,0,0,0,14,0,0,0,0,26,39,8,0,0,0,0,24,0,0,0,0,0,30,28,0,0,0,0,27,37,0,0,0,0,0,0,0,0,0,0,9,10,0,none
43,46,37,0,0,0,0,16,0,0,0,0,3,162,60,0,0,0,0,14,0,0,0,0,0,0,21,0,0,0,0,0,0,0,0,0,0,0,0,0,0,0,0,0,0,0,0,0,0,0,16,136,0,0,0,0,0,15,0,0,0,0,16,34,3,0,0,0,0,27,0,0,0,0,0,27,28,0,0,0,0,39,66,0,0,0,0,0,0,0,0,0,0,17,27,0,none
42,33,31,0,0,0,0,19,0,0,0,0,4,154,59,0,0,0,0,19,0,0,0,0,0,0,23,0,0,0,0,0,0,0,0,0,0,0,0,0,0,0,0,0,0,0,0,0,0,0,28,143,0,0,0,0,0,8,0,0,0,0,31,39,7,0,0,0,0,25,0,0,0,0,0,49,46,0,0,0,0,41,60,0,0,0,0,0,0,0,0,0,0,22,13,0,none
41,36,34,0,0,0,0,21,0,0,0,0,3,153,58,0,0,0,0,18,0,0,0,0,0,0,24,0,0,0,0,0,0,0,0,0,0,0,0,0,0,0,0,0,0,0,0,0,0,0,25,140,0,0,0,0,0,9,0,0,0,0,28,39,7,0,0,0,0,26,0,0,0,0,0,47,44,0,0,0,0,42,61,0,0,0,0,0,0,0,0,0,0,23,16,0,none
41,35,33,0,0,0,0,20,0,0,0,0,0,154,59,0,0,0,0,18,0,0,0,0,0,0,23,0,0,0,0,0,0,0,0,0,0,0,0,0,0,0,0,0,0,0,0,0,0,0,29,145,0,0,0,0,0,8,0,0,0,0,30,39,7,0,0,0,0,26,0,0,0,0,0,49,44,0,0,0,0,42,62,0,0,0,0,0,0,0,0,0,0,24,14,0,none
13,0,17,0,0,0,0,15,0,0,0,0,3,124,53,0,0,0,0,20,4,0,0,0,0,26,34,0,0,0,0,0,4,0,0,0,0,0,0,0,0,0,0,7,0,0,0,0,0,0,11,29,0,0,0,0,0,9,0,0,0,0,32,36,0,0,0,0,0,33,27,0,0,0,0,56,129,0,0,0,0,12,0,0,0,0,0,0,0,0,0,0,0,13,6,0,none
15,0,19,0,0,0,0,16,0,0,0,0,6,129,56,0,0,0,0,22,5,0,0,0,0,26,33,0,0,0,0,0,0,0,0,0,0,0,0,0,0,0,0,7,0,0,0,0,0,0,12,28,0,0,0,0,0,12,0,0,0,0,33,37,0,0,0,0,0,35,34,0,0,0,0,50,123,0,0,0,0,14,0,0,0,0,0,0,0,0,0,0,0,8,6,0,none
17,0,20,0,0,0,0,16,0,0,0,0,0,128,54,0,0,0,0,22,4,0,0,0,0,27,34,0,0,0,0,0,6,0,0,0,0,0,0,0,0,0,0,9,0,0,0,0,0,0,10,27,0,0,0,0,0,7,0,0,0,0,32,37,0,0,0,0,0,35,34,0,0,0,0,54,131,0,0,0,0,17,0,0,0,0,0,0,0,0,0,0,0,5,4,0,none
16,0,19,0,0,0,0,17,0,0,0,0,6,130,55,0,0,0,0,23,6,0,0,0,0,27,31,0,0,0,0,0,5,0,0,0,0,0,0,0,0,0,0,6,0,0,0,0,0,0,10,27,0,0,0,0,0,3,0,0,0,0,31,37,0,0,0,0,0,35,35,0,0,0,0,54,131,0,0,0,0,17,0,0,0,0,0,0,0,0,0,0,0,4,5,0,none
19,0,21,0,0,0,0,18,0,0,0,0,5,131,55,0,0,0,0,21,4,0,0,0,0,27,34,0,0,0,0,0,6,0,0,0,0,0,0,0,0,0,0,8,0,0,0,0,0,0,9,28,0,0,0,0,0,7,0,0,0,0,31,36,0,0,0,0,0,35,37,0,0,0,0,53,133,0,0,0,0,17,0,0,0,0,0,0,0,0,0,0,0,9,7,0,none
17,0,20,0,0,0,0,16,0,0,0,0,5,132,55,0,0,0,0,22,5,0,0,0,0,27,34,0,0,0,0,0,6,0,0,0,0,0,0,0,0,0,0,8,0,0,0,0,0,0,12,30,0,0,0,0,0,12,0,0,0,0,32,38,0,0,0,0,0,33,35,0,0,0,0,52,130,0,0,0,0,16,0,0,0,0,0,0,0,0,0,0,0,9,7,0,none
17,0,20,0,0,0,0,18,0,0,0,0,7,134,56,0,0,0,0,21,4,0,0,0,0,27,32,0,0,0,0,0,6,0,0,0,0,0,0,0,0,0,0,8,0,0,0,0,0,0,11,28,0,0,0,0,0,9,0,0,0,0,31,38,0,0,0,0,0,36,34,0,0,0,0,52,130,0,0,0,0,14,0,0,0,0,0,0,0,0,0,0,0,3,3,0,none
18,0,20,0,0,0,0,18,0,0,0,0,8,136,57,0,0,0,0,22,5,0,0,0,0,27,34,0,0,0,0,0,6,0,0,0,0,0,0,0,0,0,0,8,0,0,0,0,0,0,14,29,0,0,0,0,0,9,0,0,0,0,29,35,0,0,0,0,0,30,30,0,0,0,0,53,129,0,0,0,0,17,0,0,0,0,0,0,0,0,0,0,0,9,4,0,none
106,42,43,0,0,0,0,0,0,0,0,0,61,204,87,0,0,0,0,0,0,0,0,0,0,42,48,0,0,0,0,0,0,0,0,0,0,0,0,0,0,0,0,0,0,0,0,0,0,0,73,82,0,0,0,0,0,0,0,0,0,0,108,83,3,0,0,0,0,0,0,0,0,0,30,82,135,0,0,0,0,0,0,0,0,0,0,0,0,0,0,0,0,0,0,0,backward
140,42,33,0,0,0,0,0,0,0,0,0,100,211,79,0,0,0,0,0,0,0,0,0,0,48,39,0,0,0,0,0,0,0,0,0,0,0,0,0,0,0,0,0,0,0,0,0,0,0,97,92,0,0,0,0,0,0,0,0,0,0,130,95,0,0,0,0,0,0,0,0,0,0,34,72,76,0,0,0,0,0,0,0,0,0,0,0,0,0,0,0,0,0,0,0,backward
151,42,21,0,0,0,0,0,0,0,0,0,124,210,79,0,0,0,0,0,0,0,0,0,0,50,36,0,0,0,0,0,0,0,0,0,0,0,0,0,0,0,0,0,0,0,0,0,0,0,110,98,0,0,0,0,0,0,0,0,0,0,154,104,0,0,0,0,0,0,0,0,0,0,39,68,43,0,0,0,0,0,0,0,0,0,0,0,0,0,0,0,0,0,0,0,backward
183,40,3,0,0,0,0,0,0,0,0,0,149,226,66,0,0,0,0,0,0,0,0,0,0,60,29,0,0,0,0,0,0,0,0,0,0,0,0,0,0,0,0,0,0,0,0,0,0,0,123,106,0,0,0,0,0,0,0,0,0,0,163,104,0,0,0,0,0,0,0,0,0,0,44,64,45,0,0,0,0,0,0,0,0,0,0,0,0,0,0,0,0,0,0,0,backward
205,26,0,0,0,0,0,0,0,0,0,0,171,230,60,0,0,0,0,0,0,0,0,0,14,60,33,0,0,0,0,0,0,0,0,0,0,0,0,0,0,0,0,0,0,0,0,0,0,0,142,99,0,0,0,0,0,0,0,0,0,0,192,110,0,0,0,0,0,0,0,0,0,0,63,63,5,0,0,0,0,0,0,0,0,0,0,0,0,0,0,0,0,0,0,0,backward
227,10,0,0,0,0,0,0,0,0,0,0,172,230,52,0,0,0,0,0,0,0,0,0,38,68,31,0,0,0,0,0,0,0,0,0,0,0,0,0,0,0,0,0,0,0,0,0,0,0,153,106,0,0,0,0,0,0,0,0,0,0,197,112,0,0,0,0,0,0,0,0,0,0,61,61,9,0,0,0,0,0,0,0,0,0,0,0,0,0,0,0,0,0,0,0,backward
231,15,0,0,0,0,0,0,0,0,0,0,191,234,56,0,0,0,0,0,0,0,0,0,41,68,33,0,0,0,0,0,0,0,0,0,0,0,0,0,0,0,0,0,0,0,0,0,0,0,152,110,0,0,0,0,0,0,0,0,0,0,197,118,0,0,0,0,0,0,0,0,0,0,68,72,30,0,0,0,0,0,0,0,0,0,0,0,0,0,0,0,0,0,0,0,backward
174,24,0,0,0,0,0,0,0,0,0,0,128,228,68,0,0,0,0,0,0,0,0,0,5,64,37,0,0,0,0,0,0,0,0,0,0,0,0,0,0,0,0,0,0,0,0,0,0,0,121,103,0,0,0,0,0,0,0,0,0,0,162,111,0,0,0,0,0,0,0,0,0,0,57,82,59,0,0,0,0,0,0,0,0,0,0,0,0,0,0,0,0,0,0,0,backward
129,35,28,0,0,0,0,0,0,0,0,0,103,230,81,0,0,0,0,0,0,0,0,0,0,49,40,0,0,0,0,0,0,0,0,0,0,0,0,0,0,0,0,0,0,0,0,0,0,0,112,101,0,0,0,0,0,0,0,0,0,0,154,111,0,0,0,0,0,0,0,0,0,0,40,77,74,0,0,0,0,0,0,0,0,0,0,0,0,0,0,0,0,0,0,0,backward
32,0,17,0,0,0,0,25,0,0,0,0,0,135,56,0,0,0,0,14,0,0,0,0,0,0,14,0,0,0,0,0,0,0,0,0,0,0,0,0,0,0,0,0,0,0,0,0,25,38,0,0,0,0,0,23,0,0,0,0,68,6,0,0,0,0,0,22,0,0,0,0,0,0,10,0,0,0,0,58,19,0,0,0,0,0,0,0,0,0,0,72,14,0,0,0,none
15,0,16,0,0,0,0,28,0,0,0,0,0,79,37,0,0,0,0,16,0,0,0,0,0,0,5,0,0,0,0,0,0,0,0,0,0,0,0,0,0,0,0,11,0,0,0,0,0,10,0,0,0,0,0,18,0,0,0,0,49,3,0,0,0,0,0,21,0,0,0,0,0,0,11,0,0,0,0,68,26,0,0,0,0,0,0,0,0,0,0,77,19,0,0,0,none
8,0,18,0,0,0,0,31,0,0,0,0,0,76,34,0,0,0,0,15,5,0,0,0,0,0,6,0,0,0,0,0,3,0,0,0,0,0,0,0,0,0,0,14,0,0,0,0,0,10,0,0,0,0,0,24,0,0,0,0,50,7,0,0,0,0,0,25,0,0,0,0,0,0,17,0,0,0,0,85,28,0,0,0,0,0,0,0,0,0,0,97,22,0,0,0,none
0,0,15,0,0,0,0,33,0,0,0,0,0,97,40,0,0,0,0,16,3,0,0,0,0,8,26,0,0,0,0,0,10,0,0,0,0,0,0,0,0,0,0,28,10,0,0,0,0,0,0,0,0,0,0,15,0,0,0,0,28,0,0,0,0,0,0,14,0,0,0,0,0,0,24,0,0,0,0,59,33,0,0,0,0,0,0,0,0,0,0,62,32,0,0,0,none
0,0,0,0,0,0,0,0,0,0,0,0,0,101,40,0,0,0,0,0,0,0,0,0,5,20,30,0,0,0,0,0,14,0,0,0,0,0,0,0,0,0,0,44,32,0,0,0,0,16,0,0,0,0,0,29,0,0,0,0,35,3,0,0,0,0,0,25,4,0,0,0,0,0,10,0,0,0,0,63,33,0,0,0,0,0,0,0,0,0,0,48,20,0,0,0,none
0,0,0,0,0,0,0,0,0,0,0,0,0,106,42,0,0,0,0,9,0,0,0,0,4,31,33,0,0,0,0,0,13,0,0,0,0,0,0,0,0,0,0,43,31,0,0,0,14,28,0,0,0,0,4,36,0,0,0,0,31,3,0,0,0,0,0,26,5,0,0,0,0,0,14,0,0,0,0,62,31,0,0,0,0,0,0,0,0,0,0,51,20,0,0,0,none
0,0,0,0,0,0,0,3,0,0,0,0,0,106,42,0,0,0,0,9,0,0,0,0,6,25,32,0,0,0,0,0,15,0,0,0,0,0,0,0,0,0,0,42,27,0,0,0,10,25,0,0,0,0,0,32,0,0,0,0,36,5,0,0,0,0,0,25,5,0,0,0,0,0,13,0,0,0,0,64,29,0,0,0,0,0,0,0,0,0,0,58,26,0,0,0,none
0,0,0,0,0,0,0,12,0,0,0,0,0,107,43,0,0,0,0,19,7,0,0,0,7,10,27,0,0,0,0,0,18,0,0,0,0,0,0,0,0,0,0,36,24,0,0,0,8,25,0,0,0,0,0,30,0,0,0,0,37,5,0,0,0,0,0,18,0,0,0,0,0,0,18,0,0,0,0,69,32,0,0,0,0,0,0,0,0,0,0,65,34,0,0,0,none
0,0,3,0,0,0,0,21,0,0,0,0,0,61,27,0,0,0,0,18,14,0,0,0,0,0,18,0,0,0,0,0,17,0,0,0,0,0,0,0,0,0,0,34,22,0,0,0,0,0,0,0,0,0,0,16,0,0,0,0,37,4,0,0,0,0,0,14,0,0,0,0,0,0,21,0,0,0,0,70,34,0,0,0,0,0,0,0,0,0,0,70,37,0,0,0,none
0,0,0,0,0,0,0,23,0,0,0,0,0,53,25,0,0,0,0,20,14,0,0,0,0,0,10,0,0,0,0,0,16,0,0,0,0,0,0,0,0,0,0,32,18,0,0,0,0,0,0,0,0,0,0,17,0,0,0,0,14,0,0,0,0,0,0,17,4,0,0,0,0,0,24,0,0,0,0,82,43,0,0,0,0,0,0,0,0,0,0,90,47,0,0,0,none
0,0,0,0,0,0,0,21,0,0,0,0,0,66,28,0,0,0,0,19,14,0,0,0,0,0,11,0,0,0,0,0,19,0,0,0,0,0,0,0,0,0,0,30,18,0,0,0,0,0,0,0,0,0,0,17,0,0,0,0,23,0,0,0,0,0,0,22,9,0,0,0,0,0,28,0,0,0,0,80,40,0,0,0,0,0,0,0,0,0,0,83,43,0,0,0,none
0,0,6,0,0,0,0,19,0,0,0,0,0,79,30,0,0,0,0,20,13,0,0,0,0,0,12,0,0,0,0,0,14,0,0,0,0,0,0,0,0,0,0,29,15,0,0,0,0,0,0,0,0,0,0,14,0,0,0,0,31,0,0,0,0,0,0,17,7,0,0,0,0,0,30,0,0,0,0,77,41,0,0,0,0,0,0,0,0,0,0,80,40,0,0,0,none
4,0,21,0,0,0,0,25,0,0,0,0,0,108,45,0,0,0,0,17,5,0,0,0,0,6,22,0,0,0,0,0,7,0,0,0,0,0,0,0,0,0,0,13,0,0,0,0,0,0,0,0,0,0,0,10,0,0,0,0,55,15,0,0,0,0,0,14,0,0,0,0,0,7,29,0,0,0,0,55,31,0,0,0,0,0,0,0,0,0,0,68,31,0,0,0,none
22,0,20,0,0,0,0,21,0,0,0,0,0,113,48,0,0,0,0,12,0,0,0,0,0,5,23,0,0,0,0,0,0,0,0,0,0,0,0,0,0,0,0,9,0,0,0,0,0,0,0,0,0,0,0,6,0,0,0,0,73,21,0,0,0,0,0,10,0,0,0,0,12,14,30,0,0,0,0,41,20,0,0,0,0,0,0,0,0,0,0,59,28,0,0,0,none
52,7,28,0,0,0,0,28,0,0,0,0,0,119,51,0,0,0,0,18,0,0,0,0,0,0,11,0,0,0,0,0,0,0,0,0,0,0,0,0,0,0,0,0,0,0,0,0,0,0,0,0,0,0,0,0,0,0,0,0,84,21,0,0,0,0,0,3,0,0,0,0,25,13,28,0,0,0,0,34,12,0,0,0,0,0,0,0,0,0,0,65,30,0,0,0,none
49,3,24,0,0,0,0,23,0,0,0,0,4,125,53,0,0,0,0,16,0,0,0,0,0,0,17,0,0,0,0,0,0,0,0,0,0,0,0,0,0,0,0,3,0,0,0,0,0,0,0,0,0,0,0,0,0,0,0,0,81,21,0,0,0,0,0,7,0,0,0,0,27,13,29,0,0,0,0,40,16,0,0,0,0,0,0,0,0,0,0,62,28,0,0,0,none
74,75,49,0,0,0,5,55,0,0,0,0,0,82,39,0,0,0,0,18,0,0,0,0,0,0,0,0,0,0,0,0,0,0,0,0,0,0,0,0,0,0,0,0,0,0,0,0,0,0,0,0,0,0,0,0,0,0,0,0,79,23,0,0,0,0,0,0,0,0,0,0,46,22,28,0,0,0,0,33,12,0,0,0,0,0,0,0,0,0,0,65,29,0,0,0,strafe_left
77,73,47,0,0,0,0,49,0,0,0,0,0,83,40,0,0,0,0,20,0,0,0,0,0,0,0,0,0,0,0,0,0,0,0,0,0,0,0,0,0,0,0,0,0,0,0,0,0,0,0,0,0,0,0,0,0,0,0,0,85,22,0,0,0,0,0,0,0,0,0,0,37,17,24,0,0,0,0,31,10,0,0,0,0,0,0,0,0,0,0,67,30,0,0,0,strafe_left
74,64,43,0,0,0,0,47,0,0,0,0,0,86,43,0,0,0,0,19,0,0,0,0,0,0,0,0,0,0,0,0,0,0,0,0,0,0,0,0,0,0,0,0,0,0,0,0,0,0,0,0,0,0,0,0,0,0,0,0,97,22,0,0,0,0,0,8,0,0,0,0,24,15,28,0,0,0,0,51,20,0,0,0,0,0,0,0,0,0,0,64,26,0,0,0,strafe_left
0,0,0,0,0,0,0,0,0,0,0,0,0,107,46,0,0,0,0,5,0,0,0,0,0,36,39,0,0,0,0,0,4,0,0,0,0,0,0,0,0,0,0,32,11,0,0,0,82,83,27,0,0,0,24,50,0,0,0,0,22,0,0,0,0,0,0,26,0,0,0,0,0,0,0,0,0,0,0,33,0,0,0,0,0,0,0,0,0,0,0,0,0,0,0,0,strafe_right
0,0,0,0,0,0,0,0,0,0,0,0,0,94,41,0,0,0,0,8,0,0,0,0,4,20,33,0,0,0,0,0,4,0,0,0,0,0,0,0,0,0,0,35,14,0,0,0,77,87,32,0,0,0,27,52,0,0,0,0,27,0,0,0,0,0,0,25,0,0,0,0,0,0,0,0,0,0,0,29,0,0,0,0,0,0,0,0,0,0,0,0,0,0,0,0,strafe_right
0,0,0,0,0,0,0,0,0,0,0,0,0,59,23,0,0,0,0,8,0,0,0,0,0,9,29,0,0,0,0,0,12,0,0,0,0,0,0,0,0,0,0,41,25,0,0,0,43,56,20,0,0,0,24,52,0,0,0,0,7,0,0,0,0,0,0,31,0,0,0,0,0,0,0,0,0,0,0,34,0,0,0,0,0,0,0,0,0,0,0,0,0,0,0,0,strafe_right
0,0,0,0,0,0,0,0,0,0,0,0,0,46,19,0,0,0,0,8,0,0,0,0,0,0,23,0,0,0,0,0,17,0,0,0,0,0,0,0,0,0,0,48,30,0,0,0,18,43,14,0,0,0,29,57,0,0,0,0,0,0,0,0,0,0,0,31,0,0,0,0,0,0,0,0,0,0,0,40,0,0,0,0,0,0,0,0,0,0,0,0,0,0,0,0,strafe_right
0,0,0,0,0,0,0,0,0,0,0,0,0,52,22,0,0,0,0,8,0,0,0,0,0,0,25,0,0,0,0,0,17,0,0,0,0,0,0,0,0,0,0,45,29,0,0,0,21,44,16,0,0,0,26,58,0,0,0,0,0,0,0,0,0,0,0,31,0,0,0,0,0,0,0,0,0,0,0,40,0,0,0,0,0,0,0,0,0,0,0,0,0,0,0,0,strafe_right
0,0,0,0,0,0,0,0,0,0,0,0,0,51,22,0,0,0,0,9,0,0,0,0,0,8,27,0,0,0,0,0,18,0,0,0,0,0,0,0,0,0,0,44,27,0,0,0,28,47,17,0,0,4,29,62,0,0,0,0,0,0,0,0,0,0,0,30,0,0,0,0,0,0,0,0,0,0,0,38,0,0,0,0,0,0,0,0,0,0,0,0,0,0,0,0,strafe_right
0,0,0,0,0,0,0,0,0,0,0,0,0,14,7,0,0,0,0,4,0,0,0,0,0,0,21,0,0,0,0,0,22,0,0,0,0,0,0,0,0,0,0,48,33,0,0,0,10,21,5,0,0,0,30,60,0,0,0,0,0,0,0,0,0,0,0,36,0,0,0,0,0,0,0,0,0,0,0,44,3,0,0,0,0,0,0,0,0,0,0,3,0,0,0,0,strafe_right
0,0,0,0,0,0,0,0,0,0,0,0,0,21,7,0,0,0,0,6,0,0,0,0,0,0,21,0,0,0,0,0,22,0,0,0,0,0,0,0,0,0,0,50,37,0,0,0,17,13,0,0,0,0,23,55,0,0,0,0,0,0,0,0,0,0,0,35,0,0,0,0,0,0,0,0,0,0,0,58,4,0,0,0,0,0,0,0,0,0,0,11,0,0,0,0,strafe_right
0,0,0,0,0,0,0,0,0,0,0,0,0,21,8,0,0,0,0,6,0,0,0,0,0,0,22,0,0,0,0,0,23,0,0,0,0,0,0,0,0,0,0,49,36,0,0,0,15,16,0,0,0,0,27,61,0,0,0,0,0,0,0,0,0,0,0,33,0,0,0,0,0,0,0,0,0,0,0,60,0,0,0,0,0,0,0,0,0,0,0,0,0,0,0,0,strafe_right
0,0,0,0,0,0,0,0,0,0,0,0,0,29,10,0,0,0,0,7,0,0,0,0,0,0,20,0,0,0,0,0,20,0,0,0,0,0,0,0,0,0,0,50,37,0,0,0,19,22,3,0,0,6,30,65,0,0,0,0,0,0,0,0,0,0,0,30,0,0,0,0,0,0,0,0,0,0,0,62,0,0,0,0,0,0,0,0,0,0,0,4,0,0,0,0,strafe_right
0,0,0,0,0,0,0,0,0,0,0,0,0,61,26,0,0,0,0,6,0,0,0,0,0,15,22,0,0,0,0,0,15,0,0,0,0,0,0,0,0,0,0,43,26,0,0,0,39,51,10,0,0,0,22,54,0,0,0,0,0,0,0,0,0,0,0,29,0,0,0,0,0,0,0,0,0,0,0,57,0,0,0,0,0,0,0,0,0,0,0,6,0,0,0,0,strafe_right
0,0,0,0,0,0,0,0,0,0,0,0,0,71,31,0,0,0,0,3,0,0,0,0,0,25,32,0,0,0,0,0,12,0,0,0,0,0,0,0,0,0,0,39,22,0,0,0,47,66,19,0,0,0,24,55,0,0,0,0,0,0,0,0,0,0,0,29,0,0,0,0,0,0,0,0,0,0,0,51,0,0,0,0,0,0,0,0,0,0,0,4,0,0,0,0,strafe_right
0,0,0,0,0,0,0,0,0,0,0,0,0,75,35,0,0,0,0,0,0,0,0,0,4,31,36,0,0,0,0,0,7,0,0,0,0,0,0,0,0,0,0,39,21,0,0,0,61,81,26,0,0,3,27,57,0,0,0,0,0,0,0,0,0,0,0,26,0,0,0,0,0,0,0,0,0,0,0,44,0,0,0,0,0,0,0,0,0,0,0,0,0,0,0,0,strafe_right
0,0,0,0,0,0,0,0,0,0,0,0,0,73,33,0,0,0,0,0,0,0,0,0,0,29,35,0,0,0,0,0,10,0,0,0,0,0,0,0,0,0,0,39,22,0,0,0,61,78,25,0,0,5,28,59,0,0,0,0,0,0,0,0,0,0,0,27,0,0,0,0,0,0,0,0,0,0,0,56,0,0,0,0,0,0,0,0,0,0,0,0,0,0,0,0,strafe_right
0,0,0,0,0,0,0,0,0,0,0,0,0,52,22,0,0,0,0,7,0,0,0,0,3,14,29,0,0,0,0,0,16,0,0,0,0,0,0,0,0,0,0,41,29,0,0,0,29,57,18,0,0,6,27,63,0,0,0,0,0,0,0,0,0,0,0,31,0,0,0,0,0,0,0,0,0,0,0,64,0,0,0,0,0,0,0,0,0,0,0,0,0,0,0,0,strafe_right
0,0,0,0,0,0,0,0,0,0,0,0,0,25,9,0,0,0,0,5,0,0,0,0,0,0,19,0,0,0,0,0,19,0,0,0,0,0,0,0,0,0,0,50,34,0,0,0,11,36,8,0,0,5,26,63,0,0,0,0,0,0,0,0,0,0,0,33,0,0,0,0,0,0,0,0,0,0,0,68,0,0,0,0,0,0,0,0,0,0,0,3,0,0,0,0,strafe_right
0,0,0,0,0,0,0,0,0,0,0,0,0,18,7,0,0,0,0,3,0,0,0,0,3,0,23,0,0,0,0,0,20,0,0,0,0,0,0,0,0,0,0,53,41,0,0,0,15,37,8,0,0,4,26,63,0,0,0,0,0,0,0,0,0,0,0,33,0,0,0,0,0,0,0,0,0,0,0,66,0,0,0,0,0,0,0,0,0,0,0,7,0,0,0,0,strafe_right
0,0,0,0,0,0,0,0,0,0,0,0,0,20,6,0,0,0,0,4,0,0,0,0,0,0,22,0,0,0,0,0,21,0,0,0,0,0,0,0,0,0,0,52,39,0,0,0,18,43,12,0,0,8,30,68,0,0,0,0,0,0,0,0,0,0,0,35,0,0,0,0,0,0,0,0,0,0,0,63,0,0,0,0,0,0,0,0,0,0,0,0,0,0,0,0,strafe_right
0,0,0,0,0,0,0,6,0,0,0,0,0,24,8,0,0,0,0,4,0,0,0,0,0,0,23,0,0,0,0,0,22,0,0,0,0,0,0,0,0,0,0,52,41,0,0,0,18,42,12,0,0,6,30,66,0,0,0,0,0,0,0,0,0,0,0,34,0,0,0,0,0,0,0,0,0,0,0,66,0,0,0,0,0,0,0,0,0,0,0,4,0,0,0,0,strafe_right
0,0,0,0,0,0,0,4,0,0,0,0,0,43,16,0,0,0,0,8,0,0,0,0,3,9,25,0,0,0,0,0,20,0,0,0,0,0,0,0,0,0,0,47,35,0,0,0,21,50,14,0,0,3,27,61,0,0,0,0,0,0,0,0,0,0,0,33,0,0,0,0,0,0,0,0,0,0,0,61,0,0,0,0,0,0,0,0,0,0,0,4,0,0,0,0,strafe_right
55,15,30,0,0,0,0,26,0,0,0,0,0,171,67,0,0,0,0,18,0,0,0,0,0,15,22,0,0,0,0,0,0,0,0,0,0,0,0,0,0,0,0,8,0,0,0,0,61,66,8,0,0,0,0,26,0,0,0,0,79,38,5,0,0,0,0,20,0,0,0,0,0,0,28,0,0,0,0,58,6,0,0,0,0,0,0,0,0,0,0,60,0,0,0,0,none
55,15,30,0,0,0,0,28,0,0,0,0,0,171,70,0,0,0,0,20,0,0,0,0,0,16,20,0,0,0,0,0,0,0,0,0,0,0,0,0,0,0,0,6,0,0,0,0,61,62,3,0,0,0,0,22,0,0,0,0,77,37,0,0,0,0,0,18,0,0,0,0,0,3,28,0,0,0,0,60,9,0,0,0,0,0,0,0,0,0,0,61,0,0,0,0,none
51,13,27,0,0,0,0,27,0,0,0,0,0,172,70,0,0,0,0,19,0,0,0,0,0,15,22,0,0,0,0,0,0,0,0,0,0,0,0,0,0,0,0,6,0,0,0,0,63,65,8,0,0,0,0,25,0,0,0,0,75,35,0,0,0,0,0,17,0,0,0,0,0,3,28,0,0,0,0,60,9,0,0,0,0,0,0,0,0,0,0,63,0,0,0,0,none
53,13,28,0,0,0,0,27,0,0,0,0,0,172,70,0,0,0,0,18,0,0,0,0,0,15,22,0,0,0,0,0,0,0,0,0,0,0,0,0,0,0,0,7,0,0,0,0,63,66,9,0,0,0,0,23,0,0,0,0,78,35,3,0,0,0,0,18,0,0,0,0,0,3,28,0,0,0,0,60,8,0,0,0,0,0,0,0,0,0,0,63,0,0,0,0,none
0,0,0,0,0,0,0,52,0,0,0,0,0,0,0,0,0,0,0,45,39,0,0,0,0,0,0,0,0,0,0,3,42,0,0,0,0,0,0,0,0,0,0,31,15,0,0,0,0,0,0,0,0,0,0,36,0,0,0,0,0,0,0,0,0,0,0,45,26,0,0,0,0,0,0,0,0,0,0,134,72,0,0,0,0,0,0,0,0,0,0,123,46,0,0,0,forward
0,0,0,0,0,0,0,51,0,0,0,0,0,0,0,0,0,0,0,46,43,0,0,0,0,0,0,0,0,0,0,4,43,0,0,0,0,0,0,0,0,0,0,30,17,0,0,0,0,0,0,0,0,0,0,43,0,0,0,0,0,0,0,0,0,0,0,51,29,0,0,0,0,0,0,0,0,0,0,137,76,0,0,0,0,0,0,0,0,0,0,117,45,0,0,0,forward
0,0,0,0,0,0,0,54,0,0,0,0,0,0,0,0,0,0,0,48,46,0,0,0,0,0,0,0,0,0,0,4,43,0,0,0,0,0,0,0,0,0,0,29,17,0,0,0,0,0,0,0,0,0,0,39,0,0,0,0,0,0,0,0,0,0,0,55,34,0,0,0,0,0,0,0,0,0,0,143,82,0,0,0,0,0,0,0,0,0,0,121,42,0,0,0,forward
0,0,0,0,0,0,0,55,0,0,0,0,0,0,0,0,0,0,0,49,49,0,0,0,0,0,0,0,0,0,0,5,47,0,0,0,0,0,0,0,0,0,0,28,19,0,0,0,0,0,0,0,0,0,0,46,0,0,0,0,0,0,0,0,0,0,0,59,38,0,0,0,0,0,0,0,0,0,0,142,79,0,0,0,0,0,0,0,0,0,0,113,45,0,0,0,forward
0,0,0,0,0,0,0,56,0,0,0,0,0,0,0,0,0,0,0,52,54,0,0,0,0,0,0,0,0,0,0,5,49,0,0,0,0,0,0,0,0,0,0,24,18,0,0,0,0,0,0,0,0,0,0,42,0,0,0,0,0,0,0,0,0,0,0,61,40,0,0,0,0,0,0,0,0,0,0,157,93,0,0,0,0,0,0,0,0,0,0,116,46,0,0,0,forward
0,0,0,0,0,0,0,48,0,0,0,0,0,0,0,0,0,0,0,43,51,0,0,0,0,0,0,0,0,0,0,3,53,0,0,0,0,0,0,0,0,0,0,18,17,0,0,0,0,0,0,0,0,0,0,47,0,0,0,0,0,0,0,0,0,0,0,61,46,0,0,0,0,0,0,0,0,0,0,136,91,0,0,0,0,0,0,0,0,0,0,98,44,0,0,0,forward
0,0,0,0,0,0,0,47,0,0,0,0,0,0,0,0,0,0,0,42,55,0,0,0,0,0,0,0,0,0,0,0,51,0,0,0,0,0,0,0,0,0,0,12,21,0,0,0,0,0,0,0,0,0,0,44,0,0,0,0,0,0,0,0,0,0,0,59,46,0,0,0,0,0,0,0,0,0,0,129,97,0,0,0,0,0,0,0,0,0,0,100,45,0,0,0,forward
0,0,0,0,0,0,0,40,0,0,0,0,0,0,0,0,0,0,0,36,52,0,0,0,0,0,0,0,0,0,0,0,55,0,6,0,0,0,0,0,0,0,0,4,24,0,0,0,0,0,0,0,0,0,0,37,0,0,0,0,0,0,0,0,0,0,0,53,49,0,0,0,0,0,0,0,0,0,0,116,103,0,0,0,0,0,0,0,0,0,0,97,53,0,0,0,forward
0,0,0,0,0,0,0,33,0,0,0,0,0,0,0,0,0,0,0,31,57,0,5,0,0,0,0,0,0,0,0,0,59,0,19,0,0,0,0,0,0,0,0,0,24,0,0,0,0,0,0,0,0,0,0,32,0,0,0,0,0,0,0,0,0,0,0,46,48,0,0,0,0,0,0,0,0,0,0,115,112,0,0,0,0,0,0,0,0,0,0,95,55,0,0,0,forward
0,0,0,0,0,0,0,0,0,0,0,0,0,0,0,0,0,0,0,7,53,0,9,0,0,0,0,0,0,0,0,0,72,0,39,0,0,0,0,0,0,0,0,0,33,0,0,0,0,0,0,0,0,0,0,13,0,0,0,0,0,0,0,0,0,0,0,30,47,0,0,0,0,0,0,0,0,0,0,100,108,0,0,0,0,0,0,0,0,0,0,113,69,0,0,0,forward
0,0,0,0,0,0,0,0,0,0,0,0,0,0,0,0,0,0,0,0,54,0,13,0,0,0,0,0,0,0,0,0,73,0,46,0,0,0,0,0,0,0,0,0,30,0,0,0,0,0,0,0,0,0,0,0,0,0,0,0,0,0,0,0,0,0,0,16,44,0,0,0,0,0,0,0,0,0,0,80,106,0,0,0,0,0,0,0,0,0,0,120,82,0,0,0,forward
0,0,0,0,0,0,0,0,0,0,0,0,0,0,0,0,0,0,0,0,56,0,19,0,0,0,0,0,0,0,0,0,65,0,46,0,0,0,0,0,0,0,0,0,30,0,0,0,0,0,0,0,0,0,0,0,0,0,0,0,0,0,0,0,0,0,0,18,47,0,0,0,0,0,0,0,0,0,0,67,100,0,0,0,0,0,0,0,0,0,0,96,72,0,0,0,forward
0,0,0,0,0,0,0,0,0,0,0,0,0,0,0,0,0,0,0,0,63,0,16,0,0,0,0,0,0,0,0,0,72,0,39,0,0,0,0,0,0,0,0,0,30,0,0,0,0,0,0,0,0,0,0,0,0,0,0,0,0,0,0,0,0,0,0,19,47,0,0,0,0,0,0,0,0,0,0,66,104,0,0,0,0,0,0,0,0,0,0,118,86,0,0,0,forward
0,0,0,0,0,0,0,0,0,0,0,0,0,0,0,0,0,0,0,0,67,0,0,0,0,0,0,0,0,0,0,0,76,0,0,0,0,0,0,0,0,0,0,30,40,0,0,0,0,0,0,0,0,0,0,0,0,21,0,0,0,0,0,0,0,0,0,5,48,0,0,0,0,0,0,0,0,0,0,42,99,0,0,0,0,0,0,0,0,0,0,116,75,0,0,0,forward
0,0,0,0,0,0,0,0,0,0,0,0,0,0,0,0,0,0,0,0,70,0,0,0,0,0,0,0,0,0,0,0,80,0,0,0,0,0,0,0,0,0,0,39,47,0,0,0,0,0,0,0,0,0,0,0,0,0,0,0,0,0,0,0,0,0,0,34,60,0,0,0,0,0,0,0,0,0,0,103,129,0,0,0,0,0,0,0,0,0,0,147,81,0,0,0,forward
0,0,0,0,0,0,0,0,0,0,0,0,0,0,0,0,0,0,0,0,69,0,0,0,0,0,0,0,0,0,0,0,80,0,0,0,0,0,0,0,0,0,0,38,45,0,0,0,0,0,0,0,0,0,0,0,0,0,0,0,0,0,0,0,0,0,0,51,63,0,0,0,0,0,0,0,0,0,0,150,125,0,0,0,0,0,0,0,0,0,0,186,88,0,0,0,forward
0,0,0,0,0,0,0,0,0,0,0,0,0,0,0,0,0,0,0,0,80,0,0,0,0,0,0,0,0,0,0,0,85,0,0,0,0,0,0,0,0,0,0,48,41,0,0,0,0,0,0,0,0,0,0,4,0,0,0,0,0,0,0,0,0,0,0,49,65,0,0,0,0,0,0,0,0,0,0,145,124,0,0,0,0,0,0,0,0,0,0,189,92,0,0,0,forward
0,0,0,0,0,0,0,0,0,0,0,0,0,0,0,0,0,0,0,0,57,9,0,0,0,0,0,0,0,0,0,0,83,0,13,0,0,0,0,0,0,0,0,0,52,0,0,0,0,0,0,0,0,0,0,0,0,0,0,0,0,0,0,0,0,0,0,9,64,0,0,0,0,0,0,0,0,0,0,63,130,0,0,0,0,0,0,0,0,0,0,135,93,0,0,0,forward
0,0,0,0,0,0,0,0,0,0,0,0,0,0,0,0,0,0,0,0,64,17,0,0,0,0,0,0,0,0,0,0,86,0,11,0,0,0,0,0,0,0,0,0,38,0,0,0,0,0,0,0,0,0,0,0,0,0,0,0,0,0,0,0,0,0,0,0,46,0,0,0,0,0,0,0,0,0,0,37,108,0,0,0,0,0,0,0,0,0,0,129,94,0,0,0,forward
0,0,0,0,0,0,0,0,0,0,0,0,0,0,0,0,0,0,0,0,63,17,0,0,0,0,0,0,0,0,0,0,96,0,0,0,0,0,0,0,0,0,0,24,39,0,0,0,0,0,0,0,0,0,0,0,0,0,0,0,0,0,0,0,0,0,0,0,49,0,0,0,0,0,0,0,0,0,0,15,103,0,0,0,0,0,0,0,0,0,0,84,84,0,0,0,forward
0,0,0,0,0,0,0,0,0,0,0,0,0,0,0,0,0,0,0,0,69,27,0,0,0,0,0,0,0,0,0,0,98,0,12,0,0,0,0,0,0,0,0,0,41,0,0,0,0,0,0,0,0,0,0,0,0,0,0,0,0,0,0,0,0,0,0,0,65,0,0,0,0,0,0,0,0,0,0,0,103,0,0,0,0,0,0,0,0,0,0,54,75,0,0,0,forward
0,0,0,0,0,0,0,0,0,0,0,0,0,0,0,0,0,0,0,0,79,32,0,0,0,0,0,0,0,0,0,0,99,0,19,0,0,0,0,0,0,0,0,0,36,0,0,0,0,0,0,0,0,0,0,0,0,4,0,0,0,0,0,0,0,0,0,0,80,0,0,0,0,0,0,0,0,0,0,8,114,0,0,0,0,0,0,0,0,0,0,64,73,0,0,0,forward
0,0,0,0,0,0,0,0,0,0,0,0,0,0,0,0,0,0,0,0,107,35,0,0,0,0,0,0,0,0,0,0,102,0,0,0,0,0,0,0,0,0,0,0,29,0,0,0,0,0,0,0,0,0,0,0,0,0,0,0,0,0,0,0,0,0,0,0,98,0,0,0,0,0,0,0,0,0,0,42,128,0,0,0,0,0,0,0,0,0,0,83,78,0,0,0,forward
0,0,0,0,0,0,0,0,0,0,0,0,0,0,0,0,0,0,0,0,103,26,0,0,0,0,0,0,0,0,0,0,109,0,0,0,0,0,0,0,0,0,0,15,29,0,0,0,0,0,0,0,0,0,0,0,0,0,0,0,0,0,0,0,0,0,0,26,97,0,0,0,0,0,0,0,0,0,0,80,135,0,0,0,0,0,0,0,0,0,0,122,81,0,0,0,forward
0,0,0,0,0,0,0,3,0,0,0,0,0,0,0,0,0,0,0,11,99,0,0,0,0,0,0,0,0,0,0,0,101,0,0,0,0,0,0,0,0,0,0,46,29,0,0,0,0,0,0,0,0,0,0,15,0,0,0,0,0,0,0,0,0,0,0,52,104,0,0,0,0,0,0,0,0,0,0,93,124,0,0,0,0,0,0,0,0,0,0,103,67,0,0,0,forward
0,0,0,0,0,0,0,0,0,0,0,0,0,0,0,0,0,0,0,20,86,0,0,0,0,0,0,0,0,0,0,12,94,0,0,0,0,0,0,0,0,0,0,73,34,0,0,0,0,0,0,0,0,0,0,50,0,0,0,0,0,0,0,0,0,0,0,76,108,0,0,0,0,0,0,0,0,0,0,77,94,0,0,0,0,0,0,0,0,0,0,44,38,0,0,0,forward
0,0,0,0,0,0,0,5,0,0,0,0,0,0,0,0,0,0,0,36,84,0,0,0,0,0,0,0,0,0,0,30,80,0,0,0,0,0,0,0,0,0,0,91,22,0,0,0,0,0,0,0,0,0,0,74,0,0,0,0,0,0,0,0,0,0,0,78,100,0,0,0,0,0,0,0,0,0,0,72,78,0,0,0,0,0,0,0,0,0,0,27,23,0,0,0,forward
0,0,0,0,0,0,0,28,0,0,0,0,0,0,0,0,0,0,0,38,80,0,0,0,0,0,0,0,0,0,0,36,78,0,0,0,0,0,0,0,0,0,0,101,24,0,0,0,0,0,0,0,0,0,0,77,0,0,0,0,0,0,0,0,0,0,0,77,100,0,0,0,0,0,0,0,0,0,0,80,81,0,0,0,0,0,0,0,0,0,0,30,19,0,0,0,forward
0,0,0,0,0,0,0,46,0,0,0,0,0,0,0,0,0,0,0,63,94,0,0,0,0,0,0,0,0,0,0,32,71,0,0,0,0,0,0,0,0,0,0,61,12,0,0,0,0,0,0,0,0,0,0,77,0,0,0,0,0,0,0,0,0,0,0,77,88,0,0,0,0,0,0,0,0,0,0,84,68,0,0,0,0,0,0,0,0,0,0,38,14,0,0,0,forward
0,0,0,0,0,0,0,74,6,0,0,0,0,0,0,0,0,0,0,93,101,0,0,0,0,0,0,0,0,0,0,31,64,0,0,0,0,0,0,0,0,0,0,48,5,0,0,0,0,0,0,0,0,0,0,71,0,0,0,0,0,0,0,0,0,0,0,80,81,0,0,0,0,0,0,0,0,0,0,105,76,0,0,0,0,0,0,0,0,0,0,43,5,0,0,0,forward
0,0,0,0,0,0,0,63,0,0,0,0,0,0,0,0,0,0,0,85,87,0,0,0,0,0,0,0,0,0,0,31,67,0,0,0,0,0,0,0,0,0,0,56,16,0,0,0,0,0,0,0,0,0,0,68,0,0,0,0,0,0,0,0,0,0,0,81,82,0,0,0,0,0,0,0,0,0,0,114,76,0,0,0,0,0,0,0,0,0,0,47,3,0,0,0,forward
0,0,0,0,0,0,0,46,0,0,0,0,0,0,0,0,0,0,0,44,51,0,0,0,0,0,0,0,0,0,0,7,45,0,0,0,0,0,0,0,0,0,0,25,23,0,0,0,0,0,0,0,0,0,3,58,0,0,0,0,0,0,0,0,0,0,0,67,76,0,0,0,0,0,0,0,0,0,0,135,87,0,0,0,0,0,0,0,0,0,0,85,39,0,0,0,forward
0,0,0,0,0,0,0,49,0,0,0,0,0,0,0,0,0,0,0,44,51,0,0,0,0,0,0,0,0,0,0,7,48,0,0,0,0,0,0,0,0,0,0,29,23,0,0,0,0,0,0,0,0,0,0,54,0,0,0,0,0,0,0,0,0,0,0,70,82,0,0,0,0,0,0,0,0,0,0,134,84,0,0,0,0,0,0,0,0,0,0,82,36,0,0,0,forward
0,0,0,0,0,0,0,50,0,0,0,0,0,0,0,0,0,0,0,49,62,0,0,0,0,0,0,0,0,0,0,9,52,0,0,0,0,0,0,0,0,0,0,27,23,0,0,0,0,0,0,0,0,0,0,50,0,0,0,0,0,0,0,0,0,0,0,72,87,0,0,0,0,0,0,0,0,0,0,137,90,0,0,0,0,0,0,0,0,0,0,83,35,0,0,0,forward
0,0,0,0,0,0,0,49,0,0,0,0,0,0,0,0,0,0,0,54,70,0,0,0,0,0,0,0,0,0,0,8,53,0,0,0,0,0,0,0,0,0,0,20,25,0,0,0,0,0,0,0,0,0,0,56,0,0,0,0,0,0,0,0,0,0,0,74,93,0,0,0,0,0,0,0,0,0,0,142,97,0,0,0,0,0,0,0,0,0,0,82,41,0,0,0,forward
0,0,0,0,0,0,0,50,0,0,0,0,0,0,0,0,0,0,0,46,67,0,0,0,0,0,0,0,0,0,0,0,55,0,0,0,0,0,0,0,0,0,0,15,27,0,0,0,0,0,0,0,0,0,0,55,0,0,0,0,0,0,0,0,0,0,0,77,102,0,0,0,0,0,0,0,0,0,0,141,106,0,0,0,0,0,0,0,0,0,0,77,40,0,0,0,forward
0,0,0,0,0,0,0,31,0,0,0,0,0,0,0,0,0,0,0,31,72,0,0,0,0,0,0,0,0,0,0,0,66,0,18,0,0,0,0,0,0,0,0,0,28,0,0,0,0,0,0,0,0,0,0,48,0,0,0,0,0,0,0,0,0,0,0,64,94,0,0,0,0,0,0,0,0,0,0,121,111,0,0,0,0,0,0,0,0,0,0,77,50,0,0,0,forward
0,0,0,0,0,0,0,3,0,0,0,0,0,0,0,0,0,0,0,4,65,0,0,0,0,0,0,0,0,0,0,0,75,0,31,0,0,0,0,0,0,0,0,0,34,0,0,0,0,0,0,0,0,0,0,30,0,0,0,0,0,0,0,0,0,0,0,51,91,0,0,0,0,0,0,0,0,0,0,94,107,0,0,0,0,0,0,0,0,0,0,76,57,0,0,0,forward
0,0,0,0,0,0,0,0,0,0,0,0,0,0,0,0,0,0,0,0,20,0,0,0,0,0,0,0,0,0,0,0,86,0,68,0,0,0,0,0,0,0,0,11,79,0,0,0,0,0,0,0,0,0,0,0,0,0,0,0,0,0,0,0,0,0,0,14,78,0,0,0,0,0,0,0,0,0,0,52,92,0,0,0,0,0,0,0,0,0,0,89,68,0,0,0,forward
0,0,0,0,0,0,0,0,0,0,0,0,0,0,0,0,0,0,0,0,8,0,10,0,0,0,0,0,0,0,0,0,92,0,114,0,0,0,0,0,0,0,0,0,89,0,0,0,0,0,0,0,0,0,0,0,0,0,0,0,0,0,0,0,0,0,0,0,70,0,0,0,0,0,0,0,0,0,0,38,93,0,0,0,0,0,0,0,0,0,0,90,69,0,0,0,forward
0,0,0,0,0,0,0,0,0,0,0,0,0,0,0,0,0,0,0,0,10,0,20,0,0,0,0,0,0,0,0,0,98,0,116,0,0,0,0,0,0,0,0,0,87,0,0,0,0,0,0,0,0,0,0,0,0,0,0,0,0,0,0,0,0,0,0,0,57,0,0,0,0,0,0,0,0,0,0,28,86,0,0,0,0,0,0,0,0,0,0,95,58,0,0,0,forward
0,0,0,0,0,0,0,0,0,0,0,0,0,0,0,0,0,0,0,0,50,0,0,0,0,0,0,0,0,0,0,0,92,0,21,0,0,0,0,0,0,0,0,36,48,0,0,0,0,0,0,0,0,0,0,0,0,0,0,0,0,0,0,0,0,0,0,36,76,0,0,0,0,0,0,0,0,0,0,97,101,0,0,0,0,0,0,0,0,0,0,120,52,0,0,0,forward
0,0,0,0,0,0,0,0,0,0,0,0,0,0,0,0,0,0,0,0,65,0,0,0,0,0,0,0,0,0,0,0,87,0,0,0,0,0,0,0,0,0,0,44,44,0,0,0,0,0,0,0,0,0,0,25,0,0,0,0,0,0,0,0,0,0,0,59,96,0,0,0,0,0,0,0,0,0,0,109,88,0,0,0,0,0,0,0,0,0,0,102,58,0,0,0,forward
0,0,0,0,0,0,0,42,0,0,0,0,0,0,0,0,0,0,0,34,81,0,0,0,0,0,0,0,0,0,0,10,71,0,0,0,0,0,0,0,0,0,0,24,16,0,0,0,0,0,0,0,0,0,0,43,0,0,0,0,0,0,0,0,0,0,0,72,104,0,0,0,0,0,0,0,0,0,0,119,100,0,0,0,0,0,0,0,0,0,0,73,42,0,0,0,forward
0,0,0,0,0,0,0,71,7,0,0,0,0,0,0,0,0,0,0,69,87,0,0,0,0,0,0,0,0,0,0,20,68,0,0,0,0,0,0,0,0,0,0,29,16,0,0,0,0,0,0,0,0,0,0,45,0,0,0,0,0,0,0,0,0,0,0,73,96,0,0,0,0,0,0,0,0,0,0,142,106,0,0,0,0,0,0,0,0,0,0,101,51,0,0,0,forward
24,12,19,0,0,0,17,80,0,0,0,0,0,0,6,0,0,0,0,17,0,0,0,0,0,0,0,0,0,0,0,0,0,0,0,0,0,0,0,0,0,0,0,0,0,0,0,0,0,0,0,0,0,0,0,0,0,0,0,0,0,0,0,0,0,0,0,0,0,0,0,0,0,0,37,0,0,0,0,38,31,0,0,0,0,0,0,0,0,0,0,126,67,0,0,0,strafe_left
26,4,14,0,0,0,19,83,0,0,0,0,0,0,3,0,0,0,0,19,0,0,0,0,0,0,0,0,0,0,0,0,0,0,0,0,0,0,0,0,0,0,0,0,0,0,0,0,0,0,0,0,0,0,0,0,0,0,0,0,0,0,0,0,0,0,0,0,0,0,0,0,0,0,38,0,0,0,0,36,29,0,0,0,0,0,0,0,0,0,0,126,70,0,0,0,strafe_left
17,15,18,0,0,0,18,76,0,0,0,0,0,0,0,0,0,0,0,7,0,0,0,0,0,0,0,0,0,0,0,0,0,0,0,0,0,0,0,0,0,0,0,0,0,0,0,0,0,0,0,0,0,0,0,0,0,0,0,0,0,0,0,0,0,0,0,0,0,0,0,0,0,0,48,0,0,0,0,8,0,0,0,0,0,0,0,0,0,0,0,120,62,0,0,0,strafe_left
15,9,15,0,0,0,16,78,0,0,0,0,0,0,0,0,0,0,0,9,0,0,0,0,0,0,0,0,0,0,0,0,0,0,0,0,0,0,0,0,0,0,0,0,0,0,0,0,0,0,0,0,0,0,0,0,0,0,0,0,0,0,0,0,0,0,0,0,0,0,0,0,0,0,49,0,0,0,0,9,0,0,0,0,0,0,0,0,0,0,0,115,61,0,0,0,strafe_left
0,0,0,0,0,0,24,94,6,0,0,0,0,0,0,0,0,0,0,23,0,0,0,0,0,0,0,0,0,0,0,0,0,0,0,0,0,0,0,0,0,0,0,0,0,0,0,0,0,0,0,0,0,0,0,0,0,0,0,0,0,0,0,0,0,0,0,0,0,0,0,0,0,0,57,0,0,0,0,9,0,0,0,0,0,0,0,0,0,0,0,107,56,0,0,0,strafe_left
29,135,75,22,3,0,23,225,0,0,0,0,0,0,4,0,0,0,0,3,0,0,0,0,0,0,0,0,0,0,0,0,0,0,0,0,0,0,0,0,0,0,0,0,0,0,0,0,0,0,0,0,0,0,0,0,0,0,0,0,0,0,0,0,0,0,0,0,0,0,0,0,0,0,62,0,0,0,0,11,0,0,0,0,0,0,0,0,0,0,0,125,63,0,0,0,strafe_left
29,131,75,23,6,0,27,234,3,0,0,0,0,0,0,0,0,0,0,3,0,0,0,0,0,0,0,0,0,0,0,0,0,0,0,0,0,0,0,0,0,0,0,0,0,0,0,0,0,0,0,0,0,0,0,0,0,0,0,0,0,0,0,0,0,0,0,0,0,0,0,0,0,0,62,0,0,0,0,12,0,0,0,0,0,0,0,0,0,0,0,126,64,0,0,0,strafe_left
0,30,27,4,0,0,32,272,18,0,0,0,0,0,0,0,0,0,0,12,0,0,0,0,0,0,0,0,0,0,0,0,0,0,0,0,0,0,0,0,0,0,0,0,0,0,0,0,0,0,0,0,0,0,0,0,0,0,0,0,0,0,0,0,0,0,0,0,0,0,0,0,0,0,48,0,0,0,0,14,0,0,0,0,0,0,0,0,0,0,0,128,70,0,0,0,strafe_left
0,13,25,0,0,0,35,301,27,0,0,0,0,0,0,0,0,0,0,16,0,0,0,0,0,0,0,0,0,0,0,0,0,0,0,0,0,0,0,0,0,0,0,0,0,0,0,0,0,0,0,0,0,0,0,0,0,0,0,0,0,0,0,0,0,0,0,0,0,0,0,0,0,0,27,0,0,0,0,13,6,0,0,0,0,0,0,0,0,0,0,139,78,0,0,0,strafe_left
0,25,29,5,3,6,38,308,30,0,0,0,0,0,0,0,0,0,0,15,0,0,0,0,0,0,0,0,0,0,0,0,0,0,0,0,0,0,0,0,0,0,0,0,0,0,0,0,0,0,0,0,0,0,0,0,0,0,0,0,0,0,0,0,0,0,0,0,0,0,0,0,0,0,33,0,0,0,0,13,5,0,0,0,0,0,0,0,0,0,0,132,79,0,0,0,strafe_left
4,88,53,11,0,0,25,236,16,0,0,0,0,0,0,0,0,0,0,7,0,0,0,0,0,0,0,0,0,0,0,0,0,0,0,0,0,0,0,0,0,0,0,0,0,0,0,0,0,0,0,0,0,0,0,0,0,0,0,0,0,0,0,0,0,0,0,0,0,0,0,0,0,0,52,0,0,0,0,10,0,0,0,0,0,0,0,0,0,0,0,126,71,0,0,0,strafe_left
23,119,67,18,0,0,25,226,16,0,0,0,0,0,0,0,0,0,0,3,0,0,0,0,0,0,0,0,0,0,0,0,0,0,0,0,0,0,0,0,0,0,0,0,0,0,0,0,0,0,0,0,0,0,0,0,0,0,0,0,0,0,0,0,0,0,0,0,0,0,0,0,0,0,60,0,0,0,0,0,0,0,0,0,0,0,0,0,0,0,0,126,65,0,0,0,strafe_left
16,124,69,19,0,0,25,237,17,0,0,0,0,0,0,0,0,0,0,0,0,0,0,0,0,0,0,0,0,0,0,0,0,0,0,0,0,0,0,0,0,0,0,0,0,0,0,0,0,0,0,0,0,0,0,0,0,0,0,0,16,0,0,0,0,0,0,0,0,0,0,0,0,0,69,0,0,0,0,0,0,0,0,0,0,0,0,0,0,0,0,112,54,0,0,0,strafe_left
9,120,67,14,0,0,26,241,18,0,0,0,0,0,0,0,0,0,0,3,0,0,0,0,0,0,0,0,0,0,0,0,0,0,0,0,0,0,0,0,0,0,0,0,0,0,0,0,0,0,0,0,0,0,0,0,0,0,0,0,12,0,0,0,0,0,0,0,0,0,0,0,0,0,70,0,0,0,0,0,0,0,0,0,0,0,0,0,0,0,0,110,55,0,0,0,strafe_left
0,102,59,13,0,0,33,265,23,0,0,0,0,0,0,0,0,0,0,3,0,0,0,0,0,0,0,0,0,0,0,0,0,0,0,0,0,0,0,0,0,0,0,0,0,0,0,0,0,0,0,0,0,0,0,0,0,0,0,0,12,0,0,0,0,0,0,0,0,0,0,0,0,0,62,0,0,0,0,0,0,0,0,0,0,0,0,0,0,0,0,104,55,0,0,0,strafe_left
0,113,61,11,0,0,30,272,22,0,0,0,0,0,0,0,0,0,0,0,0,0,0,0,0,0,0,0,0,0,0,0,0,0,0,0,0,0,0,0,0,0,0,0,0,0,0,0,0,0,0,0,0,0,0,0,0,0,0,0,0,0,0,0,0,0,0,0,0,0,0,0,0,0,68,0,0,0,0,0,0,0,0,0,0,0,0,0,0,0,0,83,51,0,0,0,strafe_left
0,142,70,5,0,0,32,268,24,0,0,0,0,0,0,0,0,0,0,0,0,0,0,0,0,0,0,0,0,0,0,0,0,0,0,0,0,0,0,0,0,0,0,0,0,0,0,0,0,0,0,0,0,0,0,0,0,0,0,0,0,0,0,0,0,0,0,0,0,0,0,0,0,0,61,0,0,0,0,0,0,0,0,0,0,0,0,0,0,0,0,85,47,0,0,0,strafe_left
0,144,71,9,0,0,38,289,24,0,0,0,0,0,0,0,0,0,0,0,0,0,0,0,0,0,0,0,0,0,0,0,0,0,0,0,0,0,0,0,0,0,0,0,0,0,0,0,0,0,0,0,0,0,0,0,0,0,0,0,0,0,0,0,0,0,0,0,0,0,0,0,0,0,62,0,0,0,0,0,0,0,0,0,0,0,0,0,0,0,0,91,51,0,0,0,strafe_left
0,48,36,0,0,0,38,313,26,0,0,0,0,0,0,0,0,0,0,4,0,0,0,0,0,0,0,0,0,0,0,0,0,0,0,0,0,0,0,0,0,0,0,0,0,0,0,0,0,0,0,0,0,0,0,0,0,0,0,0,0,0,0,0,0,0,0,0,0,0,0,0,0,0,58,0,0,0,0,0,0,0,0,0,0,0,0,0,0,0,0,100,58,0,0,0,strafe_left
0,0,4,0,0,0,46,359,41,0,0,0,0,0,0,0,0,0,0,20,0,0,0,0,0,0,0,0,0,0,0,0,0,0,0,0,0,0,0,0,0,0,0,0,0,0,0,0,0,0,0,0,0,0,0,0,0,0,0,0,0,0,0,0,0,0,0,0,0,0,0,0,0,0,13,0,0,0,0,0,0,0,0,0,0,0,0,0,0,0,0,118,72,0,0,0,strafe_left
0,0,0,0,0,0,45,414,63,6,0,0,0,0,0,0,0,0,0,23,0,0,0,0,0,0,0,0,0,0,0,0,0,0,0,0,0,0,0,0,0,0,0,0,0,0,0,0,0,0,0,0,0,0,0,0,0,0,0,0,0,0,0,0,0,0,0,0,0,0,0,0,0,0,0,0,0,0,0,0,19,0,0,0,0,0,0,0,0,0,0,97,73,0,0,0,strafe_left
0,0,6,0,0,0,49,345,47,0,0,0,0,0,0,0,0,0,0,22,0,0,0,0,0,0,0,0,0,0,0,0,0,0,0,0,0,0,0,0,0,0,0,0,0,0,0,0,0,0,0,0,0,0,0,0,0,0,0,0,0,0,0,0,0,0,0,0,0,0,0,0,0,0,9,0,0,0,0,4,4,0,0,0,0,0,0,0,0,0,0,111,74,0,0,0,strafe_left
0,77,42,6,0,0,27,203,10,0,0,0,0,0,0,0,0,0,0,7,0,0,0,0,0,0,0,0,0,0,0,0,0,0,0,0,0,0,0,0,0,0,0,0,0,0,0,0,0,0,0,0,0,0,0,0,0,0,0,0,0,0,0,0,0,0,0,0,0,0,0,0,0,0,50,0,0,0,0,0,0,0,0,0,0,0,0,0,0,0,0,69,48,0,0,0,strafe_left
40,129,66,12,0,0,13,155,0,0,0,0,0,0,7,0,0,0,0,6,0,0,0,0,0,0,0,0,0,0,0,0,0,0,0,0,0,0,0,0,0,0,0,0,0,0,0,0,0,0,0,0,0,0,0,0,0,0,0,0,0,0,0,0,0,0,0,0,0,0,0,0,0,0,60,0,0,0,0,0,0,0,0,0,0,0,0,0,0,0,0,52,36,0,0,0,strafe_left
0,0,0,0,0,0,0,0,0,0,0,0,0,0,0,0,0,0,0,0,0,0,0,0,0,19,29,0,0,0,0,0,0,0,0,0,0,0,7,0,0,0,0,7,24,0,0,0,39,25,0,0,0,0,24,94,0,0,0,0,0,0,0,0,0,0,0,0,0,0,0,0,0,0,0,0,0,0,0,0,0,0,0,0,0,0,0,0,0,0,0,0,0,0,0,0,strafe_right
0,0,0,0,0,0,0,0,0,0,0,0,0,0,0,0,0,0,0,0,0,0,0,0,0,35,31,0,0,0,0,0,0,0,0,0,0,0,5,0,0,0,0,0,13,0,0,0,31,0,0,0,0,0,25,90,0,0,0,0,0,0,0,0,0,0,0,0,0,0,0,0,0,0,0,0,0,0,0,0,0,0,0,0,0,0,0,0,0,0,0,0,0,0,0,0,strafe_right
0,0,0,0,0,0,0,0,0,0,0,0,0,0,0,0,0,0,0,0,0,0,0,0,0,13,26,0,0,0,0,0,0,0,0,0,0,0,10,0,0,0,0,0,15,0,0,0,15,0,0,0,0,0,18,86,0,0,0,0,0,0,0,0,0,0,0,0,0,0,0,0,0,0,0,0,0,0,0,0,0,0,0,0,0,0,0,0,0,0,0,0,0,0,0,0,strafe_right
0,0,0,0,0,0,0,0,0,0,0,0,0,37,0,0,0,0,0,0,0,0,0,0,0,135,63,0,0,0,0,0,0,0,0,0,0,0,19,0,0,0,0,0,0,0,0,0,34,0,0,0,0,0,17,85,0,0,0,0,0,0,0,0,0,0,0,0,0,0,0,0,0,0,0,0,0,0,0,0,0,0,0,0,0,0,0,0,0,0,0,0,0,0,0,0,strafe_right
0,0,0,0,0,0,0,0,0,0,0,0,0,0,0,0,0,0,0,0,0,0,0,0,0,3,23,0,0,0,0,0,0,0,0,0,0,0,13,0,0,0,0,35,66,0,0,0,43,155,39,0,0,17,40,123,0,0,0,0,0,0,0,0,0,0,0,0,0,0,0,0,0,0,0,0,0,0,0,0,0,0,0,0,0,0,0,0,0,0,0,0,0,0,0,0,strafe_right
0,0,0,0,0,0,0,0,0,0,0,0,0,0,0,0,0,0,0,0,0,0,0,0,0,0,20,0,0,0,0,0,0,0,0,0,0,0,11,0,0,0,0,34,65,0,0,0,23,135,30,0,0,18,43,135,0,0,0,0,0,0,0,0,0,0,0,0,0,0,0,0,0,0,0,0,0,0,0,0,0,0,0,0,0,0,0,0,0,0,0,0,0,0,0,0,strafe_right
0,0,0,0,0,0,0,0,0,0,0,0,0,0,0,0,0,0,0,0,0,0,0,0,0,0,13,0,0,0,0,0,0,0,0,0,0,0,9,0,0,0,0,36,69,0,0,0,4,86,15,0,0,27,50,155,0,0,0,0,0,0,0,0,0,0,0,0,0,0,0,0,0,0,0,0,0,0,0,0,0,0,0,0,0,0,0,0,0,0,0,0,0,0,0,0,strafe_right
0,0,0,0,0,0,0,0,0,0,0,0,0,0,0,0,0,0,0,0,0,0,0,0,0,0,7,0,0,0,0,0,0,0,0,0,0,0,3,0,0,0,0,36,69,0,0,0,0,61,4,0,0,30,50,168,0,0,0,0,0,0,0,0,0,0,0,0,0,0,0,0,0,0,0,0,0,0,0,0,0,0,0,0,0,0,0,0,0,0,0,0,0,0,0,0,strafe_right
0,0,0,0,0,0,0,0,0,0,0,0,0,0,0,0,0,0,0,0,0,0,0,0,0,0,8,0,0,0,0,0,0,0,0,0,0,0,0,0,0,0,0,33,71,0,0,0,0,51,3,0,0,31,54,177,7,0,0,0,0,0,0,0,0,0,0,0,0,0,0,0,0,0,0,0,0,0,0,0,0,0,0,0,0,0,0,0,0,0,0,0,0,0,0,0,strafe_right
0,0,0,0,0,0,0,0,0,0,0,0,0,0,0,0,0,0,0,0,0,0,0,0,0,0,11,0,0,0,0,0,0,0,0,0,0,0,0,0,0,0,0,36,75,0,0,0,0,36,0,0,0,17,44,175,5,0,0,0,0,0,0,0,0,0,0,0,0,0,0,0,0,0,0,0,0,0,0,0,0,0,0,0,0,0,0,0,0,0,0,0,0,0,0,0,strafe_right
0,0,0,0,0,0,0,0,0,0,0,0,0,0,0,0,0,0,0,0,0,0,0,0,0,0,14,0,0,0,0,0,0,0,0,0,0,0,4,0,0,0,0,37,75,0,0,0,0,39,0,0,0,27,47,183,14,0,0,0,0,0,0,0,0,0,0,0,0,0,0,0,0,0,0,0,0,0,0,0,0,0,0,0,0,0,0,0,0,0,0,0,0,0,0,0,strafe_right
0,0,0,0,0,0,0,0,0,0,0,0,0,0,0,0,0,0,0,0,0,0,0,0,0,32,40,0,0,0,0,0,0,0,0,0,0,0,11,0,0,0,0,14,36,0,0,0,54,157,36,0,0,7,31,113,0,0,0,0,0,0,0,0,0,0,0,0,0,0,0,0,0,0,0,0,0,0,0,0,0,0,0,0,0,0,0,0,0,0,0,0,0,0,0,0,strafe_right
0,0,0,0,0,0,0,0,0,0,0,0,0,18,0,0,0,0,0,0,0,0,0,0,0,77,48,0,0,0,0,0,0,0,0,0,0,0,11,0,0,0,0,5,30,0,0,0,59,187,45,0,0,6,32,108,0,0,0,0,0,0,0,0,0,0,0,0,0,0,0,0,0,0,0,0,0,0,0,0,0,0,0,0,0,0,0,0,0,0,0,0,0,0,0,0,strafe_right
0,0,0,0,0,0,0,0,0,0,0,0,0,16,0,0,0,0,0,0,0,0,0,0,0,78,48,0,0,0,0,0,0,0,0,0,0,0,13,0,0,0,0,5,31,0,0,0,65,198,51,0,0,6,33,112,0,0,0,0,0,0,0,0,0,0,0,0,0,0,0,0,0,0,0,0,0,0,0,0,0,0,0,0,0,0,0,0,0,0,0,0,0,0,0,0,strafe_right
0,0,0,0,0,0,0,0,0,0,0,0,0,0,0,0,0,0,0,0,0,0,0,0,0,41,36,0,0,0,0,0,0,0,0,0,0,0,11,0,0,0,0,9,35,0,0,0,47,188,48,0,0,21,42,132,0,0,0,0,0,0,0,0,0,0,0,0,0,0,0,0,0,0,0,0,0,0,0,0,0,0,0,0,0,0,0,0,0,0,0,0,0,0,0,0,strafe_right
0,0,0,0,0,0,0,0,0,0,0,0,0,0,0,0,0,0,0,0,0,0,0,0,0,10,25,0,0,0,0,0,0,0,0,0,0,0,11,0,0,0,0,13,46,0,0,0,41,166,44,0,0,29,47,149,0,0,0,0,0,0,0,0,0,0,0,0,0,0,0,0,0,0,0,0,0,0,0,0,0,0,0,0,0,0,0,0,0,0,0,0,0,0,0,0,strafe_right
0,0,0,0,0,0,0,0,0,0,0,0,0,0,0,0,0,0,0,0,0,0,0,0,0,15,28,0,0,0,0,0,0,0,0,0,0,0,10,0,0,0,0,13,48,0,0,0,39,168,44,0,0,30,49,154,0,0,0,0,0,0,0,0,0,0,0,0,0,0,0,0,0,0,0,0,0,0,0,0,0,0,0,0,0,0,0,0,0,0,0,0,0,0,0,0,strafe_right
0,0,0,0,0,0,0,0,0,0,0,0,0,0,0,0,0,0,0,0,0,0,0,0,0,31,32,0,0,0,0,0,0,0,0,0,0,0,12,0,0,0,0,11,49,0,0,0,53,181,44,0,0,23,44,143,0,0,0,0,0,0,0,0,0,0,0,0,0,0,0,0,0,0,0,0,0,0,0,0,0,0,0,0,0,0,0,0,0,0,0,0,0,0,0,0,strafe_right
0,0,0,0,0,0,0,0,0,0,0,0,0,0,0,0,0,0,0,0,0,0,0,0,0,36,35,0,0,0,0,0,0,0,0,0,0,0,9,0,0,0,0,9,46,0,0,0,56,204,53,0,0,17,39,133,0,0,0,0,0,0,0,0,0,0,0,0,0,0,0,0,0,0,0,0,0,0,0,0,0,0,0,0,0,0,0,0,0,0,0,0,0,0,0,0,strafe_right
0,0,0,0,0,0,0,0,0,0,0,0,0,11,0,0,0,0,0,0,0,0,0,0,0,86,49,0,0,0,0,0,0,0,0,0,0,0,10,0,0,0,0,0,20,0,0,0,62,214,51,0,0,12,38,125,0,0,0,0,0,0,0,0,0,0,0,0,0,0,0,0,0,0,0,0,0,0,0,0,0,0,0,0,0,0,0,0,0,0,0,0,0,0,0,0,strafe_right
0,0,0,0,0,0,0,0,0,0,0,0,0,9,0,0,0,0,0,0,0,0,0,0,0,89,51,0,0,0,0,0,0,0,0,0,0,0,13,0,0,0,0,0,25,0,0,0,74,220,59,0,0,15,39,127,0,0,0,0,0,0,0,0,0,0,0,0,0,0,0,0,0,0,0,0,0,0,0,0,0,0,0,0,0,0,0,0,0,0,0,0,0,0,0,0,strafe_right
0,0,0,0,0,0,0,0,0,0,0,0,0,0,0,0,0,0,0,0,0,0,0,0,0,79,43,0,0,0,0,0,0,0,0,0,0,0,13,0,0,0,0,3,33,0,0,0,86,210,56,0,0,12,39,124,0,0,0,0,0,0,0,0,0,0,0,0,0,0,0,0,0,0,0,0,0,0,0,0,0,0,0,0,0,0,0,0,0,0,0,0,0,0,0,0,strafe_right
0,0,0,0,0,0,0,0,0,0,0,0,0,0,0,0,0,0,0,0,0,0,0,0,0,68,42,0,0,0,0,0,0,0,0,0,0,0,11,0,0,0,0,0,35,0,0,0,82,205,53,0,0,9,37,119,0,0,0,0,0,0,0,0,0,0,0,0,0,0,0,0,0,0,0,0,0,0,0,0,0,0,0,0,0,0,0,0,0,0,0,0,0,0,0,0,strafe_right
0,0,0,0,0,0,0,0,0,0,0,0,0,0,0,0,0,0,0,0,0,0,0,0,0,56,38,0,0,0,0,0,0,0,0,0,0,0,9,0,0,0,0,14,49,0,0,0,79,204,51,0,0,13,42,131,0,0,0,0,0,0,0,0,0,0,0,0,0,0,0,0,0,0,0,0,0,0,0,0,0,0,0,0,0,0,0,0,0,0,0,0,0,0,0,0,strafe_right
0,0,0,0,0,0,0,0,0,0,0,0,0,0,0,0,0,0,0,0,0,0,0,0,0,96,48,0,0,0,0,0,0,0,0,0,0,0,14,0,0,0,0,12,40,0,0,0,29,147,36,0,0,27,49,161,0,0,0,0,0,0,0,0,0,0,0,0,0,0,0,0,0,0,0,0,0,0,0,0,0,0,0,0,0,0,0,0,0,0,0,0,0,0,0,0,strafe_right
0,0,0,0,0,0,0,0,0,0,0,0,0,0,0,0,0,0,0,0,0,0,0,0,0,14,23,0,0,0,0,0,0,0,0,0,0,0,6,0,0,0,0,21,54,0,0,0,13,96,15,0,0,32,46,176,0,0,0,0,0,0,0,0,0,0,0,0,0,0,0,0,0,0,0,0,0,0,0,0,0,0,0,0,0,0,0,0,0,0,0,0,0,0,0,0,strafe_right
0,0,0,0,0,0,0,0,0,0,0,0,0,0,0,0,0,0,0,0,0,0,0,0,0,0,12,0,0,0,0,0,14,0,0,0,0,0,0,0,0,0,0,64,85,0,0,0,23,16,0,0,0,0,11,106,3,0,0,0,0,0,0,0,0,0,0,3,0,0,0,0,0,0,0,0,0,0,0,0,0,0,0,0,0,0,0,0,0,0,0,0,0,0,0,0,strafe_right
0,0,0,0,0,0,0,0,0,0,0,0,0,0,0,0,0,0,0,0,0,0,0,0,0,0,13,0,0,0,0,0,14,0,0,0,0,0,0,0,0,0,0,63,69,0,0,0,39,35,7,0,0,0,15,106,5,0,0,0,0,0,0,0,0,0,0,0,0,0,0,0,0,0,0,0,0,0,0,0,0,0,0,0,0,0,0,0,0,0,0,0,0,0,0,0,strafe_right
157,46,0,0,0,0,0,0,0,0,0,0,114,282,60,0,0,0,0,0,0,0,0,0,0,63,0,0,0,0,0,0,0,0,0,0,0,0,0,0,0,0,0,0,0,0,0,0,82,0,0,0,0,0,0,0,0,0,0,0,194,252,11,0,0,0,0,0,0,0,0,0,167,53,0,0,0,0,0,0,0,0,0,0,0,0,0,0,0,0,0,0,0,0,0,0,backward
156,47,0,0,0,0,0,0,0,0,0,0,114,283,60,0,0,0,0,0,0,0,0,0,0,59,0,0,0,0,0,0,0,0,0,0,0,0,0,0,0,0,0,0,0,0,0,0,79,0,0,0,0,0,0,0,0,0,0,0,193,257,12,0,0,0,0,0,0,0,0,0,170,54,0,0,0,0,0,0,0,0,0,0,0,0,0,0,0,0,0,0,0,0,0,0,backward
108,46,5,0,0,0,0,0,0,0,0,0,101,284,68,0,0,0,0,0,0,0,0,0,0,60,9,0,0,0,0,0,0,0,0,0,0,0,0,0,0,0,0,0,0,0,0,0,78,0,0,0,0,0,0,0,0,0,0,0,191,254,26,0,0,0,0,0,0,0,0,0,157,54,0,0,0,0,0,0,0,0,0,0,0,0,0,0,0,0,0,0,0,0,0,0,backward
49,30,0,0,0,0,0,0,0,0,0,0,70,263,66,0,0,0,0,0,0,0,0,0,0,29,9,0,0,0,0,0,0,0,0,0,0,0,0,0,0,0,0,0,0,0,0,0,83,0,0,0,0,0,0,0,0,0,0,0,190,256,27,0,0,0,0,0,0,0,0,0,161,56,9,0,0,0,0,0,0,0,0,0,0,0,0,0,0,0,0,0,0,0,0,0,backward
105,16,0,0,0,0,0,0,0,0,0,0,97,22,0,0,0,0,0,0,0,0,0,0,0,0,0,0,0,0,0,0,0,0,0,0,0,0,0,0,0,0,0,0,0,0,0,0,4,0,0,0,0,0,0,0,0,0,0,0,124,43,0,0,0,0,0,0,0,0,0,0,110,0,0,0,0,0,0,0,0,0,0,0,0,0,0,0,0,0,0,0,0,0,0,0,backward
103,38,0,0,0,0,0,0,0,0,0,0,71,22,0,0,0,0,0,0,0,0,0,0,0,0,0,0,0,0,0,0,0,0,0,0,0,0,0,0,0,0,0,0,0,0,0,0,15,0,0,0,0,0,0,0,0,0,0,0,103,43,0,0,0,0,0,0,0,0,0,0,100,0,0,0,0,0,0,0,0,0,0,0,0,0,0,0,0,0,0,0,0,0,0,0,backward
83,36,0,0,0,0,0,0,0,0,0,0,45,25,14,0,0,0,0,0,0,0,0,0,0,0,0,0,0,0,0,0,0,0,0,0,0,0,0,0,0,0,0,0,0,0,0,0,11,0,0,0,0,0,0,0,0,0,0,0,78,53,0,0,0,0,0,0,0,0,0,0,71,0,0,0,0,0,0,0,0,0,0,0,0,0,0,0,0,0,0,0,0,0,0,0,backward
47,3,0,0,0,0,0,0,0,0,0,0,55,16,0,0,0,0,0,0,0,0,0,0,0,8,0,0,0,0,0,0,0,0,0,0,0,0,0,0,0,0,0,0,0,0,0,0,28,27,0,0,0,0,0,0,0,0,0,0,61,51,0,0,0,0,0,0,0,0,0,0,25,0,0,0,0,0,0,0,0,0,0,0,0,0,0,0,0,0,0,0,0,0,0,0,backward
0,0,0,0,0,0,0,0,0,0,0,0,70,16,0,0,0,0,0,0,0,0,0,0,31,22,0,0,0,0,0,0,0,0,0,0,0,0,0,0,0,0,0,0,0,0,0,0,63,76,0,0,0,0,0,0,0,0,0,0,43,55,0,0,0,0,0,0,0,0,0,0,0,0,0,0,0,0,0,0,0,0,0,0,0,0,0,0,0,0,0,0,0,0,0,0,backward
0,0,0,0,0,0,0,0,0,0,0,0,67,16,0,0,0,0,0,0,0,0,0,0,34,23,0,0,0,0,0,0,0,0,0,0,0,0,0,0,0,0,0,0,0,0,0,0,120,98,0,0,0,0,0,0,0,0,0,0,30,44,0,0,0,0,0,0,0,0,0,0,0,0,0,0,0,0,0,0,0,0,0,0,0,0,0,0,0,0,0,0,0,0,0,0,backward
0,0,0,0,0,0,0,0,0,0,0,0,64,16,0,0,0,0,0,0,0,0,0,0,34,24,0,0,0,0,0,0,0,0,0,0,0,0,0,0,0,0,0,0,0,0,0,0,115,113,0,0,0,0,0,0,0,0,0,0,20,43,0,0,0,0,0,0,0,0,0,0,0,0,0,0,0,0,0,0,0,0,0,0,0,0,0,0,0,0,0,0,0,0,0,0,backward
0,0,0,0,0,0,0,0,0,0,0,0,73,16,0,0,0,0,0,0,0,0,0,0,39,26,0,0,0,0,0,0,0,0,0,0,0,0,0,0,0,0,0,0,0,0,0,0,120,117,0,0,0,0,0,0,0,0,0,0,36,33,0,0,0,0,0,0,0,0,0,0,0,0,0,0,0,0,0,0,0,0,0,0,0,0,0,0,0,0,0,0,0,0,0,0,backward
0,0,0,0,0,0,0,0,0,0,0,0,70,16,0,0,0,0,0,0,0,0,0,0,41,30,0,0,0,0,0,0,0,0,0,0,0,0,0,0,0,0,0,0,0,0,0,0,142,140,0,0,0,0,0,0,0,0,0,0,46,40,0,0,0,0,0,0,0,0,0,0,0,0,0,0,0,0,0,0,0,0,0,0,0,0,0,0,0,0,0,0,0,0,0,0,backward
28,0,0,0,0,0,0,0,0,0,0,0,177,15,0,0,0,0,0,0,0,0,0,0,47,4,0,0,0,0,0,0,0,0,0,0,0,0,0,0,0,0,0,0,0,0,0,0,145,78,0,0,0,0,0,0,0,0,0,0,77,59,0,0,0,0,0,0,0,0,0,0,0,0,0,0,0,0,0,0,0,0,0,0,0,0,0,0,0,0,0,0,0,0,0,0,backward
57,0,0,0,0,0,0,0,0,0,0,0,204,13,0,0,0,0,0,0,0,0,0,0,41,0,0,0,0,0,0,0,0,0,0,0,0,0,0,0,0,0,0,0,0,0,0,0,140,72,0,0,0,0,0,0,0,0,0,0,96,45,0,0,0,0,0,0,0,0,0,0,0,0,0,0,0,0,0,0,0,0,0,0,0,0,0,0,0,0,0,0,0,0,0,0,backward
69,0,0,0,0,0,0,0,0,0,0,0,102,27,0,0,0,0,0,0,0,0,0,0,4,0,0,0,0,0,0,0,0,0,0,0,0,0,0,0,0,0,0,0,0,0,0,0,100,60,0,0,0,0,0,0,0,0,0,0,102,47,0,0,0,0,0,0,0,0,0,0,0,0,0,0,0,0,0,0,0,0,0,0,0,0,0,0,0,0,0,0,0,0,0,0,backward
79,9,0,0,0,0,0,0,0,0,0,0,109,31,0,0,0,0,0,0,0,0,0,0,0,5,0,0,0,0,0,0,0,0,0,0,0,0,0,0,0,0,0,0,0,0,0,0,99,58,0,0,0,0,0,0,0,0,0,0,110,50,0,0,0,0,0,0,0,0,0,0,14,0,0,0,0,0,0,0,0,0,0,0,0,0,0,0,0,0,0,0,0,0,0,0,backward
0,0,0,0,0,0,0,0,0,0,0,0,62,5,0,0,0,0,0,0,0,0,0,0,187,43,0,0,0,0,0,0,0,0,0,0,42,0,0,0,0,0,0,0,0,0,0,0,162,120,0,0,0,0,0,0,0,0,0,0,66,54,0,0,0,0,0,0,0,0,0,0,0,0,0,0,0,0,0,0,0,0,0,0,0,0,0,0,0,0,0,0,0,0,0,0,backward
0,0,0,0,0,0,0,0,0,0,0,0,51,6,0,0,0,0,0,0,0,0,0,0,144,40,0,0,0,0,0,0,0,0,0,0,36,0,0,0,0,0,0,0,0,0,0,0,170,126,0,0,0,0,0,0,0,0,0,0,67,54,0,0,0,0,0,0,0,0,0,0,0,0,0,0,0,0,0,0,0,0,0,0,0,0,0,0,0,0,0,0,0,0,0,0,backward
0,0,0,0,0,0,0,0,0,0,0,0,58,10,0,0,0,0,0,0,0,0,0,0,138,39,0,0,0,0,0,0,0,0,0,0,28,0,0,0,0,0,0,0,0,0,0,0,178,130,0,0,0,0,0,0,0,0,0,0,60,56,0,0,0,0,0,0,0,0,0,0,0,0,0,0,0,0,0,0,0,0,0,0,0,0,0,0,0,0,0,0,0,0,0,0,backward
0,0,0,0,0,0,0,0,0,0,0,0,19,0,0,0,0,0,0,0,0,0,0,0,63,15,0,0,0,0,0,0,0,0,0,0,0,0,0,0,0,0,0,0,0,0,0,0,205,145,0,0,0,0,0,0,0,0,0,0,110,75,0,0,0,0,0,0,0,0,0,0,0,0,0,0,0,0,0,0,0,0,0,0,0,0,0,0,0,0,0,0,0,0,0,0,backward
0,62,30,0,0,0,0,0,0,0,0,0,0,48,47,0,0,0,0,0,0,0,0,0,0,15,116,0,0,0,0,0,0,0,0,0,0,0,0,0,0,0,0,0,0,0,0,0,102,136,4,0,0,0,0,0,0,0,0,0,106,108,31,0,0,0,0,0,0,0,0,0,0,0,0,0,0,0,0,0,0,0,0,0,0,0,0,0,0,0,0,0,0,0,0,0,backward
0,59,33,0,0,0,0,0,0,0,0,0,0,47,48,0,0,0,0,0,0,0,0,0,0,6,103,0,0,0,0,0,0,0,0,0,0,0,0,0,0,0,0,0,0,0,0,0,97,129,5,0,0,0,0,0,0,0,0,0,93,104,34,0,0,0,0,0,0,0,0,0,0,0,0,0,0,0,0,0,0,0,0,0,0,0,0,0,0,0,0,0,0,0,0,0,backward
0,72,51,0,0,0,0,0,0,0,0,0,0,53,50,0,0,0,0,0,0,0,0,0,0,0,90,0,0,0,0,0,0,0,0,0,0,0,0,0,0,0,0,0,0,0,0,0,78,106,0,0,0,0,0,0,0,0,0,0,85,97,26,0,0,0,0,0,0,0,0,0,0,0,0,0,0,0,0,0,0,0,0,0,0,0,0,0,0,0,0,0,0,0,0,0,backward
0,82,76,0,0,0,0,0,0,0,0,0,0,49,55,0,0,0,0,0,0,0,0,0,0,0,60,0,0,0,0,0,0,0,0,0,0,0,0,0,0,0,0,0,0,0,0,0,53,89,0,0,0,0,0,0,0,0,0,0,98,100,31,0,0,0,0,0,0,0,0,0,7,10,0,0,0,0,0,0,0,0,0,0,0,0,0,0,0,0,0,0,0,0,0,0,backward
0,81,79,0,0,0,0,0,0,0,0,0,0,51,59,0,0,0,0,0,0,0,0,0,0,0,41,0,0,0,0,0,0,0,0,0,0,0,0,0,0,0,0,0,0,0,0,0,34,78,0,0,0,0,0,0,0,0,0,0,92,102,40,0,0,0,0,0,0,0,0,0,11,28,0,0,0,0,0,0,0,0,0,0,0,0,0,0,0,0,0,0,0,0,0,0,backward
0,66,72,0,0,0,0,0,0,0,0,0,0,39,64,0,0,0,0,0,0,0,0,0,0,0,70,0,0,0,0,0,0,0,0,0,0,0,0,0,0,0,0,0,0,0,0,0,31,71,0,0,0,0,0,0,0,0,0,0,81,102,39,0,0,0,0,0,0,0,0,0,16,38,9,0,0,0,0,0,0,0,0,0,0,0,0,0,0,0,0,0,0,0,0,0,backward
0,76,71,0,0,0,0,0,0,0,0,0,0,42,61,0,0,0,0,0,0,0,0,0,0,0,80,0,0,0,0,0,0,0,0,0,0,0,0,0,0,0,0,0,0,0,0,0,28,76,0,0,0,0,0,0,0,0,0,0,43,87,51,0,0,0,0,0,0,0,0,0,0,39,33,0,0,0,0,0,0,0,0,0,0,0,0,0,0,0,0,0,0,0,0,0,backward
0,74,71,0,0,0,0,0,0,0,0,0,0,42,59,0,0,0,0,0,0,0,0,0,0,0,76,0,0,0,0,0,0,0,0,0,0,0,0,0,0,0,0,0,0,0,0,0,34,73,0,0,0,0,0,0,0,0,0,0,41,86,52,0,0,0,0,0,0,0,0,0,0,37,30,0,0,0,0,0,0,0,0,0,0,0,0,0,0,0,0,0,0,0,0,0,backward
0,71,71,0,0,0,0,0,0,0,0,0,0,33,58,0,0,0,0,0,0,0,0,0,0,0,45,0,0,0,0,0,0,0,0,0,0,0,0,0,0,0,0,0,0,0,0,0,19,58,0,0,0,0,0,0,0,0,0,0,38,79,46,0,0,0,0,0,0,0,0,0,0,39,31,0,0,0,0,0,0,0,0,0,0,0,0,0,0,0,0,0,0,0,0,0,backward
0,83,80,0,0,0,0,0,0,0,0,0,0,35,56,0,0,0,0,0,0,0,0,0,0,0,29,0,0,0,0,0,0,0,0,0,0,0,0,0,0,0,0,0,0,0,0,0,7,53,0,0,0,0,0,0,0,0,0,0,52,82,43,0,0,0,0,0,0,0,0,0,6,38,35,0,0,0,0,0,0,0,0,0,0,0,0,0,0,0,0,0,0,0,0,0,backward
0,86,78,0,0,0,0,0,0,0,0,0,0,18,46,0,0,0,0,0,0,0,0,0,0,0,9,0,0,0,0,0,0,0,0,0,0,0,0,0,0,0,0,0,0,0,0,0,0,18,0,0,0,0,0,0,0,0,0,0,39,78,31,0,0,0,0,0,0,0,0,0,32,41,47,0,0,0,0,0,0,0,0,0,0,0,0,0,0,0,0,0,0,0,0,0,backward
0,94,72,0,0,0,0,0,0,0,0,0,0,3,39,0,0,0,0,0,0,0,0,0,0,0,0,0,0,0,0,0,0,0,0,0,0,0,0,0,0,0,0,0,0,0,0,0,0,11,0,0,0,0,0,0,0,0,0,0,23,75,27,0,0,0,0,0,0,0,0,0,10,36,43,0,0,0,0,0,0,0,0,0,0,0,0,0,0,0,0,0,0,0,0,0,backward
0,89,68,0,0,0,0,0,0,0,0,0,0,0,34,0,0,0,0,0,0,0,0,0,0,0,0,0,0,0,0,0,0,0,0,0,0,0,0,0,0,0,0,0,0,0,0,0,0,0,0,0,0,0,0,0,0,0,0,0,13,51,13,0,0,0,0,0,0,0,0,0,7,28,37,0,0,0,0,0,0,0,0,0,0,0,0,0,0,0,0,0,0,0,0,0,backward
0,85,68,0,0,0,0,0,0,0,0,0,0,0,29,0,0,0,0,0,0,0,0,0,0,0,0,0,0,0,0,0,0,0,0,0,0,0,0,0,0,0,0,0,0,0,0,0,0,0,0,0,0,0,0,0,0,0,0,0,6,40,6,0,0,0,0,0,0,0,0,0,11,41,36,0,0,0,0,0,0,0,0,0,0,0,0,0,0,0,0,0,0,0,0,0,backward
42,133,30,0,0,0,0,0,0,0,0,0,0,0,0,0,0,0,0,0,0,0,0,0,0,0,0,0,0,0,0,0,0,0,0,0,0,0,0,0,0,0,0,0,0,0,0,0,0,0,0,0,0,0,0,0,0,0,0,0,118,8,0,0,0,0,0,0,0,0,0,0,176,0,0,0,0,0,0,0,0,0,0,0,48,0,0,0,0,0,0,0,0,0,0,0,backward
56,138,40,0,0,0,0,0,0,0,0,0,0,30,0,0,0,0,0,0,0,0,0,0,0,0,0,0,0,0,0,0,0,0,0,0,0,0,0,0,0,0,0,0,0,0,0,0,0,0,0,0,0,0,0,0,0,0,0,0,135,16,0,0,0,0,0,0,0,0,0,0,206,0,0,0,0,0,0,0,0,0,0,0,19,0,0,0,0,0,0,0,0,0,0,0,backward
112,146,36,0,0,0,0,0,0,0,0,0,0,49,0,0,0,0,0,0,0,0,0,0,0,0,0,0,0,0,0,0,0,0,0,0,0,0,0,0,0,0,0,0,0,0,0,0,0,0,0,0,0,0,0,0,0,0,0,0,179,28,0,0,0,0,0,0,0,0,0,0,139,0,0,0,0,0,0,0,0,0,0,0,0,0,0,0,0,0,0,0,0,0,0,0,backward
56,157,67,0,0,0,0,0,0,0,0,0,0,42,13,0,0,0,0,0,0,0,0,0,0,0,0,0,0,0,0,0,0,0,0,0,0,0,0,0,0,0,0,0,0,0,0,0,0,0,0,0,0,0,0,0,0,0,0,0,172,33,0,0,0,0,0,0,0,0,0,0,134,0,0,0,0,0,0,0,0,0,0,0,0,0,0,0,0,0,0,0,0,0,0,0,backward
14,154,70,0,0,0,0,0,0,0,0,0,0,30,10,0,0,0,0,0,0,0,0,0,0,0,0,0,0,0,0,0,0,0,0,0,0,0,0,0,0,0,0,0,0,0,0,0,0,0,0,0,0,0,0,0,0,0,0,0,152,29,0,0,0,0,0,0,0,0,0,0,149,0,0,0,0,0,0,0,0,0,0,0,9,0,0,0,0,0,0,0,0,0,0,0,backward
73,159,53,0,0,0,0,0,0,0,0,0,0,40,0,0,0,0,0,0,0,0,0,0,0,0,0,0,0,0,0,0,0,0,0,0,0,0,0,0,0,0,0,0,0,0,0,0,0,0,0,0,0,0,0,0,0,0,0,0,87,0,0,0,0,0,0,0,0,0,0,0,191,0,0,0,0,0,0,0,0,0,0,0,103,0,0,0,0,0,0,0,0,0,0,0,backward
37,143,72,0,0,0,0,0,0,0,0,0,0,64,39,0,0,0,0,0,0,0,0,0,0,0,0,0,0,0,0,0,0,0,0,0,0,0,0,0,0,0,0,0,0,0,0,0,0,0,0,0,0,0,0,0,0,0,0,0,103,23,0,0,0,0,0,0,0,0,0,0,138,0,0,0,0,0,0,0,0,0,0,0,26,0,0,0,0,0,0,0,0,0,0,0,backward
0,0,0,0,0,0,0,11,19,0,0,0,0,0,0,0,0,0,0,5,41,17,0,0,0,0,0,0,0,0,0,0,123,26,0,0,0,0,0,0,0,0,0,0,27,0,0,0,0,0,0,0,0,0,0,37,105,0,0,0,0,0,0,0,0,0,0,31,69,0,0,0,0,0,0,0,0,0,0,22,61,0,0,0,0,0,0,0,0,0,0,8,0,0,0,0,forward
0,0,0,0,0,0,0,16,49,0,0,0,0,0,0,0,0,0,0,0,57,38,0,0,0,0,0,0,0,0,0,0,89,10,0,0,0,0,0,0,0,0,0,0,7,0,0,0,0,0,0,0,0,0,0,20,86,0,0,0,0,0,0,0,0,0,0,18,67,0,0,0,0,0,0,0,0,0,0,23,72,0,0,0,0,0,0,0,0,0,0,10,0,0,0,0,forward
0,0,0,0,0,0,0,20,134,0,0,0,0,0,0,0,0,0,0,0,75,60,0,0,0,0,0,0,0,0,0,0,60,0,0,0,0,0,0,0,0,0,0,0,0,0,0,0,0,0,0,0,0,0,0,0,44,0,0,0,0,0,0,0,0,0,0,0,56,0,0,0,0,0,0,0,0,0,0,16,86,7,28,0,0,0,0,0,0,0,0,22,0,0,0,0,forward
0,0,0,0,0,0,0,0,0,0,0,0,0,0,0,0,0,0,0,0,37,71,0,0,0,0,0,0,0,0,0,0,73,54,0,0,0,0,0,0,0,0,0,0,36,0,0,0,0,0,0,0,0,0,0,0,27,0,0,0,0,0,0,0,0,0,0,0,46,0,0,0,0,0,0,0,0,0,0,0,91,0,39,0,0,0,0,0,0,0,0,11,22,0,0,0,forward
0,0,0,0,0,0,0,0,0,0,0,0,0,0,0,0,0,0,0,0,0,92,0,0,0,0,0,0,0,0,0,0,33,71,0,0,0,0,0,0,0,0,0,0,44,8,0,70,0,0,0,0,0,0,0,0,48,0,23,0,0,0,0,0,0,0,0,0,54,12,0,0,0,0,0,0,0,0,0,0,96,0,56,0,0,0,0,0,0,0,0,0,7,0,0,0,forward
0,0,0,0,0,0,0,0,0,0,0,0,0,0,0,0,0,0,0,0,0,70,0,0,0,0,0,0,0,0,0,0,49,72,0,0,0,0,0,0,0,0,0,0,63,18,0,17,0,0,0,0,0,0,0,0,142,22,20,0,0,0,0,0,0,0,0,0,71,10,0,0,0,0,0,0,0,0,0,0,70,0,0,0,0,0,0,0,0,0,0,0,0,0,0,0,forward
0,0,0,0,0,0,0,0,0,0,0,0,0,0,0,0,0,0,0,0,0,0,0,0,0,0,0,0,0,0,0,0,130,53,0,0,0,0,0,0,0,0,0,0,170,26,0,0,0,0,0,0,0,0,0,54,200,41,0,0,0,0,0,0,0,0,0,0,70,0,0,0,0,0,0,0,0,0,0,0,35,0,0,0,0,0,0,0,0,0,0,0,0,0,0,0,forward
0,0,0,0,0,0,0,0,0,0,0,0,0,0,0,0,0,0,0,0,4,0,0,0,0,0,0,0,0,0,0,0,137,59,0,0,0,0,0,0,0,0,0,0,189,24,0,0,0,0,0,0,0,0,0,71,206,22,0,0,0,0,0,0,0,0,0,19,62,0,0,0,0,0,0,0,0,0,0,0,28,0,0,0,0,0,0,0,0,0,0,0,0,0,0,0,forward
0,0,0,0,0,0,0,0,0,0,0,0,0,0,0,0,0,0,0,0,29,0,0,0,0,0,0,0,0,0,0,0,163,16,0,0,0,0,0,0,0,0,0,0,139,0,0,0,0,0,0,0,0,0,0,85,214,13,0,0,0,0,0,0,0,0,0,0,38,0,0,0,0,0,0,0,0,0,0,0,0,0,0,0,0,0,0,0,0,0,0,0,0,0,0,0,forward
0,0,0,0,0,0,0,0,0,0,0,0,0,0,0,0,0,0,0,0,28,0,0,0,0,0,0,0,0,0,0,0,167,10,0,0,0,0,0,0,0,0,0,0,158,0,0,0,0,0,0,0,0,0,0,79,211,15,0,0,0,0,0,0,0,0,0,0,46,0,0,0,0,0,0,0,0,0,0,0,0,0,0,0,0,0,0,0,0,0,0,0,0,0,0,0,forward
0,0,0,0,0,0,0,0,0,0,0,0,0,0,0,0,0,0,0,0,36,38,0,0,0,0,0,0,0,0,0,0,156,67,0,0,0,0,0,0,0,0,0,0,96,0,0,0,0,0,0,0,0,0,0,0,45,0,0,0,0,0,0,0,0,0,0,0,68,14,0,0,0,0,0,0,0,0,0,10,112,6,0,0,0,0,0,0,0,0,0,32,33,0,0,0,forward
0,0,0,0,0,0,0,0,0,0,0,0,0,0,0,0,0,0,0,0,0,50,0,0,0,0,0,0,0,0,0,0,68,67,0,0,0,0,0,0,0,0,0,0,86,6,0,0,0,0,0,0,0,0,0,0,6,0,0,0,0,0,0,0,0,0,0,0,46,17,0,0,0,0,0,0,0,0,0,0,120,32,43,0,0,0,0,0,0,0,0,13,34,0,0,0,forward
0,0,0,0,0,0,0,0,0,0,0,0,0,0,0,0,0,0,0,0,0,84,0,0,0,0,0,0,0,0,0,0,63,84,0,0,0,0,0,0,0,0,0,0,51,4,0,0,0,0,0,0,0,0,0,0,5,0,0,0,0,0,0,0,0,0,0,0,42,20,0,0,0,0,0,0,0,0,0,0,119,44,48,0,0,0,0,0,0,0,0,9,33,0,0,0,forward
0,0,0,0,0,0,0,0,0,0,0,0,0,0,0,0,0,0,0,0,0,80,0,0,0,0,0,0,0,0,0,0,104,95,0,0,0,0,0,0,0,0,0,0,61,3,0,0,0,0,0,0,0,0,0,0,35,0,0,0,0,0,0,0,0,0,0,0,68,16,0,0,0,0,0,0,0,0,0,0,112,12,0,0,0,0,0,0,0,0,0,35,21,0,0,0,forward
0,0,0,0,0,0,0,0,0,0,0,0,0,0,0,0,0,0,0,0,50,19,0,0,0,0,0,0,0,0,0,0,196,50,0,0,0,0,0,0,0,0,0,0,88,0,0,0,0,0,0,0,0,0,0,0,74,0,0,0,0,0,0,0,0,0,0,0,85,6,0,0,0,0,0,0,0,0,0,27,99,0,0,0,0,0,0,0,0,0,0,49,17,0,0,0,forward
0,0,0,0,0,0,0,0,5,0,0,0,0,0,0,0,0,0,0,0,86,27,0,0,0,0,0,0,0,0,0,0,167,21,0,0,0,0,0,0,0,0,0,0,31,0,0,0,0,0,0,0,0,0,0,0,63,0,0,0,0,0,0,0,0,0,0,10,75,0,0,0,0,0,0,0,0,0,0,44,95,0,0,0,0,0,0,0,0,0,0,55,17,0,0,0,forward
0,0,0,0,0,0,0,0,38,0,0,0,0,0,0,0,0,0,0,0,102,16,0,0,0,0,0,0,0,0,0,0,186,0,0,0,0,0,0,0,0,0,0,0,23,0,0,0,0,0,0,0,0,0,0,30,79,0,0,0,0,0,0,0,0,0,0,26,73,0,0,0,0,0,0,0,0,0,0,47,88,0,0,0,0,0,0,0,0,0,0,44,5,0,0,0,forward
0,0,0,0,0,0,0,23,37,0,0,0,0,0,0,0,0,0,0,21,94,0,0,0,0,0,0,0,0,0,0,0,171,0,0,0,0,0,0,0,0,0,0,0,20,0,0,0,0,0,0,0,0,0,0,53,96,0,0,0,0,0,0,0,0,0,0,45,76,0,0,0,0,0,0,0,0,0,0,45,79,0,0,0,0,0,0,0,0,0,0,19,0,0,0,0,forward
0,0,0,0,0,0,0,56,50,0,0,0,0,0,0,0,0,0,0,35,81,0,0,0,0,0,0,0,0,0,0,0,143,0,0,0,0,0,0,0,0,0,0,0,29,0,0,0,0,0,0,0,0,0,0,59,97,0,0,0,0,0,0,0,0,0,0,55,72,0,0,0,0,0,0,0,0,0,0,44,65,0,0,0,0,0,0,0,0,0,0,10,0,0,0,0,forward
0,0,0,0,0,0,0,61,54,0,0,0,0,0,0,0,0,0,0,39,76,0,0,0,0,0,0,0,0,0,0,0,127,0,0,0,0,0,0,0,0,0,0,0,31,0,0,0,0,0,0,0,0,0,0,51,70,0,0,0,0,0,0,0,0,0,0,50,67,0,0,0,0,0,0,0,0,0,0,39,62,0,0,0,0,0,0,0,0,0,0,15,0,0,0,0,forward
0,0,0,0,0,0,0,65,57,0,0,0,0,0,0,0,0,0,0,34,58,0,0,0,0,0,0,0,0,0,0,0,112,0,0,0,0,0,0,0,0,0,0,0,25,0,0,0,0,0,0,0,0,0,0,51,63,0,0,0,0,0,0,0,0,0,0,56,67,0,0,0,0,0,0,0,0,0,0,39,54,0,0,0,0,0,0,0,0,0,0,16,0,0,0,0,forward
0,0,0,0,0,0,0,70,58,0,0,0,0,0,0,0,0,0,0,31,49,0,0,0,0,0,0,0,0,0,0,0,109,0,0,0,0,0,0,0,0,0,0,0,30,0,0,0,0,0,0,0,0,0,0,45,47,0,0,0,0,0,0,0,0,0,0,52,54,0,0,0,0,0,0,0,0,0,0,31,45,0,0,0,0,0,0,0,0,0,0,20,0,0,0,0,forward
0,0,0,0,0,0,0,73,57,0,0,0,0,0,0,0,0,0,0,20,42,0,0,0,0,0,0,0,0,0,0,0,103,0,0,0,0,0,0,0,0,0,0,0,34,0,0,0,0,0,0,0,0,0,0,51,61,0,0,0,0,0,0,0,0,0,0,56,62,0,0,0,0,0,0,0,0,0,0,38,56,0,0,0,0,0,0,0,0,0,0,21,0,0,0,0,forward
0,0,0,0,0,0,0,0,29,0,0,0,0,0,0,0,0,0,0,0,57,55,0,0,0,0,0,0,0,0,0,0,97,40,0,0,0,0,0,0,0,0,0,0,51,0,0,0,0,0,0,0,0,0,0,35,92,0,0,0,0,0,0,0,0,0,0,26,79,0,0,0,0,0,0,0,0,0,0,44,88,0,0,0,0,0,0,0,0,0,0,34,0,0,0,0,forward
0,0,0,0,0,0,0,0,0,0,0,0,0,0,0,0,0,0,0,0,8,70,0,0,0,0,0,0,0,0,0,0,33,66,0,0,0,0,0,0,0,0,0,0,64,12,0,4,0,0,0,0,0,0,0,0,62,0,0,0,0,0,0,0,0,0,0,0,75,4,0,0,0,0,0,0,0,0,0,9,98,0,0,0,0,0,0,0,0,0,0,19,0,0,0,0,forward
0,0,0,0,0,0,0,0,0,0,0,0,0,0,0,0,0,0,0,0,0,120,0,0,0,0,0,0,0,0,0,0,9,98,0,0,0,0,0,0,0,0,0,0,51,22,0,51,0,0,0,0,0,0,0,0,25,0,0,0,0,0,0,0,0,0,0,0,55,13,0,0,0,0,0,0,0,0,0,0,105,13,60,0,0,0,0,0,0,0,0,0,0,0,0,0,forward
0,0,0,0,0,0,0,0,0,0,0,0,0,0,0,0,0,0,0,0,0,180,0,0,0,0,0,0,0,0,0,0,15,110,0,0,0,0,0,0,0,0,0,0,0,6,0,41,0,0,0,0,0,0,0,0,14,0,21,0,0,0,0,0,0,0,0,0,39,22,0,0,0,0,0,0,0,0,0,0,103,18,82,0,0,0,0,0,0,0,0,0,0,0,0,0,forward
0,0,0,0,0,0,0,0,0,0,0,0,0,0,0,0,0,0,0,0,7,159,0,0,0,0,0,0,0,0,0,0,81,112,0,0,0,0,0,0,0,0,0,0,36,14,0,0,0,0,0,0,0,0,0,0,72,3,0,0,0,0,0,0,0,0,0,0,76,12,0,0,0,0,0,0,0,0,0,0,109,3,0,0,0,0,0,0,0,0,0,24,0,0,0,0,forward
0,0,0,0,0,0,0,0,0,0,0,0,0,0,0,0,0,0,0,0,64,39,0,0,0,0,0,0,0,0,0,0,141,34,0,0,0,0,0,0,0,0,0,0,45,0,0,0,0,0,0,0,0,0,0,0,55,0,0,0,0,0,0,0,0,0,0,0,79,0,0,0,0,0,0,0,0,0,0,36,111,0,0,0,0,0,0,0,0,0,0,58,13,0,0,0,forward
0,0,0,0,0,0,0,0,50,0,0,0,0,0,0,0,0,0,0,0,86,32,0,0,0,0,0,0,0,0,0,0,136,0,0,0,0,0,0,0,0,0,0,0,20,0,0,0,0,0,0,0,0,0,0,0,64,0,0,0,0,0,0,0,0,0,0,0,77,0,0,0,0,0,0,0,0,0,0,35,100,0,0,0,0,0,0,0,0,0,0,54,16,0,0,0,forward
0,0,0,0,0,0,0,35,92,0,0,0,0,0,0,0,0,0,0,10,81,15,0,0,0,0,0,0,0,0,0,0,112,0,0,0,0,0,0,0,0,0,0,0,0,0,0,0,0,0,0,0,0,0,0,23,80,0,0,0,0,0,0,0,0,0,0,16,76,0,0,0,0,0,0,0,0,0,0,40,88,0,0,0,0,0,0,0,0,0,0,39,9,0,0,0,forward
0,0,0,0,0,0,0,38,103,0,0,0,0,0,0,0,0,0,0,12,72,18,0,0,0,0,0,0,0,0,0,0,99,0,0,0,0,0,0,0,0,0,0,0,0,0,0,0,0,0,0,0,0,0,0,50,96,0,0,0,0,0,0,0,0,0,0,40,78,0,0,0,0,0,0,0,0,0,0,41,77,0,0,0,0,0,0,0,0,0,0,12,0,0,0,0,forward
0,0,0,0,0,0,0,60,107,0,0,0,0,0,0,0,0,0,0,18,71,9,0,0,0,0,0,0,0,0,0,0,113,0,0,0,0,0,0,0,0,0,0,0,8,0,0,0,0,0,0,0,0,0,0,53,94,0,0,0,0,0,0,0,0,0,0,46,74,0,0,0,0,0,0,0,0,0,0,41,69,0,0,0,0,0,0,0,0,0,0,7,0,0,0,0,forward
0,0,0,0,0,0,0,42,43,0,0,0,0,0,0,0,0,0,0,27,63,5,0,0,0,0,0,0,0,0,0,0,141,0,0,0,0,0,0,0,0,0,0,0,30,0,0,0,0,0,0,0,0,0,0,53,86,0,0,0,0,0,0,0,0,0,0,42,68,0,0,0,0,0,0,0,0,0,0,30,61,0,0,0,0,0,0,0,0,0,0,6,0,0,0,0,forward
0,0,0,0,0,0,0,26,22,0,0,0,0,0,0,0,0,0,0,19,39,22,0,0,0,0,0,0,0,0,0,0,116,10,0,0,0,0,0,0,0,0,0,0,39,0,0,0,0,0,0,0,0,0,11,67,97,0,0,0,0,0,0,0,0,0,0,47,63,0,0,0,0,0,0,0,0,0,0,20,49,0,0,0,0,0,0,0,0,0,0,0,0,0,0,0,forward
0,0,0,0,0,0,0,41,21,0,0,0,0,0,0,0,0,0,0,26,41,0,0,0,0,0,0,0,0,0,0,0,133,0,0,0,0,0,0,0,0,0,0,8,35,0,0,0,0,0,0,0,0,0,13,68,93,0,0,0,0,0,0,0,0,0,0,52,62,0,0,0,0,0,0,0,0,0,0,22,49,0,0,0,0,0,0,0,0,0,0,0,0,0,0,0,forward
0,0,0,0,0,0,0,29,37,0,0,0,0,0,0,0,0,0,0,23,55,9,0,0,0,0,0,0,0,0,0,0,121,0,0,0,0,0,0,0,0,0,0,0,39,0,0,0,0,0,0,0,0,0,0,64,114,0,0,0,0,0,0,0,0,0,0,46,82,0,0,0,0,0,0,0,0,0,0,27,70,0,0,0,0,0,0,0,0,0,0,0,0,0,0,0,forward
0,0,0,0,0,0,0,0,0,0,0,0,0,0,0,0,0,0,0,0,26,23,0,0,0,0,0,0,0,0,0,0,78,38,0,0,0,0,0,0,0,0,0,0,78,0,0,0,0,0,0,0,0,0,0,44,138,0,0,0,0,0,0,0,0,0,0,7,80,0,0,0,0,0,0,0,0,0,0,0,71,0,0,0,0,0,0,0,0,0,0,0,0,0,0,0,forward
0,0,0,0,0,0,0,0,0,0,0,0,0,0,0,0,0,0,0,0,0,0,0,0,0,0,0,0,0,0,0,0,0,34,0,0,0,0,0,0,0,0,0,0,185,55,0,0,0,0,0,0,0,0,0,61,195,43,0,0,0,0,0,0,0,0,0,0,73,0,0,0,0,0,0,0,0,0,0,0,11,0,0,0,0,0,0,0,0,0,0,0,0,0,0,0,forward
0,0,0,0,0,0,0,0,0,0,0,0,0,0,0,0,0,0,0,0,0,0,0,0,0,0,0,0,0,0,0,0,0,46,0,0,0,0,0,0,0,0,0,0,130,60,0,28,0,0,0,0,0,0,0,0,124,10,0,0,0,0,0,0,0,0,0,0,81,19,0,0,0,0,0,0,0,0,0,0,85,0,0,0,0,0,0,0,0,0,0,0,0,0,0,0,forward
0,0,0,0,0,0,0,0,0,0,0,0,0,0,0,0,0,0,0,0,0,40,0,0,0,0,0,0,0,0,0,0,28,74,0,0,0,0,0,0,0,0,0,0,81,36,0,0,0,0,0,0,0,0,0,0,67,3,0,0,0,0,0,0,0,0,0,0,82,30,0,0,0,0,0,0,0,0,0,0,101,24,30,0,0,0,0,0,0,0,0,0,0,0,0,0,forward
0,0,0,0,0,0,0,0,0,0,0,0,0,0,0,0,0,0,0,0,9,66,0,0,0,0,0,0,0,0,0,0,80,73,0,0,0,0,0,0,0,0,0,0,60,11,0,0,0,0,0,0,0,0,0,0,62,0,0,0,0,0,0,0,0,0,0,0,79,19,0,0,0,0,0,0,0,0,0,0,110,19,0,0,0,0,0,0,0,0,0,0,0,0,0,0,forward
0,0,0,0,0,0,0,0,0,0,0,0,0,0,0,0,0,0,0,0,0,82,0,0,0,0,0,0,0,0,0,0,39,81,0,0,0,0,0,0,0,0,0,0,50,20,0,0,0,0,0,0,0,0,0,0,52,0,0,0,0,0,0,0,0,0,0,0,73,21,0,0,0,0,0,0,0,0,0,0,111,16,0,0,0,0,0,0,0,0,0,0,0,0,0,0,forward
0,0,0,0,0,0,0,0,0,0,0,0,0,0,0,0,0,0,0,0,0,93,0,0,0,0,0,0,0,0,0,0,11,92,0,0,0,0,0,0,0,0,0,0,33,23,0,28,0,0,0,0,0,0,0,0,45,0,0,0,0,0,0,0,0,0,0,0,64,29,0,0,0,0,0,0,0,0,0,0,108,23,43,0,0,0,0,0,0,0,0,0,0,0,0,0,forward
0,0,0,0,0,0,0,0,0,0,0,0,0,0,0,0,0,0,0,0,0,131,0,0,0,0,0,0,0,0,0,0,0,94,0,0,0,0,0,0,0,0,0,0,3,11,0,29,0,0,0,0,0,0,0,0,42,5,5,0,0,0,0,0,0,0,0,0,65,37,0,0,0,0,0,0,0,0,0,0,111,25,50,0,0,0,0,0,0,0,0,0,0,0,0,0,forward
0,0,0,0,0,0,0,0,0,0,0,0,0,0,0,0,0,0,0,0,0,148,0,0,0,0,0,0,0,0,0,0,42,96,0,0,0,0,0,0,0,0,0,0,10,3,0,0,0,0,0,0,0,0,0,0,60,5,0,0,0,0,0,0,0,0,0,0,76,13,0,0,0,0,0,0,0,0,0,0,116,26,0,0,0,0,0,0,0,0,0,8,14,0,0,0,forward
0,0,0,0,0,0,0,0,0,0,0,0,0,0,0,0,0,0,0,0,0,143,0,0,0,0,0,0,0,0,0,0,68,93,0,0,0,0,0,0,0,0,0,0,21,0,0,0,0,0,0,0,0,0,0,0,37,0,0,0,0,0,0,0,0,0,0,0,70,11,0,0,0,0,0,0,0,0,0,0,116,54,0,0,0,0,0,0,0,0,0,13,23,0,0,0,forward
0,0,0,0,0,0,0,0,0,0,0,0,0,0,0,0,0,0,0,0,3,93,0,0,0,0,0,0,0,0,0,0,95,93,0,0,0,0,0,0,0,0,0,0,50,11,0,0,0,0,0,0,0,0,0,0,47,0,0,0,0,0,0,0,0,0,0,0,70,7,0,0,0,0,0,0,0,0,0,14,111,22,0,0,0,0,0,0,0,0,0,29,25,0,0,0,forward
0,0,0,0,0,0,0,0,0,0,0,0,0,0,0,0,0,0,0,0,53,15,0,0,0,0,0,0,0,0,0,0,159,37,0,0,0,0,0,0,0,0,0,0,88,0,0,0,0,0,0,0,0,0,0,0,90,0,0,0,0,0,0,0,0,0,0,0,82,0,0,0,0,0,0,0,0,0,0,34,110,0,0,0,0,0,0,0,0,0,0,34,17,0,0,0,forward
0,0,28,0,0,0,0,0,10,0,0,0,0,0,39,0,0,0,0,0,22,0,0,0,0,15,52,0,0,0,0,0,0,0,0,0,0,0,17,0,0,0,0,0,26,0,0,0,4,16,0,0,0,0,0,31,10,0,0,0,45,38,34,0,0,0,0,0,44,0,0,0,0,0,0,0,0,0,0,5,19,0,0,0,0,0,0,0,0,0,0,0,0,0,0,0,none
0,0,25,0,0,0,0,0,8,0,0,0,0,0,48,6,0,0,0,0,23,0,0,0,0,16,58,0,0,0,0,0,0,0,0,0,0,0,30,0,0,0,0,0,0,0,0,0,0,14,0,0,0,0,0,23,4,0,0,0,80,71,52,0,0,0,0,10,49,0,0,0,0,21,11,0,0,0,0,15,20,0,0,0,0,0,0,0,0,0,0,0,0,0,0,0,none
0,0,26,0,0,0,0,0,5,0,0,0,0,0,46,6,0,0,0,0,21,0,0,0,0,16,58,0,0,0,0,0,0,0,0,0,0,0,30,0,0,0,0,0,0,0,0,0,0,17,0,0,0,0,0,22,0,0,0,0,73,66,49,0,0,0,0,8,47,0,0,0,0,19,9,0,0,0,0,17,23,0,0,0,0,0,0,0,0,0,0,0,0,0,0,0,none
0,0,26,0,0,0,0,3,8,0,0,0,0,0,47,6,0,0,0,0,21,0,0,0,0,16,58,0,0,0,0,0,0,0,0,0,0,0,31,0,0,0,0,0,0,0,0,0,0,9,0,0,0,0,0,16,0,0,0,0,75,66,49,0,0,0,0,10,47,0,0,0,0,19,13,0,0,0,0,17,22,0,0,0,0,0,0,0,0,0,0,0,0,0,0,0,none
0,0,25,0,0,0,0,3,9,0,0,0,0,0,48,7,0,0,0,0,21,0,0,0,0,16,59,0,0,0,0,0,0,0,0,0,0,0,28,0,0,0,0,0,0,0,0,0,0,11,0,0,0,0,0,21,3,0,0,0,73,66,48,0,0,0,0,10,47,0,0,0,0,21,13,0,0,0,0,15,21,0,0,0,0,0,0,0,0,0,0,0,0,0,0,0,none
0,0,25,0,0,0,0,0,7,0,0,0,0,0,48,6,0,0,0,0,21,0,0,0,0,18,59,0,0,0,0,0,0,0,0,0,0,0,30,0,0,0,0,0,0,0,0,0,0,13,0,0,0,0,0,22,4,0,0,0,73,66,49,0,0,0,0,11,49,0,0,0,0,21,13,0,0,0,0,17,20,0,0,0,0,0,0,0,0,0,0,0,0,0,0,0,none
0,0,30,0,0,0,0,5,10,0,0,0,0,0,44,5,0,0,0,0,20,0,0,0,0,8,55,0,0,0,0,0,0,0,0,0,0,0,26,0,0,0,0,0,0,0,0,0,0,12,0,0,0,0,0,23,4,0,0,0,74,65,49,0,0,0,0,11,50,0,0,0,0,22,14,0,0,0,0,17,20,0,0,0,0,0,0,0,0,0,0,0,0,0,0,0,none
0,0,31,0,0,0,0,5,7,0,0,0,0,0,47,8,0,0,0,0,22,0,0,0,0,9,56,0,0,0,0,0,0,0,0,0,0,0,22,0,0,0,0,0,4,0,0,0,0,7,0,0,0,0,0,22,3,0,0,0,71,63,48,0,0,0,0,10,48,0,0,0,0,22,16,0,0,0,0,20,25,0,0,0,0,0,0,0,0,0,0,0,0,0,0,0,none
0,0,34,0,0,0,0,7,10,0,0,0,0,0,48,9,0,0,0,0,21,0,0,0,0,7,55,0,0,0,0,0,0,0,0,0,0,0,20,0,0,0,0,0,7,0,0,0,0,13,0,0,0,0,0,25,6,0,0,0,70,62,47,0,0,0,0,4,43,0,0,0,0,21,11,0,0,0,0,20,24,0,0,0,0,0,0,0,0,0,0,0,0,0,0,0,none
0,0,38,0,0,0,0,10,9,0,0,0,0,0,44,9,0,0,0,0,22,0,0,0,0,0,52,0,0,0,0,0,0,0,0,0,0,0,13,0,0,0,0,0,7,0,0,0,0,7,0,0,0,0,0,19,0,0,0,0,75,63,46,0,0,0,0,5,44,0,0,0,0,21,14,0,0,0,0,19,22,0,0,0,0,0,0,0,0,0,0,3,0,0,0,0,none
0,0,39,0,0,0,0,12,15,0,0,0,0,0,43,10,0,0,0,0,23,0,0,0,0,0,50,0,0,0,0,0,0,0,0,0,0,0,0,0,0,0,0,0,0,0,0,0,0,0,0,0,0,0,0,17,0,0,0,0,74,67,49,0,0,0,0,9,49,0,0,0,0,26,18,0,0,0,0,20,23,0,0,0,0,0,0,0,0,0,0,0,0,0,0,0,none
0,0,47,0,0,0,0,23,29,0,0,0,0,0,41,8,0,0,0,0,19,0,0,0,0,0,50,0,0,0,0,0,0,0,0,0,0,0,0,0,0,0,0,0,0,0,0,0,0,0,0,0,0,0,0,10,0,0,0,0,84,74,51,0,0,0,0,6,44,0,0,0,0,35,24,0,0,0,0,20,23,0,0,0,0,13,0,0,0,0,0,7,4,0,0,0,none
0,0,52,0,0,0,0,32,47,0,0,0,0,0,38,7,0,0,0,0,14,0,0,0,0,0,53,0,0,0,0,0,0,0,0,0,0,0,0,0,0,0,0,0,0,0,0,0,0,0,0,0,0,0,0,4,0,0,0,0,78,73,50,0,0,0,0,0,36,0,0,0,0,35,26,0,0,0,0,18,24,0,0,0,0,34,0,0,0,0,0,13,9,0,0,0,none
0,0,55,0,17,0,0,39,53,0,0,0,0,0,36,5,0,0,0,0,4,0,0,0,0,0,52,0,0,0,0,0,0,0,0,0,0,0,0,0,0,0,0,0,0,0,0,0,0,0,0,0,0,0,0,0,0,0,0,0,62,66,40,0,0,0,0,0,24,0,0,0,0,40,28,0,0,0,0,20,29,0,0,0,0,45,0,0,0,0,0,23,14,0,0,0,none
0,0,60,12,52,0,0,45,81,0,0,0,0,0,35,0,0,0,0,0,0,0,0,0,0,0,40,0,0,0,0,0,0,0,0,0,0,0,0,0,0,0,0,0,0,0,0,0,0,0,0,0,0,0,0,0,0,0,0,0,49,67,35,0,0,0,0,0,20,0,0,0,0,43,31,0,0,0,0,19,30,0,0,0,0,78,0,0,0,0,0,26,14,0,0,0,strafe_left
0,0,62,20,63,4,0,50,88,0,0,0,0,0,36,0,0,0,0,0,0,0,0,0,0,0,31,0,0,0,0,0,0,0,0,0,0,0,0,0,0,0,0,0,0,0,0,0,0,0,0,0,0,0,0,0,0,0,0,0,15,48,24,0,0,0,0,0,0,0,0,0,0,37,28,0,0,0,0,16,29,0,0,0,0,105,0,0,0,0,0,33,23,0,0,0,strafe_left
0,0,73,28,76,10,8,58,104,0,0,0,0,0,36,0,0,0,0,0,0,0,0,0,0,0,21,0,0,0,0,0,0,0,0,0,0,0,0,0,0,0,0,0,0,0,0,0,0,0,0,0,0,0,0,0,0,0,0,0,16,42,19,0,0,0,0,0,0,0,0,0,6,45,30,0,0,0,0,13,34,0,0,0,0,121,0,0,0,0,0,33,21,0,0,0,strafe_left
0,0,36,7,68,16,29,75,191,0,0,0,0,0,17,0,0,0,0,0,0,0,0,0,0,0,0,0,0,0,0,0,0,0,0,0,0,0,0,0,0,0,0,0,0,0,0,0,0,0,0,0,0,0,0,0,0,0,0,0,0,13,7,0,0,0,0,0,10,0,0,0,0,5,17,0,0,0,0,21,45,0,0,0,0,86,0,0,0,0,0,37,29,0,0,0,strafe_left
0,0,29,0,64,16,32,77,223,0,0,0,0,0,16,0,0,0,0,0,0,0,0,0,0,0,0,0,0,0,0,0,0,0,0,0,0,0,0,0,0,0,0,0,0,0,0,0,0,0,0,0,0,0,0,0,0,0,0,0,0,14,10,0,0,0,0,0,10,0,0,0,0,4,16,0,0,0,0,17,40,0,0,0,0,84,0,0,0,0,0,36,24,0,0,0,strafe_left
0,0,30,4,74,22,39,86,240,0,0,0,0,0,16,0,0,0,0,0,0,0,0,0,0,0,0,0,0,0,0,0,0,0,0,0,0,0,0,0,0,0,0,0,0,0,0,0,0,0,0,0,0,0,0,0,0,0,0,0,0,16,7,0,0,0,0,0,7,0,0,0,0,8,15,0,0,0,0,17,42,0,0,0,0,95,0,0,0,0,0,38,28,0,0,0,strafe_left
0,0,33,5,73,22,40,84,240,0,0,0,0,0,16,0,0,0,0,0,0,0,0,0,0,0,0,0,0,0,0,0,0,0,0,0,0,0,0,0,0,0,0,0,0,0,0,0,0,0,0,0,0,0,0,0,0,0,0,0,0,11,5,0,0,0,0,0,0,0,0,0,0,10,17,0,0,0,0,13,40,0,0,0,0,93,0,0,0,0,0,41,26,0,0,0,strafe_left
0,0,47,15,85,29,48,93,240,0,0,0,0,0,21,0,0,0,0,0,0,0,0,0,0,0,0,0,0,0,0,0,0,0,0,0,0,0,0,0,0,0,0,0,0,0,0,0,0,0,0,0,0,0,0,0,0,0,0,0,0,10,0,0,0,0,0,0,0,0,0,0,0,14,17,0,0,0,0,10,36,0,0,0,0,112,0,0,0,0,0,44,37,0,0,0,strafe_left
0,0,86,35,71,8,8,50,71,0,0,0,0,0,36,0,0,0,0,0,0,0,0,0,0,0,9,0,0,0,0,0,0,0,0,0,0,0,0,0,0,0,0,0,0,0,0,0,0,0,0,0,0,0,0,0,0,0,0,0,0,16,8,0,0,0,0,0,0,0,0,0,0,15,18,0,0,0,0,0,26,0,0,0,0,115,0,0,0,0,0,41,32,0,0,0,strafe_left
0,0,88,38,70,5,7,53,80,0,0,0,0,0,39,0,0,0,0,0,0,0,0,0,0,0,11,0,0,0,0,0,0,0,0,0,0,0,0,0,0,0,0,0,0,0,0,0,0,0,0,0,0,0,0,0,0,0,0,0,0,14,4,0,0,0,0,0,0,0,0,0,0,19,18,0,0,0,0,0,31,0,0,0,0,121,0,0,0,0,0,45,36,0,0,0,strafe_left
0,0,95,44,70,5,9,49,86,0,0,0,0,0,44,0,0,0,0,0,0,0,0,0,0,0,15,0,0,0,0,0,0,0,0,0,0,0,0,0,0,0,0,0,0,0,0,0,0,0,0,0,0,0,0,0,0,0,0,0,0,0,0,0,0,0,0,0,0,0,0,0,0,10,14,0,0,0,0,0,31,0,0,0,0,129,0,0,0,0,0,59,40,0,0,0,strafe_left
0,4,119,50,65,0,3,44,55,0,0,0,0,0,50,0,0,0,0,0,0,0,0,0,0,0,15,0,0,0,0,0,0,0,0,0,0,0,0,0,0,0,0,0,0,0,0,0,0,0,0,0,0,0,0,0,0,0,0,0,0,0,0,0,0,0,0,0,0,0,0,0,16,18,18,0,0,0,0,0,28,0,0,0,0,161,0,0,0,0,0,62,45,0,0,0,strafe_left
0,0,114,45,58,0,7,43,66,0,0,0,0,0,47,0,0,0,0,0,0,0,0,0,0,0,5,0,0,0,0,0,0,0,0,0,0,0,0,0,0,0,0,0,0,0,0,0,0,0,0,0,0,0,0,0,0,0,0,0,0,6,0,0,0,0,0,0,0,0,0,0,28,21,23,0,0,0,0,0,24,0,0,0,0,194,0,0,0,0,0,64,45,0,0,0,strafe_left
0,0,94,38,63,0,10,50,71,0,0,0,0,0,43,0,0,0,0,0,0,0,0,0,0,0,16,0,0,0,0,0,0,0,0,0,0,0,0,0,0,0,0,0,0,0,0,0,0,0,0,0,0,0,0,0,0,0,0,0,0,0,0,0,0,0,0,0,0,0,0,0,28,16,19,0,0,0,0,0,19,0,0,0,0,220,10,0,0,0,0,65,49,0,0,0,strafe_left
0,0,49,20,80,26,50,83,153,0,0,0,0,0,25,0,0,0,0,0,0,0,0,0,0,0,0,0,0,0,0,0,0,0,0,0,0,0,0,0,0,0,0,0,0,0,0,0,0,0,0,0,0,0,0,0,0,0,0,0,0,8,0,0,0,0,0,0,0,0,0,0,31,16,20,0,0,0,0,0,24,0,0,0,0,171,0,0,0,0,0,49,40,0,0,0,strafe_left
0,0,40,11,72,30,48,84,172,0,0,0,0,0,19,0,0,0,0,0,0,0,0,0,0,0,0,0,0,0,0,0,0,0,0,0,0,0,0,0,0,0,0,0,0,0,0,0,0,0,0,0,0,0,0,0,0,0,0,0,0,19,7,0,0,0,0,0,0,0,0,0,10,18,19,0,0,0,0,0,24,0,0,0,0,134,0,0,0,0,0,42,25,0,0,0,strafe_left
0,0,72,29,74,19,17,61,86,0,0,0,0,0,35,0,0,0,0,0,0,0,0,0,0,0,36,0,0,0,0,0,0,0,0,0,0,0,0,0,0,0,0,0,0,0,0,0,0,0,0,0,0,0,0,0,0,0,0,0,0,27,12,0,0,0,0,0,0,0,0,0,8,24,22,0,0,0,0,5,26,0,0,0,0,131,0,0,0,0,0,32,18,0,0,0,strafe_left
0,0,90,42,51,0,0,41,37,0,0,0,0,0,49,0,0,0,0,0,0,0,0,0,0,0,49,0,0,0,0,0,0,0,0,0,0,0,0,0,0,0,0,0,0,0,0,0,0,0,0,0,0,0,0,0,0,0,0,0,46,50,28,0,0,0,0,0,0,0,0,0,19,28,31,0,0,0,0,0,8,0,0,0,0,137,0,0,0,0,0,12,0,0,0,0,strafe_left
0,5,79,26,7,0,0,27,4,0,0,0,0,19,60,0,0,0,0,0,0,0,0,0,0,0,58,0,0,0,0,0,0,0,0,0,0,0,0,0,0,0,0,0,0,0,0,0,0,0,0,0,0,0,0,0,0,0,0,0,88,53,37,0,0,0,0,0,0,0,0,0,15,37,36,0,0,0,0,0,0,0,0,0,0,122,0,0,0,0,0,0,0,0,0,0,strafe_left
0,0,44,0,0,0,0,30,22,0,0,0,0,14,54,13,0,0,0,0,4,0,0,0,0,0,71,0,0,0,0,0,0,0,0,0,0,0,0,0,0,0,0,0,0,0,0,0,0,0,0,0,0,0,0,0,0,0,0,0,59,47,33,0,0,0,0,0,0,0,0,0,0,24,27,0,0,0,0,0,7,0,0,0,0,93,0,0,0,0,0,8,0,0,0,0,strafe_left
0,0,0,0,0,0,0,0,0,0,0,0,0,0,13,0,0,0,0,0,0,0,0,0,0,0,42,0,0,0,0,0,0,0,0,0,0,0,34,0,0,0,0,0,81,91,9,0,33,25,0,0,0,0,0,0,0,0,0,0,0,0,0,0,0,0,0,0,0,0,0,0,0,0,0,0,0,0,0,0,0,0,0,0,0,0,0,0,0,0,0,0,0,0,0,0,strafe_right
0,0,0,0,0,0,0,0,0,0,0,0,0,0,0,0,0,0,0,0,0,0,0,0,0,0,32,0,0,0,0,0,0,0,0,0,0,0,31,0,0,0,0,0,92,113,29,5,31,27,0,0,0,0,0,0,0,0,0,0,0,0,0,0,0,0,0,0,0,0,0,0,0,0,0,0,0,0,0,0,0,0,0,0,0,0,0,0,0,0,0,0,0,0,0,0,strafe_right
0,0,0,0,0,0,0,0,0,0,0,0,0,0,14,0,0,0,0,0,0,0,0,0,0,0,40,0,0,0,0,0,0,0,0,0,0,0,32,0,0,0,0,0,63,76,0,0,28,24,0,0,0,0,4,75,21,0,0,0,0,0,3,0,0,0,0,0,0,0,0,0,0,0,0,0,0,0,0,0,0,0,0,0,0,0,0,0,0,0,0,0,0,0,0,0,strafe_right
0,0,0,0,0,0,0,0,0,0,0,0,0,0,18,0,0,0,0,0,0,0,0,0,0,0,39,0,0,0,0,0,0,0,0,0,0,0,31,0,0,0,0,0,75,89,0,0,40,27,3,0,0,0,4,76,20,0,0,0,0,0,0,0,0,0,0,0,0,0,0,0,0,0,0,0,0,0,0,0,0,0,0,0,0,0,0,0,0,0,0,0,0,0,0,0,strafe_right
0,0,0,0,0,0,0,0,0,0,0,0,0,0,32,0,0,0,0,0,0,0,0,0,0,0,47,0,0,0,0,0,0,0,0,0,0,0,38,0,0,0,0,0,66,67,0,0,82,73,22,0,0,0,0,51,0,0,0,0,0,21,16,0,0,0,0,0,0,0,0,0,0,0,0,0,0,0,0,0,0,0,0,0,0,0,0,0,0,0,0,0,0,0,0,0,strafe_right
0,0,0,0,0,0,0,0,0,0,0,0,0,0,38,0,0,0,0,0,0,0,0,0,0,0,48,0,0,0,0,0,0,0,0,0,0,0,40,0,0,0,0,0,67,63,0,0,87,77,24,0,0,0,0,50,0,0,0,0,0,23,17,0,0,0,0,0,0,0,0,0,0,0,0,0,0,0,0,0,0,0,0,0,0,0,0,0,0,0,0,0,0,0,0,0,strafe_right
0,0,0,0,0,0,0,0,0,0,0,0,0,0,23,0,0,0,0,0,0,0,0,0,0,0,38,0,0,0,0,0,0,0,0,0,0,0,30,0,0,0,0,0,75,84,0,0,71,66,21,0,0,0,0,59,9,0,0,0,0,19,18,0,0,0,0,0,0,0,0,0,0,0,0,0,0,0,0,0,0,0,0,0,0,0,0,0,0,0,0,0,0,0,0,0,strafe_right
0,0,0,0,0,0,0,0,0,0,0,0,0,0,9,0,0,0,0,0,0,0,0,0,0,0,33,0,0,0,0,0,3,0,0,0,0,0,26,0,0,0,0,0,80,96,0,0,67,58,17,0,0,0,0,67,14,0,0,0,0,16,17,0,0,0,0,0,0,0,0,0,0,0,0,0,0,0,0,0,0,0,0,0,0,0,0,0,0,0,0,0,0,0,0,0,strafe_right
0,0,0,0,0,0,0,0,0,0,0,0,0,0,10,0,0,0,0,0,0,0,0,0,0,0,33,0,0,0,0,0,3,0,0,0,0,0,26,0,0,0,0,0,83,98,0,0,68,60,19,0,0,0,0,65,13,0,0,0,0,17,16,0,0,0,0,0,0,0,0,0,0,0,0,0,0,0,0,0,0,0,0,0,0,0,0,0,0,0,0,0,0,0,0,0,strafe_right
0,0,0,0,0,0,0,0,0,0,0,0,0,0,7,0,0,0,0,0,0,0,0,0,0,0,35,0,0,0,0,0,4,0,0,0,0,0,25,0,0,0,0,0,84,95,0,0,69,60,20,0,0,0,0,69,16,0,0,0,0,18,17,0,0,0,0,0,0,0,0,0,0,0,0,0,0,0,0,0,0,0,0,0,0,0,0,0,0,0,0,0,0,0,0,0,strafe_right
0,0,0,0,0,0,0,0,0,0,0,0,0,0,20,0,0,0,0,0,0,0,0,0,0,0,39,0,0,0,0,0,7,0,0,0,0,0,27,0,0,0,0,0,70,74,0,0,74,69,25,0,0,0,0,69,18,0,0,0,3,28,22,0,0,0,0,0,0,0,0,0,0,0,0,0,0,0,0,0,0,0,0,0,0,0,0,0,0,0,0,0,0,0,0,0,strafe_right
0,0,0,0,0,0,0,0,0,0,0,0,0,0,30,0,0,0,0,0,0,0,0,0,0,0,40,0,0,0,0,0,7,0,0,0,0,0,23,0,0,0,0,0,49,44,0,0,83,74,26,0,0,0,0,56,13,0,0,0,45,46,29,0,0,0,0,0,0,0,0,0,0,0,0,0,0,0,0,0,0,0,0,0,0,0,0,0,0,0,0,0,0,0,0,0,strafe_right
0,0,0,0,0,0,0,0,0,0,0,0,0,0,17,0,0,0,0,0,0,0,0,0,0,0,37,0,0,0,0,0,11,0,0,0,0,0,25,0,0,0,0,0,57,66,0,0,70,72,30,5,0,0,3,66,14,0,0,0,16,40,25,0,0,0,0,10,0,0,0,0,0,0,0,0,0,0,0,0,0,0,0,0,0,0,0,0,0,0,0,0,0,0,0,0,strafe_right
0,0,0,0,0,0,0,0,0,0,0,0,0,0,12,0,0,0,0,0,0,0,0,0,0,0,35,0,0,0,0,0,11,0,0,0,0,0,24,0,0,0,0,0,61,77,0,0,48,56,21,0,0,0,0,61,17,0,0,0,13,35,23,0,0,0,0,12,9,0,0,0,0,0,0,0,0,0,0,0,0,0,0,0,0,0,0,0,0,0,0,0,0,0,0,0,strafe_right
0,0,14,0,0,0,0,0,7,0,0,0,0,0,52,6,0,0,0,0,12,0,0,0,0,18,61,0,0,0,0,0,0,0,0,0,0,0,34,0,0,0,0,0,0,0,0,0,14,48,0,0,0,0,0,27,0,0,0,0,51,66,49,0,0,0,0,13,31,0,0,0,0,21,5,0,0,0,0,10,13,0,0,0,0,0,0,0,0,0,0,10,4,0,0,0,none
0,0,13,0,0,0,0,0,9,0,0,0,0,0,54,7,0,0,0,0,13,0,0,0,0,17,61,0,0,0,0,0,0,0,0,0,0,0,36,0,0,0,0,0,0,0,0,0,13,49,0,0,0,0,0,28,0,0,0,0,51,66,49,0,0,0,0,14,32,0,0,0,0,22,6,0,0,0,0,10,13,0,0,0,0,0,0,0,0,0,0,10,8,0,0,0,none
0,0,12,0,0,0,0,3,9,0,0,0,0,0,53,7,0,0,0,0,12,0,0,0,0,13,52,0,0,0,0,0,0,0,0,0,0,0,35,0,0,0,0,0,0,0,0,0,10,50,0,0,0,0,0,27,0,0,0,0,48,67,50,0,0,0,0,15,34,0,0,0,0,24,5,0,0,0,0,10,15,0,0,0,0,0,0,0,0,0,0,12,3,0,0,0,none
0,0,16,0,0,0,0,0,7,0,0,0,0,0,51,7,0,0,0,0,12,0,0,0,0,9,59,0,0,0,0,0,0,0,0,0,0,0,32,0,0,0,0,0,0,0,0,0,13,50,0,0,0,0,0,28,0,0,0,0,47,64,47,0,0,0,0,9,28,0,0,0,0,24,5,0,0,0,0,13,17,0,0,0,0,0,0,0,0,0,0,15,9,0,0,0,none
0,0,19,0,0,0,0,8,13,0,0,0,0,0,49,5,0,0,0,0,10,0,0,0,0,0,55,0,0,0,0,0,0,0,0,0,0,0,26,0,0,0,0,0,0,0,0,0,0,44,0,0,0,0,0,21,0,0,0,0,48,63,47,0,0,0,0,7,26,0,0,0,0,24,10,0,0,0,0,13,18,0,0,0,0,0,0,0,0,0,0,18,0,0,0,0,none
0,0,22,0,0,0,0,11,11,0,0,0,0,0,46,5,0,0,0,0,9,0,0,0,0,0,58,0,0,0,0,0,0,0,0,0,0,0,20,0,0,0,0,0,0,0,0,0,0,40,0,0,0,0,0,19,0,0,0,0,54,65,48,0,0,0,0,8,26,0,0,0,0,29,13,0,0,0,0,14,20,0,0,0,0,0,0,0,0,0,0,19,12,0,0,0,none
0,0,25,0,0,0,0,15,16,0,0,0,0,0,46,5,0,0,0,0,12,0,0,0,0,0,59,0,0,0,0,0,0,0,0,0,0,0,18,0,0,0,0,0,0,0,0,0,0,39,0,0,0,0,0,16,0,0,0,0,52,64,48,0,0,0,0,8,25,0,0,0,0,36,17,0,0,0,0,15,20,0,0,0,0,0,0,0,0,0,0,18,8,0,0,0,none
0,0,23,0,0,0,0,19,22,0,0,0,0,0,44,6,0,0,0,0,13,0,0,0,0,0,53,0,0,0,0,0,0,0,0,0,0,0,14,0,0,0,0,0,0,0,0,0,0,40,0,0,0,0,0,26,0,0,0,0,25,59,47,0,0,0,0,10,26,0,0,0,0,25,11,0,0,0,0,12,18,0,0,0,0,0,0,0,0,0,0,20,11,0,0,0,none
0,0,16,0,0,0,0,21,23,0,0,0,0,0,42,3,0,0,0,0,19,0,0,0,0,0,47,0,0,0,0,0,0,0,0,0,0,0,11,0,0,0,0,0,0,0,0,0,0,40,0,0,0,0,0,31,0,0,0,0,21,55,42,0,0,0,0,11,34,0,0,0,0,19,9,0,0,0,0,14,23,0,0,0,0,0,0,0,0,0,0,18,9,0,0,0,none
0,0,0,0,0,0,0,18,23,0,0,0,0,0,41,4,0,0,0,0,27,5,0,0,0,0,43,0,0,0,0,0,4,0,0,0,0,0,7,0,0,0,0,0,3,0,0,0,0,27,0,0,0,0,0,32,0,0,0,0,3,33,30,0,0,0,0,15,41,0,0,0,0,0,0,0,0,0,0,17,25,0,0,0,0,0,0,0,0,0,0,21,9,0,0,0,none
0,0,0,0,0,0,0,0,30,0,0,0,0,23,102,35,0,0,0,0,0,0,0,0,0,0,115,15,0,0,0,0,3,0,0,0,0,0,32,0,0,0,0,0,0,0,0,0,0,21,28,0,0,0,0,21,23,0,0,0,0,80,125,0,0,0,0,0,24,0,0,0,0,0,32,0,0,0,0,0,5,0,0,0,0,0,0,0,0,0,0,5,7,0,0,0,none
0,0,0,0,0,0,0,0,32,0,0,0,0,0,67,22,0,0,0,0,0,0,0,0,0,0,93,13,0,0,0,0,0,0,0,0,0,0,23,0,0,0,0,0,0,0,0,0,0,0,4,0,0,0,0,20,22,0,0,0,0,18,77,0,0,0,0,6,29,22,0,0,0,0,11,0,0,0,0,0,8,0,0,0,0,0,0,0,0,0,0,20,15,0,0,0,none
0,0,0,0,0,0,0,0,36,0,0,0,0,0,42,14,0,0,0,0,0,0,0,0,0,0,64,9,0,0,0,0,7,0,0,0,0,0,17,0,0,0,0,0,4,0,0,0,0,0,0,0,0,0,0,20,29,0,0,0,0,0,26,0,0,0,0,9,36,39,0,0,0,0,0,0,0,0,0,0,25,0,0,0,0,0,0,0,0,0,0,27,25,0,0,0,none
0,0,0,0,0,0,0,0,66,0,0,0,0,0,24,0,0,0,0,6,4,0,0,0,0,0,44,0,0,0,0,0,12,0,0,0,0,0,8,0,0,0,0,0,10,0,0,0,0,0,0,0,0,0,0,25,37,0,0,0,0,0,19,0,0,0,0,12,39,45,0,0,0,0,0,0,0,0,0,0,28,0,0,0,0,0,0,0,0,0,0,22,30,0,0,0,none
0,0,0,0,0,0,0,0,68,0,0,0,0,0,28,3,0,0,0,3,0,0,0,0,0,0,54,0,0,0,0,0,13,0,0,0,0,0,13,0,0,0,0,0,14,0,0,0,0,0,5,0,0,0,0,25,37,0,0,0,0,0,49,0,0,0,0,9,33,37,0,0,0,0,0,0,0,0,0,0,17,0,0,0,0,0,0,0,0,0,0,18,31,0,0,0,none
0,0,0,0,0,0,0,0,60,0,0,0,0,0,38,8,0,0,0,0,0,0,0,0,0,0,64,7,0,0,0,0,11,0,0,0,0,0,19,0,0,0,0,0,8,0,0,0,0,0,9,0,0,0,0,27,38,0,0,0,0,0,61,0,0,0,0,12,35,38,0,0,0,0,0,0,0,0,0,0,16,0,0,0,0,0,0,0,0,0,0,25,31,0,0,0,none
0,0,0,0,0,0,0,0,47,0,0,0,0,0,44,11,0,0,0,0,0,0,0,0,0,0,72,9,0,0,0,0,8,0,0,0,0,0,21,0,0,0,0,0,7,0,0,0,0,0,8,0,0,0,0,23,33,0,0,0,0,19,71,0,0,0,0,11,34,33,0,0,0,0,9,0,0,0,0,0,16,0,0,0,0,0,0,0,0,0,0,12,28,0,0,0,none
0,0,0,0,0,0,0,0,6,0,0,0,0,19,73,23,0,0,0,0,0,0,0,0,0,0,104,15,0,0,0,0,3,0,0,0,0,0,27,0,0,0,0,0,0,0,0,0,0,6,21,0,0,0,0,17,19,0,0,0,0,64,112,0,0,0,0,0,25,4,0,0,0,0,23,0,0,0,0,0,6,0,0,0,0,0,0,0,0,0,0,4,18,0,0,0,none
0,0,0,0,0,0,0,0,8,0,0,0,0,18,73,22,0,0,0,0,0,0,0,0,0,0,116,18,0,0,0,0,4,0,0,0,0,0,30,0,0,0,0,0,0,0,0,0,0,11,29,0,0,0,0,21,25,0,0,0,0,72,118,0,0,0,0,0,25,8,0,0,0,0,22,0,0,0,0,0,5,0,0,0,0,0,0,0,0,0,0,0,17,0,0,0,none
0,0,0,0,0,0,0,0,19,0,0,0,0,19,79,25,0,0,0,0,0,0,0,0,0,0,119,19,0,0,0,0,5,0,0,0,0,0,30,0,0,0,0,0,0,0,0,0,0,19,32,0,0,0,0,23,29,0,0,0,0,81,128,0,0,0,0,0,27,9,0,0,0,0,28,0,0,0,0,0,3,0,0,0,0,0,0,0,0,0,0,0,10,0,0,0,none
0,0,0,0,0,0,0,0,20,0,0,0,0,18,81,25,0,0,0,0,0,0,0,0,0,0,121,18,0,0,0,0,4,0,0,0,0,0,31,0,0,0,0,0,0,0,0,0,0,21,35,0,0,0,0,27,38,0,0,0,0,91,132,0,0,0,0,0,27,8,0,0,0,0,29,0,0,0,0,0,0,0,0,0,0,0,0,0,0,0,0,0,5,0,0,0,none
0,0,0,0,0,0,0,0,26,0,0,0,0,20,82,26,0,0,0,0,0,0,0,0,0,0,124,20,0,0,0,0,4,0,0,0,0,0,32,0,0,0,0,0,0,0,0,0,0,20,33,0,0,0,0,21,28,0,0,0,0,99,134,0,0,0,0,0,29,11,0,0,0,3,32,0,0,0,0,0,0,0,0,0,0,0,0,0,0,0,0,0,0,0,0,0,none
0,0,0,0,0,0,0,0,26,0,0,0,0,19,81,25,0,0,0,0,0,0,0,0,0,0,125,20,0,0,0,0,5,0,0,0,0,0,31,0,0,0,0,0,0,0,0,0,0,25,35,0,0,0,0,26,37,0,0,0,0,104,136,0,0,0,0,3,29,11,0,0,0,3,34,0,0,0,0,0,0,0,0,0,0,0,0,0,0,0,0,0,0,0,0,0,none
0,0,0,0,0,0,0,0,10,0,0,0,0,20,83,27,0,0,0,0,0,0,0,0,0,0,128,22,0,0,0,0,0,0,0,0,0,0,32,0,0,0,0,0,0,0,0,0,0,28,32,0,0,0,0,19,25,0,0,0,0,113,148,0,0,0,0,0,27,0,0,0,0,4,37,0,0,0,0,0,0,0,0,0,0,0,0,0,0,0,0,0,0,0,0,0,none
0,0,0,0,0,0,0,0,0,0,0,0,0,162,162,0,0,0,0,0,0,0,0,0,0,65,168,0,0,0,0,0,0,0,0,0,0,0,19,0,0,0,0,0,0,0,0,0,0,82,16,0,0,0,0,0,0,0,0,0,0,236,138,0,0,0,0,0,0,0,0,0,0,39,17,0,0,0,0,0,0,0,0,0,0,0,0,0,0,0,0,0,0,0,0,0,backward
0,0,0,0,0,0,0,0,0,0,0,0,0,169,166,0,0,0,0,0,0,0,0,0,0,66,166,0,0,0,0,0,0,0,0,0,0,0,20,0,0,0,0,0,0,0,0,0,0,90,20,0,0,0,0,0,0,0,0,0,0,236,148,0,0,0,0,0,0,0,0,0,0,39,19,0,0,0,0,0,0,0,0,0,0,0,0,0,0,0,0,0,0,0,0,0,backward
0,0,0,0,0,0,0,0,0,0,0,0,0,231,176,0,0,0,0,0,0,0,0,0,0,121,181,0,0,0,0,0,0,0,0,0,0,0,18,0,0,0,0,0,0,0,0,0,0,75,12,0,0,0,0,0,0,0,0,0,0,232,97,0,0,0,0,0,0,0,0,0,0,34,0,0,0,0,0,0,0,0,0,0,0,0,0,0,0,0,0,0,0,0,0,0,backward
0,12,0,0,0,0,0,0,0,0,0,0,0,360,173,0,0,0,0,0,0,0,0,0,0,104,153,0,0,0,0,0,0,0,0,0,0,0,19,0,0,0,0,0,0,0,0,0,5,11,0,0,0,0,0,0,0,0,0,0,30,263,38,0,0,0,0,0,0,0,0,0,0,21,0,0,0,0,0,0,0,0,0,0,0,0,0,0,0,0,0,0,0,0,0,0,backward
0,9,0,0,0,0,0,0,0,0,0,0,0,396,170,0,0,0,0,0,0,0,0,0,0,130,162,0,0,0,0,0,0,0,0,0,0,0,17,0,0,0,0,0,0,0,0,0,13,0,0,0,0,0,0,0,0,0,0,0,124,262,14,0,0,0,0,0,0,0,0,0,0,13,0,0,0,0,0,0,0,0,0,0,0,0,0,0,0,0,0,0,0,0,0,0,backward
0,5,0,0,0,0,0,0,0,0,0,0,0,289,175,0,0,0,0,0,0,0,0,0,0,67,171,0,0,0,0,0,0,0,0,0,0,0,21,0,0,0,0,0,0,0,0,0,0,41,0,0,0,0,0,0,0,0,0,0,0,260,92,0,0,0,0,0,0,0,0,0,0,25,0,0,0,0,0,0,0,0,0,0,0,0,0,0,0,0,0,0,0,0,0,0,backward
0,23,0,0,0,0,0,0,0,0,0,0,0,265,195,13,0,0,0,0,0,0,0,0,0,33,157,0,0,0,0,0,0,0,0,0,0,0,19,0,0,0,0,0,0,0,0,0,0,29,0,0,0,0,0,0,0,0,0,0,0,241,105,0,0,0,0,0,0,0,0,0,0,25,0,0,0,0,0,0,0,0,0,0,0,0,0,0,0,0,0,0,0,0,0,0,backward
0,30,0,0,0,0,0,0,0,0,0,0,0,303,211,16,0,0,0,0,0,0,0,0,0,44,163,0,0,0,0,0,0,0,0,0,0,0,18,0,0,0,0,0,0,0,0,0,0,68,9,0,0,0,0,0,0,0,0,0,0,215,124,0,0,0,0,0,0,0,0,0,0,22,4,0,0,0,0,0,0,0,0,0,0,0,0,0,0,0,0,0,0,0,0,0,backward
0,0,3,0,0,0,0,0,0,0,0,0,0,167,178,44,0,0,0,0,0,0,0,0,0,24,163,0,0,0,0,0,0,0,0,0,0,0,20,0,0,0,0,0,0,0,0,0,0,109,37,0,0,0,0,0,0,0,0,0,0,240,160,0,0,0,0,0,0,0,0,0,0,26,23,0,0,0,0,0,0,0,0,0,0,0,0,0,0,0,0,0,0,0,0,0,backward
0,0,0,0,0,0,0,0,0,0,0,0,0,147,174,47,0,0,0,0,0,0,0,0,0,19,166,0,0,0,0,0,0,0,0,0,0,0,23,0,0,0,0,0,0,0,0,0,0,110,37,0,0,0,0,0,0,0,0,0,0,232,170,0,0,0,0,0,0,0,0,0,0,27,34,0,0,0,0,0,0,0,0,0,0,0,0,0,0,0,0,0,0,0,0,0,backward
0,0,0,0,0,0,0,0,0,0,0,0,0,134,169,51,0,0,0,0,0,0,0,0,0,22,169,10,0,0,0,0,0,0,0,0,0,0,21,0,0,0,0,0,0,0,0,0,0,104,51,0,0,0,0,0,0,0,0,0,0,223,181,0,0,0,0,0,0,0,0,0,0,22,37,0,0,0,0,0,0,0,0,0,0,0,0,0,0,0,0,0,0,0,0,0,backward
0,0,0,0,0,0,0,0,0,0,0,0,0,127,169,52,0,0,0,0,0,0,0,0,0,18,167,9,0,0,0,0,0,0,0,0,0,0,25,0,0,0,0,0,0,0,0,0,0,103,52,0,0,0,0,0,0,0,0,0,0,215,196,0,0,0,0,0,0,0,0,0,0,25,38,0,0,0,0,0,0,0,0,0,0,0,0,0,0,0,0,0,0,0,0,0,backward
0,0,0,0,0,0,0,0,0,0,0,0,0,48,140,52,0,0,0,0,0,0,0,0,0,7,152,20,0,0,0,0,0,0,0,0,0,0,26,0,0,0,0,0,0,0,0,0,0,107,63,0,0,0,0,0,0,0,0,0,0,196,203,0,0,0,0,0,0,0,0,0,0,25,51,0,0,0,0,0,0,0,0,0,0,0,0,0,0,0,0,0,0,0,0,0,backward
0,0,0,0,0,0,0,0,26,0,0,0,0,0,89,27,0,0,0,0,0,0,0,0,0,0,123,19,0,0,0,0,12,0,0,0,0,0,37,0,0,0,0,0,0,0,0,0,0,17,33,0,0,0,0,33,54,0,0,0,0,74,128,0,0,0,0,0,34,9,0,0,0,0,26,0,0,0,0,0,9,0,0,0,0,0,0,0,0,0,0,0,0,0,0,0,none
0,0,3,0,0,0,0,0,27,0,0,0,0,0,88,26,0,0,0,0,0,0,0,0,0,0,124,19,0,0,0,0,12,0,0,0,0,0,38,0,0,0,0,0,0,0,0,0,0,0,19,0,0,0,0,30,54,0,0,0,0,50,116,0,0,0,0,4,36,15,0,0,0,0,21,0,0,0,0,0,9,0,0,0,0,0,0,0,0,0,0,0,0,0,0,0,none
0,0,4,0,0,0,0,0,31,0,0,0,0,0,92,28,0,0,0,0,0,0,0,0,0,0,121,18,0,0,0,0,12,0,0,0,0,0,36,0,0,0,0,0,0,0,0,0,0,0,15,0,0,0,0,25,49,0,0,0,0,54,119,0,0,0,0,5,39,19,0,0,0,0,21,0,0,0,0,0,12,0,0,0,0,0,0,0,0,0,0,0,0,0,0,0,none
0,0,8,0,0,0,0,0,30,0,0,0,0,0,92,28,0,0,0,0,0,0,0,0,0,0,123,19,0,0,0,0,12,0,0,0,0,0,37,0,0,0,0,0,0,0,0,0,0,0,20,0,0,0,0,29,55,0,0,0,0,56,125,0,0,0,0,6,40,22,0,0,0,0,19,0,0,0,0,0,6,0,0,0,0,0,0,0,0,0,0,0,0,0,0,0,none
0,0,5,0,0,0,0,0,28,0,0,0,0,0,95,29,0,0,0,0,0,0,0,0,0,0,126,20,0,0,0,0,13,0,0,0,0,0,37,0,0,0,0,0,0,0,0,0,0,0,18,0,0,0,0,25,50,0,0,0,0,55,121,0,0,0,0,4,40,22,0,0,0,0,21,0,0,0,0,0,10,0,0,0,0,0,0,0,0,0,0,0,0,0,0,0,none
0,0,6,0,0,0,0,0,24,0,0,0,0,0,95,29,0,0,0,0,0,0,0,0,0,0,125,20,0,0,0,0,12,0,0,0,0,0,37,0,0,0,0,0,0,0,0,0,0,0,26,0,0,0,0,30,55,0,0,0,0,57,120,0,0,0,0,0,37,18,0,0,0,0,22,0,0,0,0,0,7,0,0,0,0,0,0,0,0,0,0,0,6,0,0,0,none
0,0,6,0,0,0,0,0,26,0,0,0,0,0,96,31,0,0,0,0,0,0,0,0,0,0,128,20,0,0,0,0,9,0,0,0,0,0,36,0,0,0,0,0,0,0,0,0,0,12,34,0,0,0,0,21,33,0,0,0,0,82,134,0,0,0,0,0,35,3,0,0,0,0,24,0,0,0,0,0,8,0,0,0,0,0,0,0,0,0,0,0,0,0,0,0,none
0,0,5,0,0,0,0,0,20,0,0,0,0,3,97,31,0,0,0,0,0,0,0,0,0,0,133,22,0,0,0,0,4,0,0,0,0,0,40,0,0,0,0,0,0,0,0,0,0,21,37,0,0,0,0,23,34,0,0,0,0,108,152,0,0,0,0,0,37,0,0,0,0,3,38,0,0,0,0,0,7,0,0,0,0,0,0,0,0,0,0,0,0,0,0,0,none
0,0,10,0,0,0,0,0,15,0,0,0,0,10,107,35,0,0,0,0,0,0,0,0,0,0,146,23,0,0,0,0,0,0,0,0,0,0,41,0,0,0,0,0,0,0,0,0,0,22,37,0,0,0,0,19,28,0,0,0,0,114,160,0,0,0,0,0,33,0,0,0,0,9,44,0,0,0,0,0,0,0,0,0,0,0,0,0,0,0,0,0,0,0,0,0,none
0,0,14,0,0,0,0,0,5,0,0,0,0,16,124,42,0,0,0,0,0,0,0,0,0,0,154,24,0,0,0,0,0,0,0,0,0,0,37,0,0,0,0,0,0,0,0,0,0,46,46,0,0,0,0,21,18,0,0,0,0,137,181,0,0,0,0,0,22,0,0,0,0,14,53,0,0,0,0,0,0,0,0,0,0,0,0,0,0,0,0,0,0,0,0,0,none
0,0,16,0,0,0,0,0,0,0,0,0,0,20,127,42,0,0,0,0,0,0,0,0,0,0,155,24,0,0,0,0,0,0,0,0,0,0,41,0,0,0,0,0,0,0,0,0,0,53,50,0,0,0,0,21,20,0,0,0,0,159,190,0,0,0,0,0,8,0,0,0,0,10,54,0,0,0,0,0,0,0,0,0,0,0,0,0,0,0,0,0,0,0,0,0,none
0,0,12,0,0,0,0,0,0,0,0,0,0,20,130,42,0,0,0,0,0,0,0,0,0,0,155,22,0,0,0,0,0,0,0,0,0,0,42,0,0,0,0,0,0,0,0,0,0,53,49,0,0,0,0,19,22,0,0,0,0,148,185,0,0,0,0,0,7,0,0,0,0,11,56,0,0,0,0,0,0,0,0,0,0,0,0,0,0,0,0,0,0,0,0,0,none
0,0,19,0,0,0,0,0,0,0,0,0,0,21,130,42,0,0,0,0,0,0,0,0,0,0,157,23,0,0,0,0,0,0,0,0,0,0,40,0,0,0,0,0,0,0,0,0,0,9,33,0,0,0,0,15,20,0,0,0,0,107,164,0,0,0,0,0,27,0,0,0,0,12,46,0,0,0,0,0,0,0,0,0,0,0,0,0,0,0,0,0,0,0,0,0,none
0,0,17,0,0,0,0,0,9,0,0,0,0,22,126,42,0,0,0,0,0,0,0,0,0,0,149,21,0,0,0,0,0,0,0,0,0,0,33,0,0,0,0,0,0,0,0,0,0,0,19,0,0,0,0,8,9,0,0,0,0,111,162,0,0,0,0,0,35,0,0,0,0,16,45,0,0,0,0,0,11,0,0,0,0,0,0,0,0,0,0,0,0,0,0,0,none
0,0,20,0,0,0,0,0,16,0,0,0,0,21,127,42,0,0,0,0,0,0,0,0,0,0,146,20,0,0,0,0,0,0,0,0,0,0,31,0,0,0,0,0,0,0,0,0,0,0,22,0,0,0,0,6,9,0,0,0,0,116,162,0,0,0,0,0,31,0,0,0,0,14,41,0,0,0,0,0,9,0,0,0,0,0,0,0,0,0,0,0,3,0,0,0,none
0,0,18,0,0,0,0,0,21,0,0,0,0,17,128,40,0,0,0,0,0,0,0,0,0,0,142,18,0,0,0,0,0,0,0,0,0,0,33,0,0,0,0,0,0,0,0,0,0,0,16,0,0,0,0,0,4,0,0,0,0,121,168,0,0,0,0,0,33,0,0,0,0,16,42,0,0,0,0,0,11,0,0,0,0,0,0,0,0,0,0,0,3,0,0,0,none
0,0,8,0,0,0,0,0,22,0,0,0,0,11,115,39,0,0,0,0,0,0,0,0,0,0,133,18,0,0,0,0,4,0,0,0,0,0,36,0,0,0,0,0,0,0,0,0,0,0,21,0,0,0,0,3,7,0,0,0,0,124,171,0,0,0,0,0,34,0,0,0,0,17,42,0,0,0,0,0,9,0,0,0,0,0,0,0,0,0,0,0,4,0,0,0,none
0,0,10,0,0,0,0,0,29,0,0,0,0,9,113,38,0,0,0,0,0,0,0,0,0,0,130,17,0,0,0,0,8,0,0,0,0,0,36,0,0,0,0,0,0,0,0,0,0,20,33,0,0,0,0,11,19,0,0,0,0,131,173,0,0,0,0,7,37,0,0,0,0,16,42,0,0,0,0,0,8,0,0,0,0,0,0,0,0,0,0,0,0,0,0,0,none
0,0,4,0,0,0,0,0,19,0,0,0,0,6,107,34,0,0,0,0,0,0,0,0,0,0,128,16,0,0,0,0,14,0,0,0,0,0,35,0,0,0,0,0,0,0,0,0,0,22,36,0,0,0,0,22,28,0,0,0,0,132,174,0,0,0,0,7,37,0,0,0,0,10,38,0,0,0,0,0,6,0,0,0,0,0,0,0,0,0,0,0,0,0,0,0,none
0,0,0,0,0,0,0,0,0,0,0,0,0,0,98,19,0,0,0,0,0,0,0,0,0,0,132,17,0,0,0,0,25,0,0,0,0,0,36,0,0,0,0,0,0,0,0,0,0,38,41,0,0,0,0,25,40,0,0,0,0,134,171,0,0,0,0,7,33,0,0,0,0,0,41,0,0,0,0,0,0,0,0,0,0,0,0,0,0,0,0,0,0,0,0,0,none
0,0,0,0,0,0,0,0,0,0,0,0,0,0,90,13,0,0,0,0,0,0,0,0,0,6,135,21,0,0,0,0,21,0,0,0,0,0,38,0,0,0,0,0,0,0,0,0,0,60,48,0,0,0,0,34,49,0,0,0,0,135,169,0,0,0,0,6,30,0,0,0,0,0,36,0,0,0,0,0,0,0,0,0,0,0,0,0,0,0,0,0,0,0,0,0,none
0,0,5,0,0,0,0,0,0,0,0,0,0,0,91,18,0,0,0,0,0,0,0,0,0,3,134,23,0,0,0,0,14,0,0,0,0,0,42,0,0,0,0,0,0,0,0,0,0,69,46,0,0,0,0,29,49,0,0,0,0,124,162,0,0,0,0,0,23,0,0,0,0,0,36,0,0,0,0,0,0,0,0,0,0,0,0,0,0,0,0,0,0,0,0,0,none
0,0,5,0,0,0,0,0,0,0,0,0,0,0,86,11,0,0,0,0,0,0,0,0,0,6,133,22,0,0,0,0,11,0,0,0,0,0,44,0,0,0,0,0,0,0,0,0,0,70,49,0,0,0,0,29,58,0,0,0,0,127,168,0,0,0,0,0,23,0,0,0,0,0,26,0,0,0,0,0,0,0,0,0,0,0,0,0,0,0,0,0,0,0,0,0,none
0,0,9,0,0,0,0,0,0,0,0,0,0,5,103,27,0,0,0,0,0,0,0,0,0,0,128,22,0,0,0,0,13,0,0,0,0,0,35,0,0,0,0,0,0,0,0,0,0,72,50,0,0,0,0,32,58,0,0,0,0,125,169,0,0,0,0,0,26,0,0,0,0,0,33,0,0,0,0,0,0,0,0,0,0,0,0,0,0,0,0,0,0,0,0,0,none
0,0,16,0,0,0,0,0,18,0,0,0,0,10,109,34,0,0,0,7,3,0,0,0,0,0,128,18,0,0,0,0,15,0,0,0,0,0,25,0,0,0,0,0,0,0,0,0,0,30,33,0,0,0,0,21,32,0,0,0,0,115,161,0,0,0,0,0,37,0,0,0,0,0,38,0,0,0,0,0,5,0,0,0,0,0,0,0,0,0,0,0,0,0,0,0,none
0,0,12,0,0,0,0,0,25,0,0,0,0,11,113,36,0,0,0,7,3,0,0,0,0,0,126,16,0,0,0,0,13,0,0,0,0,0,23,0,0,0,0,0,0,0,0,0,0,13,24,0,0,0,0,15,16,0,0,0,0,112,159,0,0,0,0,0,36,0,0,0,0,0,35,0,0,0,0,0,12,0,0,0,0,0,0,0,0,0,0,0,0,0,0,0,none
0,0,21,0,0,0,0,0,50,0,0,0,0,17,113,37,0,0,0,3,0,0,0,0,0,0,109,5,0,0,0,0,6,0,0,0,0,0,14,0,0,0,0,0,0,0,0,0,0,0,8,0,0,0,0,0,0,0,0,0,0,102,158,0,0,0,0,0,36,0,0,0,0,6,40,0,0,0,0,0,18,0,0,0,0,0,0,0,0,0,0,12,10,0,0,0,none
0,0,30,5,0,0,0,0,54,0,0,0,0,12,118,39,0,0,0,0,0,0,0,0,0,0,103,0,0,0,0,0,0,0,0,0,0,0,13,0,0,0,0,0,0,0,0,0,0,0,5,0,0,0,0,0,0,0,0,0,0,94,151,0,0,0,0,0,25,0,0,0,0,6,40,0,0,0,0,0,16,0,0,0,0,0,0,0,0,0,0,7,16,0,0,0,none
0,0,0,0,0,0,0,0,59,0,0,0,0,0,85,29,0,0,0,4,0,0,0,0,0,0,93,12,0,0,0,0,18,0,0,0,0,0,29,0,0,0,0,0,0,0,0,0,0,0,13,0,0,0,0,13,21,0,0,0,0,80,127,0,0,0,0,9,42,26,0,0,0,5,26,0,0,0,0,0,12,0,0,0,0,0,0,0,0,0,0,5,21,0,0,0,none
0,0,4,0,0,0,0,0,50,0,0,0,0,0,97,29,0,0,0,0,0,0,0,0,0,0,108,18,0,0,0,0,18,0,0,0,0,0,34,0,0,0,0,0,0,0,0,0,0,0,17,0,0,0,0,12,22,0,0,0,0,90,143,0,0,0,0,3,38,23,0,0,0,8,29,0,0,0,0,0,13,0,0,0,0,0,0,0,0,0,0,3,19,0,0,0,none
0,0,6,0,0,0,0,0,52,0,0,0,0,4,104,35,0,0,0,3,0,0,0,0,0,0,106,13,0,0,0,0,16,0,0,0,0,0,26,0,0,0,0,0,0,0,0,0,0,0,15,0,0,0,0,4,15,0,0,0,0,84,143,0,0,0,0,3,39,28,0,0,0,7,32,0,0,0,0,0,15,0,0,0,0,0,0,0,0,0,0,4,23,0,0,0,none
0,0,10,0,0,0,0,0,52,0,0,0,0,9,110,38,0,0,0,3,0,0,0,0,0,0,116,14,0,0,0,0,13,0,0,0,0,0,30,0,0,0,0,0,0,0,0,0,0,0,14,0,0,0,0,0,10,0,0,0,0,101,149,0,0,0,0,0,38,31,0,0,0,20,32,0,0,0,0,0,15,0,0,0,0,0,0,0,0,0,0,0,23,0,0,0,none
0,0,11,0,0,0,0,0,50,0,0,0,0,10,115,39,0,0,0,0,0,0,0,0,0,0,118,14,0,0,0,0,12,0,0,0,0,0,32,0,0,0,0,0,0,0,0,0,0,0,13,0,0,0,0,0,10,0,0,0,0,100,152,0,0,0,0,0,38,27,0,0,0,14,37,0,0,0,0,0,14,0,0,0,0,0,0,0,0,0,0,0,20,0,0,0,none
0,0,0,0,0,0,0,0,20,0,0,0,0,8,109,33,0,0,0,0,0,0,0,0,0,0,123,21,0,0,0,0,19,0,0,0,0,0,39,0,0,0,0,0,0,0,0,0,0,0,13,0,0,0,0,17,26,0,0,0,0,65,132,0,0,0,0,11,42,34,0,0,0,0,27,0,0,0,0,0,12,0,0,0,0,0,0,0,0,0,0,0,13,0,0,0,none
0,0,0,0,0,0,0,0,23,0,0,0,0,0,86,27,0,0,0,0,3,0,0,0,0,0,110,18,0,0,0,0,19,0,0,0,0,0,38,0,0,0,0,0,0,0,0,0,0,0,3,0,0,0,0,25,48,0,0,0,0,0,78,0,0,0,0,12,43,48,0,0,0,0,8,0,0,0,0,0,22,0,0,0,0,0,0,0,0,0,0,4,20,0,0,0,none
0,0,0,0,0,0,0,0,25,0,0,0,0,0,71,20,0,0,0,0,5,0,0,0,0,0,101,17,0,0,0,0,21,0,0,0,0,0,37,0,0,0,0,0,0,0,0,0,0,0,5,0,0,0,0,34,62,0,0,0,0,0,65,0,0,0,0,14,49,56,0,0,0,0,3,0,0,0,0,0,27,0,0,0,0,0,0,0,0,0,0,4,21,0,0,0,none
0,0,0,0,0,0,0,0,30,0,0,0,0,0,74,21,0,0,0,3,5,0,0,0,0,0,98,16,0,0,0,0,19,0,0,0,0,0,35,0,0,0,0,0,0,0,0,0,0,0,7,0,0,0,0,39,72,0,0,0,0,0,62,0,0,0,0,14,49,55,0,0,0,0,0,0,0,0,0,0,24,0,0,0,0,0,0,0,0,0,0,8,25,0,0,0,none
0,0,0,0,0,0,0,0,29,0,0,0,0,0,79,24,0,0,0,0,5,0,0,0,0,0,105,17,0,0,0,0,17,0,0,0,0,0,35,0,0,0,0,0,0,0,0,0,0,0,9,0,0,0,0,28,60,0,0,0,0,9,83,0,0,0,0,13,48,55,0,0,0,0,7,0,0,0,0,0,22,0,0,0,0,0,0,0,0,0,0,6,20,0,0,0,none
0,0,0,0,0,0,0,0,25,0,0,0,0,0,82,24,0,0,0,0,3,0,0,0,0,0,113,21,0,0,0,0,18,0,0,0,0,0,38,0,0,0,0,0,0,0,0,0,0,0,13,0,0,0,0,33,62,0,0,0,0,8,81,0,0,0,0,11,47,53,0,0,0,0,6,0,0,0,0,0,21,0,0,0,0,0,0,0,0,0,0,9,27,0,0,0,none
0,0,0,0,0,0,0,0,32,0,0,0,0,0,89,26,0,0,0,0,0,0,0,0,0,0,116,20,0,0,0,0,15,0,0,0,0,0,36,0,0,0,0,0,0,0,0,0,0,0,11,0,0,0,0,28,50,0,0,0,0,13,89,0,0,0,0,13,50,58,0,0,0,0,10,0,0,0,0,0,19,0,0,0,0,0,0,0,0,0,0,8,28,0,0,0,none
0,0,6,0,0,0,0,0,35,0,0,0,0,4,98,30,0,0,0,0,0,0,0,0,0,0,127,18,0,0,0,0,12,0,0,0,0,0,36,0,0,0,0,0,0,0,0,0,0,0,14,0,0,0,0,20,31,0,0,0,0,41,112,0,0,0,0,7,44,43,0,0,0,0,18,0,0,0,0,0,20,0,0,0,0,0,0,0,0,0,0,11,31,0,0,0,none
0,0,0,0,0,0,0,0,35,0,0,0,0,8,102,32,0,0,0,0,0,0,0,0,0,0,128,20,0,0,0,0,13,0,0,0,0,0,35,0,0,0,0,0,0,0,0,0,0,0,10,0,0,0,0,15,27,0,0,0,0,46,117,0,0,0,0,9,47,47,0,0,0,0,20,0,0,0,0,0,21,0,0,0,0,0,0,0,0,0,0,11,31,0,0,0,none
0,0,6,0,0,0,0,0,40,0,0,0,0,11,102,33,0,0,0,4,0,0,0,0,0,0,124,16,0,0,0,0,11,0,0,0,0,0,33,0,0,0,0,0,0,0,0,0,0,0,8,0,0,0,0,11,24,0,0,0,0,51,116,0,0,0,0,8,45,45,0,0,0,0,23,0,0,0,0,0,23,0,0,0,0,0,0,0,0,0,0,11,33,0,0,0,none
0,0,9,0,0,0,0,0,49,0,0,0,0,9,99,31,0,0,0,0,0,0,0,0,0,0,125,15,0,0,0,0,9,0,0,0,0,0,33,0,0,0,0,0,0,0,0,0,0,0,11,0,0,0,0,9,19,0,0,0,0,56,123,0,0,0,0,0,40,33,0,0,0,0,26,0,0,0,0,0,16,0,0,0,0,0,0,0,0,0,0,7,32,0,0,0,none
0,0,6,0,0,0,0,0,50,0,0,0,0,12,108,36,0,0,0,0,0,0,0,0,0,0,114,9,0,0,0,0,8,0,0,0,0,0,26,0,0,0,0,0,0,0,0,0,0,0,13,0,0,0,0,0,9,0,0,0,0,60,124,0,0,0,0,0,30,19,0,0,0,7,33,0,0,0,0,0,15,0,0,0,0,0,0,0,0,0,0,11,36,0,0,0,none
0,0,10,0,0,0,0,0,55,0,0,0,0,10,109,37,0,0,0,0,0,0,0,0,0,0,116,9,0,0,0,0,3,0,0,0,0,0,25,0,0,0,0,0,0,0,0,0,0,0,8,0,0,0,0,0,0,0,0,0,0,69,131,0,0,0,0,0,32,15,0,0,0,15,35,0,0,0,0,0,17,0,0,0,0,0,0,0,0,0,0,8,33,0,0,0,none
0,0,10,0,0,0,0,0,53,0,0,0,0,9,108,33,0,0,0,0,0,0,0,0,0,0,121,12,0,0,0,0,9,0,0,0,0,0,31,0,0,0,0,0,0,0,0,0,0,0,14,0,0,0,0,0,11,0,0,0,0,71,138,0,0,0,0,0,32,17,0,0,0,16,34,0,0,0,0,0,13,0,0,0,0,0,0,0,0,0,0,6,30,0,0,0,none
0,0,7,0,0,0,0,0,46,0,0,0,0,10,105,33,0,0,0,0,0,0,0,0,0,0,127,16,0,0,0,0,11,0,0,0,0,0,35,0,0,0,0,0,0,0,0,0,0,0,12,0,0,0,0,0,9,0,0,0,0,83,146,0,0,0,0,0,36,23,0,0,0,13,37,0,0,0,0,0,16,0,0,0,0,0,0,0,0,0,0,5,27,0,0,0,none
0,0,0,0,0,0,0,0,34,0,0,0,0,10,104,33,0,0,0,0,0,0,0,0,0,0,135,22,0,0,0,0,16,0,0,0,0,0,39,0,0,0,0,0,0,0,0,0,0,0,22,0,0,0,0,13,20,0,0,0,0,94,150,0,0,0,0,9,41,18,0,0,0,9,31,0,0,0,0,0,12,0,0,0,0,0,0,0,0,0,0,0,17,0,0,0,none
0,0,0,0,0,0,0,0,16,0,0,0,0,0,94,27,0,0,0,0,0,0,0,0,0,0,128,24,0,0,0,0,21,0,0,0,0,0,43,0,0,0,0,0,0,0,0,0,0,12,28,0,0,0,0,30,42,0,0,0,0,86,150,0,0,0,0,13,39,11,0,0,0,0,28,0,0,0,0,0,8,0,0,0,0,0,0,0,0,0,0,0,4,0,0,0,none
0,0,0,0,0,0,0,0,0,0,0,0,0,0,83,16,0,0,0,0,0,0,0,0,0,0,130,26,0,0,0,0,21,0,0,0,0,0,43,0,0,0,0,0,0,0,0,0,0,26,29,0,0,0,0,29,61,0,0,0,0,79,140,0,0,0,0,8,37,6,0,0,0,0,26,0,0,0,0,0,0,0,0,0,0,0,0,0,0,0,0,0,0,0,0,0,none
0,0,3,0,0,0,0,0,0,0,0,0,0,0,84,15,0,0,0,0,0,0,0,0,0,0,132,26,0,0,0,0,20,0,0,0,0,0,45,0,0,0,0,0,0,0,0,0,0,26,27,0,0,0,0,29,62,0,0,0,0,75,139,0,0,0,0,5,37,7,0,0,0,0,32,0,0,0,0,0,0,0,0,0,0,0,0,0,0,0,0,0,0,0,0,0,none
0,0,4,0,0,0,0,0,0,0,0,0,0,0,88,18,0,0,0,0,0,0,0,0,0,4,135,27,0,0,0,0,18,0,0,0,0,0,43,0,0,0,0,0,0,0,0,0,0,8,23,0,0,0,0,29,56,0,0,0,0,76,137,0,0,0,0,6,41,17,0,0,0,0,30,0,0,0,0,0,11,0,0,0,0,0,0,0,0,0,0,0,0,0,0,0,none
0,0,0,0,0,0,0,0,0,0,0,0,0,0,88,17,0,0,0,0,0,0,0,0,0,3,135,27,0,0,0,0,19,0,0,0,0,0,43,0,0,0,0,0,0,0,0,0,0,0,21,0,0,0,0,23,50,0,0,0,0,63,133,0,0,0,0,6,40,25,0,0,0,0,25,0,0,0,0,0,15,0,0,0,0,0,0,0,0,0,0,3,5,0,0,0,none
0,0,3,0,0,0,0,0,0,0,0,0,0,0,85,16,0,0,0,0,0,0,0,0,0,4,134,27,0,0,0,0,18,0,0,0,0,0,44,0,0,0,0,0,0,0,0,0,0,0,18,0,0,0,0,27,50,0,0,0,0,60,128,0,0,0,0,6,40,28,0,0,0,0,19,0,0,0,0,0,12,0,0,0,0,0,0,0,0,0,0,9,15,0,0,0,none
0,0,4,0,0,0,0,0,0,0,0,0,0,0,87,18,0,0,0,0,0,0,0,0,0,3,135,27,0,0,0,0,18,0,0,0,0,0,43,0,0,0,0,0,0,0,0,0,0,0,21,0,0,0,0,27,50,0,0,0,0,79,146,0,0,0,0,10,43,28,0,0,0,0,19,0,0,0,0,0,9,0,0,0,0,0,0,0,0,0,0,0,13,0,0,0,none
0,0,0,0,0,0,0,0,0,0,0,0,0,0,36,0,0,0,0,0,0,0,0,0,0,0,72,0,0,0,0,0,22,0,0,0,0,0,49,0,0,0,0,0,34,30,0,0,0,9,23,0,0,0,0,46,127,0,0,0,0,34,86,0,0,0,0,10,27,0,0,0,0,0,0,0,0,0,0,0,0,0,0,0,0,0,0,0,0,0,0,0,0,0,0,0,strafe_right
0,0,0,0,0,0,0,0,0,0,0,0,0,0,41,0,0,0,0,0,0,0,0,0,0,0,83,0,0,0,0,0,16,0,0,0,0,0,49,0,0,0,0,0,29,13,0,0,0,49,40,0,0,0,0,43,112,0,0,0,0,70,124,0,0,0,0,6,19,0,0,0,0,0,8,0,0,0,0,0,0,0,0,0,0,0,0,0,0,0,0,0,0,0,0,0,strafe_right
0,0,0,0,0,0,0,0,0,0,0,0,0,0,41,0,0,0,0,0,0,0,0,0,0,0,98,0,0,0,0,0,17,0,0,0,0,0,52,0,0,0,0,0,31,17,0,0,0,94,61,0,0,0,0,46,108,0,0,0,0,85,137,0,0,0,0,3,13,0,0,0,0,0,9,0,0,0,0,0,0,0,0,0,0,0,0,0,0,0,0,0,0,0,0,0,strafe_right
0,0,0,0,0,0,0,0,0,0,0,0,0,0,33,0,0,0,0,0,0,0,0,0,0,0,92,0,0,0,0,0,20,0,0,0,0,0,51,0,0,0,0,0,39,34,0,0,0,62,49,0,0,0,0,47,125,0,0,0,0,55,114,0,0,0,0,5,14,0,0,0,0,0,3,0,0,0,0,0,0,0,0,0,0,0,0,0,0,0,0,0,0,0,0,0,strafe_right
0,0,0,0,0,0,0,0,0,0,0,0,0,0,38,0,0,0,0,0,0,0,0,0,0,0,101,0,0,0,0,0,16,0,0,0,0,0,54,0,0,0,0,0,36,23,0,0,0,94,60,0,0,0,0,49,119,0,0,0,0,72,123,0,0,0,0,0,5,0,0,0,0,0,0,0,0,0,0,0,0,0,0,0,0,0,0,0,0,0,0,0,0,0,0,0,strafe_right
0,0,0,0,0,0,0,0,0,0,0,0,0,0,43,0,0,0,0,0,0,0,0,0,0,0,119,0,0,0,0,0,14,0,0,0,0,0,66,0,0,0,0,0,30,5,0,0,0,117,70,0,0,0,0,44,96,0,0,0,0,92,144,0,0,0,0,0,0,0,0,0,0,0,0,0,0,0,0,0,0,0,0,0,0,0,0,0,0,0,0,0,0,0,0,0,strafe_right
0,0,0,0,0,0,0,0,0,0,0,0,0,0,38,0,0,0,0,0,0,0,0,0,0,0,113,0,0,0,0,0,15,0,0,0,0,0,65,0,0,0,0,0,38,20,0,0,0,90,60,0,0,0,0,47,114,0,0,0,0,64,110,0,0,0,0,0,0,0,0,0,0,0,0,0,0,0,0,0,0,0,0,0,0,0,0,0,0,0,0,0,0,0,0,0,strafe_right
0,0,0,0,0,0,0,0,0,0,0,0,0,0,20,0,0,0,0,0,0,0,0,0,0,0,60,0,0,0,0,0,22,0,0,0,0,0,45,0,0,0,0,0,49,70,0,0,0,0,14,0,0,0,0,44,133,0,0,0,0,0,60,0,0,0,0,0,18,0,0,0,0,0,0,0,0,0,0,0,0,0,0,0,0,0,0,0,0,0,0,0,0,0,0,0,strafe_right
0,0,0,0,0,0,0,0,0,0,0,0,0,0,22,0,0,0,0,0,0,0,0,0,0,0,60,0,0,0,0,0,24,0,0,0,0,0,48,0,0,0,0,0,50,79,0,0,0,0,9,0,0,0,0,53,158,0,0,0,0,0,38,0,0,0,0,9,29,0,0,0,0,0,0,0,0,0,0,0,0,0,0,0,0,0,0,0,0,0,0,0,0,0,0,0,strafe_right
0,0,0,0,0,0,0,0,0,0,0,0,0,0,28,0,0,0,0,0,0,0,0,0,0,0,74,0,0,0,0,0,19,0,0,0,0,0,51,0,0,0,0,0,45,56,0,0,0,44,39,0,0,0,0,48,129,0,0,0,0,43,100,0,0,0,0,7,25,0,0,0,0,0,3,0,0,0,0,0,0,0,0,0,0,0,0,0,0,0,0,0,0,0,0,0,strafe_right
0,0,0,0,0,0,0,0,0,0,0,0,0,0,34,0,0,0,0,0,0,0,0,0,0,0,100,0,0,0,0,0,16,0,0,0,0,0,55,0,0,0,0,0,30,10,0,0,0,41,40,0,0,0,0,42,124,0,0,0,0,45,104,0,0,0,0,0,27,0,0,0,0,0,6,0,0,0,0,0,0,0,0,0,0,0,0,0,0,0,0,0,0,0,0,0,strafe_right
0,0,0,0,0,0,0,0,0,0,0,0,0,0,43,0,0,0,0,0,0,0,0,0,0,0,119,0,0,0,0,0,14,0,0,0,0,0,60,0,0,0,0,0,21,0,0,0,0,92,63,0,0,0,0,37,88,0,0,0,0,90,145,0,0,0,0,0,12,0,0,0,0,0,12,0,0,0,0,0,0,0,0,0,0,0,0,0,0,0,0,0,0,0,0,0,strafe_right
0,43,86,54,0,0,0,0,65,0,0,0,0,5,122,18,0,0,0,0,0,0,0,0,0,0,53,0,0,0,0,0,0,0,0,0,0,0,14,0,0,0,0,0,0,0,0,0,0,0,0,0,0,0,0,0,0,0,0,0,0,29,89,0,0,0,0,0,0,0,0,0,0,8,38,0,0,0,0,0,0,0,0,0,0,0,0,0,0,0,0,0,39,0,0,0,strafe_left
0,42,91,58,0,0,0,0,64,0,0,0,0,5,121,8,0,0,0,0,0,0,0,0,0,0,53,0,0,0,0,0,0,0,0,0,0,0,15,0,0,0,0,0,0,0,0,0,0,0,0,0,0,0,0,0,0,0,0,0,0,15,84,0,0,0,0,0,0,0,0,0,0,7,45,0,0,0,0,0,0,0,0,0,0,0,0,0,0,0,0,0,39,0,0,0,strafe_left
0,0,45,39,0,0,0,0,80,0,0,0,0,0,57,0,0,0,0,0,0,0,0,0,0,0,40,0,0,0,0,0,0,0,0,0,0,0,10,0,0,0,0,0,0,0,0,0,0,0,0,0,0,0,0,0,0,0,0,0,0,0,56,0,0,0,0,0,0,0,0,0,0,0,37,0,0,0,0,0,0,0,0,0,0,0,0,0,0,0,0,3,46,0,0,0,strafe_left
0,0,44,40,0,0,0,0,64,0,0,0,0,0,62,0,0,0,0,0,0,0,0,0,0,0,42,0,0,0,0,0,0,0,0,0,0,0,5,0,0,0,0,0,0,0,0,0,0,0,0,0,0,0,0,0,0,0,0,0,0,0,55,0,0,0,0,0,0,0,0,0,0,0,28,0,0,0,0,0,0,0,0,0,0,0,0,0,0,0,0,4,46,0,0,0,strafe_left
0,0,44,38,0,0,0,0,68,0,0,0,0,0,85,17,0,0,0,0,0,0,0,0,0,0,63,0,0,0,0,0,0,0,0,0,0,0,6,0,0,0,0,0,0,0,0,0,0,0,0,0,0,0,0,0,0,0,0,0,0,0,60,0,0,0,0,0,0,0,0,0,0,0,28,0,0,0,0,0,0,0,0,0,0,0,0,0,0,0,0,0,42,0,0,0,strafe_left
0,40,83,52,0,0,0,0,19,0,0,0,0,22,131,28,0,0,0,0,0,0,0,0,0,0,78,0,0,0,0,0,0,0,0,0,0,0,6,0,0,0,0,0,0,0,0,0,0,0,0,0,0,0,0,0,0,0,0,0,0,10,83,0,0,0,0,0,0,0,0,0,0,0,35,0,0,0,0,0,0,0,0,0,0,0,0,0,0,0,0,0,29,0,0,0,strafe_left
0,99,126,52,0,0,0,0,0,0,0,0,0,103,175,24,0,0,0,0,0,0,0,0,0,0,94,0,0,0,0,0,0,0,0,0,0,0,0,0,0,0,0,0,0,0,0,0,0,0,0,0,0,0,0,0,0,0,0,0,0,15,88,0,0,0,0,0,0,0,0,0,0,0,35,0,0,0,0,0,0,0,0,0,0,0,0,0,0,0,0,0,29,0,0,0,strafe_left
0,6,45,45,0,18,0,26,155,0,0,0,0,0,71,15,0,0,0,8,0,0,0,0,0,0,50,0,0,0,0,0,0,0,0,0,0,0,0,0,0,0,0,0,0,0,0,0,0,0,0,0,0,0,0,0,0,0,0,0,0,0,76,0,0,0,0,0,0,0,0,0,0,0,31,0,0,0,0,0,0,0,0,0,0,0,0,0,0,0,0,0,31,0,0,0,strafe_left
0,0,13,12,0,18,3,38,204,0,0,0,0,0,25,0,0,0,0,18,0,0,0,0,0,0,32,0,0,0,0,0,0,0,0,0,0,0,0,0,0,0,0,0,0,0,0,0,0,0,0,0,0,0,0,0,0,0,0,0,0,0,58,0,0,0,0,0,0,0,0,0,0,0,23,0,0,0,0,0,10,0,0,0,0,0,0,0,0,0,0,0,34,0,0,0,strafe_left
0,0,0,0,0,14,6,48,261,0,0,0,0,0,13,0,0,0,0,29,0,0,0,0,0,0,22,0,0,0,0,0,0,0,0,0,0,0,0,0,0,0,0,0,0,0,0,0,0,0,0,0,0,0,0,0,0,0,0,0,0,0,38,0,0,0,0,0,0,0,0,0,0,0,12,0,0,0,0,0,21,0,0,0,0,0,0,0,0,0,0,10,48,0,0,0,strafe_left
0,0,19,16,0,21,6,43,213,0,0,0,0,0,32,0,0,0,0,22,0,0,0,0,0,0,38,0,0,0,0,0,0,0,0,0,0,0,0,0,0,0,0,0,0,0,0,0,0,0,0,0,0,0,0,0,0,0,0,0,0,0,57,0,0,0,0,0,0,0,0,0,0,0,19,0,0,0,0,0,18,0,0,0,0,0,0,0,0,0,0,0,37,0,0,0,strafe_left
0,16,54,36,0,0,0,15,103,0,0,0,0,9,82,21,0,0,0,0,0,0,0,0,0,0,68,0,0,0,0,0,0,0,0,0,0,0,0,0,0,0,0,0,0,0,0,0,0,0,0,0,0,0,0,0,0,0,0,0,0,17,88,0,0,0,0,0,0,0,0,0,0,0,32,0,0,0,0,0,8,0,0,0,0,0,0,0,0,0,0,0,22,0,0,0,strafe_left
0,0,13,0,0,0,0,0,55,0,0,0,0,0,76,21,0,0,0,3,0,0,0,0,0,0,104,14,0,0,0,0,11,0,0,0,0,0,31,0,0,0,0,0,0,0,0,0,0,0,23,0,0,0,0,0,33,0,0,0,0,77,150,0,0,0,0,0,26,35,0,0,0,13,31,0,0,0,0,0,12,0,0,0,0,0,0,0,0,0,0,0,10,0,0,0,none
0,0,11,0,0,0,0,0,65,0,0,0,0,0,70,19,0,0,0,0,0,0,0,0,0,0,99,13,0,0,0,0,14,0,0,0,0,0,31,0,0,0,0,0,0,0,0,0,0,0,26,0,0,0,0,5,37,0,0,0,0,75,147,0,0,0,0,0,29,35,0,0,0,14,32,0,0,0,0,0,12,0,0,0,0,0,0,0,0,0,0,0,13,0,0,0,none
0,0,8,0,0,0,0,0,66,0,0,0,0,0,67,18,0,0,0,0,0,0,0,0,0,0,94,14,0,0,0,0,14,0,0,0,0,0,29,0,0,0,0,0,0,0,0,0,0,0,29,0,0,0,0,10,43,0,0,0,0,67,144,0,0,0,0,0,26,34,0,0,0,13,33,0,0,0,0,0,13,0,0,0,0,0,0,0,0,0,0,0,12,0,0,0,none
0,0,6,0,0,0,0,0,72,0,0,0,0,0,62,14,0,0,0,0,0,0,0,0,0,0,88,12,0,0,0,0,19,0,0,0,0,0,26,0,0,0,0,0,0,0,0,0,0,0,21,0,0,0,0,12,44,0,0,0,0,24,116,0,0,0,0,0,29,44,0,0,0,0,20,0,0,0,0,0,15,0,0,0,0,0,0,0,0,0,0,3,19,0,0,0,none
0,0,5,0,0,0,0,0,68,0,0,0,0,0,60,15,0,0,0,0,4,0,0,0,0,0,95,15,0,0,0,0,21,0,0,0,0,0,27,0,0,0,0,0,0,0,0,0,0,0,11,0,0,0,0,10,44,0,0,0,0,25,110,0,0,0,0,0,34,53,0,0,0,0,20,0,0,0,0,0,20,0,0,0,0,0,0,0,0,0,0,3,22,0,0,0,none
0,0,7,0,0,0,0,0,58,0,0,0,0,0,77,20,0,0,0,0,0,0,0,0,0,0,109,17,0,0,0,0,16,0,0,0,0,0,35,0,0,0,0,0,0,0,0,0,0,0,19,0,0,0,0,9,46,0,0,0,0,47,127,0,0,0,0,0,32,47,0,0,0,8,27,0,0,0,0,0,16,0,0,0,0,0,0,0,0,0,0,0,15,0,0,0,none
0,0,14,0,0,0,0,0,46,0,0,0,0,9,89,25,0,0,0,0,0,0,0,0,0,0,122,19,0,0,0,0,12,0,0,0,0,0,35,0,0,0,0,0,0,0,0,0,0,0,28,0,0,0,0,10,44,0,0,0,0,72,145,0,0,0,0,0,29,30,0,0,0,9,29,0,0,0,0,0,10,0,0,0,0,0,0,0,0,0,0,0,12,0,0,0,none
0,0,15,0,0,0,0,0,45,0,0,0,0,9,93,26,0,0,0,0,0,0,0,0,0,0,125,19,0,0,0,0,12,0,0,0,0,0,35,0,0,0,0,0,0,0,0,0,0,0,30,0,0,0,0,7,42,0,0,0,0,82,152,0,0,0,0,0,31,36,0,0,0,12,32,0,0,0,0,0,9,0,0,0,0,0,0,0,0,0,0,0,9,0,0,0,none
0,0,17,0,0,0,0,0,47,0,0,0,0,9,95,26,0,0,0,0,0,0,0,0,0,0,127,19,0,0,0,0,9,0,0,0,0,0,36,0,0,0,0,0,0,0,0,0,0,0,31,0,0,0,0,7,41,0,0,0,0,80,149,0,0,0,0,0,28,34,0,0,0,14,33,0,0,0,0,0,9,0,0,0,0,0,0,0,0,0,0,0,11,0,0,0,none
0,0,14,0,0,0,0,0,46,0,0,0,0,10,97,25,0,0,0,0,0,0,0,0,0,0,129,21,0,0,0,0,13,0,0,0,0,0,37,0,0,0,0,0,0,0,0,0,0,0,34,0,0,0,0,7,44,0,0,0,0,79,150,0,0,0,0,0,28,35,0,0,0,13,33,0,0,0,0,0,10,0,0,0,0,0,0,0,0,0,0,0,0,0,0,0,none
0,0,15,0,0,0,0,0,48,0,0,0,0,10,97,27,0,0,0,0,0,0,0,0,0,0,130,22,0,0,0,0,10,0,0,0,0,0,35,0,0,0,0,0,0,0,0,0,0,0,32,0,0,0,0,14,51,0,0,0,0,68,140,0,0,0,0,0,29,38,0,0,0,5,29,0,0,0,0,0,13,0,0,0,0,0,0,0,0,0,0,0,13,0,0,0,none
0,0,20,0,0,0,0,0,53,0,0,0,0,10,95,26,0,0,0,0,0,0,0,0,0,0,125,21,0,0,0,0,13,0,0,0,0,0,35,0,0,0,0,0,0,0,0,0,0,0,29,0,0,0,0,12,51,0,0,0,0,62,138,0,0,0,0,0,33,47,0,0,0,10,32,0,0,0,0,0,16,0,0,0,0,0,0,0,0,0,0,0,12,0,0,0,none
0,0,11,0,0,0,0,0,63,0,0,0,0,3,90,26,0,0,0,0,0,0,0,0,0,0,112,18,0,0,0,0,16,0,0,0,0,0,33,0,0,0,0,0,0,0,0,0,0,0,31,0,0,0,0,15,52,0,0,0,0,48,131,0,0,0,0,0,32,50,0,0,0,4,26,0,0,0,0,0,16,0,0,0,0,0,0,0,0,0,0,0,18,0,0,0,none
0,0,10,0,0,0,0,0,65,0,0,0,0,0,88,25,0,0,0,0,0,0,0,0,0,0,116,20,0,0,0,0,18,0,0,0,0,0,32,0,0,0,0,0,0,0,0,0,0,0,21,0,0,0,0,13,51,0,0,0,0,48,132,0,0,0,0,3,35,52,0,0,0,4,25,0,0,0,0,0,19,0,0,0,0,0,0,0,0,0,0,0,16,0,0,0,none
0,0,10,0,0,0,0,0,72,0,0,0,0,0,78,22,0,0,0,0,3,0,0,0,0,0,108,17,0,0,0,0,18,0,0,0,0,0,31,0,0,0,0,0,0,0,0,0,0,0,17,0,0,0,0,13,50,0,0,0,0,26,115,0,0,0,0,4,35,56,0,0,0,0,21,0,0,0,0,0,19,0,0,0,0,0,0,0,0,0,0,0,21,0,0,0,none
0,0,10,0,0,0,0,0,78,0,0,0,0,0,76,21,0,0,0,3,5,0,0,0,0,0,105,17,0,0,0,0,18,0,0,0,0,0,28,0,0,0,0,0,0,0,0,0,0,0,19,0,0,0,0,14,51,0,0,0,0,26,109,0,0,0,0,3,34,56,0,0,0,0,18,0,0,0,0,0,17,0,0,0,0,0,0,0,0,0,0,3,20,0,0,0,none
0,0,8,0,0,0,0,0,82,0,0,0,0,0,72,18,0,0,0,0,4,0,0,0,0,0,99,13,0,0,0,0,20,0,0,0,0,0,28,0,0,0,0,0,0,0,0,0,0,0,19,0,0,0,0,11,48,0,0,0,0,24,110,0,0,0,0,3,35,58,0,0,0,0,21,0,0,0,0,0,19,0,0,0,0,0,0,0,0,0,0,5,25,0,0,0,none
0,0,6,0,0,0,0,0,79,0,0,0,0,0,73,20,0,0,0,4,6,0,0,0,0,0,101,16,0,0,0,0,21,0,0,0,0,0,28,0,0,0,0,0,0,0,0,0,0,0,24,0,0,0,0,15,53,0,0,0,0,29,114,0,0,0,0,0,32,55,0,0,0,0,20,0,0,0,0,0,18,0,0,0,0,0,0,0,0,0,0,4,25,0,0,0,none
0,0,18,0,0,0,0,0,0,0,0,0,0,111,175,0,0,0,0,0,0,0,0,0,0,10,175,0,0,0,0,0,0,0,0,0,0,0,18,0,0,0,0,0,0,0,0,0,0,39,16,0,0,0,0,0,0,0,0,0,0,186,137,0,0,0,0,0,0,0,0,0,0,43,37,0,0,0,0,0,0,0,0,0,0,0,0,0,0,0,0,0,0,0,0,0,backward
0,0,5,0,0,0,0,0,0,0,0,0,0,211,180,0,0,0,0,0,0,0,0,0,0,16,162,0,0,0,0,0,0,0,0,0,0,0,0,0,0,0,0,0,0,0,0,0,0,49,0,0,0,0,0,0,0,0,0,0,0,222,72,0,0,0,0,0,0,0,0,0,0,44,0,0,0,0,0,0,0,0,0,0,0,0,0,0,0,0,0,0,0,0,0,0,backward
0,0,0,0,0,0,0,0,0,0,0,0,0,257,174,0,0,0,0,0,0,0,0,0,0,21,143,0,0,0,0,0,0,0,0,0,0,0,0,0,0,0,0,0,0,0,0,0,0,32,0,0,0,0,0,0,0,0,0,0,0,230,55,0,0,0,0,0,0,0,0,0,0,34,0,0,0,0,0,0,0,0,0,0,0,0,0,0,0,0,0,0,0,0,0,0,backward
0,0,0,0,0,0,0,0,0,0,0,0,0,199,178,0,0,0,0,0,0,0,0,0,0,18,158,0,0,0,0,0,0,0,0,0,0,0,5,0,0,0,0,0,0,0,0,0,0,3,0,0,0,0,0,0,0,0,0,0,0,223,45,0,0,0,0,0,0,0,0,0,0,36,0,0,0,0,0,0,0,0,0,0,0,0,0,0,0,0,0,0,0,0,0,0,backward
0,0,10,0,0,0,0,0,0,0,0,0,0,104,169,0,0,0,0,0,0,0,0,0,0,14,180,0,0,0,0,0,0,0,0,0,0,0,19,0,0,0,0,0,0,0,0,0,0,62,0,0,0,0,0,0,0,0,0,0,0,222,99,0,0,0,0,0,0,0,0,0,0,50,0,0,0,0,0,0,0,0,0,0,0,0,0,0,0,0,0,0,0,0,0,0,backward
0,0,0,0,0,0,0,0,0,0,0,0,0,151,101,0,0,0,0,0,0,0,0,0,0,8,152,0,0,0,0,0,0,0,0,0,0,0,11,0,0,0,0,0,0,0,0,0,0,55,7,0,0,0,0,0,0,0,0,0,0,228,85,0,0,0,0,0,0,0,0,0,0,43,0,0,0,0,0,0,0,0,0,0,0,0,0,0,0,0,0,0,0,0,0,0,backward
0,0,12,0,0,0,0,0,0,0,0,0,0,72,127,0,0,0,0,0,0,0,0,0,0,11,172,0,0,0,0,0,0,0,0,0,0,0,29,0,0,0,0,0,0,0,0,0,0,74,14,0,0,0,0,0,0,0,0,0,0,237,129,0,0,0,0,0,0,0,0,0,0,41,12,0,0,0,0,0,0,0,0,0,0,0,0,0,0,0,0,0,0,0,0,0,backward
0,0,16,0,0,0,0,0,0,0,0,0,0,31,125,32,0,0,0,0,0,0,0,0,0,12,179,28,0,0,0,0,0,0,0,0,0,0,56,0,0,0,0,0,0,0,0,0,0,25,39,0,0,0,0,0,0,0,0,0,0,148,200,0,0,0,0,0,0,0,0,0,0,49,83,0,0,0,0,0,0,0,0,0,0,0,0,0,0,0,0,0,0,0,0,0,backward
0,0,13,0,0,0,0,0,0,0,0,0,0,34,127,34,0,0,0,0,0,0,0,0,0,12,180,28,0,0,0,0,0,0,0,0,0,0,55,0,0,0,0,0,0,0,0,0,0,16,34,0,0,0,0,0,0,0,0,0,0,134,195,0,0,0,0,0,0,0,0,0,0,49,80,0,0,0,0,0,0,0,0,0,0,0,0,0,0,0,0,0,0,0,0,0,backward
0,0,13,0,0,0,0,0,0,0,0,0,0,28,121,33,0,0,0,0,0,0,0,0,0,9,178,29,0,0,0,0,0,0,0,0,0,0,58,0,0,0,0,0,0,0,0,0,0,23,34,0,0,0,0,0,0,0,0,0,0,145,203,0,0,0,0,0,0,0,0,0,0,49,80,0,0,0,0,0,0,0,0,0,0,0,0,0,0,0,0,0,0,0,0,0,backward
0,0,15,0,0,0,0,0,0,0,0,0,0,28,121,35,0,0,0,0,0,0,0,0,0,8,180,29,0,0,0,0,0,0,0,0,0,0,57,0,0,0,0,0,0,0,0,0,0,26,39,0,0,0,0,0,0,0,0,0,0,147,204,0,0,0,0,0,0,0,0,0,0,50,79,0,0,0,0,0,0,0,0,0,0,0,0,0,0,0,0,0,0,0,0,0,backward
0,0,9,0,0,0,0,0,0,0,0,0,0,21,112,36,0,0,0,0,0,0,0,0,0,8,169,30,0,0,0,0,0,0,0,0,0,0,48,0,0,0,0,0,0,0,0,0,0,20,42,0,0,0,0,0,0,0,0,0,0,134,196,0,0,0,0,0,0,0,0,0,0,46,80,0,0,0,0,0,0,0,0,0,0,0,0,0,0,0,0,0,0,0,0,0,backward
0,0,4,0,0,0,0,0,5,0,0,0,0,10,92,28,0,0,0,0,0,0,0,0,0,0,147,26,0,0,0,0,8,0,0,0,0,0,53,0,0,0,0,0,0,0,0,0,0,9,36,0,0,0,0,0,0,0,0,0,0,117,189,0,0,0,0,0,0,0,0,0,0,39,75,0,0,0,0,0,0,0,0,0,0,0,0,0,0,0,0,0,0,0,0,0,backward
0,0,0,0,0,0,0,0,86,10,0,0,0,0,0,0,0,0,0,0,19,11,0,0,0,0,18,0,0,0,0,0,25,0,0,0,0,0,6,0,0,0,0,0,0,0,0,0,0,0,0,0,0,0,0,20,62,0,0,0,0,0,23,0,0,0,0,14,48,75,0,0,0,0,0,0,0,0,0,0,39,0,0,0,0,0,0,0,0,0,0,8,38,0,0,0,forward
0,0,0,0,0,0,0,0,98,26,0,0,0,0,0,0,0,0,0,0,29,27,0,0,0,0,0,0,0,0,0,0,31,5,0,0,0,0,0,0,0,0,0,0,0,0,0,0,0,0,0,0,0,0,0,20,76,0,0,0,0,0,3,0,0,0,0,17,60,105,0,0,0,0,0,0,0,0,0,0,47,0,0,0,0,0,0,0,0,0,0,0,37,0,0,0,forward
0,0,0,0,0,0,0,0,85,31,0,0,0,0,0,0,0,0,0,0,21,35,0,0,0,0,0,0,0,0,0,0,40,28,0,0,0,0,0,0,0,0,0,0,0,0,0,0,0,0,0,0,0,0,0,0,53,0,0,0,0,0,0,0,0,0,0,0,68,142,0,0,0,0,0,0,0,0,0,0,59,0,0,0,0,0,0,0,0,0,0,0,49,0,0,0,forward
0,0,0,0,0,0,0,0,42,18,0,0,0,0,0,0,0,0,0,0,5,35,0,0,0,0,0,0,0,0,0,0,47,48,0,0,0,0,0,0,0,0,0,0,0,0,0,0,0,0,0,0,0,0,0,0,38,0,0,0,0,0,0,0,0,0,0,0,65,160,0,0,0,0,0,0,0,0,0,0,62,0,0,0,0,0,0,0,0,0,0,0,60,0,0,0,forward
0,0,0,0,0,0,0,0,5,6,0,0,0,0,0,0,0,0,0,0,0,41,0,0,0,0,0,0,0,0,0,0,43,60,0,23,0,0,0,0,0,0,0,0,0,0,0,0,0,0,0,0,0,0,0,0,21,0,0,0,0,0,0,0,0,0,0,0,47,118,0,0,0,0,0,0,0,0,0,0,54,0,7,0,0,0,0,0,0,0,0,0,69,0,0,0,forward
0,0,0,0,0,0,0,0,55,26,0,0,0,0,0,0,0,0,0,0,16,49,0,0,0,0,0,0,0,0,0,0,39,46,0,0,0,0,0,0,0,0,0,0,5,0,0,0,0,0,0,0,0,0,0,0,51,0,0,0,0,0,0,0,0,0,0,0,69,158,0,0,0,0,0,0,0,0,0,0,62,0,0,0,0,0,0,0,0,0,0,0,54,0,0,0,forward
0,0,0,0,0,0,0,0,83,33,0,0,0,0,0,0,0,0,0,0,27,44,0,0,0,0,0,0,0,0,0,0,48,33,0,0,0,0,0,0,0,0,0,0,0,0,0,0,0,0,0,0,0,0,0,0,72,0,0,0,0,0,0,0,0,0,0,0,80,171,0,0,0,0,0,0,0,0,0,0,64,0,0,0,0,0,0,0,0,0,0,0,44,0,0,0,forward
0,0,0,0,0,0,0,0,90,33,0,0,0,0,0,0,0,0,0,0,30,43,0,0,0,0,0,0,0,0,0,0,50,29,0,0,0,0,0,0,0,0,0,0,0,0,0,0,0,0,0,0,0,0,0,0,79,0,0,0,0,0,0,0,0,0,0,0,82,169,0,0,0,0,0,0,0,0,0,0,60,0,0,0,0,0,0,0,0,0,0,0,32,0,0,0,forward
0,0,0,0,0,0,0,0,93,33,0,0,0,0,0,0,0,0,0,0,33,43,0,0,0,0,0,0,0,0,0,0,46,29,0,0,0,0,0,0,0,0,0,0,0,0,0,0,0,0,0,0,0,0,0,0,75,0,0,0,0,0,0,0,0,0,0,0,78,156,0,0,0,0,0,0,0,0,0,0,63,0,0,0,0,0,0,0,0,0,0,3,45,0,0,0,forward
0,0,0,0,0,0,0,0,97,31,0,0,0,0,0,0,0,0,0,0,28,38,0,0,0,0,0,0,0,0,0,0,39,21,0,0,0,0,0,0,0,0,0,0,0,0,0,0,0,0,0,0,0,0,0,8,81,0,0,0,0,0,12,0,0,0,0,3,69,135,0,0,0,0,0,0,0,0,0,0,59,0,0,0,0,0,0,0,0,0,0,6,46,0,0,0,forward
0,0,0,0,0,0,0,0,64,0,0,0,0,0,86,36,0,0,0,0,0,0,0,0,0,0,96,0,0,0,0,0,0,0,0,0,0,0,18,0,0,0,0,0,0,0,0,0,0,0,0,0,0,0,0,0,0,0,0,0,0,0,80,0,0,0,0,0,0,4,0,0,0,0,29,0,0,0,0,0,16,0,0,0,0,0,0,0,0,0,0,0,51,0,0,0,strafe_left
0,0,0,0,0,0,0,0,67,0,0,0,0,0,85,36,0,0,0,0,0,0,0,0,0,0,101,0,0,0,0,0,0,0,0,0,0,0,16,0,0,0,0,0,0,0,0,0,0,0,0,0,0,0,0,0,0,0,0,0,0,0,80,0,0,0,0,0,0,8,0,0,0,0,29,0,0,0,0,0,18,0,0,0,0,0,0,0,0,0,0,0,57,0,0,0,strafe_left
0,0,0,0,0,0,0,0,102,0,0,0,0,0,48,21,0,0,0,0,0,0,0,0,0,0,78,0,0,0,0,0,0,0,0,0,0,0,12,0,0,0,0,0,0,0,0,0,0,0,0,0,0,0,0,0,0,0,0,0,0,0,53,0,0,0,0,0,0,14,0,0,0,0,17,0,0,0,0,0,22,0,0,0,0,0,0,0,0,0,0,0,62,0,0,0,strafe_left
0,0,0,0,0,0,0,0,115,7,0,0,0,0,43,18,0,0,0,0,0,0,0,0,0,0,70,0,0,0,0,0,0,0,0,0,0,0,9,0,0,0,0,0,0,0,0,0,0,0,0,0,0,0,0,0,0,0,0,0,0,0,49,0,0,0,0,0,0,17,0,0,0,0,16,0,0,0,0,0,25,0,0,0,0,0,0,0,0,0,0,0,63,0,0,0,strafe_left
0,0,10,13,0,0,0,0,196,0,0,0,0,0,78,29,0,0,0,0,0,0,0,0,0,0,100,0,0,0,0,0,0,0,0,0,0,0,13,0,0,0,0,0,0,0,0,0,0,0,0,0,0,0,0,0,0,0,0,0,0,0,72,0,0,0,0,0,0,16,0,0,0,0,22,0,0,0,0,0,19,0,0,0,0,0,0,0,0,0,0,0,60,0,0,0,strafe_left
0,0,13,19,0,0,0,0,180,0,0,0,0,6,100,37,0,0,0,0,0,0,0,0,0,0,91,0,0,0,0,0,0,0,0,0,0,0,8,0,0,0,0,0,0,0,0,0,0,0,0,0,0,0,0,0,0,0,0,0,0,0,77,0,0,0,0,0,0,11,0,0,0,0,27,0,0,0,0,0,19,0,0,0,0,0,0,0,0,0,0,0,59,0,0,0,strafe_left
0,0,18,27,0,0,0,0,213,0,0,0,0,0,88,31,0,0,0,0,0,0,0,0,0,0,69,0,0,0,0,0,0,0,0,0,0,0,6,0,0,0,0,0,0,0,0,0,0,0,0,0,0,0,0,0,0,0,0,0,0,0,78,0,0,0,0,0,0,8,0,0,0,0,32,0,0,0,0,0,16,0,0,0,0,0,0,0,0,0,0,0,62,0,0,0,strafe_left
0,0,28,32,0,0,0,0,217,0,0,0,0,0,87,28,0,0,0,0,0,0,0,0,0,0,60,0,0,0,0,0,0,0,0,0,0,0,0,0,0,0,0,0,0,0,0,0,0,0,0,0,0,0,0,0,0,0,0,0,0,0,65,0,0,0,0,0,0,0,0,0,0,0,34,0,0,0,0,0,5,0,0,0,0,0,0,0,0,0,0,0,67,0,0,0,strafe_left
0,0,46,38,0,16,3,4,229,0,0,0,0,0,74,16,0,0,0,0,0,0,0,0,0,0,46,0,0,0,0,0,0,0,0,0,0,0,0,0,0,0,0,0,0,0,0,0,0,0,0,0,0,0,0,0,0,0,0,0,0,0,46,0,0,0,0,0,0,5,0,0,0,0,33,0,0,0,0,0,0,0,0,0,0,0,0,0,0,0,0,0,63,0,0,0,strafe_left
0,0,16,27,0,20,8,14,279,0,0,0,0,0,59,20,0,0,0,0,0,0,0,0,0,0,45,0,0,0,0,0,0,0,0,0,0,0,0,0,0,0,0,0,0,0,0,0,0,0,0,0,0,0,0,0,0,0,0,0,0,0,46,0,0,0,0,0,0,0,0,0,0,0,33,0,0,0,0,0,0,0,0,0,0,0,0,0,0,0,0,0,58,0,0,0,strafe_left
0,0,8,25,0,0,0,11,212,0,0,0,0,0,64,19,0,0,0,0,0,0,0,0,0,0,52,0,0,0,0,0,0,0,0,0,0,0,0,0,0,0,0,0,0,0,0,0,0,0,0,0,0,0,0,0,0,0,0,0,0,0,38,0,0,0,0,0,0,0,0,0,0,0,31,0,0,0,0,0,0,0,0,0,0,0,0,0,0,0,0,0,60,0,0,0,strafe_left
0,0,8,24,0,0,0,9,226,0,0,0,0,0,63,18,0,0,0,0,0,0,0,0,0,0,51,0,0,0,0,0,0,0,0,0,0,0,0,0,0,0,0,0,0,0,0,0,0,0,0,0,0,0,0,0,0,0,0,0,0,0,32,0,0,0,0,0,0,3,0,0,0,0,19,0,0,0,0,0,0,0,0,0,0,0,0,0,0,0,0,0,87,0,0,0,strafe_left
0,0,39,41,0,11,0,8,243,0,0,0,0,0,73,12,0,0,0,0,0,0,0,0,0,0,33,0,0,0,0,0,0,0,0,0,0,0,0,0,0,0,0,0,0,0,0,0,0,0,0,0,0,0,0,0,0,0,0,0,0,0,22,0,0,0,0,0,0,8,0,0,0,0,0,0,0,0,0,0,0,0,0,0,0,0,0,0,0,0,0,0,97,0,0,0,strafe_left
0,0,53,46,0,11,0,9,236,16,0,0,0,0,79,7,0,0,0,0,0,0,0,0,0,0,29,0,0,0,0,0,0,0,0,0,0,0,0,0,0,0,0,0,0,0,0,0,0,0,0,0,0,0,0,0,0,0,0,0,0,0,22,0,0,0,0,0,0,6,0,0,0,0,0,0,0,0,0,0,0,0,0,0,0,0,0,0,0,0,0,0,98,0,0,0,strafe_left
0,0,56,47,0,0,0,0,235,0,0,0,0,0,98,19,0,0,0,0,0,0,0,0,0,0,46,0,0,0,0,0,0,0,0,0,0,0,0,0,0,0,0,0,0,0,0,0,0,0,0,0,0,0,0,0,0,0,0,0,0,0,33,0,0,0,0,0,0,0,0,0,0,0,30,0,0,0,0,0,0,0,0,0,0,0,3,0,0,0,0,0,47,0,0,0,strafe_left
0,0,20,28,0,0,0,3,236,0,0,0,0,0,109,29,0,0,0,0,0,0,0,0,0,0,74,0,0,0,0,0,0,0,0,0,0,0,0,0,0,0,0,0,0,0,0,0,0,0,0,0,0,0,0,0,0,0,0,0,0,0,41,0,0,0,0,0,0,4,0,0,0,0,38,0,0,0,0,0,0,0,0,0,0,0,6,0,0,0,0,0,53,0,0,0,strafe_left
0,0,0,0,0,0,0,0,0,0,0,0,0,0,11,0,0,0,0,0,0,0,0,0,0,0,93,0,0,0,0,0,0,0,0,0,0,0,94,7,0,0,0,0,16,0,0,0,0,143,160,22,0,0,0,46,190,0,0,0,0,0,48,0,0,0,0,0,0,0,0,0,0,0,0,0,0,0,0,0,0,0,0,0,0,0,0,0,0,0,0,0,0,0,0,0,strafe_right
0,0,0,0,0,0,0,0,0,0,0,0,0,0,8,0,0,0,0,0,0,0,0,0,0,0,92,0,0,0,0,0,0,0,0,0,0,0,98,3,0,0,0,0,17,0,0,0,0,143,158,12,0,0,0,45,190,0,0,0,0,0,41,0,0,0,0,0,0,0,0,0,0,0,0,0,0,0,0,0,0,0,0,0,0,0,0,0,0,0,0,0,0,0,0,0,strafe_right
0,0,0,0,0,0,0,0,0,0,0,0,0,0,8,0,0,0,0,0,0,0,0,0,0,0,97,0,0,0,0,0,0,0,0,0,0,0,108,5,0,0,0,0,12,0,0,0,0,151,167,3,0,0,0,36,136,0,0,0,0,0,33,0,0,0,0,0,0,0,0,0,0,0,0,0,0,0,0,0,0,0,0,0,0,0,0,0,0,0,0,0,0,0,0,0,strafe_right
0,0,0,0,0,0,0,0,0,0,0,0,0,0,7,0,0,0,0,0,0,0,0,0,0,0,103,0,0,0,0,0,0,0,0,0,0,0,115,6,0,0,0,0,15,0,0,0,0,175,187,0,0,0,0,13,98,0,0,0,0,0,33,0,0,0,0,0,0,0,0,0,0,0,0,0,0,0,0,0,0,0,0,0,0,0,0,0,0,0,0,0,0,0,0,0,strafe_right
0,0,0,0,0,0,0,0,0,0,0,0,0,0,3,0,0,0,0,0,0,0,0,0,0,0,72,0,0,0,0,0,0,0,0,0,0,0,88,6,0,0,0,0,19,20,0,0,0,116,153,0,0,0,0,29,138,0,0,0,0,0,31,0,0,0,0,0,0,0,0,0,0,0,0,0,0,0,0,0,0,0,0,0,0,0,0,0,0,0,0,0,0,0,0,0,strafe_right
0,0,0,0,0,0,0,0,0,0,0,0,0,0,6,0,0,0,0,0,0,0,0,0,0,0,62,0,0,0,0,0,0,0,0,0,0,0,66,0,0,0,0,0,19,27,0,0,0,68,121,0,0,0,0,38,173,0,0,0,0,0,33,0,0,0,0,0,0,0,0,0,0,0,0,0,0,0,0,0,0,0,0,0,0,0,0,0,0,0,0,0,0,0,0,0,strafe_right
0,0,0,0,0,0,0,0,0,0,0,0,0,0,3,0,0,0,0,0,0,0,0,0,0,0,76,0,0,0,0,0,0,0,0,0,0,0,90,8,0,0,0,0,17,5,0,0,0,102,148,6,0,0,0,39,180,0,0,0,0,0,37,0,0,0,0,0,0,0,0,0,0,0,0,0,0,0,0,0,0,0,0,0,0,0,0,0,0,0,0,0,0,0,0,0,strafe_right
0,0,0,0,0,0,0,0,0,0,0,0,0,0,9,0,0,0,0,0,0,0,0,0,0,0,86,0,0,0,0,0,0,0,0,0,0,0,114,13,0,0,0,0,16,0,0,0,0,140,182,15,0,0,0,33,155,0,0,0,0,0,47,0,0,0,0,0,0,0,0,0,0,0,0,0,0,0,0,0,0,0,0,0,0,0,0,0,0,0,0,0,0,0,0,0,strafe_right
0,0,0,0,0,0,0,0,0,0,0,0,0,0,13,0,0,0,0,0,0,0,0,0,0,0,92,0,0,0,0,0,0,0,0,0,0,0,114,12,0,0,0,0,14,0,0,0,0,198,214,6,0,0,0,6,77,0,0,0,0,7,50,0,0,0,0,0,0,0,0,0,0,0,0,0,0,0,0,0,0,0,0,0,0,0,0,0,0,0,0,0,0,0,0,0,strafe_right
0,0,0,0,0,0,0,0,0,0,0,0,0,0,14,0,0,0,0,0,0,0,0,0,0,0,101,0,0,0,0,0,0,0,0,0,0,0,120,13,0,0,0,0,14,0,0,0,0,204,224,6,0,0,0,0,84,0,0,0,0,14,52,0,0,0,0,0,0,0,0,0,0,0,0,0,0,0,0,0,0,0,0,0,0,0,0,0,0,0,0,0,0,0,0,0,strafe_right
0,0,0,0,0,0,0,0,0,0,0,0,0,0,16,0,0,0,0,0,0,0,0,0,0,0,104,0,0,0,0,0,0,0,0,0,0,4,126,15,0,0,0,0,11,0,0,0,0,229,232,5,0,0,0,0,78,0,0,0,0,20,54,0,0,0,0,0,0,0,0,0,0,0,0,0,0,0,0,0,0,0,0,0,0,0,0,0,0,0,0,0,0,0,0,0,strafe_right
0,0,0,0,0,0,0,0,0,0,0,0,0,0,8,0,0,0,0,0,0,0,0,0,0,0,79,0,0,0,0,0,0,0,0,0,0,0,98,11,0,0,0,0,14,0,0,0,0,152,201,9,0,0,0,12,109,0,0,0,0,8,58,0,0,0,0,0,0,0,0,0,0,0,0,0,0,0,0,0,0,0,0,0,0,0,0,0,0,0,0,0,0,0,0,0,strafe_right
0,0,0,0,0,0,0,0,0,0,0,0,0,0,0,0,0,0,0,0,0,0,0,0,0,0,75,0,0,0,0,0,0,0,0,0,0,0,89,9,0,0,0,0,16,11,0,0,0,118,173,8,0,0,0,22,127,0,0,0,0,0,49,0,0,0,0,0,0,0,0,0,0,0,0,0,0,0,0,0,0,0,0,0,0,0,0,0,0,0,0,0,0,0,0,0,strafe_right
0,0,0,0,0,0,0,0,0,0,0,0,0,0,0,0,0,0,0,0,0,0,0,0,0,0,73,0,0,0,0,0,0,0,0,0,0,0,84,8,0,0,0,0,17,16,0,0,0,106,158,4,0,0,0,22,134,0,0,0,0,0,43,0,0,0,0,0,0,0,0,0,0,0,0,0,0,0,0,0,0,0,0,0,0,0,0,0,0,0,0,0,0,0,0,0,strafe_right
0,0,0,0,0,0,0,0,0,0,0,0,0,0,0,0,0,0,0,0,0,0,0,0,0,0,72,0,0,0,0,0,0,0,0,0,0,0,84,7,0,0,0,0,18,15,0,0,0,106,161,8,0,0,0,29,144,0,0,0,0,0,44,0,0,0,0,0,0,0,0,0,0,0,0,0,0,0,0,0,0,0,0,0,0,0,0,0,0,0,0,0,0,0,0,0,strafe_right
0,0,0,0,0,0,0,0,0,0,0,0,0,0,0,0,0,0,0,0,0,0,0,0,0,0,72,0,0,0,0,0,0,0,0,0,0,0,86,8,0,0,0,0,19,15,0,0,0,117,164,10,0,0,0,31,142,0,0,0,0,0,46,0,0,0,0,0,0,0,0,0,0,0,0,0,0,0,0,0,0,0,0,0,0,0,0,0,0,0,0,0,0,0,0,0,strafe_right
0,0,0,0,0,0,0,0,0,0,0,0,0,0,11,0,0,0,0,0,0,0,0,0,0,0,92,0,0,0,0,0,0,0,0,0,0,0,102,12,0,0,0,0,15,0,0,0,0,97,154,6,0,0,0,41,171,0,0,0,0,0,55,0,0,0,0,0,0,0,0,0,0,0,0,0,0,0,0,0,0,0,0,0,0,0,0,0,0,0,0,0,0,0,0,0,strafe_right
0,0,0,0,0,0,0,0,75,0,0,0,0,0,53,11,0,0,0,0,0,0,0,0,0,0,123,27,0,0,0,0,0,0,0,0,0,0,78,0,0,0,0,0,0,0,0,0,0,0,38,0,0,0,0,0,56,0,0,0,0,33,145,0,0,0,0,0,29,62,0,0,0,7,50,0,0,0,0,0,6,0,0,0,0,0,5,0,0,0,0,0,0,0,0,0,none
0,0,0,0,0,0,0,0,67,0,0,0,0,0,52,9,0,0,0,0,0,0,0,0,0,0,122,26,0,0,0,0,0,0,0,0,0,0,77,0,0,0,0,0,0,0,0,0,0,0,34,0,0,0,0,0,47,0,0,0,0,30,144,0,0,0,0,0,28,62,0,0,0,9,52,0,0,0,0,0,9,0,0,0,0,0,8,0,0,0,0,0,0,0,0,0,none
0,0,0,0,0,0,0,0,69,0,0,0,0,0,54,10,0,0,0,0,0,0,0,0,0,0,128,29,0,0,0,0,0,0,0,0,0,0,68,0,0,0,0,0,0,0,0,0,0,0,25,0,0,0,0,0,37,0,0,0,0,16,130,0,0,0,0,0,20,59,0,0,0,4,41,0,0,0,0,0,18,0,0,0,0,0,5,0,0,0,0,0,11,0,0,0,none
0,0,0,0,0,0,0,0,87,0,0,0,0,0,56,12,0,0,0,0,0,0,0,0,0,0,126,28,0,0,0,0,0,0,0,0,0,0,68,0,0,0,0,0,0,0,0,0,0,0,14,0,0,0,0,0,20,0,0,0,0,0,131,0,0,0,0,0,16,55,0,0,0,11,45,0,0,0,0,0,20,0,0,0,0,0,10,0,0,0,0,0,15,0,0,0,none
0,0,0,0,0,0,0,0,109,0,0,0,4,0,42,8,0,0,0,0,0,0,0,0,0,0,97,19,0,0,0,0,0,0,0,0,0,0,55,0,0,0,0,0,0,0,0,0,0,0,13,0,0,0,0,0,23,0,0,0,0,0,121,0,0,0,0,0,22,64,0,0,0,0,39,0,0,0,0,0,21,0,0,0,0,0,12,0,0,0,0,0,22,0,0,0,none
0,0,0,0,0,0,0,0,108,0,0,0,0,0,58,15,0,0,0,0,0,0,0,0,0,0,151,37,0,0,0,0,0,0,0,0,0,0,79,0,0,0,0,0,0,0,0,0,0,0,31,0,0,0,0,0,44,0,0,0,0,26,152,0,0,0,0,0,28,73,0,0,0,6,45,0,0,0,0,0,11,0,0,0,0,0,15,0,0,0,0,0,9,0,0,0,none
0,0,0,0,0,0,0,0,108,0,0,0,0,0,59,16,0,0,0,0,0,0,0,0,0,0,151,36,0,0,0,0,0,0,0,0,0,0,80,0,0,0,0,0,0,0,0,0,0,0,30,0,0,0,0,0,45,0,0,0,0,26,153,0,0,0,0,0,23,71,0,0,0,8,45,0,0,0,0,0,11,0,0,0,0,0,20,0,0,0,0,0,9,0,0,0,none
0,0,0,0,0,0,0,0,108,0,0,0,0,0,57,14,0,0,0,0,0,0,0,0,0,0,151,38,0,0,0,0,0,0,0,0,0,0,80,0,0,0,0,0,0,0,0,0,0,0,28,0,0,0,0,0,39,0,0,0,0,22,151,0,0,0,0,0,28,73,0,0,0,10,47,0,0,0,0,0,14,0,0,0,0,0,20,0,0,0,0,0,9,0,0,0,none
0,0,0,0,0,0,0,0,23,0,0,0,0,0,0,0,0,0,0,0,0,47,0,0,0,0,0,0,0,0,0,0,0,60,0,0,0,0,0,0,0,0,0,0,10,5,0,0,0,0,0,0,0,0,0,0,24,0,0,0,0,0,0,0,0,0,0,0,31,120,0,0,0,0,0,0,0,0,0,0,62,45,4,0,0,0,0,0,0,0,0,0,55,0,0,0,forward
0,0,0,0,0,0,0,0,0,23,67,0,0,0,0,0,0,0,0,0,0,80,0,0,0,0,0,0,0,0,0,0,0,77,0,45,0,0,0,0,0,0,0,0,0,0,0,8,0,0,0,0,0,0,0,0,0,0,0,9,0,0,0,0,0,0,0,0,76,53,0,13,0,0,0,0,0,0,0,0,0,26,0,0,0,0,0,0,0,0,0,0,0,0,0,0,forward
0,0,0,0,0,0,0,0,21,39,54,0,0,0,0,0,0,0,0,0,26,105,0,0,0,0,0,0,0,0,0,0,0,93,0,0,0,0,0,0,0,0,0,0,0,0,0,0,0,0,0,0,0,0,0,0,0,0,0,0,0,0,0,0,0,0,0,0,144,80,0,0,0,0,0,0,0,0,0,0,35,39,0,0,0,0,0,0,0,0,0,0,21,0,0,0,forward
0,0,0,0,0,0,0,0,0,28,104,20,0,0,0,0,0,0,0,0,0,78,0,0,0,0,0,0,0,0,0,0,0,74,0,171,0,0,0,0,0,0,0,0,0,0,0,5,0,0,0,0,0,0,0,0,7,0,0,0,0,0,0,0,0,0,0,0,161,85,0,0,0,0,0,0,0,0,0,0,40,46,0,0,0,0,0,0,0,0,0,0,19,0,0,0,forward
0,0,0,0,0,0,0,0,0,0,80,42,0,0,0,0,0,0,0,0,0,37,0,0,0,0,0,0,0,0,0,0,0,51,0,296,0,0,0,0,0,0,0,0,0,0,0,123,0,0,0,0,0,0,0,0,19,15,0,0,0,0,0,0,0,0,0,0,198,97,0,0,0,0,0,0,0,0,0,0,30,36,0,0,0,0,0,0,0,0,0,0,3,0,0,0,forward
0,0,0,0,0,0,0,0,0,0,74,15,0,0,0,0,0,0,0,0,0,60,0,0,0,0,0,0,0,0,0,0,0,110,0,184,0,0,0,0,0,0,0,0,0,0,0,24,0,0,0,0,0,0,0,0,41,37,0,0,0,0,0,0,0,0,0,0,149,89,0,0,0,0,0,0,0,0,0,0,0,38,0,0,0,0,0,0,0,0,0,0,0,0,0,0,forward
0,0,0,0,0,0,0,0,0,0,47,24,0,0,0,0,0,0,0,0,0,27,0,0,0,0,0,0,0,0,0,0,0,59,0,215,0,0,0,0,0,0,0,0,0,0,0,123,0,0,0,0,0,0,0,0,0,0,0,0,0,0,0,0,0,0,0,0,41,42,0,50,0,0,0,0,0,0,0,0,0,0,53,89,0,0,0,0,0,0,0,0,0,0,0,0,forward
0,0,0,0,0,0,0,0,0,0,0,0,0,0,0,0,0,0,0,0,0,0,0,0,0,0,0,0,0,0,0,0,0,0,0,171,0,0,0,0,0,0,0,0,0,0,0,356,0,0,0,0,0,0,0,0,0,0,0,15,0,0,0,0,0,0,0,0,0,0,0,65,0,0,0,0,0,0,0,0,0,0,57,184,0,0,0,0,0,0,0,0,0,0,0,17,forward
0,0,0,0,0,0,0,0,0,0,14,0,0,0,0,0,0,0,0,0,0,87,0,0,0,0,0,0,0,0,0,0,0,137,0,0,0,0,0,0,0,0,0,0,0,26,0,0,0,0,0,0,0,0,0,0,11,18,0,0,0,0,0,0,0,0,0,0,113,86,0,16,0,0,0,0,0,0,0,0,0,39,0,20,0,0,0,0,0,0,0,0,0,0,0,0,forward
0,0,0,0,0,0,0,0,0,0,9,11,0,0,0,0,0,0,0,0,0,40,0,0,0,0,0,0,0,0,0,0,0,74,0,97,0,0,0,0,0,0,0,0,0,9,0,188,0,0,0,0,0,0,0,0,0,0,0,19,0,0,0,0,0,0,0,0,25,38,0,36,0,0,0,0,0,0,0,0,0,0,38,95,0,0,0,0,0,0,0,0,0,0,0,12,forward
0,0,0,0,0,0,0,0,0,0,0,11,0,0,0,0,0,0,0,0,0,31,0,0,0,0,0,0,0,0,0,0,0,74,0,90,0,0,0,0,0,0,0,0,0,3,0,146,0,0,0,0,0,0,0,0,0,0,0,20,0,0,0,0,0,0,0,0,0,18,0,39,0,0,0,0,0,0,0,0,0,0,52,142,0,0,0,0,0,0,0,0,0,0,0,29,forward
0,0,0,0,0,0,0,0,0,0,0,0,0,0,0,0,0,0,0,0,0,71,0,0,0,0,0,0,0,0,0,0,0,121,0,0,0,0,0,0,0,0,0,0,70,37,0,0,0,0,0,0,0,0,0,0,13,18,0,0,0,0,0,0,0,0,0,0,156,111,0,0,0,0,0,0,0,0,0,0,7,61,0,0,0,0,0,0,0,0,0,0,0,0,0,0,forward
0,0,0,0,0,0,0,0,0,0,0,0,0,0,0,0,0,0,0,0,0,73,0,0,0,0,0,0,0,0,0,0,3,126,0,0,0,0,0,0,0,0,0,0,70,39,0,0,0,0,0,0,0,0,0,0,30,30,0,0,0,0,0,0,0,0,0,0,167,104,0,0,0,0,0,0,0,0,0,0,51,49,0,0,0,0,0,0,0,0,0,0,30,0,0,0,forward
0,0,0,0,0,0,0,0,0,0,0,0,0,0,0,0,0,0,0,0,0,63,0,0,0,0,0,0,0,0,0,0,0,113,0,0,0,0,0,0,0,0,0,0,93,49,0,0,0,0,0,0,0,0,0,0,53,29,0,0,0,0,0,0,0,0,0,0,216,109,0,0,0,0,0,0,0,0,0,0,64,41,0,0,0,0,0,0,0,0,0,0,39,0,0,0,forward
0,0,0,0,0,0,0,0,0,0,0,0,0,0,0,0,0,0,0,0,4,34,0,0,0,0,0,0,0,0,0,0,40,61,0,0,0,0,0,0,0,0,0,0,169,40,0,0,0,0,0,0,0,0,0,0,67,24,0,0,0,0,0,0,0,0,0,0,240,107,0,0,0,0,0,0,0,0,0,0,77,33,0,0,0,0,0,0,0,0,0,0,49,0,0,0,forward
0,0,0,0,0,0,0,0,19,0,0,0,0,0,0,0,0,0,0,0,30,30,0,0,0,0,0,0,0,0,0,0,51,48,0,0,0,0,0,0,0,0,0,0,136,15,0,0,0,0,0,0,0,0,0,0,65,9,0,0,0,0,0,0,0,0,0,0,233,94,0,0,0,0,0,0,0,0,0,0,85,24,0,0,0,0,0,0,0,0,0,0,56,0,0,0,forward
0,0,0,0,0,0,0,0,19,0,0,0,0,0,0,0,0,0,0,0,34,23,0,0,0,0,0,0,0,0,0,0,53,31,0,0,0,0,0,0,0,0,0,0,111,7,0,0,0,0,0,0,0,0,0,0,63,0,0,0,0,0,0,0,0,0,0,0,223,85,0,0,0,0,0,0,0,0,0,0,77,21,0,0,0,0,0,0,0,0,0,0,55,0,0,0,forward
0,0,0,0,0,0,0,0,63,0,0,0,0,0,0,0,0,0,0,0,44,22,0,0,0,0,0,0,0,0,0,0,56,23,0,0,0,0,0,0,0,0,0,0,63,0,0,0,0,0,0,0,0,0,0,11,86,0,0,0,0,0,0,0,0,0,0,0,238,70,0,0,0,0,0,0,0,0,0,0,49,0,0,0,0,0,0,0,0,0,0,0,21,0,0,0,forward
0,0,29,0,0,0,0,0,14,0,0,0,0,0,57,16,0,0,0,0,0,0,0,0,0,0,71,69,0,0,0,0,0,38,0,0,0,0,35,0,0,0,0,0,0,0,0,0,0,0,0,0,0,0,0,0,22,0,0,0,0,0,39,0,0,0,0,0,29,0,0,0,0,16,54,25,0,0,0,0,3,0,0,0,0,0,69,14,0,0,0,0,0,0,0,0,none
0,0,29,0,0,0,0,0,16,0,0,0,0,0,57,17,0,0,0,0,0,0,0,0,0,0,68,67,0,0,0,0,0,37,0,0,0,0,34,0,0,0,0,0,0,0,0,0,0,0,0,0,0,0,0,0,19,0,0,0,0,0,40,0,0,0,0,0,32,5,0,0,0,20,54,25,0,0,0,0,3,0,0,0,0,0,67,16,0,0,0,0,0,0,0,0,none
0,0,79,0,0,0,0,0,17,0,0,0,0,0,48,13,0,0,0,0,0,0,0,0,0,0,64,7,0,0,0,0,0,28,0,0,0,0,38,4,0,0,0,0,4,0,0,0,0,0,0,0,0,0,0,0,20,0,0,0,0,0,45,0,0,0,0,0,46,42,0,0,0,9,49,0,0,0,0,0,0,0,0,0,0,0,54,87,0,0,0,0,6,0,0,0,none
0,0,81,0,0,0,0,0,13,0,0,0,0,0,46,12,0,0,0,0,0,0,0,0,0,0,64,7,0,0,0,0,0,29,0,0,0,0,39,3,0,0,0,0,6,0,0,0,0,0,0,0,0,0,0,0,22,0,0,0,0,0,44,0,0,0,0,0,44,41,0,0,0,6,46,0,0,0,0,0,0,0,0,0,0,0,54,86,0,0,0,0,9,0,0,0,none
0,0,80,0,0,0,0,0,5,0,0,0,0,0,26,0,0,0,0,0,0,0,0,0,0,0,50,0,0,0,0,0,0,18,0,0,0,0,19,0,0,0,0,0,11,0,0,0,0,0,0,0,0,0,0,0,30,0,0,0,0,0,17,0,0,0,0,0,63,99,0,0,0,0,28,0,0,0,0,0,13,7,0,0,0,0,0,12,0,0,0,0,16,0,0,0,none
0,0,0,0,0,0,0,26,0,0,0,0,0,0,60,4,0,0,0,0,8,7,0,0,0,0,77,21,0,0,0,0,13,0,0,0,0,0,44,0,0,0,0,0,0,0,0,0,0,0,0,0,0,0,0,0,28,0,0,0,0,0,42,9,0,0,0,0,30,0,0,0,0,0,45,0,0,0,0,0,16,0,0,0,0,0,56,0,0,0,0,0,21,0,0,0,none
0,0,0,0,0,0,0,27,4,0,0,0,0,0,61,5,0,0,0,0,7,6,0,0,0,0,80,22,0,0,0,0,13,0,0,0,0,0,45,0,0,0,0,0,0,0,0,0,0,0,0,0,0,0,0,0,28,0,0,0,0,0,44,8,0,0,0,0,30,0,0,0,0,0,48,0,0,0,0,0,16,0,0,0,0,0,60,0,0,0,0,0,24,0,0,0,none
0,0,0,0,0,0,0,24,3,0,0,0,0,0,67,4,0,0,0,0,5,4,0,0,0,0,82,23,0,0,0,0,11,0,0,0,0,0,50,0,0,0,0,0,0,0,0,0,0,0,0,0,0,0,0,0,28,0,0,0,0,0,50,15,0,0,0,0,29,0,0,0,0,0,50,0,0,0,0,0,16,0,0,0,0,0,56,0,0,0,0,0,19,0,0,0,none
0,0,0,0,0,0,0,25,3,0,0,0,0,0,71,8,0,0,0,0,4,0,0,0,0,0,82,22,0,0,0,0,8,0,0,0,0,0,51,0,0,0,0,0,0,0,0,0,0,0,0,0,0,0,0,0,29,0,0,0,0,0,57,25,0,0,0,0,28,0,0,0,0,0,56,0,0,0,0,0,11,0,0,0,0,0,62,0,0,0,0,0,16,0,0,0,none
0,0,0,0,0,0,0,23,0,0,0,0,0,0,70,7,0,0,0,0,3,0,0,0,0,7,84,24,0,0,0,0,10,0,0,0,0,0,53,0,0,0,0,0,0,0,0,0,0,0,0,0,0,0,0,0,27,0,0,0,0,0,61,29,0,0,0,0,26,0,0,0,0,0,57,0,0,0,0,0,11,0,0,0,0,6,74,0,0,0,0,0,13,0,0,0,none
0,0,0,0,0,0,0,22,0,0,0,0,0,0,71,7,0,0,0,0,4,3,0,0,0,7,84,24,0,0,0,0,10,0,0,0,0,0,53,0,0,0,0,0,0,0,0,0,0,0,0,0,0,0,0,0,30,0,0,0,0,0,63,31,0,0,0,0,24,0,0,0,0,0,56,0,0,0,0,0,7,0,0,0,0,8,78,0,0,0,0,0,15,0,0,0,none
0,0,0,0,0,0,0,21,0,0,0,0,0,0,70,4,0,0,0,0,3,0,0,0,0,7,85,25,0,0,0,0,9,0,0,0,0,0,55,0,0,0,0,0,0,0,0,0,0,0,0,0,0,0,0,0,24,0,0,0,0,0,64,35,0,0,0,0,26,0,0,0,0,0,58,0,0,0,0,0,10,0,0,0,0,13,80,0,0,0,0,0,14,0,0,0,none
0,0,0,0,0,0,0,23,0,0,0,0,0,0,71,8,0,0,0,0,4,3,0,0,0,9,86,26,0,0,0,0,10,0,0,0,0,0,53,0,0,0,0,0,0,0,0,0,0,0,0,0,0,0,0,0,28,0,0,0,0,0,62,33,0,0,0,0,24,0,0,0,0,0,58,0,0,0,0,0,7,0,0,0,0,0,71,0,0,0,0,0,14,0,0,0,none
0,0,0,0,0,0,0,20,0,0,0,0,0,0,70,7,0,0,0,0,4,3,0,0,0,9,86,25,0,0,0,0,10,0,0,0,0,0,53,0,0,0,0,0,0,0,0,0,0,0,0,0,0,0,0,0,29,0,0,0,0,0,65,35,0,0,0,0,25,0,0,0,0,0,58,0,0,0,0,0,4,0,0,0,0,0,71,0,0,0,0,0,12,0,0,0,none
0,0,0,0,0,0,0,18,0,0,0,0,0,0,71,8,0,0,0,0,4,3,0,0,0,11,86,24,0,0,0,0,9,0,0,0,0,0,53,0,0,0,0,0,0,0,0,0,0,0,0,0,0,0,0,0,23,0,0,0,0,0,64,30,0,0,0,0,25,0,0,0,0,0,58,0,0,0,0,0,10,0,0,0,0,0,75,0,0,0,0,0,13,0,0,0,none
0,0,0,0,0,0,0,17,0,0,0,0,0,0,73,9,0,0,0,0,4,3,0,0,0,13,87,25,0,0,0,0,10,0,0,0,0,0,52,0,0,0,0,0,0,0,0,0,0,0,0,0,0,0,0,0,25,0,0,0,0,0,66,32,0,0,0,0,28,0,0,0,0,0,59,0,0,0,0,0,7,0,0,0,0,7,76,0,0,0,0,0,16,0,0,0,none
0,0,0,0,0,0,0,16,0,0,0,0,0,0,72,8,0,0,0,0,0,0,0,0,0,10,86,24,0,0,0,0,10,0,0,0,0,0,54,0,0,0,0,0,0,0,0,0,0,0,0,0,0,0,0,0,19,0,0,0,0,0,60,26,0,0,0,0,24,0,0,0,0,0,59,0,0,0,0,0,9,0,0,0,0,7,80,0,0,0,0,0,19,0,0,0,none
0,0,0,0,0,0,0,17,0,0,0,0,0,0,72,9,0,0,0,0,4,4,0,0,0,12,87,25,0,0,0,0,11,0,0,0,0,0,54,0,0,0,0,0,0,0,0,0,0,0,0,0,0,0,0,0,23,0,0,0,0,0,64,30,0,0,0,0,27,0,0,0,0,0,63,0,0,0,0,0,9,0,0,0,0,6,75,0,0,0,0,0,17,0,0,0,none
0,0,0,0,0,0,0,21,0,0,0,0,0,0,74,10,0,0,0,0,6,5,0,0,0,10,87,25,0,0,0,0,10,0,0,0,0,0,54,0,0,0,0,0,0,0,0,0,0,0,0,0,0,0,0,0,25,0,0,0,0,0,62,29,0,0,0,0,23,0,0,0,0,0,54,0,0,0,0,0,9,0,0,0,0,5,77,0,0,0,0,0,22,0,0,0,none
0,0,0,0,0,0,0,21,0,0,0,0,0,0,74,10,0,0,0,0,4,3,0,0,0,8,77,19,0,0,0,0,8,0,0,0,0,0,55,0,0,0,0,0,0,0,0,0,0,0,0,0,0,0,0,0,20,0,0,0,0,0,64,32,0,0,0,0,25,0,0,0,0,0,60,0,0,0,0,0,11,0,0,0,0,12,80,0,0,0,0,0,20,0,0,0,none
0,0,0,0,0,0,0,24,0,0,0,0,0,0,73,9,0,0,0,0,0,0,0,0,0,10,87,24,0,0,0,0,8,0,0,0,0,0,57,0,0,0,0,0,0,0,0,0,0,0,0,0,0,0,0,0,22,0,0,0,0,0,59,28,0,0,0,0,23,0,0,0,0,0,56,0,0,0,0,0,10,0,0,0,0,8,81,0,0,0,0,0,23,0,0,0,none
0,0,0,0,0,0,0,25,0,0,0,0,0,0,75,11,0,0,0,0,7,3,0,0,0,10,88,24,0,0,0,0,8,0,0,0,0,0,58,0,0,0,0,0,0,0,0,0,0,0,0,0,0,0,0,0,22,0,0,0,0,0,64,32,0,0,0,0,26,0,0,0,0,0,58,0,0,0,0,0,7,0,0,0,0,9,77,0,0,0,0,0,20,0,0,0,none
0,0,0,0,0,0,0,26,0,0,0,0,0,0,73,7,0,0,0,0,3,0,0,0,0,16,87,26,0,0,0,0,6,0,0,0,0,0,60,0,0,0,0,0,0,0,0,0,0,0,0,0,0,0,0,0,15,0,0,0,0,0,63,30,0,0,0,0,25,0,0,0,0,0,62,0,0,0,0,0,5,0,0,0,0,14,92,0,0,0,0,0,20,0,0,0,none
0,0,0,0,0,0,0,24,0,0,0,0,0,0,73,11,0,0,0,0,0,0,0,0,0,20,93,30,0,0,0,0,0,0,0,0,0,0,61,0,0,0,0,0,0,0,0,0,0,0,0,0,0,0,0,0,15,0,0,0,0,0,68,35,0,0,0,0,27,0,0,0,0,0,60,0,0,0,0,0,3,0,0,0,0,17,90,0,0,0,0,0,15,0,0,0,none
0,0,0,0,0,0,0,0,0,0,0,0,0,49,77,0,0,0,0,0,0,0,0,0,0,223,131,0,0,0,0,0,0,0,0,0,0,68,47,0,0,0,0,0,0,0,0,0,0,0,0,0,0,0,0,0,0,0,0,0,0,0,49,0,0,0,0,0,0,0,0,0,0,110,88,0,0,0,0,0,0,0,0,0,0,74,57,0,0,0,0,0,0,0,0,0,backward
0,0,9,0,0,0,0,0,0,0,0,0,0,20,52,0,0,0,0,0,0,0,0,0,0,27,86,104,0,0,0,0,0,0,0,0,0,0,53,0,0,0,0,0,0,0,0,0,0,0,0,0,0,0,0,0,0,0,0,0,0,50,145,0,0,0,0,0,0,0,0,0,0,172,109,0,0,0,0,0,0,0,0,0,0,0,65,0,0,0,0,0,0,0,0,0,backward
0,0,9,0,0,0,0,0,0,0,0,0,0,20,53,0,0,0,0,0,0,0,0,0,0,27,86,108,0,0,0,0,0,0,0,0,0,0,55,0,0,0,0,0,0,0,0,0,0,0,0,0,0,0,0,0,0,0,0,0,0,46,148,0,0,0,0,0,0,0,0,0,0,170,111,0,0,0,0,0,0,0,0,0,0,0,66,0,0,0,0,0,0,0,0,0,backward
0,0,9,0,0,0,0,0,0,0,0,0,0,16,62,0,0,0,0,0,0,0,0,0,0,23,86,111,0,0,0,0,0,0,0,0,0,0,55,0,0,0,0,0,0,0,0,0,0,0,0,0,0,0,0,0,0,0,0,0,0,42,148,0,0,0,0,0,0,0,0,0,0,161,106,0,0,0,0,0,0,0,0,0,0,0,66,0,0,0,0,0,0,0,0,0,backward
0,0,12,0,0,0,0,0,0,0,0,0,0,14,62,0,0,0,0,0,0,0,0,0,0,24,86,111,0,0,0,0,0,0,0,0,0,0,57,0,0,0,0,0,0,0,0,0,0,0,0,0,0,0,0,0,0,0,0,0,0,31,142,0,0,0,0,0,0,0,0,0,0,159,108,0,0,0,0,0,0,0,0,0,0,0,71,13,0,0,0,0,0,0,0,0,backward
0,0,13,0,0,0,0,0,0,0,0,0,0,14,62,0,0,0,0,0,0,0,0,0,0,23,83,113,0,0,0,0,0,0,0,0,0,0,57,0,0,0,0,0,0,0,0,0,0,0,0,0,0,0,0,0,0,0,0,0,0,32,147,0,0,0,0,0,0,0,0,0,0,163,111,0,0,0,0,0,0,0,0,0,0,3,74,17,0,0,0,0,0,0,0,0,backward
0,0,12,0,0,0,0,0,0,0,0,0,0,5,61,0,0,0,0,0,0,0,0,0,0,8,82,127,0,0,0,0,0,0,0,0,0,0,58,0,0,0,0,0,0,0,0,0,0,0,0,0,0,0,0,0,0,0,0,0,0,24,150,0,0,0,0,0,0,0,0,0,0,158,113,0,0,0,0,0,0,0,0,0,0,0,76,19,0,0,0,0,0,0,0,0,backward
0,0,10,0,0,0,0,0,0,0,0,0,0,10,62,0,0,0,0,0,0,0,0,0,0,9,83,129,0,0,0,0,0,0,0,0,0,0,60,0,0,0,0,0,0,0,0,0,0,0,0,0,0,0,0,0,0,0,0,0,0,0,143,0,0,0,0,0,0,0,0,0,0,122,105,0,0,0,0,0,0,0,0,0,0,0,82,38,0,0,0,0,0,0,0,0,backward
0,0,11,0,0,0,0,0,0,0,0,0,0,5,60,0,0,0,0,0,0,0,0,0,0,10,86,132,0,0,0,0,0,0,0,0,0,0,59,0,0,0,0,0,0,0,0,0,0,0,0,0,0,0,0,0,0,0,0,0,0,0,133,0,0,0,0,0,0,0,0,0,0,107,101,0,0,0,0,0,0,0,0,0,0,0,85,48,0,0,0,0,0,0,0,0,backward
0,0,11,0,0,0,0,0,0,0,0,0,0,7,60,0,0,0,0,0,0,0,0,0,0,14,87,134,0,0,0,0,0,0,0,0,0,0,60,0,0,0,0,0,0,0,0,0,0,0,0,0,0,0,0,0,0,0,0,0,0,0,124,0,0,0,0,0,8,0,0,0,0,104,97,0,0,0,0,0,0,0,0,0,0,0,83,47,0,0,0,0,0,0,0,0,backward
0,0,10,0,0,0,0,0,0,0,0,0,0,8,62,0,0,0,0,0,0,0,0,0,0,11,85,133,0,0,0,0,0,0,0,0,0,0,59,0,0,0,0,0,0,0,0,0,0,0,0,0,0,0,0,0,0,0,0,0,0,0,130,0,0,0,0,0,13,0,0,0,0,106,96,0,0,0,0,0,0,0,0,0,0,0,84,47,0,0,0,0,0,0,0,0,backward
0,0,7,0,0,0,0,0,0,0,0,0,0,9,62,0,0,0,0,0,0,0,0,0,0,14,85,133,0,0,0,0,0,0,0,0,0,0,59,0,0,0,0,0,0,0,0,0,0,0,0,0,0,0,0,0,0,0,0,0,0,0,124,0,0,0,0,0,16,0,0,0,0,112,99,0,0,0,0,0,0,0,0,0,0,0,83,49,0,0,0,0,0,0,0,0,backward
0,0,6,0,0,0,0,0,0,0,0,0,0,20,63,0,0,0,0,0,0,0,0,0,0,27,84,93,0,0,0,0,0,0,0,0,0,0,50,0,0,0,0,0,0,0,0,0,0,0,0,0,0,0,0,0,0,0,0,0,0,15,143,0,0,0,0,0,0,0,0,0,0,146,108,0,0,0,0,0,0,0,0,0,0,4,71,31,0,0,0,0,0,0,0,0,backward
0,0,0,0,0,0,0,0,0,0,0,0,0,40,62,0,0,0,0,0,0,0,0,0,0,38,80,29,0,0,0,0,0,0,0,0,0,0,39,0,0,0,0,0,0,0,0,0,0,0,0,0,0,0,0,0,0,0,0,0,0,83,119,0,0,0,0,0,0,0,0,0,0,223,118,0,0,0,0,0,0,0,0,0,0,32,53,0,0,0,0,0,0,0,0,0,backward
0,0,0,0,0,0,0,0,0,0,0,0,0,69,53,0,0,0,0,0,0,0,0,0,0,58,59,0,0,0,0,0,0,0,0,0,0,0,13,0,0,0,0,0,0,0,0,0,0,0,0,0,0,0,0,0,0,0,0,0,0,109,74,0,0,0,0,0,0,0,0,0,0,286,108,0,0,0,0,0,0,0,0,0,0,42,24,0,0,0,0,0,0,0,0,0,backward
0,0,0,0,0,0,0,0,0,0,0,0,0,117,24,0,0,0,0,0,0,0,0,0,0,95,32,0,0,0,0,0,0,0,0,0,0,0,0,0,0,0,0,0,0,0,0,0,0,0,0,0,0,0,0,0,0,0,0,0,0,87,16,0,0,0,0,0,0,0,0,0,0,365,39,0,0,0,0,0,0,0,0,0,0,41,0,0,0,0,0,0,0,0,0,0,backward
0,0,0,0,0,0,0,0,0,0,0,0,0,107,0,0,0,0,0,0,0,0,0,0,0,104,10,0,0,0,0,0,0,0,0,0,0,0,0,0,0,0,0,0,0,0,0,0,0,0,0,0,0,0,0,0,0,0,0,0,0,79,0,0,0,0,0,0,0,0,0,0,0,393,24,0,0,0,0,0,0,0,0,0,0,31,0,0,0,0,0,0,0,0,0,0,backward
0,0,0,0,0,0,0,0,0,0,0,0,0,65,62,0,0,0,0,0,0,0,0,0,0,53,70,0,0,0,0,0,0,0,0,0,0,0,0,0,0,0,0,0,0,0,0,0,0,0,0,0,0,0,0,0,0,0,0,0,0,120,74,0,0,0,0,0,0,0,0,0,0,332,112,0,0,0,0,0,0,0,0,0,0,45,11,0,0,0,0,0,0,0,0,0,backward
0,0,0,0,0,0,0,0,0,0,0,0,0,63,66,0,0,0,0,0,0,0,0,0,0,64,77,0,0,0,0,0,0,0,0,0,0,0,23,0,0,0,0,0,0,0,0,0,0,0,0,0,0,0,0,0,0,0,0,0,0,77,90,0,0,0,0,0,0,0,0,0,0,219,106,0,0,0,0,0,0,0,0,0,0,19,30,0,0,0,0,0,0,0,0,0,backward
0,0,0,0,0,0,0,0,0,0,0,0,0,19,67,0,0,0,0,0,0,0,0,0,0,35,87,51,0,0,0,0,0,0,0,0,0,0,47,0,0,0,0,0,0,0,0,0,0,0,0,0,0,0,0,0,0,0,0,0,0,65,133,0,0,0,0,0,0,0,0,0,0,241,131,0,0,0,0,0,0,0,0,0,0,15,75,0,0,0,0,0,0,0,0,0,backward
0,0,6,0,0,0,0,0,0,0,0,0,0,15,67,0,0,0,0,0,0,0,0,0,0,20,88,104,0,0,0,0,0,0,0,0,0,0,51,0,0,0,0,0,0,0,0,0,0,0,0,0,0,0,0,0,0,0,0,0,0,66,134,0,0,0,0,0,0,0,0,0,0,246,135,0,0,0,0,0,0,0,0,0,0,16,78,0,0,0,0,0,0,0,0,0,backward
0,0,10,0,0,0,0,0,0,0,0,0,0,3,64,0,0,0,0,0,0,0,0,0,0,19,89,118,0,0,0,0,0,0,0,0,0,0,53,0,0,0,0,0,0,0,0,0,0,0,0,0,0,0,0,0,0,0,0,0,0,36,133,0,0,0,0,0,0,0,0,0,0,186,122,0,0,0,0,0,0,0,0,0,0,9,80,0,0,0,0,0,0,0,0,0,backward
0,0,8,0,0,0,0,0,0,0,0,0,0,8,65,0,0,0,0,0,0,0,0,0,0,29,90,112,0,0,0,0,0,0,0,0,0,0,53,0,0,0,0,0,0,0,0,0,0,0,0,0,0,0,0,0,0,0,0,0,0,43,142,0,0,0,0,0,0,0,0,0,0,216,130,0,0,0,0,0,0,0,0,0,0,21,83,0,0,0,0,0,0,0,0,0,backward
0,0,0,0,0,0,0,0,0,0,0,0,0,56,60,0,0,0,0,0,0,0,0,0,0,58,77,0,0,0,0,0,0,0,0,0,0,0,24,0,0,0,0,0,0,0,0,0,0,0,0,0,0,0,0,0,0,0,0,0,0,91,101,0,0,0,0,0,0,0,0,0,0,271,128,0,0,0,0,0,0,0,0,0,0,31,41,0,0,0,0,0,0,0,0,0,backward
0,0,0,0,0,0,0,0,0,0,0,0,0,75,58,0,0,0,0,0,0,0,0,0,0,78,69,0,0,0,0,0,0,0,0,0,0,0,9,0,0,0,0,0,0,0,0,0,0,0,0,0,0,0,0,0,0,0,0,0,0,102,61,0,0,0,0,0,0,0,0,0,0,305,103,0,0,0,0,0,0,0,0,0,0,41,17,0,0,0,0,0,0,0,0,0,backward
0,0,0,0,0,0,0,0,0,0,0,0,0,72,65,0,0,0,0,0,0,0,0,0,0,71,75,0,0,0,0,0,0,0,0,0,0,0,13,0,0,0,0,0,0,0,0,0,0,0,0,0,0,0,0,0,0,0,0,0,0,59,120,0,0,0,0,0,0,0,0,0,0,218,124,0,0,0,0,0,0,0,0,0,0,26,64,0,0,0,0,0,0,0,0,0,backward
0,0,5,0,0,0,0,0,0,0,0,0,0,32,75,0,0,0,0,0,0,0,0,0,0,41,90,44,0,0,0,0,0,0,0,0,0,0,39,0,0,0,0,0,0,0,0,0,0,0,0,0,0,0,0,0,0,0,0,0,0,68,135,0,0,0,0,0,0,0,0,0,0,234,133,0,0,0,0,0,0,0,0,0,0,27,65,0,0,0,0,0,0,0,0,0,backward
0,0,9,0,0,0,0,0,0,0,0,0,0,41,75,0,0,0,0,0,0,0,0,0,0,46,89,43,0,0,0,0,0,0,0,0,0,0,37,0,0,0,0,0,0,0,0,0,0,0,0,0,0,0,0,0,0,0,0,0,0,67,137,0,0,0,0,0,0,0,0,0,0,216,125,0,0,0,0,0,0,0,0,0,0,24,67,0,0,0,0,0,0,0,0,0,backward
0,0,6,0,0,0,0,0,0,0,0,0,0,53,77,0,0,0,0,0,0,0,0,0,0,50,88,26,0,0,0,0,0,0,0,0,0,0,32,0,0,0,0,0,0,0,0,0,0,0,0,0,0,0,0,0,0,0,0,0,0,27,134,0,0,0,0,0,0,0,0,0,0,179,124,0,0,0,0,0,0,0,0,0,0,11,77,0,0,0,0,0,0,0,0,0,backward
0,0,0,0,0,0,0,0,0,0,0,0,0,79,66,0,0,0,0,0,0,0,0,0,0,71,71,0,0,0,0,0,0,0,0,0,0,0,3,0,0,0,0,0,0,0,0,0,0,0,0,0,0,0,0,0,0,0,0,0,0,98,108,0,0,0,0,0,0,0,0,0,0,289,133,0,0,0,0,0,0,0,0,0,0,29,44,0,0,0,0,0,0,0,0,0,backward
0,0,0,0,0,0,0,0,0,0,0,0,0,112,13,0,0,0,0,0,0,0,0,0,0,93,22,0,0,0,0,0,0,0,0,0,0,0,0,0,0,0,0,0,0,0,0,0,0,0,0,0,0,0,0,0,0,0,0,0,0,92,15,0,0,0,0,0,0,0,0,0,0,402,28,0,0,0,0,0,0,0,0,0,0,29,0,0,0,0,0,0,0,0,0,0,backward
0,0,0,0,0,0,0,0,0,0,0,0,0,113,19,0,0,0,0,0,0,0,0,0,0,99,35,0,0,0,0,0,0,0,0,0,0,0,0,0,0,0,0,0,0,0,0,0,0,0,0,0,0,0,0,0,0,0,0,0,0,95,50,0,0,0,0,0,0,0,0,0,0,319,100,0,0,0,0,0,0,0,0,0,0,44,4,0,0,0,0,0,0,0,0,0,backward
0,0,0,0,0,0,0,0,0,0,0,0,0,65,63,0,0,0,0,0,0,0,0,0,0,66,76,0,0,0,0,0,0,0,0,0,0,0,0,0,0,0,0,0,0,0,0,0,0,0,0,0,0,0,0,0,0,0,0,0,0,88,96,0,0,0,0,0,0,0,0,0,0,252,123,0,0,0,0,0,0,0,0,0,0,34,40,0,0,0,0,0,0,0,0,0,backward
0,0,0,0,0,0,0,0,0,0,0,0,0,25,75,0,0,0,0,0,0,0,0,0,0,37,90,52,0,0,0,0,0,0,0,0,0,0,42,0,0,0,0,0,0,0,0,0,0,0,0,0,0,0,0,0,0,0,0,0,0,88,104,0,0,0,0,0,0,0,0,0,0,261,129,0,0,0,0,0,0,0,0,0,0,39,50,0,0,0,0,0,0,0,0,0,backward
0,0,3,0,0,0,0,0,0,0,0,0,0,34,72,0,0,0,0,0,0,0,0,0,0,50,91,44,0,0,0,0,0,0,0,0,0,0,41,0,0,0,0,0,0,0,0,0,0,0,0,0,0,0,0,0,0,0,0,0,0,80,140,0,0,0,0,0,0,0,0,0,0,255,131,0,0,0,0,0,0,0,0,0,0,36,70,0,0,0,0,0,0,0,0,0,backward
0,0,0,0,0,0,0,0,0,0,0,0,0,80,59,0,0,0,0,0,0,0,0,0,0,81,71,0,0,0,0,0,0,0,0,0,0,0,5,0,0,0,0,0,0,0,0,0,0,0,0,0,0,0,0,0,0,0,0,0,0,109,75,0,0,0,0,0,0,0,0,0,0,319,119,0,0,0,0,0,0,0,0,0,0,54,26,0,0,0,0,0,0,0,0,0,backward
0,0,0,0,0,0,0,0,0,0,0,0,0,112,39,0,0,0,0,0,0,0,0,0,0,98,46,0,0,0,0,0,0,0,0,0,0,0,0,0,0,0,0,0,0,0,0,0,0,0,0,0,0,0,0,0,0,0,0,0,0,93,30,0,0,0,0,0,0,0,0,0,0,386,81,0,0,0,0,0,0,0,0,0,0,63,6,0,0,0,0,0,0,0,0,0,backward
0,0,0,0,0,0,0,0,0,0,0,0,0,57,77,0,0,0,0,0,0,0,0,0,0,55,83,0,0,0,0,0,0,0,0,0,0,0,16,0,0,0,0,0,0,0,0,0,0,0,0,0,0,0,0,0,0,0,0,0,0,91,90,0,0,0,0,0,0,0,0,0,0,283,120,0,0,0,0,0,0,0,0,0,0,40,32,0,0,0,0,0,0,0,0,0,backward
0,0,9,0,0,0,0,0,0,0,0,0,0,24,68,0,0,0,0,0,0,0,0,0,0,33,93,87,0,0,0,0,0,0,0,0,0,0,41,0,0,0,0,0,0,0,0,0,0,0,0,0,0,0,0,0,0,0,0,0,0,28,137,0,0,0,0,0,0,0,0,0,0,219,139,0,0,0,0,0,0,0,0,0,0,32,83,0,0,0,0,0,0,0,0,0,backward
0,0,14,0,0,0,0,0,0,0,0,0,0,7,67,0,0,0,0,0,0,0,0,0,0,26,93,122,0,0,0,0,0,0,0,0,0,0,47,0,0,0,0,0,0,0,0,0,0,0,0,0,0,0,0,0,0,0,0,0,0,0,139,0,0,0,0,0,0,0,0,0,0,166,122,0,0,0,0,0,0,0,0,0,0,8,91,12,0,0,0,0,0,0,0,0,backward
0,0,8,0,0,0,0,0,0,0,0,0,0,0,67,0,0,0,0,0,0,0,0,0,0,3,91,137,0,0,0,0,0,0,0,0,0,0,49,0,0,0,0,0,0,0,0,0,0,0,0,0,0,0,0,0,0,0,0,0,0,0,137,0,0,0,0,0,0,0,0,0,0,118,108,0,0,0,0,0,0,0,0,0,0,7,96,42,0,0,0,0,0,0,0,0,backward
0,0,12,0,0,0,0,0,0,0,0,0,0,0,63,0,0,0,0,0,0,0,0,0,0,3,87,139,0,0,0,0,0,0,0,0,0,0,51,0,0,0,0,0,0,0,0,0,0,0,0,0,0,0,0,0,0,0,0,0,0,0,125,0,0,0,0,0,10,0,0,0,0,112,107,0,0,0,0,0,0,0,0,0,0,0,96,47,0,0,0,0,0,0,0,0,backward
0,0,11,0,0,0,0,0,0,0,0,0,0,0,65,0,0,0,0,0,0,0,0,0,0,8,91,149,0,0,0,0,0,0,0,0,0,0,51,0,0,0,0,0,0,0,0,0,0,0,0,0,0,0,0,0,0,0,0,0,0,0,133,0,0,0,0,0,4,0,0,0,0,135,116,3,0,0,0,0,0,0,0,0,0,0,97,53,0,0,0,0,0,0,0,0,backward
0,0,11,0,0,0,0,0,0,0,0,0,0,0,63,0,0,0,0,0,0,0,0,0,0,7,90,151,0,0,0,0,0,0,0,0,0,0,50,0,0,0,0,0,0,0,0,0,0,0,0,0,0,0,0,0,0,0,0,0,0,0,127,0,0,0,0,0,10,0,0,0,0,125,112,4,0,0,0,0,0,0,0,0,0,3,99,55,0,0,0,0,0,0,0,0,backward
0,0,0,0,0,0,0,0,0,0,0,0,0,0,57,0,0,0,0,0,0,0,0,0,0,0,76,131,0,0,0,0,0,4,0,0,0,0,53,0,0,0,0,0,0,0,0,0,0,0,0,0,0,0,0,0,0,0,0,0,0,0,123,0,0,0,0,0,25,0,0,0,0,83,96,0,0,0,0,0,0,0,0,0,0,0,85,48,0,0,0,0,0,0,0,0,backward
0,0,0,0,0,0,0,0,0,0,0,0,0,0,61,0,0,0,0,0,0,0,0,0,0,0,75,130,0,0,0,0,0,20,0,0,0,0,52,0,0,0,0,0,0,0,0,0,0,0,0,0,0,0,0,0,15,0,0,0,0,0,108,0,0,0,0,0,34,0,0,0,0,47,72,0,0,0,0,0,4,0,0,0,0,0,58,20,0,0,0,0,0,0,0,0,backward
0,0,0,0,0,0,0,0,0,0,0,0,0,0,37,0,0,0,0,0,0,0,0,0,0,19,71,22,0,0,0,0,0,0,0,0,0,27,73,0,0,0,0,0,0,0,0,0,0,57,182,8,0,0,0,0,0,0,0,0,0,112,128,0,0,0,0,0,0,0,0,0,0,0,72,0,0,0,0,0,0,0,0,0,0,0,0,0,0,0,0,0,0,0,0,0,backward
0,0,0,0,0,0,0,0,0,0,0,0,0,0,30,0,0,0,0,0,0,0,0,0,0,25,73,19,0,0,0,0,0,0,0,0,0,35,72,0,0,0,0,0,0,0,0,0,0,75,187,0,0,0,0,0,0,0,0,0,0,139,128,0,0,0,0,0,0,0,0,0,0,12,75,0,0,0,0,0,0,0,0,0,0,0,0,0,0,0,0,0,0,0,0,0,backward
0,0,0,0,0,0,0,0,0,0,0,0,0,0,17,0,0,0,0,0,0,0,0,0,0,37,67,0,0,0,0,0,0,0,0,0,0,48,65,0,0,0,0,0,0,0,0,0,0,67,128,0,0,0,0,0,0,0,0,0,0,202,140,0,0,0,0,0,0,0,0,0,0,71,76,0,0,0,0,0,0,0,0,0,0,0,0,0,0,0,0,0,0,0,0,0,backward
0,0,0,0,0,0,0,0,0,0,0,0,0,0,7,0,0,0,0,0,0,0,0,0,0,54,64,0,0,0,0,0,0,0,0,0,0,54,49,0,0,0,0,0,0,0,0,0,0,32,79,0,0,0,0,0,0,0,0,0,0,225,139,0,0,0,0,0,0,0,0,0,0,168,63,0,0,0,0,0,0,0,0,0,0,0,0,0,0,0,0,0,0,0,0,0,backward
0,0,0,0,0,0,0,0,0,0,0,0,0,12,0,0,0,0,0,0,0,0,0,0,0,80,53,0,0,0,0,0,0,0,0,0,0,56,23,0,0,0,0,0,0,0,0,0,0,7,43,0,0,0,0,0,0,0,0,0,0,214,131,0,0,0,0,0,0,0,0,0,0,194,55,0,0,0,0,0,0,0,0,0,0,0,0,0,0,0,0,0,0,0,0,0,backward
0,0,0,0,0,0,0,0,0,0,0,0,0,30,0,0,0,0,0,0,0,0,0,0,0,86,55,0,0,0,0,0,0,0,0,0,0,39,9,0,0,0,0,0,0,0,0,0,0,0,0,0,0,0,0,0,0,0,0,0,0,183,142,0,0,0,0,0,0,0,0,0,0,205,65,0,0,0,0,0,0,0,0,0,0,0,0,0,0,0,0,0,0,0,0,0,backward
0,0,0,0,0,0,0,0,0,0,0,0,0,71,44,0,0,0,0,0,0,0,0,0,0,78,65,0,0,0,0,0,0,0,0,0,0,0,0,0,0,0,0,0,0,0,0,0,0,0,0,0,0,0,0,0,0,0,0,0,0,154,142,0,0,0,0,0,0,0,0,0,0,228,87,0,0,0,0,0,0,0,0,0,0,0,0,0,0,0,0,0,0,0,0,0,backward
0,0,0,0,0,0,0,0,0,0,0,0,0,105,66,0,0,0,0,0,0,0,0,0,0,75,62,0,0,0,0,0,0,0,0,0,0,0,0,0,0,0,0,0,0,0,0,0,0,0,0,0,0,0,0,0,0,0,0,0,0,116,135,0,0,0,0,0,0,0,0,0,0,213,89,0,0,0,0,0,0,0,0,0,0,10,0,0,0,0,0,0,0,0,0,0,backward
0,0,66,0,0,0,0,0,0,0,0,0,0,96,82,0,0,0,0,0,0,0,0,0,0,23,48,0,0,0,0,0,0,0,0,0,0,0,0,0,0,0,0,0,0,0,0,0,0,0,0,0,0,0,0,0,0,0,0,0,0,63,150,0,0,0,0,0,0,0,0,0,0,127,98,0,0,0,0,0,0,0,0,0,0,25,40,0,0,0,0,0,0,0,0,0,backward
0,7,126,31,0,0,0,0,10,0,0,0,0,6,70,0,0,0,0,0,0,0,0,0,0,0,21,0,0,0,0,0,0,0,0,0,0,0,0,0,0,0,0,0,0,0,0,0,0,0,0,0,0,0,0,0,0,0,0,0,0,0,93,0,0,0,0,0,15,19,0,0,0,3,47,0,0,0,0,0,14,0,0,0,0,0,86,97,0,0,0,0,34,0,0,0,strafe_left
0,0,71,19,0,0,0,15,179,13,0,0,0,0,47,0,0,0,0,0,0,0,0,0,0,0,0,0,0,0,0,0,0,0,0,0,0,0,0,0,0,0,0,0,0,0,0,0,0,0,0,0,0,0,0,0,0,0,0,0,0,0,3,0,0,0,0,0,10,12,0,0,0,0,68,0,0,0,0,0,43,0,0,0,0,0,9,0,0,0,0,0,41,0,0,0,strafe_left
0,0,65,16,0,0,0,17,190,19,0,0,0,0,42,0,0,0,0,0,0,0,0,0,0,0,0,0,0,0,0,0,0,0,0,0,0,0,0,0,0,0,0,0,0,0,0,0,0,0,0,0,0,0,0,0,0,0,0,0,0,0,0,0,0,0,0,0,3,0,0,0,0,0,70,0,0,0,0,0,42,0,0,0,0,0,22,11,0,0,0,0,50,0,0,0,strafe_left
0,0,83,21,0,0,0,19,174,0,0,0,0,0,45,0,0,0,0,0,0,0,0,0,0,0,0,0,0,0,0,0,0,0,0,0,0,0,0,0,0,0,0,0,0,0,0,0,0,0,0,0,0,0,0,0,0,0,0,0,0,0,4,0,0,0,0,0,0,0,0,0,0,0,64,0,0,0,0,0,36,0,0,0,0,0,25,14,0,0,0,0,63,0,0,0,strafe_left
0,20,103,22,0,0,0,10,108,0,0,0,0,0,56,0,0,0,0,0,0,0,0,0,0,0,0,0,0,0,0,0,0,0,0,0,0,0,0,0,0,0,0,0,0,0,0,0,0,0,0,0,0,0,0,0,0,0,0,0,0,0,5,0,0,0,0,0,0,0,0,0,0,0,78,0,0,0,0,0,35,0,0,0,0,0,34,13,0,0,0,0,65,0,0,0,strafe_left
0,33,112,22,0,0,0,0,60,0,0,0,0,5,63,0,0,0,0,0,0,0,0,0,0,0,0,0,0,0,0,0,0,0,0,0,0,0,0,0,0,0,0,0,0,0,0,0,0,0,0,0,0,0,0,0,0,0,0,0,0,0,0,0,0,0,0,0,0,0,0,0,0,0,94,0,0,0,0,0,36,0,0,0,0,0,40,28,0,0,0,0,56,0,0,0,strafe_left
0,30,116,26,0,0,0,0,73,0,0,0,0,0,62,0,0,0,0,0,0,0,0,0,0,0,0,0,0,0,0,0,0,0,0,0,0,0,0,0,0,0,0,0,0,0,0,0,0,0,0,0,0,0,0,0,0,0,0,0,0,0,0,0,0,0,0,0,0,0,0,0,0,0,98,0,0,0,0,0,37,0,0,0,0,0,43,29,0,0,0,0,57,0,0,0,strafe_left
0,9,101,29,0,0,0,16,154,0,0,0,0,0,51,0,0,0,0,0,0,0,0,0,0,0,0,0,0,0,0,0,0,0,0,0,0,0,0,0,0,0,0,0,0,0,0,0,0,0,0,0,0,0,0,0,0,0,0,0,0,0,0,0,0,0,0,0,0,0,0,0,0,0,89,0,0,0,0,0,38,0,0,0,0,0,34,22,0,0,0,0,57,0,0,0,strafe_left
0,0,61,18,0,0,0,27,212,0,0,0,0,0,32,0,0,0,0,0,0,0,0,0,0,0,0,0,0,0,0,0,0,0,0,0,0,0,0,0,0,0,0,0,0,0,0,0,0,0,0,0,0,0,0,0,0,0,0,0,0,0,0,0,0,0,0,0,0,0,0,0,0,0,68,0,0,0,0,0,37,0,0,0,0,0,19,7,0,0,0,0,53,0,0,0,strafe_left
0,0,46,10,0,0,6,45,288,11,0,0,0,0,9,0,0,0,0,0,0,0,0,0,0,0,0,0,0,0,0,0,0,0,0,0,0,0,0,0,0,0,0,0,0,0,0,0,0,0,0,0,0,0,0,0,0,0,0,0,0,0,3,0,0,0,0,0,0,0,0,0,0,0,77,0,0,0,0,0,40,0,0,0,0,0,20,9,0,0,0,0,56,0,0,0,strafe_left
0,0,77,22,0,0,0,24,172,0,0,0,0,0,37,0,0,0,0,0,0,0,0,0,0,0,0,0,0,0,0,0,0,0,0,0,0,0,0,0,0,0,0,0,0,0,0,0,0,0,0,0,0,0,0,0,0,0,0,0,0,0,3,0,0,0,0,0,0,0,0,0,0,0,84,0,0,0,0,0,39,0,0,0,0,0,31,16,0,0,0,0,56,0,0,0,strafe_left
0,0,80,21,0,0,0,22,152,0,0,0,0,0,43,0,0,0,0,0,0,0,0,0,0,0,0,0,0,0,0,0,0,0,0,0,0,0,0,0,0,0,0,0,0,0,0,0,0,0,0,0,0,0,0,0,0,0,0,0,0,0,0,0,0,0,0,0,0,0,0,0,0,0,96,0,0,0,0,0,39,0,0,0,0,0,29,18,0,0,0,0,51,0,0,0,strafe_left
0,18,112,28,0,0,0,15,80,0,0,0,0,0,56,0,0,0,0,0,0,0,0,0,0,0,0,0,0,0,0,0,0,0,0,0,0,0,0,0,0,0,0,0,0,0,0,0,0,0,0,0,0,0,0,0,0,0,0,0,0,0,0,0,0,0,0,0,0,0,0,0,0,0,109,0,0,0,0,0,34,0,0,0,0,0,34,22,0,0,0,0,46,0,0,0,strafe_left
0,37,133,35,0,0,0,5,56,0,0,0,0,0,60,0,0,0,0,0,0,0,0,0,0,0,0,0,0,0,0,0,0,0,0,0,0,0,0,0,0,0,0,0,0,0,0,0,0,0,0,0,0,0,0,0,0,0,0,0,0,0,0,0,0,0,0,0,0,0,0,0,0,0,114,0,0,0,0,0,35,0,0,0,0,0,37,26,0,0,0,0,48,0,0,0,strafe_left
0,37,134,32,0,0,0,0,56,0,0,0,0,0,59,0,0,0,0,0,0,0,0,0,0,0,0,0,0,0,0,0,0,0,0,0,0,0,0,0,0,0,0,0,0,0,0,0,0,0,0,0,0,0,0,0,0,0,0,0,0,0,0,0,0,0,0,0,0,0,0,0,0,0,112,0,0,0,0,0,33,0,0,0,0,0,36,26,0,0,0,0,48,0,0,0,strafe_left
0,37,134,35,0,0,0,7,84,0,0,0,0,0,59,0,0,0,0,0,0,0,0,0,0,0,0,0,0,0,0,0,0,0,0,0,0,0,0,0,0,0,0,0,0,0,0,0,0,0,0,0,0,0,0,0,0,0,0,0,0,0,0,0,0,0,0,0,0,0,0,0,0,0,112,0,0,0,0,0,36,0,0,0,0,0,34,23,0,0,0,0,47,0,0,0,strafe_left
0,0,81,24,0,0,0,28,154,0,0,0,0,0,43,0,0,0,0,0,0,0,0,0,0,0,0,0,0,0,0,0,0,0,0,0,0,0,0,0,0,0,0,0,0,0,0,0,0,0,0,0,0,0,0,0,0,0,0,0,0,0,0,0,0,0,0,0,0,0,0,0,0,0,93,0,0,0,0,0,36,0,0,0,0,0,27,19,0,0,0,0,51,0,0,0,strafe_left
0,0,34,0,0,0,12,54,272,18,0,0,0,0,0,0,0,0,0,0,0,0,0,0,0,0,0,0,0,0,0,0,0,0,0,0,0,0,0,0,0,0,0,0,0,0,0,0,0,0,0,0,0,0,0,0,0,0,0,0,0,0,0,0,0,0,0,0,0,0,0,0,0,0,56,0,0,0,0,0,42,4,0,0,0,0,16,10,0,0,0,0,57,0,0,0,strafe_left
0,0,25,0,0,0,8,58,307,27,0,0,0,0,0,0,0,0,0,0,0,0,0,0,0,0,0,0,0,0,0,0,0,0,0,0,0,0,0,0,0,0,0,0,0,0,0,0,0,0,0,0,0,0,0,0,0,0,0,0,0,0,0,0,0,0,0,0,0,0,0,0,0,0,58,0,0,0,0,0,40,3,0,0,0,0,12,7,0,0,0,0,59,0,0,0,strafe_left
0,0,47,0,0,0,5,51,268,14,0,0,0,0,0,0,0,0,0,0,0,0,0,0,0,0,0,0,0,0,0,0,0,0,0,0,0,0,0,0,0,0,0,0,0,0,0,0,0,0,0,0,0,0,0,0,0,0,0,0,0,0,0,0,0,0,0,0,0,0,0,0,0,0,80,0,0,0,0,0,42,5,0,0,0,0,18,10,0,0,0,0,52,0,0,0,strafe_left
0,0,61,12,0,0,0,40,238,0,0,0,0,0,7,0,0,0,0,0,0,0,0,0,0,0,0,0,0,0,0,0,0,0,0,0,0,0,0,0,0,0,0,0,0,0,0,0,0,0,0,0,0,0,0,0,0,0,0,0,0,0,0,0,0,0,0,0,0,0,0,0,0,0,96,0,0,0,0,0,42,3,0,0,0,0,27,16,0,0,0,0,53,0,0,0,strafe_left
0,22,99,23,0,0,0,13,96,0,0,0,0,0,40,0,0,0,0,0,0,0,0,0,0,0,0,0,0,0,0,0,0,0,0,0,0,0,0,0,0,0,0,0,0,0,0,0,0,0,0,0,0,0,0,0,0,0,0,0,0,0,0,0,0,0,0,0,0,0,0,0,0,0,109,0,0,0,0,0,32,0,0,0,0,0,43,23,0,0,0,0,49,0,0,0,strafe_left
0,60,128,26,0,0,0,0,47,0,0,0,0,0,49,0,0,0,0,0,0,0,0,0,0,0,0,0,0,0,0,0,0,0,0,0,0,0,0,0,0,0,0,0,0,0,0,0,0,0,0,0,0,0,0,0,0,0,0,0,0,0,0,0,0,0,0,0,0,0,0,0,0,0,108,0,0,0,0,0,30,0,0,0,0,0,45,26,0,0,0,0,46,0,0,0,strafe_left
0,101,152,7,0,0,0,0,0,0,0,0,0,44,56,0,0,0,0,0,0,0,0,0,0,0,0,0,0,0,0,0,0,0,0,0,0,0,0,0,0,0,0,0,0,0,0,0,0,0,0,0,0,0,0,0,0,0,0,0,0,0,0,0,0,0,0,0,0,0,0,0,0,0,116,0,0,0,0,0,31,0,0,0,0,0,35,23,0,0,0,0,39,0,0,0,strafe_left
0,97,141,0,0,0,0,0,0,0,0,0,0,48,60,0,0,0,0,0,0,0,0,0,0,0,0,0,0,0,0,0,0,0,0,0,0,0,0,0,0,0,0,0,0,0,0,0,0,0,0,0,0,0,0,0,0,0,0,0,0,0,0,0,0,0,0,0,0,0,0,0,0,0,116,0,0,0,0,0,31,0,0,0,0,0,40,28,0,0,0,0,43,0,0,0,strafe_left
0,53,133,27,0,0,0,0,44,0,0,0,0,0,61,0,0,0,0,0,0,0,0,0,0,0,0,0,0,0,0,0,0,0,0,0,0,0,0,0,0,0,0,0,0,0,0,0,0,0,0,0,0,0,0,0,0,0,0,0,0,0,0,0,0,0,0,0,0,0,0,0,0,0,119,0,0,0,0,0,31,0,0,0,0,0,38,27,0,0,0,0,44,0,0,0,strafe_left
0,13,94,25,0,0,0,5,88,0,0,0,0,0,46,0,0,0,0,0,0,0,0,0,0,0,0,0,0,0,0,0,0,0,0,0,0,0,0,0,0,0,0,0,0,0,0,0,0,0,0,0,0,0,0,0,0,0,0,0,0,0,0,0,0,0,0,0,0,0,0,0,0,0,111,0,0,0,0,0,33,0,0,0,0,0,35,25,0,0,0,0,48,0,0,0,strafe_left
0,0,73,19,0,0,0,6,93,0,0,0,0,0,38,0,0,0,0,0,0,0,0,0,0,0,0,0,0,0,0,0,0,0,0,0,0,0,0,0,0,0,0,0,0,0,0,0,0,0,0,0,0,0,0,0,0,0,0,0,0,0,0,0,0,0,0,0,0,0,0,0,0,0,104,0,0,0,0,0,33,0,0,0,0,0,30,24,0,0,0,0,49,0,0,0,strafe_left
0,0,84,22,0,0,0,5,91,0,0,0,0,0,41,0,0,0,0,0,0,0,0,0,0,0,0,0,0,0,0,0,0,0,0,0,0,0,0,0,0,0,0,0,0,0,0,0,0,0,0,0,0,0,0,0,0,0,0,0,0,0,0,0,0,0,0,0,0,0,0,0,0,0,104,0,0,0,0,0,33,0,0,0,0,0,28,20,0,0,0,0,48,0,0,0,strafe_left
0,50,124,32,0,0,0,8,79,0,0,0,0,0,64,0,0,0,0,0,0,0,0,0,0,0,0,0,0,0,0,0,0,0,0,0,0,0,0,0,0,0,0,0,0,0,0,0,0,0,0,0,0,0,0,0,0,0,0,0,0,0,0,0,0,0,0,0,0,0,0,0,0,0,72,0,0,0,0,0,39,0,0,0,0,0,9,0,0,0,0,0,50,0,0,0,strafe_left
0,0,0,0,0,0,0,0,0,0,0,0,0,0,4,0,0,0,0,0,0,0,0,0,0,0,61,38,0,0,0,0,0,15,0,0,0,0,44,0,0,0,0,0,25,27,0,0,0,0,45,0,0,0,0,0,25,0,0,0,0,0,36,0,0,0,0,0,0,0,0,0,0,0,0,0,0,0,0,0,0,0,0,0,0,0,0,0,0,0,0,0,0,0,0,0,strafe_right
0,0,0,0,0,0,0,0,0,0,0,0,0,0,13,0,0,0,0,0,0,0,0,0,0,0,65,46,0,0,0,0,0,9,0,0,0,0,45,0,0,0,0,0,10,6,0,0,0,0,94,25,0,0,0,0,11,0,0,0,0,0,67,0,0,0,0,0,0,0,0,0,0,0,0,0,0,0,0,0,0,0,0,0,0,0,0,0,0,0,0,0,0,0,0,0,strafe_right
0,0,0,0,0,0,0,0,0,0,0,0,0,0,10,0,0,0,0,0,0,0,0,0,0,0,63,41,0,0,0,0,0,15,0,0,0,0,42,0,0,0,0,0,21,16,0,0,0,0,83,18,0,0,0,0,10,0,0,0,0,0,65,0,0,0,0,0,0,0,0,0,0,0,0,0,0,0,0,0,0,0,0,0,0,0,0,0,0,0,0,0,0,0,0,0,strafe_right
0,0,0,0,0,0,0,0,0,0,0,0,0,0,15,0,0,0,0,0,0,0,0,0,0,0,61,57,0,0,0,0,0,24,0,0,0,0,41,0,0,0,0,0,7,19,0,0,0,0,61,12,0,0,0,0,14,0,0,0,0,0,63,0,0,0,0,0,0,0,0,0,0,0,0,0,0,0,0,0,0,0,0,0,0,0,0,0,0,0,0,0,0,0,0,0,strafe_right
0,0,0,0,0,0,0,0,0,0,0,0,0,0,12,0,0,0,0,0,0,0,0,0,0,0,61,53,0,0,0,0,0,28,0,0,0,0,39,0,0,0,0,0,10,21,0,0,0,0,55,8,0,0,0,0,17,0,0,0,0,0,66,0,0,0,0,0,0,0,0,0,0,0,0,0,0,0,0,0,0,0,0,0,0,0,0,0,0,0,0,0,0,0,0,0,strafe_right
0,0,0,0,0,0,0,0,0,0,0,0,0,0,12,0,0,0,0,0,0,0,0,0,0,0,57,51,0,0,0,0,0,22,0,0,0,0,39,0,0,0,0,0,10,15,0,0,0,0,68,17,0,0,0,0,22,0,0,0,0,0,71,0,0,0,0,0,0,0,0,0,0,0,0,0,0,0,0,0,0,0,0,0,0,0,0,0,0,0,0,0,0,0,0,0,strafe_right
0,0,0,0,0,0,0,0,0,0,0,0,0,0,14,0,0,0,0,0,0,0,0,0,0,0,62,54,0,0,0,0,0,25,0,0,0,0,41,0,0,0,0,0,10,16,0,0,0,0,67,18,0,0,0,0,23,0,0,0,0,0,71,0,0,0,0,0,0,0,0,0,0,0,0,0,0,0,0,0,0,0,0,0,0,0,0,0,0,0,0,0,0,0,0,0,strafe_right
0,0,0,0,0,0,0,0,0,0,0,0,0,0,10,0,0,0,0,0,0,0,0,0,0,0,61,54,0,0,0,0,0,28,0,0,0,0,38,0,0,0,0,0,10,20,0,0,0,0,69,18,0,0,0,0,21,0,0,0,0,0,71,0,0,0,0,0,0,0,0,0,0,0,0,0,0,0,0,0,0,0,0,0,0,0,0,0,0,0,0,0,0,0,0,0,strafe_right
0,0,0,0,0,0,0,0,0,0,0,0,0,0,22,0,0,0,0,0,0,0,0,0,0,0,64,59,0,0,0,0,0,14,0,0,0,0,42,0,0,0,0,0,0,0,0,0,0,0,97,35,0,0,0,0,18,0,0,0,0,0,69,0,0,0,0,0,0,0,0,0,0,0,9,0,0,0,0,0,0,0,0,0,0,0,0,0,0,0,0,0,0,0,0,0,strafe_right
0,0,0,0,0,0,0,0,0,0,0,0,0,0,21,0,0,0,0,0,0,0,0,0,0,0,64,59,0,0,0,0,0,10,0,0,0,0,43,0,0,0,0,0,0,0,0,0,0,0,95,34,0,0,0,0,18,0,0,0,0,0,73,0,0,0,0,0,0,0,0,0,0,0,11,0,0,0,0,0,0,0,0,0,0,0,0,0,0,0,0,0,0,0,0,0,strafe_right
0,0,0,0,0,0,0,0,0,0,0,0,0,0,22,0,0,0,0,0,0,0,0,0,0,0,64,59,0,0,0,0,0,11,0,0,0,0,45,0,0,0,0,0,0,0,0,0,0,0,97,35,0,0,0,0,15,0,0,0,0,0,72,0,0,0,0,0,0,0,0,0,0,0,13,0,0,0,0,0,0,0,0,0,0,0,0,0,0,0,0,0,0,0,0,0,strafe_right
0,0,0,0,0,0,0,0,0,0,0,0,0,0,11,0,0,0,0,0,0,0,0,0,0,0,60,53,0,0,0,0,0,23,0,0,0,0,39,0,0,0,0,0,10,15,0,0,0,0,61,12,0,0,0,0,24,0,0,0,0,0,66,0,0,0,0,0,0,0,0,0,0,0,0,0,0,0,0,0,0,0,0,0,0,0,0,0,0,0,0,0,0,0,0,0,strafe_right
0,0,0,0,0,0,0,0,0,0,0,0,0,0,0,0,0,0,0,0,0,0,0,0,0,0,51,33,0,0,0,0,0,44,0,0,0,0,36,0,0,0,0,0,20,57,0,0,0,0,53,11,0,0,3,0,32,0,0,0,0,0,59,0,0,0,0,0,0,0,0,0,0,0,0,0,0,0,0,0,0,0,0,0,0,0,0,0,0,0,0,0,0,0,0,0,strafe_right
0,0,0,0,0,0,0,0,0,0,0,0,0,0,0,0,0,0,0,0,0,0,0,0,0,0,53,39,0,0,0,0,0,40,0,0,0,0,35,0,0,0,0,0,19,44,0,0,0,0,47,8,0,0,0,0,30,0,0,0,0,0,56,0,0,0,0,0,0,0,0,0,0,0,0,0,0,0,0,0,0,0,0,0,0,0,0,0,0,0,0,0,0,0,0,0,strafe_right
0,0,0,0,0,0,0,0,0,0,0,0,0,0,4,0,0,0,0,0,0,0,0,0,0,0,55,41,0,0,0,0,0,32,0,0,0,0,37,0,0,0,0,0,20,37,0,0,0,0,72,19,0,0,0,0,20,0,0,0,0,0,64,0,0,0,0,0,0,0,0,0,0,0,12,0,0,0,0,0,0,0,0,0,0,0,0,0,0,0,0,0,0,0,0,0,strafe_right
0,0,0,0,0,0,0,0,0,0,0,0,0,0,11,0,0,0,0,0,0,0,0,0,0,0,58,49,0,0,0,0,0,23,0,0,0,0,32,0,0,0,0,0,12,12,0,0,0,0,88,28,0,0,0,0,25,0,0,0,0,0,67,0,0,0,0,0,0,0,0,0,0,0,17,0,0,0,0,0,0,0,0,0,0,0,0,0,0,0,0,0,0,0,0,0,strafe_right
0,0,0,0,0,0,0,0,0,0,0,0,0,0,14,0,0,0,0,0,0,0,0,0,0,0,59,52,0,0,0,0,0,14,0,0,0,0,37,0,0,0,0,0,7,0,0,0,0,0,91,31,0,0,0,0,15,0,0,0,0,0,64,0,0,0,0,0,0,0,0,0,0,0,23,0,0,0,0,0,0,0,0,0,0,0,0,0,0,0,0,0,0,0,0,0,strafe_right
0,0,0,0,0,0,0,0,0,0,0,0,0,0,20,0,0,0,0,0,0,0,0,0,0,0,59,52,0,0,0,0,0,4,0,0,0,0,38,0,0,0,0,0,4,0,0,0,0,0,91,30,0,0,0,0,17,0,0,0,0,0,66,0,0,0,0,0,0,0,0,0,0,0,25,0,0,0,0,0,0,0,0,0,0,0,0,0,0,0,0,0,0,0,0,0,strafe_right
0,0,0,0,0,0,0,0,0,0,0,0,0,0,21,0,0,0,0,0,0,0,0,0,0,0,57,48,0,0,0,0,0,6,0,0,0,0,36,0,0,0,0,0,0,0,0,0,0,0,92,32,0,0,0,0,15,0,0,0,0,0,67,0,0,0,0,0,0,0,0,0,0,0,26,0,0,0,0,0,0,0,0,0,0,0,0,0,0,0,0,0,0,0,0,0,strafe_right
0,0,0,0,0,0,0,0,0,0,0,0,0,0,23,0,0,0,0,0,0,0,0,0,0,0,59,53,0,0,0,0,0,8,0,0,0,0,38,0,0,0,0,0,0,0,0,0,0,0,95,30,0,0,0,0,5,0,0,0,0,0,70,0,0,0,0,0,0,0,0,0,0,0,27,0,0,0,0,0,0,0,0,0,0,0,0,0,0,0,0,0,0,0,0,0,strafe_right
0,0,0,0,0,0,0,0,0,0,0,0,0,0,24,0,0,0,0,0,0,0,0,0,0,0,60,55,0,0,0,0,0,4,0,0,0,0,39,0,0,0,0,0,0,0,0,0,0,0,105,31,0,0,0,0,0,0,0,0,0,0,72,0,0,0,0,0,0,0,0,0,0,0,31,0,0,0,0,0,0,0,0,0,0,0,0,0,0,0,0,0,0,0,0,0,strafe_right
0,0,0,0,0,0,0,0,0,0,0,0,0,0,20,0,0,0,0,0,0,0,0,0,0,0,58,59,0,0,0,0,0,11,0,0,0,0,38,0,0,0,0,0,0,0,0,0,0,0,78,23,0,0,0,0,17,0,0,0,0,0,68,0,0,0,0,0,0,0,0,0,0,0,23,0,0,0,0,0,0,0,0,0,0,0,0,0,0,0,0,0,0,0,0,0,strafe_right
0,0,0,0,0,0,0,0,0,0,0,0,0,0,16,0,0,0,0,0,0,0,0,0,0,0,53,53,0,0,0,0,0,22,0,0,0,0,33,0,0,0,0,0,0,11,0,0,0,0,63,21,0,0,3,0,24,0,0,0,0,0,64,0,0,0,0,0,0,0,0,0,0,0,10,0,0,0,0,0,0,0,0,0,0,0,0,0,0,0,0,0,0,0,0,0,strafe_right
0,0,0,0,0,0,0,0,0,0,0,0,0,0,3,0,0,0,0,0,0,0,0,0,0,0,48,46,0,0,0,0,0,41,0,0,0,0,29,0,0,0,0,0,0,24,0,0,0,0,32,0,0,0,0,0,24,0,0,0,0,0,52,0,0,0,0,0,0,0,0,0,0,0,0,0,0,0,0,0,0,0,0,0,0,0,0,0,0,0,0,0,0,0,0,0,strafe_right
0,0,0,0,0,0,0,0,0,0,0,0,0,0,0,0,0,0,0,0,0,0,0,0,0,0,40,22,0,0,0,0,0,60,0,0,0,0,31,0,0,0,0,0,13,74,0,0,0,0,14,0,0,0,0,0,25,0,0,0,0,0,18,0,0,0,0,0,0,0,0,0,0,0,0,0,0,0,0,0,0,0,0,0,0,0,0,0,0,0,0,0,0,0,0,0,strafe_right
0,0,0,0,0,0,0,0,0,0,0,0,0,0,0,0,0,0,0,0,0,0,0,0,0,0,35,22,0,0,0,0,0,75,0,0,0,0,27,0,0,0,0,0,17,78,0,0,0,0,18,0,0,0,3,0,26,0,0,0,0,0,19,0,0,0,0,0,0,0,0,0,0,0,0,0,0,0,0,0,0,0,0,0,0,0,0,0,0,0,0,0,0,0,0,0,strafe_right
0,0,0,0,0,0,0,0,0,0,0,0,0,0,0,0,0,0,0,0,0,0,0,0,0,0,37,25,0,0,0,0,0,82,0,0,0,0,28,0,0,0,0,0,18,83,0,0,0,0,24,0,0,0,7,0,29,0,0,0,0,0,23,0,0,0,0,0,0,0,0,0,0,0,0,0,0,0,0,0,0,0,0,0,0,0,0,0,0,0,0,0,0,0,0,0,strafe_right
0,0,0,0,0,0,0,0,0,0,0,0,0,0,0,0,0,0,0,0,0,0,0,0,0,0,42,38,0,0,0,0,0,83,0,0,0,0,28,0,0,0,0,0,16,77,0,0,0,0,54,9,0,0,0,0,18,0,0,0,0,0,54,0,0,0,0,0,0,0,0,0,0,0,0,0,0,0,0,0,0,0,0,0,0,0,0,0,0,0,0,0,0,0,0,0,strafe_right
0,0,0,0,0,0,0,0,0,0,0,0,0,0,13,0,0,0,0,0,0,0,0,0,0,0,52,53,0,0,0,0,0,41,0,0,0,0,31,0,0,0,0,0,4,27,0,0,0,0,88,32,0,0,0,0,13,0,0,0,0,0,62,0,0,0,0,0,0,0,0,0,0,0,19,0,0,0,0,0,0,0,0,0,0,0,0,0,0,0,0,0,0,0,0,0,strafe_right
0,0,0,0,0,0,0,0,0,0,0,0,0,0,0,0,0,0,0,0,0,0,0,0,0,0,47,46,0,0,0,0,0,64,0,0,0,0,29,0,0,0,0,0,11,55,0,0,0,0,86,33,0,0,0,0,12,0,0,0,0,0,63,0,0,0,0,0,0,0,0,0,0,0,20,0,0,0,0,0,0,0,0,0,0,0,0,0,0,0,0,0,0,0,0,0,strafe_right
0,0,0,0,0,0,0,0,0,0,0,0,0,0,0,0,0,0,0,0,0,0,0,0,0,0,37,25,0,0,0,0,0,76,0,0,0,0,26,0,0,0,0,0,18,78,0,0,0,0,91,36,0,0,0,0,15,0,0,0,0,0,64,0,0,0,0,0,0,0,0,0,0,0,18,0,0,0,0,0,0,0,0,0,0,0,0,0,0,0,0,0,0,0,0,0,strafe_right
0,0,0,0,0,0,0,0,0,0,0,0,0,0,0,0,0,0,0,0,0,0,0,0,0,0,36,19,0,0,0,0,0,80,0,0,0,0,25,0,0,0,0,0,18,85,0,0,0,0,81,35,0,0,5,0,15,0,0,0,0,0,60,0,0,0,0,0,0,0,0,0,0,0,16,0,0,0,0,0,0,0,0,0,0,0,0,0,0,0,0,0,0,0,0,0,strafe_right
0,0,0,0,0,0,0,0,0,0,0,0,0,0,0,0,0,0,0,0,0,0,0,0,0,0,42,5,0,0,0,0,0,42,0,0,0,0,26,0,0,0,0,0,21,63,0,0,0,0,74,29,0,0,5,0,20,0,0,0,0,0,64,0,0,0,0,0,0,0,0,0,0,0,17,0,0,0,0,0,0,0,0,0,0,0,0,0,0,0,0,0,0,0,0,0,strafe_right
0,0,0,0,0,0,0,0,0,0,0,0,0,0,0,0,0,0,0,0,0,0,0,0,0,0,48,20,0,0,0,0,0,18,0,0,0,0,30,0,0,0,0,0,13,20,0,0,0,0,93,42,0,0,7,0,20,0,0,0,0,0,64,0,0,0,0,0,0,0,0,0,0,0,33,0,0,0,0,0,0,0,0,0,0,0,0,0,0,0,0,0,0,0,0,0,strafe_right
0,0,0,0,0,0,0,0,0,0,0,0,0,0,6,0,0,0,0,0,0,0,0,0,0,0,55,45,0,0,0,0,0,40,0,0,0,0,31,0,0,0,0,0,5,21,0,0,0,0,94,39,0,0,5,0,19,0,0,0,0,0,67,0,0,0,0,0,0,0,0,0,0,0,38,0,0,0,0,0,0,0,0,0,0,0,0,0,0,0,0,0,0,0,0,0,strafe_right
0,0,0,0,0,0,0,0,0,0,0,0,0,0,10,0,0,0,0,0,0,0,0,0,0,0,57,48,0,0,0,0,0,40,0,0,0,0,34,0,0,0,0,0,5,24,0,0,0,0,99,42,0,0,7,0,24,0,0,0,0,0,63,0,0,0,0,0,0,0,0,0,0,0,27,0,0,0,0,0,0,0,0,0,0,0,0,0,0,0,0,0,0,0,0,0,strafe_right
0,0,0,0,0,0,0,0,22,0,0,0,0,0,57,0,0,0,0,0,0,0,0,0,0,0,67,97,0,0,0,0,0,5,0,0,0,0,49,0,0,0,0,0,0,0,0,0,0,0,8,0,0,0,0,0,26,0,0,0,0,0,69,0,0,0,0,0,0,0,0,0,0,55,92,18,0,0,0,0,10,0,0,0,0,0,56,0,0,0,0,0,0,0,0,0,backward
0,0,0,0,0,0,0,0,21,0,0,0,0,0,55,0,0,0,0,0,0,0,0,0,0,0,68,98,0,0,0,0,0,6,0,0,0,0,53,0,0,0,0,0,0,0,0,0,0,0,7,0,0,0,0,0,30,0,0,0,0,0,64,0,0,0,0,0,0,0,0,0,0,56,94,20,0,0,0,0,10,0,0,0,0,0,57,0,0,0,0,0,0,0,0,0,backward
0,0,0,0,0,0,0,0,25,0,0,0,0,0,53,0,0,0,0,0,0,0,0,0,0,0,67,104,0,0,0,0,0,11,0,0,0,0,52,0,0,0,0,0,0,0,0,0,0,0,7,0,0,0,0,0,32,0,0,0,0,0,68,0,0,0,0,0,4,0,0,0,0,56,93,19,0,0,0,0,10,0,0,0,0,0,54,0,0,0,0,0,0,0,0,0,none
0,0,0,0,0,0,0,0,33,0,0,0,0,0,47,0,0,0,0,0,0,0,0,0,0,0,61,98,0,0,0,0,0,15,0,0,0,0,47,0,0,0,0,0,0,0,0,0,0,0,3,0,0,0,0,0,33,0,0,0,0,0,51,0,0,0,0,0,10,0,0,0,0,0,69,3,0,0,0,0,26,0,0,0,0,0,46,0,0,0,0,0,0,0,0,0,none
0,0,0,0,0,0,0,0,36,0,0,0,0,0,43,0,0,0,0,0,0,0,0,0,0,0,60,94,0,0,0,0,0,23,0,0,0,0,44,0,0,0,0,0,0,0,0,0,0,0,0,0,0,0,0,0,29,0,0,0,0,0,52,0,0,0,0,0,10,0,0,0,0,10,72,7,0,0,0,0,23,0,0,0,0,0,48,0,0,0,0,0,0,0,0,0,none
0,0,0,0,0,0,0,0,35,0,0,0,0,0,41,0,0,0,0,0,0,0,0,0,0,0,59,97,0,0,0,0,0,30,0,0,0,0,40,0,0,0,0,0,0,0,0,0,0,0,0,0,0,0,0,0,34,0,0,0,0,0,56,0,0,0,0,0,3,0,0,0,0,12,75,9,0,0,0,0,24,0,0,0,0,0,54,0,0,0,0,0,0,0,0,0,none
0,0,0,0,0,0,0,0,34,0,0,0,0,0,43,0,0,0,0,0,0,0,0,0,0,0,63,94,0,0,0,0,0,33,0,0,0,0,40,0,0,0,0,0,0,0,0,0,0,0,0,0,0,0,0,0,31,0,0,0,0,0,58,0,0,0,0,0,9,0,0,0,0,16,74,9,0,0,0,0,24,0,0,0,0,0,63,0,0,0,0,0,0,0,0,0,none
0,0,0,0,0,0,0,0,31,0,0,0,0,0,55,0,0,0,0,0,0,0,0,0,0,0,57,98,0,0,0,0,0,12,0,0,0,0,45,0,0,0,0,0,0,0,0,0,0,0,0,0,0,0,0,0,27,0,0,0,0,0,61,0,0,0,0,0,8,0,0,0,0,29,82,12,0,0,0,0,27,0,0,0,0,0,68,0,0,0,0,0,0,0,0,0,none
0,0,4,0,0,0,0,0,32,0,0,0,0,0,57,0,0,0,0,0,0,0,0,0,0,0,66,91,0,0,0,0,0,3,0,0,0,0,45,0,0,0,0,0,0,0,0,0,0,0,0,0,0,0,0,0,22,0,0,0,0,0,58,0,0,0,0,0,6,0,0,0,0,33,84,14,0,0,0,0,31,0,0,0,0,0,74,8,0,0,0,0,0,0,0,0,none
0,0,5,0,0,0,0,0,34,0,0,0,0,0,58,0,0,0,0,0,0,0,0,0,0,0,66,81,0,0,0,0,0,0,0,0,0,0,47,0,0,0,0,0,0,0,0,0,0,0,0,0,0,0,0,0,22,0,0,0,0,0,59,0,0,0,0,0,5,0,0,0,0,45,89,15,0,0,0,0,34,0,0,0,0,0,86,20,0,0,0,0,0,0,0,0,none
0,0,8,0,0,0,0,0,44,0,0,0,0,0,61,0,0,0,0,0,0,0,0,0,0,0,65,80,0,0,0,0,0,0,0,0,0,0,46,0,0,0,0,0,0,0,0,0,0,0,0,0,0,0,0,0,28,0,0,0,0,0,63,0,0,0,0,0,6,0,0,0,0,49,91,13,0,0,0,0,32,0,0,0,0,3,90,25,0,0,0,0,0,0,0,0,none
0,0,6,0,0,0,0,0,41,0,0,0,0,0,61,0,0,0,0,0,0,0,0,0,0,0,67,81,0,0,0,0,0,0,0,0,0,0,47,0,0,0,0,0,0,0,0,0,0,0,0,0,0,0,0,0,28,0,0,0,0,0,61,0,0,0,0,0,7,0,0,0,0,48,93,14,0,0,0,0,29,0,0,0,0,0,87,22,0,0,0,0,0,0,0,0,none
0,0,6,0,0,0,0,0,40,0,0,0,0,0,59,0,0,0,0,0,0,0,0,0,0,0,67,84,0,0,0,0,0,0,0,0,0,0,46,0,0,0,0,0,0,0,0,0,0,0,0,0,0,0,0,0,28,0,0,0,0,0,56,0,0,0,0,0,7,0,0,0,0,47,94,18,0,0,0,0,31,0,0,0,0,0,89,26,0,0,0,0,0,0,0,0,none
0,0,15,0,0,0,0,0,60,0,0,0,0,0,43,0,0,0,0,0,0,0,0,0,0,0,56,61,0,0,0,0,0,3,0,0,0,0,20,0,0,0,0,0,0,0,0,0,0,0,0,0,0,0,0,0,25,0,0,0,0,0,57,0,0,0,0,0,6,0,0,0,0,48,95,17,0,0,0,0,37,0,0,0,0,0,93,29,0,0,0,0,0,0,0,0,none
0,0,0,0,0,0,0,0,10,6,0,0,0,0,44,10,0,0,0,0,5,0,0,0,0,0,50,0,0,0,0,0,0,0,0,0,0,0,59,0,0,0,0,0,0,0,0,0,0,0,0,0,0,0,0,0,32,0,0,0,0,0,18,0,0,0,0,0,15,0,0,0,0,0,43,0,0,0,0,0,27,0,0,0,0,0,30,0,0,0,0,0,0,0,0,0,none
0,0,0,0,0,0,0,0,15,29,0,0,0,0,34,0,0,0,0,0,11,0,0,0,0,0,36,0,0,0,0,0,0,0,0,0,0,0,43,0,0,0,0,0,0,0,0,0,0,0,0,0,0,0,0,0,38,0,0,0,0,0,0,0,0,0,0,0,20,8,0,0,0,0,32,0,0,0,0,0,33,0,0,0,0,0,11,0,0,0,0,0,0,0,0,0,none
0,0,0,0,0,0,0,0,19,31,0,0,0,0,34,0,0,0,0,0,12,0,0,0,0,0,40,0,0,0,0,0,0,0,0,0,0,0,41,0,0,0,0,0,0,0,0,0,0,0,0,0,0,0,0,0,31,0,0,0,0,0,0,0,0,0,0,0,21,10,0,0,0,0,36,0,0,0,0,0,31,0,0,0,0,0,6,0,0,0,0,0,0,0,0,0,none
0,0,0,0,0,0,0,0,14,17,0,0,0,0,37,0,0,0,0,0,6,0,0,0,0,0,44,0,0,0,0,0,0,0,0,0,0,0,50,0,0,0,0,0,0,0,0,0,0,0,0,0,0,0,0,0,32,0,0,0,0,0,16,0,0,0,0,0,15,0,0,0,0,0,48,0,0,0,0,0,28,0,0,0,0,0,24,0,0,0,0,0,0,0,0,0,none
0,0,0,0,0,0,0,0,0,0,0,0,0,0,41,0,0,0,0,0,0,0,0,0,0,0,52,0,0,0,0,0,0,0,0,0,0,0,56,0,0,0,0,0,0,0,0,0,0,0,0,0,0,0,0,0,31,0,0,0,0,0,24,0,0,0,0,0,14,0,0,0,0,0,58,0,0,0,0,0,26,0,0,0,0,0,44,0,0,0,0,0,0,0,0,0,none
0,0,0,0,0,0,0,0,0,0,0,0,0,0,43,0,0,0,0,0,0,0,0,0,0,0,55,0,0,0,0,0,0,0,0,0,0,0,57,0,0,0,0,0,0,0,0,0,0,0,0,0,0,0,0,0,29,0,0,0,0,0,24,0,0,0,0,0,17,5,0,0,0,0,54,0,0,0,0,0,30,0,0,0,0,0,50,5,0,0,0,0,0,0,0,0,none
0,0,0,0,0,0,0,0,0,0,0,0,0,0,43,0,0,0,0,0,0,0,0,0,0,0,56,0,0,0,0,0,0,0,0,0,0,0,60,0,0,0,0,0,0,0,0,0,0,0,0,0,0,0,0,0,25,0,0,0,0,0,21,0,0,0,0,0,14,5,0,0,0,0,58,0,0,0,0,0,31,0,0,0,0,0,56,6,0,0,0,0,0,0,0,0,none
0,0,0,0,0,0,0,0,0,0,0,0,0,0,48,0,0,0,0,0,0,0,0,0,0,0,62,0,0,0,0,0,0,0,0,0,0,0,59,0,0,0,0,0,0,0,0,0,0,0,0,0,0,0,0,0,25,0,0,0,0,0,42,0,0,0,0,0,5,0,0,0,0,22,75,9,0,0,0,0,28,0,0,0,0,0,80,14,0,0,0,0,0,0,0,0,none
0,0,0,0,0,0,0,0,0,0,0,0,0,0,47,0,0,0,0,0,0,0,0,0,0,0,60,0,0,0,0,0,0,0,0,0,0,0,59,0,0,0,0,0,0,0,0,0,0,0,0,0,0,0,0,0,29,0,0,0,0,0,47,0,0,0,0,0,8,0,0,0,0,35,81,13,0,0,0,0,27,0,0,0,0,0,79,13,0,0,0,0,0,0,0,0,none
0,0,0,0,0,0,0,0,0,0,0,0,0,0,47,0,0,0,0,0,0,0,0,0,0,0,55,0,0,0,0,0,0,0,0,0,0,0,60,0,0,0,0,0,0,0,0,0,0,0,0,0,0,0,0,0,27,0,0,0,0,0,44,0,0,0,0,0,7,0,0,0,0,28,80,11,0,0,0,0,30,0,0,0,0,0,74,17,0,0,0,0,0,0,0,0,none
0,0,0,0,0,0,0,0,0,0,0,0,0,0,47,0,0,0,0,0,0,0,0,0,0,0,58,0,0,0,0,0,0,0,0,0,0,0,59,0,0,0,0,0,0,0,0,0,0,0,0,0,0,0,0,0,36,0,0,0,0,0,40,0,0,0,0,0,11,0,0,0,0,0,69,7,0,0,0,0,28,0,0,0,0,0,72,16,0,0,0,0,0,0,0,0,none
0,0,0,0,0,0,0,0,0,0,0,0,0,0,44,0,0,0,0,0,0,0,0,0,0,0,55,0,0,0,0,0,0,0,0,0,0,0,58,0,0,0,0,0,0,0,0,0,0,0,0,0,0,0,0,0,32,0,0,0,0,0,35,0,0,0,0,0,18,6,0,0,0,0,68,4,0,0,0,0,37,0,0,0,0,0,68,12,0,0,0,0,0,0,0,0,none
0,0,0,0,0,0,0,0,0,0,0,0,0,0,50,3,0,0,0,0,0,0,0,0,0,0,63,0,0,0,0,0,0,0,0,0,0,0,59,0,0,0,0,0,0,0,0,0,0,0,0,0,0,0,0,0,29,0,0,0,0,0,43,0,0,0,0,0,7,0,0,0,0,27,81,13,0,0,0,0,34,0,0,0,0,0,85,18,0,0,0,0,0,0,0,0,none
0,0,7,0,0,0,0,0,0,0,0,0,0,9,64,0,0,0,0,0,0,0,0,0,0,15,75,8,0,0,0,0,0,0,0,0,0,0,63,0,0,0,0,0,0,0,0,0,0,0,0,0,0,0,0,0,24,0,0,0,0,0,52,0,0,0,0,0,0,0,0,0,0,55,88,21,0,0,0,0,11,0,0,0,0,0,94,19,0,0,0,0,0,0,0,0,none
0,0,6,0,0,0,0,0,0,0,0,0,0,8,66,0,0,0,0,0,0,0,0,0,0,26,80,7,0,0,0,0,0,0,0,0,0,0,65,0,0,0,0,0,0,0,0,0,0,0,0,0,0,0,0,0,23,0,0,0,0,0,60,0,0,0,0,0,0,0,0,0,0,68,92,23,0,0,0,0,0,0,0,0,0,10,94,17,0,0,0,0,0,0,0,0,none
0,0,6,0,0,0,0,0,0,0,0,0,0,5,63,4,0,0,0,0,0,0,0,0,0,15,77,8,0,0,0,0,0,0,0,0,0,0,62,0,0,0,0,0,0,0,0,0,0,0,5,0,0,0,0,0,27,0,0,0,0,0,57,0,0,0,0,0,0,0,0,0,0,61,88,18,0,0,0,0,12,0,0,0,0,9,96,20,0,0,0,0,0,0,0,0,none
0,0,0,0,0,0,0,0,0,0,0,0,0,0,59,6,0,0,0,0,0,0,0,0,0,8,70,3,0,0,0,0,0,0,0,0,0,0,61,0,0,0,0,0,0,0,0,0,0,0,3,0,0,0,0,0,29,0,0,0,0,0,57,0,0,0,0,0,0,0,0,0,0,61,87,12,0,0,0,0,18,0,0,0,0,7,95,19,0,0,0,0,0,0,0,0,none
0,0,0,0,0,0,0,0,0,0,0,0,0,0,51,3,0,0,0,0,0,0,0,0,0,4,65,0,0,0,0,0,0,0,0,0,0,0,59,0,0,0,0,0,0,0,0,0,0,0,0,0,0,0,0,0,28,0,0,0,0,0,59,0,0,0,0,0,4,0,0,0,0,57,88,17,0,0,0,0,20,0,0,0,0,6,94,15,0,0,0,0,0,0,0,0,none
0,0,0,0,0,0,0,0,6,11,0,0,0,0,43,0,0,0,0,0,0,0,0,0,0,0,47,0,0,0,0,0,0,0,0,0,0,0,51,0,0,0,0,0,0,0,0,0,0,0,0,0,0,0,0,0,35,0,0,0,0,0,22,0,0,0,0,0,18,8,0,0,0,0,59,0,0,0,0,0,37,0,0,0,0,0,51,8,0,0,0,0,0,0,0,0,none
0,0,0,0,0,0,0,0,4,7,0,0,0,0,42,0,0,0,0,0,4,0,0,0,0,0,44,0,0,0,0,0,0,0,0,0,0,0,51,0,0,0,0,0,0,0,0,0,0,0,0,0,0,0,0,0,37,0,0,0,0,0,20,0,0,0,0,0,18,8,0,0,0,0,52,0,0,0,0,0,34,0,0,0,0,0,51,11,0,0,0,0,0,0,0,0,none
0,0,0,0,0,0,0,0,0,0,0,0,0,0,48,3,0,0,0,0,0,0,0,0,0,0,54,0,0,0,0,0,0,0,0,0,0,0,57,0,0,0,0,0,0,0,0,0,0,0,0,0,0,0,0,0,38,0,0,0,0,0,28,0,0,0,0,0,14,3,0,0,0,0,62,0,0,0,0,0,29,0,0,0,0,0,59,17,0,0,0,0,0,0,0,0,backward
0,0,0,0,0,0,0,0,0,0,0,0,0,0,58,5,0,0,0,0,0,0,0,0,0,14,67,4,0,0,0,0,0,0,0,0,0,0,60,0,0,0,0,0,0,0,0,0,0,0,0,0,0,0,0,0,27,0,0,0,0,0,52,0,0,0,0,0,0,0,0,0,0,57,93,22,0,0,0,0,6,0,0,0,0,0,96,26,0,0,0,0,0,0,0,0,backward
0,0,4,0,0,0,0,0,0,0,0,0,0,20,79,0,0,0,0,0,0,0,0,0,0,31,80,6,0,0,0,0,0,0,0,0,0,0,69,0,0,0,0,0,0,0,0,0,0,0,4,0,0,0,0,0,20,0,0,0,0,0,65,0,0,0,0,0,0,0,0,0,0,103,106,26,0,0,0,0,0,0,0,0,0,21,104,23,0,0,0,0,0,0,0,0,backward
0,0,0,0,0,0,0,0,0,0,0,0,0,45,85,0,0,0,0,0,0,0,0,0,0,86,97,0,0,0,0,0,0,0,0,0,0,0,68,0,0,0,0,0,0,0,0,0,0,0,15,0,0,0,0,0,0,0,0,0,0,0,70,0,0,0,0,0,0,0,0,0,0,187,124,0,0,0,0,0,0,0,0,0,0,65,108,0,0,0,0,0,0,0,0,0,backward
0,0,0,0,0,0,0,0,0,0,0,0,0,93,97,0,0,0,0,0,0,0,0,0,0,116,102,0,0,0,0,0,0,0,0,0,0,0,55,0,0,0,0,0,0,0,0,0,0,0,14,0,0,0,0,0,0,0,0,0,0,0,63,0,0,0,0,0,0,0,0,0,0,241,134,0,0,0,0,0,0,0,0,0,0,114,84,0,0,0,0,0,0,0,0,0,backward
0,0,0,0,0,0,0,0,0,0,0,0,0,148,71,0,0,0,0,0,0,0,0,0,0,222,107,0,0,0,0,0,0,0,0,0,0,4,28,0,0,0,0,0,0,0,0,0,0,0,12,0,0,0,0,0,0,0,0,0,0,0,32,0,0,0,0,0,0,0,0,0,0,314,114,0,0,0,0,0,0,0,0,0,0,162,37,0,0,0,0,0,0,0,0,0,backward
0,0,0,0,0,0,0,0,0,0,0,0,0,160,26,0,0,0,0,0,0,0,0,0,0,347,94,0,0,0,0,0,0,0,0,0,0,11,4,0,0,0,0,0,0,0,0,0,0,0,0,0,0,0,0,0,0,0,0,0,0,0,25,0,0,0,0,0,0,0,0,0,0,344,103,0,0,0,0,0,0,0,0,0,0,185,29,0,0,0,0,0,0,0,0,0,backward
0,0,0,0,0,0,0,0,0,0,0,0,0,180,19,0,0,0,0,0,0,0,0,0,0,403,93,0,0,0,0,0,0,0,0,0,0,30,4,0,0,0,0,0,0,0,0,0,0,0,0,0,0,0,0,0,0,0,0,0,0,0,11,0,0,0,0,0,0,0,0,0,0,267,87,0,0,0,0,0,0,0,0,0,11,245,45,0,0,0,0,0,0,0,0,0,backward
0,0,0,0,0,0,0,0,0,0,0,0,0,164,10,0,0,0,0,0,0,0,0,0,0,428,86,0,0,0,0,0,0,0,0,0,0,42,3,0,0,0,0,0,0,0,0,0,0,0,0,0,0,0,0,0,0,0,0,0,0,0,35,0,0,0,0,0,0,0,0,0,0,290,105,0,0,0,0,0,0,0,0,0,0,75,26,0,0,0,0,0,0,0,0,0,backward
0,0,0,0,0,0,0,0,0,0,0,0,0,143,0,0,0,0,0,0,0,0,0,0,0,357,63,0,0,0,0,0,0,0,0,0,0,40,0,0,0,0,0,0,0,0,0,0,0,0,9,0,0,0,0,0,0,0,0,0,0,0,18,0,0,0,0,0,0,0,0,0,0,262,81,0,0,0,0,0,0,0,0,0,26,176,33,0,0,0,0,0,0,0,0,0,backward
0,0,0,0,0,0,0,0,0,0,0,0,0,167,68,0,0,0,0,0,0,0,0,0,0,212,80,0,0,0,0,0,0,0,0,0,0,0,0,0,0,0,0,0,0,0,0,0,0,0,0,0,0,0,0,0,0,0,0,0,0,0,0,0,0,0,0,0,0,0,0,0,0,212,49,0,0,0,0,0,0,0,0,0,117,292,27,0,0,0,0,0,0,0,0,0,backward
0,0,0,0,0,0,0,0,0,0,0,0,0,123,41,0,0,0,0,0,0,0,0,0,0,167,227,0,0,0,0,0,0,0,0,0,0,0,0,0,0,0,0,0,0,0,0,0,0,0,0,0,0,0,0,0,0,0,0,0,0,7,21,0,0,0,0,0,0,0,0,0,0,108,63,0,0,0,0,0,0,0,0,0,0,7,16,0,0,0,0,0,0,0,0,0,backward
0,0,0,0,0,0,0,0,0,0,0,0,0,105,0,0,0,0,0,0,0,0,0,0,0,139,121,0,0,0,0,0,0,0,0,0,0,0,0,0,0,0,0,0,0,0,0,0,0,0,0,0,0,0,0,0,0,0,0,0,0,7,0,0,0,0,0,0,0,0,0,0,0,176,34,0,0,0,0,0,0,0,0,0,0,66,44,0,0,0,0,0,0,0,0,0,backward
0,0,0,0,0,0,0,0,0,0,0,0,0,122,0,0,0,0,0,0,0,0,0,0,0,109,117,0,0,0,0,0,0,0,0,0,0,0,0,0,0,0,0,0,0,0,0,0,0,0,0,0,0,0,0,0,0,0,0,0,0,0,0,0,0,0,0,0,0,0,0,0,0,179,0,0,0,0,0,0,0,0,0,0,30,97,0,0,0,0,0,0,0,0,0,0,backward
0,0,0,0,0,0,0,0,0,0,0,0,0,139,67,0,0,0,0,0,0,0,0,0,0,73,51,0,0,0,0,0,0,0,0,0,0,0,0,0,0,0,0,0,0,0,0,0,0,0,0,0,0,0,0,0,0,0,0,0,0,0,0,0,0,0,0,0,0,0,0,0,0,188,0,0,0,0,0,0,0,0,0,0,68,191,0,0,0,0,0,0,0,0,0,0,backward
0,0,0,0,0,0,0,0,0,0,0,0,0,54,0,0,0,0,0,0,0,0,0,0,0,79,0,0,0,0,0,0,0,0,0,0,0,0,0,0,0,0,0,0,0,0,0,0,0,0,0,0,0,0,0,0,0,0,0,0,0,0,0,0,0,0,0,0,0,0,0,0,0,193,0,0,0,0,0,0,0,0,0,0,75,326,0,0,0,0,0,0,0,0,0,0,backward
0,0,0,0,0,0,0,0,0,0,0,0,0,76,0,0,0,0,0,0,0,0,0,0,0,79,0,0,0,0,0,0,0,0,0,0,0,0,0,0,0,0,0,0,0,0,0,0,0,0,0,0,0,0,0,0,0,0,0,0,0,0,0,0,0,0,0,0,0,0,0,0,0,177,0,0,0,0,0,0,0,0,0,0,51,284,0,0,0,0,0,0,0,0,0,0,backward
0,0,0,0,0,0,0,0,0,0,0,0,0,86,31,0,0,0,0,0,0,0,0,0,0,9,28,0,0,0,0,0,0,0,0,0,0,0,0,0,0,0,0,0,0,0,0,0,0,0,0,0,0,0,0,0,0,0,0,0,0,0,0,0,0,0,0,0,0,0,0,0,0,146,0,0,0,0,0,0,0,0,0,0,18,281,0,0,0,0,0,0,0,0,0,0,backward
0,0,15,0,0,0,0,0,0,0,0,0,0,93,70,0,0,0,0,0,0,0,0,0,0,17,39,0,0,0,0,0,0,0,0,0,0,0,0,0,0,0,0,0,0,0,0,0,0,0,0,0,0,0,0,0,0,0,0,0,0,0,0,0,0,0,0,0,0,0,0,0,0,150,0,0,0,0,0,0,0,0,0,0,0,283,0,0,0,0,0,0,0,0,0,0,backward
0,0,0,0,0,0,0,0,0,0,0,0,0,37,0,0,0,0,0,0,0,0,0,0,0,54,0,0,0,0,0,0,0,0,0,0,0,0,0,0,0,0,0,0,0,0,0,0,0,0,0,0,0,0,0,0,0,0,0,0,0,0,0,0,0,0,0,0,0,0,0,0,0,121,0,0,0,0,0,0,0,0,0,0,55,211,0,0,0,0,0,0,0,0,0,0,backward
0,0,0,0,0,0,0,0,0,0,0,0,0,58,0,0,0,0,0,0,0,0,0,0,0,39,7,0,0,0,0,0,0,0,0,0,0,0,0,0,0,0,0,0,0,0,0,0,0,0,0,0,0,0,0,0,0,0,0,0,0,0,0,0,0,0,0,0,0,0,0,0,0,118,0,0,0,0,0,0,0,0,0,0,38,386,0,0,0,0,0,0,0,0,0,0,backward
0,0,0,0,0,0,0,0,0,0,0,0,0,38,30,0,0,0,0,0,0,0,0,0,0,32,70,0,0,0,0,0,0,0,0,0,0,0,0,0,0,0,0,0,0,0,0,0,0,0,0,0,0,0,0,0,0,0,0,0,0,7,0,0,0,0,0,0,0,0,0,0,0,137,4,0,0,0,0,0,0,0,0,0,3,453,21,0,0,0,0,0,0,0,0,0,backward
0,0,0,0,0,0,0,0,0,0,0,0,0,147,0,0,0,0,0,0,0,0,0,0,0,61,0,0,0,0,0,0,0,0,0,0,0,0,0,0,0,0,0,0,0,0,0,0,0,0,0,0,0,0,0,0,0,0,0,0,0,51,0,0,0,0,0,0,0,0,0,0,0,98,0,0,0,0,0,0,0,0,0,0,0,280,0,0,0,0,0,0,0,0,0,0,backward
0,0,4,0,0,0,0,0,0,0,0,0,0,138,8,0,0,0,0,0,0,0,0,0,0,22,0,0,0,0,0,0,0,0,0,0,0,0,0,0,0,0,0,0,0,0,0,0,0,0,0,0,0,0,0,0,0,0,0,0,0,79,12,0,0,0,0,0,0,0,0,0,0,112,21,0,0,0,0,0,0,0,0,0,0,241,0,0,0,0,0,0,0,0,0,0,backward
0,0,0,0,0,0,0,0,0,0,0,0,0,133,0,0,0,0,0,0,0,0,0,0,0,42,0,0,0,0,0,0,0,0,0,0,0,0,0,0,0,0,0,0,0,0,0,0,0,0,0,0,0,0,0,0,0,0,0,0,0,85,14,0,0,0,0,0,0,0,0,0,0,140,19,0,0,0,0,0,0,0,0,0,0,247,0,0,0,0,0,0,0,0,0,0,backward
0,0,0,0,0,0,0,0,0,0,0,0,0,70,0,0,0,0,0,0,0,0,0,0,0,37,0,0,0,0,0,0,0,0,0,0,0,0,0,0,0,0,0,0,0,0,0,0,0,0,0,0,0,0,0,0,0,0,0,0,0,5,0,0,0,0,0,0,0,0,0,0,0,114,0,0,0,0,0,0,0,0,0,0,0,430,0,0,0,0,0,0,0,0,0,0,backward
0,0,0,0,0,0,0,0,0,0,0,0,0,98,0,0,0,0,0,0,0,0,0,0,0,29,0,0,0,0,0,0,0,0,0,0,0,0,0,0,0,0,0,0,0,0,0,0,0,0,0,0,0,0,0,0,0,0,0,0,0,0,0,0,0,0,0,0,0,0,0,0,0,134,4,0,0,0,0,0,0,0,0,0,0,279,0,0,0,0,0,0,0,0,0,0,backward
0,0,0,0,0,0,0,0,0,0,0,0,0,110,0,0,0,0,0,0,0,0,0,0,0,24,0,0,0,0,0,0,0,0,0,0,0,0,0,0,0,0,0,0,0,0,0,0,0,0,0,0,0,0,0,0,0,0,0,0,0,82,7,0,0,0,0,0,0,0,0,0,0,135,31,0,0,0,0,0,0,0,0,0,0,263,0,0,0,0,0,0,0,0,0,0,backward
0,0,0,0,0,0,0,0,0,0,0,0,0,47,0,0,0,0,0,0,0,0,0,0,0,21,0,0,0,0,0,0,0,0,0,0,0,0,0,0,0,0,0,0,0,0,0,0,0,0,0,0,0,0,0,0,0,0,0,0,0,105,53,0,0,0,0,0,0,0,0,0,0,158,87,0,0,0,0,0,0,0,0,0,0,289,13,0,0,0,0,0,0,0,0,0,backward
0,0,136,0,0,0,0,0,0,0,0,0,0,11,66,0,0,0,0,0,0,0,0,0,0,24,80,4,0,0,0,0,0,0,0,0,0,0,54,4,0,0,0,0,0,0,0,0,0,0,92,0,0,0,0,0,0,0,0,0,0,0,78,0,0,0,0,0,0,0,0,0,0,47,96,5,0,0,0,0,0,0,0,0,0,0,81,46,0,0,0,0,0,0,0,0,backward
0,0,138,0,0,0,0,0,0,0,0,0,0,14,66,0,0,0,0,0,0,0,0,0,0,27,80,4,0,0,0,0,0,0,0,0,0,0,53,0,0,0,0,0,0,0,0,0,0,0,93,0,0,0,0,0,0,0,0,0,0,0,76,0,0,0,0,0,0,0,0,0,0,46,93,0,0,0,0,0,0,0,0,0,0,0,84,49,0,0,0,0,0,0,0,0,backward
0,0,139,0,0,0,0,0,0,0,0,0,0,19,68,0,0,0,0,0,0,0,0,0,0,29,80,0,0,0,0,0,0,0,0,0,0,0,52,0,0,0,0,0,0,0,0,0,0,0,94,0,0,0,0,0,0,0,0,0,0,0,76,0,0,0,0,0,0,0,0,0,0,46,92,0,0,0,0,0,0,0,0,0,0,0,81,47,0,0,0,0,0,0,0,0,backward
0,0,138,0,0,0,0,0,0,0,0,0,0,22,70,0,0,0,0,0,0,0,0,0,0,38,82,0,0,0,0,0,0,0,0,0,0,0,51,0,0,0,0,0,0,0,0,0,0,0,92,0,0,0,0,0,0,0,0,0,0,0,78,0,0,0,0,0,0,0,0,0,0,47,93,3,0,0,0,0,0,0,0,0,0,0,80,44,0,0,0,0,0,0,0,0,backward
0,0,130,0,0,0,0,0,0,0,0,0,0,26,70,0,0,0,0,0,0,0,0,0,0,42,82,0,0,0,0,0,0,0,0,0,0,0,50,0,0,0,0,0,0,0,0,0,0,0,91,0,0,0,0,0,0,0,0,0,0,0,76,0,0,0,0,0,0,0,0,0,0,49,93,4,0,0,0,0,0,0,0,0,0,0,80,43,0,0,0,0,0,0,0,0,backward
0,0,90,0,0,0,0,0,0,0,0,0,0,35,65,0,0,0,0,0,0,0,0,0,0,58,87,0,0,0,0,0,0,0,0,0,0,0,44,0,0,0,0,0,0,0,0,0,0,0,45,0,0,0,0,0,0,0,0,0,0,16,72,0,0,0,0,0,0,0,0,0,0,82,94,0,0,0,0,0,0,0,0,0,0,22,61,0,0,0,0,0,0,0,0,0,backward
0,0,142,0,0,0,0,0,0,0,0,0,0,37,76,0,0,0,0,0,0,0,0,0,0,47,84,0,0,0,0,0,0,0,0,0,0,0,47,0,0,0,0,0,0,0,0,0,0,0,65,0,0,0,0,0,0,0,0,0,0,0,80,0,0,0,0,0,0,0,0,0,0,69,92,0,0,0,0,0,0,0,0,0,0,10,76,23,0,0,0,0,0,0,0,0,backward
0,0,233,0,0,0,0,0,0,0,0,0,0,47,82,0,0,0,0,0,0,0,0,0,0,26,82,0,0,0,0,0,0,0,0,0,0,0,29,0,0,0,0,0,0,0,0,0,0,0,63,0,0,0,0,0,0,0,0,0,0,0,76,0,0,0,0,0,0,0,0,0,0,40,88,0,0,0,0,0,0,0,0,0,0,0,83,54,0,0,0,0,0,0,0,0,backward
0,0,263,0,0,0,0,0,0,0,0,0,0,50,87,10,0,0,0,0,0,0,0,0,0,17,79,0,0,0,0,0,0,0,0,0,0,0,19,0,0,0,0,0,0,0,0,0,0,0,62,0,0,0,0,0,0,0,0,0,0,0,69,0,0,0,0,0,0,0,0,0,0,27,84,0,0,0,0,0,0,0,0,0,0,0,90,68,0,0,0,0,0,0,0,0,backward
0,0,92,0,0,0,0,0,12,0,0,0,0,0,62,20,0,0,0,0,30,0,0,0,0,0,52,10,0,0,0,0,0,0,0,0,0,0,48,32,0,0,0,0,0,0,0,0,0,0,34,0,0,0,0,0,38,0,0,0,0,0,56,0,0,0,0,0,32,43,0,0,0,0,58,0,0,0,0,0,0,0,0,0,0,0,80,109,0,0,0,0,0,0,0,0,none
0,0,96,0,0,0,0,0,11,0,0,0,0,0,61,19,0,0,0,0,31,0,0,0,0,0,53,11,0,0,0,0,0,0,0,0,0,0,47,29,0,0,0,0,0,0,0,0,0,0,29,0,0,0,0,0,32,0,0,0,0,0,57,0,0,0,0,0,34,45,0,0,0,0,63,0,0,0,0,0,0,0,0,0,0,0,80,108,0,0,0,0,0,0,0,0,none
0,0,96,0,0,0,0,0,8,0,0,0,0,0,61,19,0,0,0,0,29,0,0,0,0,0,51,10,0,0,0,0,0,0,0,0,0,0,48,31,0,0,0,0,0,0,0,0,0,0,31,0,0,0,0,0,35,0,0,0,0,0,57,0,0,0,0,0,34,42,0,0,0,0,65,4,0,0,0,0,0,0,0,0,0,0,79,107,0,0,0,0,0,0,0,0,none
0,0,96,0,0,0,0,0,11,0,0,0,0,0,60,18,0,0,0,0,30,0,0,0,0,0,51,10,0,0,0,0,0,0,0,0,0,0,48,30,0,0,0,0,0,0,0,0,0,0,34,0,0,0,0,0,39,3,0,0,0,0,58,0,0,0,0,0,33,41,0,0,0,0,61,0,0,0,0,0,0,0,0,0,0,0,81,110,0,0,0,0,0,0,0,0,none
0,0,24,0,0,0,0,0,0,0,0,0,0,0,40,7,0,0,0,0,40,0,0,0,0,0,41,4,0,0,0,0,0,14,0,0,0,0,33,25,0,0,0,0,0,5,0,0,0,0,57,0,0,0,0,0,44,5,0,0,0,0,58,0,0,0,0,0,30,31,0,0,0,0,60,0,0,0,0,0,0,0,0,0,0,0,47,62,0,0,0,0,0,0,0,0,none
0,0,12,0,0,0,0,0,0,0,0,0,0,0,36,0,0,0,0,0,28,0,0,0,0,0,44,4,0,0,0,0,0,19,0,0,0,0,43,34,0,0,0,0,0,20,0,0,0,0,71,0,0,0,0,0,43,0,0,0,0,0,60,0,0,0,0,0,31,27,0,0,0,0,68,0,0,0,0,0,0,0,0,0,0,0,31,46,0,0,0,0,0,0,0,0,none
0,0,51,0,0,0,0,0,0,0,0,0,0,0,38,0,0,0,0,0,24,0,0,0,0,0,41,0,0,0,0,0,0,0,0,0,0,0,41,31,0,0,0,0,0,0,0,0,0,0,83,0,0,0,0,0,51,3,0,0,0,0,63,0,0,0,0,0,22,25,0,0,0,0,72,0,0,0,0,0,0,0,0,0,0,0,37,56,0,0,0,0,0,0,0,0,none
0,0,0,0,0,0,0,0,30,0,0,0,0,0,0,0,0,0,0,0,36,39,0,0,0,0,10,0,0,0,0,0,0,15,0,0,0,0,0,0,0,0,0,0,0,51,0,0,0,0,0,0,0,0,0,0,50,17,0,0,0,0,0,0,0,0,0,0,47,38,0,0,0,0,3,0,0,0,0,0,27,14,0,0,0,0,0,0,0,0,0,0,0,0,0,0,forward
0,0,0,0,0,0,0,0,30,0,0,0,0,0,0,0,0,0,0,0,34,42,0,0,0,0,0,0,0,0,0,0,0,27,0,0,0,0,0,0,0,0,0,0,0,54,0,0,0,0,0,0,0,0,0,0,50,16,0,0,0,0,0,0,0,0,0,0,45,37,0,0,0,0,0,0,0,0,0,0,31,18,0,0,0,0,0,0,0,0,0,0,0,0,0,0,forward
0,0,0,0,0,0,0,0,17,0,0,0,0,0,0,0,0,0,0,0,34,49,0,0,0,0,0,0,0,0,0,0,0,32,0,0,0,0,0,0,0,0,0,0,0,52,0,0,0,0,0,0,0,0,0,0,55,23,0,0,0,0,0,0,0,0,0,0,43,39,0,0,0,0,0,0,0,0,0,0,26,12,0,0,0,0,0,0,0,0,0,0,0,0,0,0,forward
0,0,0,0,0,0,0,0,16,0,0,0,0,0,0,0,0,0,0,0,32,54,0,0,0,0,0,0,0,0,0,0,0,32,0,0,0,0,0,0,0,0,0,0,0,51,0,0,0,0,0,0,0,0,0,0,54,22,0,0,0,0,0,0,0,0,0,0,40,41,0,0,0,0,0,0,0,0,0,0,24,18,0,0,0,0,0,0,0,0,0,0,0,0,0,0,forward
0,0,0,0,0,0,0,0,25,0,0,0,0,0,0,0,0,0,0,0,29,50,0,0,0,0,0,0,0,0,0,0,0,34,0,0,0,0,0,0,0,0,0,0,0,45,0,0,0,0,0,0,0,0,0,0,54,26,0,0,0,0,0,0,0,0,0,0,38,46,3,0,0,0,0,0,0,0,0,0,28,20,0,0,0,0,0,0,0,0,0,0,0,0,0,0,forward
0,0,0,0,0,0,0,0,26,0,0,0,0,0,0,0,0,0,0,0,18,42,0,0,0,0,0,0,0,0,0,0,0,33,0,0,0,0,0,0,0,0,0,0,0,46,0,0,0,0,0,0,0,0,0,0,21,23,0,0,0,0,0,0,0,0,0,0,10,51,22,40,0,0,0,0,0,0,0,0,22,35,0,0,0,0,0,0,0,0,0,0,0,0,0,0,forward
0,0,0,0,0,0,0,0,0,0,0,0,0,0,0,0,0,0,0,0,4,35,0,0,0,0,0,0,0,0,0,0,0,43,0,0,0,0,0,0,0,0,0,0,4,109,0,0,0,0,0,0,0,0,0,0,9,23,0,0,0,0,0,0,0,0,0,0,4,57,36,50,0,0,0,0,0,0,0,0,17,38,0,0,0,0,0,0,0,0,0,0,0,0,0,0,forward
0,0,0,0,0,0,0,0,0,0,0,0,0,0,0,0,0,0,0,0,0,29,0,0,0,0,0,0,0,0,0,0,0,44,0,0,0,0,0,0,0,0,0,0,10,158,0,0,0,0,0,0,0,0,0,0,0,19,0,0,0,0,0,0,0,0,0,0,0,59,44,64,0,0,0,0,0,0,0,0,14,46,0,0,0,0,0,0,0,0,0,0,0,0,0,0,forward
0,0,0,0,0,0,0,0,0,0,0,0,0,0,0,0,0,0,0,0,0,35,0,0,0,0,0,0,0,0,0,0,0,42,0,0,0,0,0,0,0,0,0,0,3,69,0,0,0,0,0,0,0,0,0,0,8,18,0,0,0,0,0,0,0,0,0,0,0,56,31,4,0,0,0,0,0,0,0,0,33,46,0,0,0,0,0,0,0,0,0,0,0,0,0,0,forward
0,0,0,0,0,0,0,0,22,0,0,0,0,0,0,0,0,0,0,0,18,47,0,0,0,0,0,0,0,0,0,0,0,36,0,0,0,0,0,0,0,0,0,0,0,32,0,0,0,0,0,0,0,0,0,0,41,20,0,0,0,0,0,0,0,0,0,0,29,55,16,0,0,0,0,0,0,0,0,0,39,35,0,0,0,0,0,0,0,0,0,0,0,0,0,0,forward
0,0,0,0,0,0,0,0,26,0,0,0,0,0,0,0,0,0,0,0,26,52,0,0,0,0,0,0,0,0,0,0,0,38,0,0,0,0,0,0,0,0,0,0,0,35,0,0,0,0,0,0,0,0,0,0,52,26,0,0,0,0,0,0,0,0,0,0,43,56,15,0,0,0,0,0,0,0,0,0,28,30,0,0,0,0,0,0,0,0,0,0,0,0,0,0,forward
0,0,0,0,0,0,0,0,27,0,0,0,0,0,0,0,0,0,0,0,29,52,0,0,0,0,0,0,0,0,0,0,0,37,0,0,0,0,0,0,0,0,0,0,0,40,0,0,0,0,0,0,0,0,0,0,53,24,0,0,0,0,0,0,0,0,0,0,48,51,8,0,0,0,0,0,0,0,0,0,32,25,0,0,0,0,0,0,0,0,0,0,0,0,0,0,forward
0,0,0,0,0,0,0,0,27,0,0,0,0,0,0,0,0,0,0,0,26,53,0,0,0,0,0,0,0,0,0,0,0,39,0,0,0,0,0,0,0,0,0,0,0,49,0,0,0,0,0,0,0,0,0,0,46,20,0,0,0,0,0,0,0,0,0,0,46,48,0,0,0,0,0,0,0,0,0,0,34,24,0,0,0,0,0,0,0,0,0,0,0,0,0,0,forward
0,0,0,0,0,0,0,0,26,0,0,0,0,0,0,0,0,0,0,0,21,53,0,0,0,0,0,0,0,0,0,0,0,41,0,0,0,0,0,0,0,0,0,0,0,49,0,0,0,0,0,0,0,0,0,0,51,22,0,0,0,0,0,0,0,0,0,0,49,49,0,0,0,0,0,0,0,0,0,0,35,23,0,0,0,0,0,0,0,0,0,0,0,0,0,0,forward
0,0,0,0,0,0,0,0,0,0,0,0,0,0,50,0,0,0,0,0,0,0,0,0,0,0,60,30,0,0,0,0,0,0,0,0,0,0,71,67,0,0,0,0,0,0,0,0,0,0,0,0,0,0,0,0,32,0,0,0,0,0,10,0,0,0,0,0,20,3,0,0,0,0,60,10,0,0,0,0,0,0,0,0,0,0,103,70,0,0,0,0,0,0,0,0,backward
0,0,0,0,0,0,0,0,12,0,0,0,0,0,56,10,0,0,0,0,0,6,0,0,0,0,71,36,0,0,0,0,0,0,0,0,0,0,80,87,0,0,0,0,0,0,0,0,0,0,0,0,0,0,0,0,31,0,0,0,0,0,0,0,0,0,0,0,10,7,0,0,0,0,67,10,0,0,0,0,0,0,0,0,0,0,111,75,0,0,0,0,0,0,0,0,none
0,0,0,0,0,0,0,0,26,0,0,0,0,0,64,16,0,0,0,0,0,0,0,0,0,0,68,33,0,0,0,0,0,0,0,0,0,0,58,50,0,0,0,0,0,0,0,0,0,0,0,0,0,0,0,0,26,0,0,0,0,0,0,0,0,0,0,0,8,7,0,0,0,0,68,12,0,0,0,0,9,0,0,0,0,0,112,78,0,0,0,0,0,0,0,0,none
0,0,0,0,0,0,0,0,28,0,0,0,0,0,62,13,0,0,0,0,0,0,0,0,0,0,69,33,0,0,0,0,0,0,0,0,0,0,63,52,0,0,0,0,0,0,0,0,0,0,0,0,0,0,0,0,25,0,0,0,0,0,0,0,0,0,0,0,10,5,0,0,0,0,70,13,0,0,0,0,11,0,0,0,0,0,120,88,0,0,0,0,0,0,0,0,none
0,0,0,0,0,0,0,0,26,0,0,0,0,0,66,16,0,0,0,0,0,6,0,0,0,0,68,33,0,0,0,0,0,0,0,0,0,0,68,68,0,0,0,0,0,0,0,0,0,0,0,0,0,0,0,0,22,0,0,0,0,0,0,0,0,0,0,0,17,6,0,0,0,0,68,14,0,0,0,0,9,0,0,0,0,0,106,87,0,0,0,0,0,0,0,0,none
0,0,0,0,0,0,0,0,20,0,0,0,0,0,61,15,0,0,0,0,0,7,0,0,0,0,67,35,0,0,0,0,0,0,0,0,0,0,75,80,0,0,0,0,0,0,0,0,0,0,0,0,0,0,0,0,34,0,0,0,0,0,5,0,0,0,0,0,26,10,0,0,0,0,52,3,0,0,0,0,9,0,0,0,0,0,61,39,0,0,0,0,0,0,0,0,none
0,0,0,0,0,0,0,0,0,0,0,0,0,0,48,0,0,0,0,0,0,0,0,0,0,0,73,36,0,0,0,0,0,0,0,0,0,0,76,103,0,0,0,0,0,11,0,0,0,0,21,16,0,0,0,0,46,0,0,0,0,0,62,0,0,0,0,0,0,0,0,0,0,0,65,8,0,0,0,0,0,0,0,0,0,0,27,0,0,0,0,0,0,0,0,0,none
0,0,0,0,0,0,0,0,0,0,0,0,0,0,41,0,0,0,0,0,0,0,0,0,0,0,71,32,0,0,0,0,0,0,0,0,0,0,71,104,0,0,0,0,0,18,0,0,0,0,16,11,0,0,0,0,41,0,0,0,0,0,65,0,0,0,0,0,8,0,0,0,0,0,62,12,0,0,0,0,0,0,0,0,0,0,18,0,0,0,0,0,0,0,0,0,none
0,0,0,0,0,0,0,0,0,0,0,0,0,0,40,0,0,0,0,0,0,0,0,0,0,0,73,33,0,0,0,0,0,0,0,0,0,0,76,105,0,0,0,0,0,15,0,0,0,0,16,9,0,0,0,0,40,0,0,0,0,0,66,0,0,0,0,0,5,0,0,0,0,0,64,11,0,0,0,0,0,0,0,0,0,0,22,0,0,0,0,0,0,0,0,0,none
0,0,0,0,0,0,0,0,0,0,0,0,0,0,42,0,0,0,0,0,0,0,0,0,0,0,69,30,0,0,0,0,0,0,0,0,0,0,73,102,0,0,0,0,0,0,0,0,0,0,22,13,0,0,0,0,44,0,0,0,0,0,65,0,0,0,0,0,5,0,0,0,0,0,63,11,0,0,0,0,0,0,0,0,0,0,28,0,0,0,0,0,0,0,0,0,none
0,0,0,0,0,0,0,0,0,0,0,0,0,0,49,0,0,0,0,0,0,0,0,0,0,0,67,30,0,0,0,0,0,0,0,0,0,0,67,78,0,0,0,0,0,0,0,0,0,0,14,7,0,0,0,0,41,0,0,0,0,0,72,0,0,0,0,0,8,6,0,0,0,0,63,11,0,0,0,0,0,0,0,0,0,0,32,0,0,0,0,0,0,0,0,0,none
0,0,0,0,0,0,0,0,0,0,0,0,0,0,49,0,0,0,0,0,0,0,0,0,0,0,62,27,0,0,0,0,0,0,0,0,0,0,66,75,0,0,0,0,0,0,0,0,0,0,10,0,0,0,0,0,42,0,0,0,0,0,60,0,0,0,0,0,7,7,0,0,0,0,61,11,0,0,0,0,5,0,0,0,0,0,26,0,0,0,0,0,0,0,0,0,none
0,0,0,0,0,0,0,0,0,0,0,0,0,0,46,0,0,0,0,0,0,0,0,0,0,0,61,24,0,0,0,0,0,0,0,0,0,0,60,70,0,0,0,0,0,0,0,0,0,0,0,0,0,0,0,0,42,6,0,0,0,0,40,0,0,0,0,0,8,7,0,0,0,0,53,0,0,0,0,0,6,0,0,0,0,0,16,0,0,0,0,0,0,0,0,0,none
0,0,0,0,0,0,0,0,17,0,0,0,0,0,48,0,0,0,0,0,0,0,0,0,0,0,64,30,0,0,0,0,0,0,0,0,0,0,60,67,0,0,0,0,0,0,0,0,0,0,0,0,0,0,0,0,24,5,0,0,0,0,29,0,0,0,0,0,14,0,0,0,0,0,59,0,0,0,0,0,7,6,0,0,0,0,51,54,0,0,0,0,0,0,0,0,none
0,0,0,0,0,0,0,0,27,0,0,0,0,0,36,0,0,0,0,0,0,0,0,0,0,0,59,27,0,0,0,0,0,0,0,0,0,0,43,52,0,0,0,0,0,0,0,0,0,0,4,0,0,0,0,0,28,9,0,0,0,0,27,0,0,0,0,0,12,0,0,0,0,0,57,0,0,0,0,0,6,7,0,0,0,0,53,60,0,0,0,0,0,0,0,0,none
0,0,0,0,0,0,0,0,35,0,0,0,0,0,20,0,0,0,0,0,0,0,0,0,0,0,44,14,0,0,0,0,0,0,0,0,0,0,31,33,0,0,0,0,0,4,0,0,0,0,0,0,0,0,0,0,30,14,0,0,0,0,12,0,0,0,0,0,15,0,0,0,0,0,48,0,0,0,0,0,6,11,0,0,0,0,46,60,0,0,0,0,0,0,0,0,none
0,0,0,0,0,0,0,0,38,0,0,0,0,0,23,0,0,0,0,0,0,0,0,0,0,0,49,16,0,0,0,0,0,0,0,0,0,0,37,43,0,0,0,0,0,4,0,0,0,0,0,0,0,0,0,0,25,9,0,0,0,0,17,0,0,0,0,0,20,4,0,0,0,0,52,0,0,0,0,0,6,8,0,0,0,0,48,57,0,0,0,0,0,0,0,0,none
0,0,7,0,0,0,0,0,0,0,0,0,0,0,105,0,0,0,0,0,0,0,0,0,0,20,103,32,0,0,0,0,0,0,0,0,0,0,90,27,0,0,0,0,0,0,0,0,0,0,39,0,0,0,0,0,0,0,0,0,0,0,87,0,0,0,0,0,0,0,0,0,0,122,119,10,0,0,0,0,0,0,0,0,0,0,75,0,0,0,0,0,0,0,0,0,backward
0,0,4,0,0,0,0,0,0,0,0,0,0,0,99,6,0,0,0,0,0,0,0,0,0,10,104,49,0,0,0,0,0,0,0,0,0,0,92,57,0,0,0,0,0,0,0,0,0,0,40,0,0,0,0,0,0,0,0,0,0,0,96,0,0,0,0,0,0,0,0,0,0,103,112,17,0,0,0,0,0,0,0,0,0,0,80,0,0,0,0,0,0,0,0,0,backward
0,0,6,0,0,0,0,0,0,0,0,0,0,0,103,9,0,0,0,0,0,0,0,0,0,4,101,49,0,0,0,0,0,0,0,0,0,0,89,64,0,0,0,0,0,0,0,0,0,0,38,0,0,0,0,0,0,0,0,0,0,0,96,0,0,0,0,0,0,0,0,0,0,102,115,21,0,0,0,0,0,0,0,0,0,0,83,0,0,0,0,0,0,0,0,0,backward
0,0,6,0,0,0,0,0,0,0,0,0,0,0,104,4,0,0,0,0,0,0,0,0,0,6,102,51,0,0,0,0,0,0,0,0,0,0,94,66,0,0,0,0,0,0,0,0,0,0,42,0,0,0,0,0,0,0,0,0,0,0,97,0,0,0,0,0,0,0,0,0,0,119,117,20,0,0,0,0,0,0,0,0,0,0,84,4,0,0,0,0,0,0,0,0,backward
0,0,6,0,0,0,0,0,0,0,0,0,0,0,102,10,0,0,0,0,0,0,0,0,0,3,104,55,0,0,0,0,0,0,0,0,0,0,94,79,0,0,0,0,0,0,0,0,0,0,42,0,0,0,0,0,0,0,0,0,0,0,98,0,0,0,0,0,0,0,0,0,0,99,113,21,0,0,0,0,0,0,0,0,0,0,78,9,0,0,0,0,0,0,0,0,backward
0,0,0,0,0,0,0,0,0,0,0,0,0,0,103,15,0,0,0,0,0,0,0,0,0,0,103,55,0,0,0,0,0,0,0,0,0,0,95,87,0,0,0,0,0,0,0,0,0,0,40,0,0,0,0,0,0,0,0,0,0,0,93,0,0,0,0,0,0,0,0,0,0,71,108,27,0,0,0,0,0,0,0,0,0,0,87,28,0,0,0,0,0,0,0,0,backward
0,0,0,0,0,0,0,0,0,0,0,0,0,0,66,0,0,0,0,0,0,0,0,0,0,18,103,39,0,0,0,0,0,0,0,0,0,10,114,110,0,0,0,0,0,0,0,0,0,0,75,31,0,0,0,0,0,0,0,0,0,0,97,14,0,0,0,0,0,0,0,0,0,62,104,22,0,0,0,0,0,0,0,0,0,0,35,0,0,0,0,0,0,0,0,0,backward
0,0,0,0,0,0,0,0,0,0,0,0,0,0,65,0,0,0,0,0,0,0,0,0,0,25,103,27,0,0,0,0,0,0,0,0,0,12,113,85,0,0,0,0,0,0,0,0,0,0,67,16,0,0,0,0,0,0,0,0,0,0,96,8,0,0,0,0,0,0,0,0,0,86,115,26,0,0,0,0,0,0,0,0,0,0,41,0,0,0,0,0,0,0,0,0,backward
0,0,0,0,0,0,0,0,0,0,0,0,0,0,65,0,0,0,0,0,0,0,0,0,0,43,106,6,0,0,0,0,0,0,0,0,0,32,105,40,0,0,0,0,0,0,0,0,0,0,67,6,0,0,0,0,0,0,0,0,0,0,95,0,0,0,0,0,0,0,0,0,0,92,114,16,0,0,0,0,0,0,0,0,0,0,44,0,0,0,0,0,0,0,0,0,backward
0,0,0,0,0,0,0,0,0,0,0,0,0,0,64,0,0,0,0,0,0,0,0,0,0,44,111,0,0,0,0,0,0,0,0,0,0,35,100,26,0,0,0,0,0,0,0,0,0,0,40,0,0,0,0,0,0,0,0,0,0,12,89,0,0,0,0,0,0,0,0,0,0,195,129,0,0,0,0,0,0,0,0,0,0,0,22,0,0,0,0,0,0,0,0,0,backward
0,0,0,0,0,0,0,0,0,0,0,0,0,0,72,0,0,0,0,0,0,0,0,0,0,30,109,7,0,0,0,0,0,0,0,0,0,27,108,65,0,0,0,0,0,0,0,0,0,0,48,0,0,0,0,0,0,0,0,0,0,5,105,0,0,0,0,0,0,0,0,0,0,162,129,0,0,0,0,0,0,0,0,0,0,0,27,0,0,0,0,0,0,0,0,0,backward
0,0,0,0,0,0,0,0,0,0,0,0,0,0,71,0,0,0,0,0,0,0,0,0,0,24,111,41,0,0,0,0,0,0,0,0,0,20,118,122,0,0,0,0,0,0,0,0,0,0,62,0,0,0,0,0,0,0,0,0,0,0,107,0,0,0,0,0,0,0,0,0,0,98,120,14,0,0,0,0,0,0,0,0,0,0,50,0,0,0,0,0,0,0,0,0,backward
0,0,0,0,0,0,0,0,0,0,0,0,0,0,61,0,0,0,0,0,0,0,0,0,0,12,105,46,0,0,0,0,0,0,0,0,0,5,118,132,0,0,0,0,0,0,0,0,0,0,62,6,0,0,0,0,0,0,0,0,0,0,107,12,0,0,0,0,0,0,0,0,0,63,110,30,0,0,0,0,0,0,0,0,0,0,56,8,0,0,0,0,0,0,0,0,backward
0,0,0,0,0,0,0,0,0,0,0,0,0,0,66,0,0,0,0,0,0,0,0,0,0,47,111,8,0,0,0,0,0,0,0,0,0,40,103,35,0,0,0,0,0,0,0,0,0,0,57,0,0,0,0,0,0,0,0,0,0,0,109,0,0,0,0,0,0,0,0,0,0,107,117,12,0,0,0,0,0,0,0,0,0,0,51,0,0,0,0,0,0,0,0,0,backward
0,0,0,0,0,0,0,0,0,0,0,0,0,0,96,0,0,0,0,0,0,0,0,0,0,49,107,0,0,0,0,0,0,0,0,0,0,25,87,0,0,0,0,0,0,0,0,0,0,0,52,0,0,0,0,0,0,0,0,0,0,0,106,0,0,0,0,0,0,0,0,0,0,129,128,25,0,0,0,0,0,0,0,0,0,0,61,0,0,0,0,0,0,0,0,0,backward
0,0,0,0,0,0,0,0,0,0,0,0,0,0,108,0,0,0,0,0,0,0,0,0,0,51,110,0,0,0,0,0,0,0,0,0,0,5,76,0,0,0,0,0,0,0,0,0,0,0,55,0,0,0,0,0,0,0,0,0,0,0,97,0,0,0,0,0,0,0,0,0,0,123,123,20,0,0,0,0,0,0,0,0,0,0,66,0,0,0,0,0,0,0,0,0,backward
0,0,26,0,0,0,0,0,0,0,0,0,0,4,132,0,0,0,0,0,0,0,0,0,0,42,109,0,0,0,0,0,0,0,0,0,0,0,57,0,0,0,0,0,0,0,0,0,0,0,50,0,0,0,0,0,0,0,0,0,0,0,95,0,0,0,0,0,0,0,0,0,0,132,125,19,0,0,0,0,0,0,0,0,0,0,69,0,0,0,0,0,0,0,0,0,backward
0,0,81,0,0,0,0,0,0,0,0,0,0,5,152,16,0,0,0,0,0,0,0,0,0,11,107,0,0,0,0,0,0,0,0,0,0,0,38,0,0,0,0,0,0,0,0,0,0,0,40,0,0,0,0,0,0,0,0,0,0,0,93,0,0,0,0,0,0,0,0,0,0,143,129,23,0,0,0,0,0,0,0,0,0,0,70,0,0,0,0,0,0,0,0,0,backward
0,0,96,0,0,0,0,0,0,0,0,0,0,10,148,12,0,0,0,0,0,0,0,0,0,6,104,0,0,0,0,0,0,0,0,0,0,0,23,0,0,0,0,0,0,0,0,0,0,0,38,0,0,0,0,0,0,0,0,0,0,0,95,0,0,0,0,0,0,0,0,0,0,156,128,17,0,0,0,0,0,0,0,0,0,0,77,0,0,0,0,0,0,0,0,0,backward
0,0,30,0,0,0,0,0,0,0,0,0,0,30,115,0,0,0,0,0,0,0,0,0,0,60,109,0,0,0,0,0,0,0,0,0,0,0,45,0,0,0,0,0,0,0,0,0,0,0,20,0,0,0,0,0,0,0,0,0,0,17,86,0,0,0,0,0,0,0,0,0,0,224,135,0,0,0,0,0,0,0,0,0,0,4,33,0,0,0,0,0,0,0,0,0,backward
0,0,10,0,0,0,0,0,0,0,0,0,0,20,119,0,0,0,0,0,0,0,0,0,0,60,107,0,0,0,0,0,0,0,0,0,0,0,49,0,0,0,0,0,0,0,0,0,0,0,23,0,0,0,0,0,0,0,0,0,0,11,88,0,0,0,0,0,0,0,0,0,0,231,142,0,0,0,0,0,0,0,0,0,0,0,36,0,0,0,0,0,0,0,0,0,backward
0,0,28,0,0,0,0,0,0,0,0,0,0,0,116,0,0,0,0,0,0,0,0,0,0,25,106,19,0,0,0,0,0,0,0,0,0,0,70,6,0,0,0,0,0,0,0,0,0,0,37,0,0,0,0,0,0,0,0,0,0,0,95,0,0,0,0,0,0,0,0,0,0,127,128,23,0,0,0,0,0,0,0,0,0,0,81,0,0,0,0,0,0,0,0,0,backward
0,0,0,0,0,0,0,0,0,0,0,0,0,0,81,0,0,0,0,0,0,0,0,0,0,3,100,39,0,0,0,0,0,0,0,0,0,0,112,91,0,0,0,0,0,0,0,0,0,0,41,0,0,0,0,0,0,0,0,0,0,0,96,0,0,0,0,0,0,0,0,0,0,131,133,27,0,0,0,0,0,0,0,0,0,0,83,0,0,0,0,0,0,0,0,0,backward
0,0,0,0,0,0,0,0,0,0,0,0,0,0,73,0,0,0,0,0,0,0,0,0,0,0,93,41,0,0,0,0,0,0,0,0,0,0,122,96,0,0,0,0,0,0,0,0,0,0,44,0,0,0,0,0,0,0,0,0,0,0,96,8,0,0,0,0,0,0,0,0,0,84,123,43,0,0,0,0,0,0,0,0,0,0,86,40,0,0,0,0,0,0,0,0,backward
0,0,0,0,0,0,0,0,0,0,0,0,0,0,74,0,0,0,0,0,0,0,0,0,0,15,94,18,0,0,0,0,0,0,0,0,0,5,113,56,0,0,0,0,0,0,0,0,0,0,43,0,0,0,0,0,0,0,0,0,0,0,100,4,0,0,0,0,0,0,0,0,0,111,126,40,0,0,0,0,0,0,0,0,0,0,81,21,0,0,0,0,0,0,0,0,backward
0,0,0,0,0,0,0,0,0,0,0,0,0,0,71,0,0,0,0,0,0,0,0,0,0,61,99,0,0,0,0,0,0,0,0,0,0,18,68,0,0,0,0,0,0,0,0,0,0,0,40,0,0,0,0,0,0,0,0,0,0,0,90,0,0,0,0,0,0,0,0,0,0,157,134,13,0,0,0,0,0,0,0,0,0,11,73,0,0,0,0,0,0,0,0,0,backward
0,0,0,0,0,0,0,0,0,0,0,0,0,22,71,0,0,0,0,0,0,0,0,0,0,92,96,0,0,0,0,0,0,0,0,0,0,21,47,0,0,0,0,0,0,0,0,0,0,0,17,0,0,0,0,0,0,0,0,0,0,17,63,0,0,0,0,0,0,0,0,0,0,286,133,0,0,0,0,0,0,0,0,0,0,11,19,0,0,0,0,0,0,0,0,0,backward
0,0,0,0,0,0,0,0,0,0,0,0,0,0,76,0,0,0,0,0,0,0,0,0,0,18,99,3,0,0,0,0,0,0,0,0,0,0,110,41,0,0,0,0,0,0,0,0,0,0,31,0,0,0,0,0,0,0,0,0,0,0,92,0,0,0,0,0,0,0,0,0,0,131,123,10,0,0,0,0,0,0,0,0,0,0,79,0,0,0,0,0,0,0,0,0,backward
0,0,0,0,0,0,0,0,0,0,0,0,0,0,81,0,0,0,0,0,0,0,0,0,0,0,99,42,0,0,0,0,0,0,0,0,0,0,120,102,0,0,0,0,0,0,0,0,0,0,43,0,0,0,0,0,0,0,0,0,0,0,100,0,0,0,0,0,0,0,0,0,0,103,119,34,0,0,0,0,0,0,0,0,0,0,89,18,0,0,0,0,0,0,0,0,backward
0,0,0,0,0,0,0,0,0,0,0,0,0,0,78,8,0,0,0,0,0,0,0,0,0,0,97,43,0,0,0,0,0,0,0,0,0,0,115,107,0,0,0,0,0,0,0,0,0,0,39,0,0,0,0,0,0,0,0,0,0,0,94,5,0,0,0,0,0,0,0,0,0,61,109,41,0,0,0,0,0,0,0,0,0,0,90,43,0,0,0,0,0,0,0,0,backward
0,0,0,0,0,0,0,0,0,0,0,0,0,0,85,7,0,0,0,0,0,0,0,0,0,0,98,44,0,0,0,0,0,0,0,0,0,0,118,106,0,0,0,0,0,0,0,0,0,0,38,0,0,0,0,0,0,0,0,0,0,0,103,12,0,0,0,0,0,0,0,0,0,78,116,43,0,0,0,0,0,0,0,0,0,0,91,48,0,0,0,0,0,0,0,0,backward
0,0,0,0,0,0,0,0,0,0,0,0,0,0,86,10,0,0,0,0,0,0,0,0,0,0,99,47,0,0,0,0,0,0,0,0,0,0,119,114,0,0,0,0,0,0,0,0,0,0,39,4,0,0,0,0,0,0,0,0,0,0,101,10,0,0,0,0,0,0,0,0,0,85,121,49,0,0,0,0,0,0,0,0,0,0,91,54,0,0,0,0,0,0,0,0,backward
0,0,0,0,0,0,0,0,0,0,0,0,0,0,83,12,0,0,0,0,0,0,0,0,0,0,93,45,0,0,0,0,0,0,0,0,0,0,117,113,0,0,0,0,0,0,0,0,0,0,27,0,0,0,0,0,12,0,0,0,0,0,100,13,0,0,0,0,0,0,0,0,0,41,109,40,0,0,0,0,0,0,0,0,0,0,88,54,0,0,0,0,0,0,0,0,backward
0,0,0,0,0,0,0,0,0,0,0,0,0,0,82,11,0,0,0,0,0,0,0,0,0,0,92,44,0,0,0,0,0,0,0,0,0,0,111,113,0,0,0,0,0,0,0,0,0,0,18,0,0,0,0,0,21,0,0,0,0,0,94,10,0,0,0,0,0,0,0,0,0,38,107,37,0,0,0,0,0,0,0,0,0,0,91,56,0,0,0,0,0,0,0,0,backward
0,0,0,0,0,0,0,0,3,0,0,0,0,0,43,9,0,0,0,0,0,0,0,0,0,0,78,39,0,0,0,0,0,0,0,0,0,0,79,99,0,0,0,0,0,5,0,0,0,0,4,0,0,0,0,0,24,0,0,0,0,0,52,0,0,0,0,0,12,0,0,0,0,0,87,17,0,0,0,0,0,0,0,0,0,0,75,60,0,0,0,0,0,0,0,0,none
0,0,0,0,0,0,0,0,0,0,0,0,0,0,44,11,0,0,0,0,0,0,0,0,0,0,77,37,0,0,0,0,0,0,0,0,0,0,77,101,0,0,0,0,0,7,0,0,0,0,0,0,0,0,0,0,17,0,0,0,0,0,51,0,0,0,0,0,15,0,0,0,0,0,88,24,0,0,0,0,0,0,0,0,0,0,77,62,0,0,0,0,0,0,0,0,none
0,0,0,0,0,0,0,0,3,0,0,0,0,0,42,9,0,0,0,0,0,0,0,0,0,0,77,36,0,0,0,0,0,0,0,0,0,0,79,102,0,0,0,0,0,9,0,0,0,0,0,0,0,0,0,0,18,0,0,0,0,0,52,0,0,0,0,0,16,0,0,0,0,0,88,24,0,0,0,0,0,0,0,0,0,0,78,63,0,0,0,0,0,0,0,0,none
0,0,0,0,0,0,0,0,4,0,0,0,0,0,46,12,0,0,0,0,0,0,0,0,0,0,75,34,0,0,0,0,0,0,0,0,0,0,75,96,0,0,0,0,0,10,0,0,0,0,0,0,0,0,0,0,18,0,0,0,0,0,53,0,0,0,0,0,15,0,0,0,0,0,89,24,0,0,0,0,0,0,0,0,0,0,77,66,0,0,0,0,0,0,0,0,none
0,0,0,0,0,0,0,0,4,0,0,0,0,0,49,13,0,0,0,0,0,0,0,0,0,0,76,37,0,0,0,0,0,0,0,0,0,0,78,97,0,0,0,0,0,8,0,0,0,0,0,0,0,0,0,0,19,0,0,0,0,0,51,0,0,0,0,0,16,0,0,0,0,0,86,22,0,0,0,0,0,0,0,0,0,0,79,64,0,0,0,0,0,0,0,0,none
0,0,0,0,0,0,0,0,0,0,0,0,0,0,46,10,0,0,0,0,0,0,0,0,0,0,70,34,0,0,0,0,0,0,0,0,0,0,73,91,0,0,0,0,0,11,0,0,0,0,0,0,0,0,0,0,19,0,0,0,0,0,50,0,0,0,0,0,16,0,0,0,0,0,85,21,0,0,0,0,0,0,0,0,0,0,78,68,0,0,0,0,0,0,0,0,none
0,0,0,0,0,0,0,0,0,0,0,0,0,0,36,5,0,0,0,0,0,0,0,0,0,0,60,30,0,0,0,0,0,0,0,0,0,0,64,84,0,0,0,0,0,18,0,0,0,0,0,0,0,0,0,0,17,0,0,0,0,0,50,0,0,0,0,0,18,3,0,0,0,0,85,20,0,0,0,0,0,0,0,0,0,0,77,70,0,0,0,0,0,0,0,0,none
0,0,0,0,0,0,0,0,0,0,0,0,0,0,29,0,0,0,0,0,0,6,0,0,0,0,61,29,0,0,0,0,0,11,0,0,0,0,59,82,0,0,0,0,0,22,0,0,0,0,0,0,0,0,0,0,14,0,0,0,0,0,48,0,0,0,0,0,15,0,0,0,0,0,83,20,0,0,0,0,0,0,0,0,0,0,75,72,0,0,0,0,0,0,0,0,none
0,0,0,0,0,0,0,0,4,0,0,0,0,0,31,0,0,0,0,0,0,7,0,0,0,0,58,27,0,0,0,0,0,13,0,0,0,0,57,78,0,0,0,0,0,27,0,0,0,0,0,0,0,0,0,0,19,0,0,0,0,0,50,0,0,0,0,0,17,4,0,0,0,0,84,20,0,0,0,0,0,0,0,0,0,0,79,71,0,0,0,0,0,0,0,0,none
0,0,0,0,0,0,0,0,5,0,0,0,0,0,18,0,0,0,0,0,0,18,0,0,0,0,56,27,0,0,0,0,0,30,0,0,0,0,42,57,0,0,0,0,0,41,0,0,0,0,0,0,0,0,0,0,19,0,0,0,0,0,45,0,0,0,0,0,17,0,0,0,0,0,85,21,0,0,0,0,0,0,0,0,0,0,79,71,0,0,0,0,0,0,0,0,none
0,0,0,0,0,0,0,0,17,0,0,0,0,0,48,24,0,0,0,0,0,39,0,0,0,0,81,38,0,0,0,0,0,0,0,0,0,0,71,38,0,0,0,0,0,0,0,0,0,0,0,0,0,0,0,0,0,0,0,0,0,0,114,18,0,0,0,0,6,26,0,0,0,0,201,66,0,0,0,0,4,22,0,0,0,0,57,0,0,0,0,0,0,0,0,0,none
0,0,0,0,0,0,0,0,17,0,0,0,0,0,51,23,0,0,0,0,0,40,0,0,0,0,78,41,0,0,0,0,0,0,0,0,0,0,68,32,0,0,0,0,0,0,0,0,0,0,0,0,0,0,0,0,0,0,0,0,0,0,114,19,0,0,0,0,6,26,0,0,0,0,203,66,0,0,0,0,4,23,0,0,0,0,57,7,0,0,0,0,0,0,0,0,none
0,0,28,53,0,0,0,17,80,0,0,0,0,0,93,16,0,0,0,0,0,0,0,0,0,0,60,0,0,0,0,0,0,0,0,0,0,0,0,0,0,0,0,0,0,0,0,0,0,0,0,0,0,0,0,0,0,0,0,0,0,0,106,12,0,0,0,0,0,29,0,0,0,0,160,51,0,0,0,0,19,60,0,0,0,0,35,10,0,0,0,0,0,0,0,0,strafe_left
0,0,18,53,0,0,0,17,74,0,0,0,0,0,98,22,0,0,0,0,0,0,0,0,0,0,68,0,0,0,0,0,0,0,0,0,0,0,0,0,0,0,0,0,0,0,0,0,0,0,0,0,0,0,0,0,0,0,0,0,0,0,117,21,0,0,0,0,0,32,0,0,0,0,156,49,0,0,0,0,15,55,0,0,0,0,27,3,0,0,0,0,0,0,0,0,strafe_left
0,0,13,45,0,0,0,15,62,0,0,0,0,0,97,20,0,0,0,0,0,0,0,0,0,0,68,0,0,0,0,0,0,0,0,0,0,0,0,0,0,0,0,0,0,0,0,0,0,0,0,0,0,0,0,0,0,0,0,0,0,0,115,20,0,0,0,0,0,29,0,0,0,0,161,52,0,0,0,0,17,48,0,0,0,0,30,0,0,0,0,0,0,0,0,0,strafe_left
0,0,0,26,0,0,0,13,54,0,0,0,0,0,97,22,0,0,0,0,0,0,0,0,0,0,82,10,0,0,0,0,0,0,0,0,0,0,0,0,0,0,0,0,0,0,0,0,0,0,0,0,0,0,0,0,0,0,0,0,0,0,131,29,0,0,0,0,0,25,0,0,0,0,155,51,0,0,0,0,4,26,0,0,0,0,25,0,0,0,0,0,0,0,0,0,strafe_left
0,0,0,28,0,0,0,10,50,0,0,0,0,0,91,24,0,0,0,0,0,0,0,0,0,0,86,25,0,0,0,0,0,0,0,0,0,0,9,0,0,0,0,0,0,0,0,0,0,0,0,0,0,0,0,0,0,0,0,0,0,0,146,41,0,0,0,0,0,21,0,0,0,0,143,48,0,0,0,0,0,8,0,0,0,0,16,0,0,0,0,0,0,0,0,0,strafe_left
0,0,0,0,0,0,0,0,0,0,0,0,0,0,0,0,0,0,0,0,0,0,0,0,0,0,70,18,0,0,0,0,0,0,0,0,0,0,63,50,0,0,0,0,6,101,0,0,0,0,66,13,0,0,0,0,4,0,0,0,0,0,140,41,0,0,0,0,0,0,0,0,0,0,47,0,0,0,0,0,0,0,0,0,0,0,0,0,0,0,0,0,0,0,0,0,strafe_right
0,0,0,0,0,0,0,0,0,0,0,0,0,0,56,54,0,0,0,0,0,6,0,0,0,0,61,33,0,0,0,0,0,0,0,0,0,0,60,34,0,0,0,0,11,129,0,0,0,0,35,12,0,0,0,0,0,0,0,0,0,0,225,78,0,0,0,0,0,0,0,0,0,0,142,32,0,0,0,0,0,0,0,0,0,0,0,0,0,0,0,0,0,0,0,0,strafe_right
0,0,0,0,0,0,0,0,0,0,0,0,0,0,26,31,0,0,0,0,0,8,0,0,0,0,56,24,0,0,0,0,0,0,0,0,0,0,40,16,0,0,0,0,16,164,0,0,13,0,15,3,0,0,0,23,58,12,0,0,0,0,140,37,0,0,0,0,0,0,0,0,0,0,46,0,0,0,0,0,0,0,0,0,0,0,0,0,0,0,0,0,0,0,0,0,strafe_right
0,0,0,0,0,0,0,0,0,0,0,0,0,0,20,27,0,0,0,0,0,8,0,0,0,0,53,23,0,0,0,0,0,0,0,0,0,0,36,12,0,0,0,0,19,178,0,0,15,0,15,0,0,0,0,23,57,12,0,0,0,0,134,30,0,0,0,0,0,0,0,0,0,0,44,0,0,0,0,0,0,0,0,0,0,0,0,0,0,0,0,0,0,0,0,0,strafe_right
0,0,0,0,0,0,0,0,0,0,0,0,0,0,21,25,0,0,0,0,0,4,0,0,0,0,52,20,0,0,0,0,0,0,0,0,0,0,39,10,0,0,0,0,20,175,0,0,11,0,10,0,0,0,0,14,50,5,0,0,0,0,138,36,0,0,0,0,0,0,0,0,0,0,50,0,0,0,0,0,0,0,0,0,0,0,0,0,0,0,0,0,0,0,0,0,strafe_right
0,0,0,0,0,0,0,0,0,0,0,0,0,0,43,32,0,0,0,0,0,0,0,0,0,0,56,29,0,0,0,0,0,0,0,0,0,0,50,17,0,0,0,0,9,86,0,0,14,0,25,0,0,0,0,13,44,0,0,0,0,0,153,43,0,0,0,0,0,0,0,0,0,0,61,0,0,0,0,0,0,0,0,0,0,0,0,0,0,0,0,0,0,0,0,0,strafe_right
0,0,0,0,0,0,0,0,0,0,0,0,0,0,52,33,0,0,0,0,0,0,0,0,0,0,56,23,0,0,0,0,0,0,0,0,0,0,51,18,0,0,0,0,8,79,0,0,10,0,35,10,0,0,0,14,43,0,0,0,0,0,162,50,0,0,0,0,0,0,0,0,0,0,63,0,0,0,0,0,0,0,0,0,0,0,0,0,0,0,0,0,0,0,0,0,strafe_right
0,0,0,0,0,0,0,0,0,0,0,0,0,0,52,40,0,0,0,0,0,0,0,0,0,0,57,28,0,0,0,0,0,0,0,0,0,0,51,17,0,0,0,0,9,77,0,0,8,0,41,15,0,0,0,13,41,0,0,0,0,0,170,55,0,0,0,0,0,0,0,0,0,0,67,0,0,0,0,0,0,0,0,0,0,0,0,0,0,0,0,0,0,0,0,0,strafe_right
0,0,0,0,0,0,0,0,0,0,0,0,0,0,53,35,0,0,0,0,0,0,0,0,0,0,58,28,0,0,0,0,0,0,0,0,0,0,54,19,0,0,0,0,10,90,0,0,9,0,31,10,0,0,0,15,46,0,0,0,0,0,166,51,0,0,0,0,0,0,0,0,0,0,65,0,0,0,0,0,0,0,0,0,0,0,0,0,0,0,0,0,0,0,0,0,strafe_right
0,0,0,0,0,0,0,0,0,0,0,0,0,0,39,24,0,0,0,0,0,0,0,0,0,0,55,25,0,0,0,0,0,0,0,0,0,0,49,19,0,0,0,0,17,135,0,0,17,0,7,0,0,0,0,20,54,8,0,0,0,0,127,34,0,0,0,0,0,0,0,0,0,0,35,0,0,0,0,0,0,0,0,0,0,0,0,0,0,0,0,0,0,0,0,0,strafe_right
0,0,0,0,0,0,0,0,0,0,0,0,0,0,16,6,0,0,0,0,0,0,0,0,0,0,54,22,0,0,0,0,0,0,0,0,0,0,38,10,0,0,0,0,19,155,0,0,14,0,0,0,0,0,0,21,57,8,0,0,0,0,97,19,0,0,0,0,0,0,0,0,0,0,26,0,0,0,0,0,0,0,0,0,0,0,0,0,0,0,0,0,0,0,0,0,strafe_right
0,0,0,0,0,0,0,0,0,0,0,0,0,0,0,0,0,0,0,0,0,0,0,0,0,0,51,15,0,0,0,0,0,0,0,0,0,0,32,0,0,0,0,0,20,173,0,0,9,0,0,0,0,0,0,23,67,16,0,0,0,0,68,6,0,0,0,0,0,0,0,0,0,0,17,0,0,0,0,0,0,0,0,0,0,0,0,0,0,0,0,0,0,0,0,0,strafe_right
0,0,0,0,0,0,0,0,0,0,0,0,0,0,0,0,0,0,0,0,0,0,0,0,0,0,52,18,0,0,0,0,0,0,0,0,0,0,30,0,0,0,0,0,17,170,0,0,15,0,0,0,0,0,0,24,70,19,0,0,0,0,67,4,0,0,0,0,0,0,0,0,0,0,21,0,0,0,0,0,0,0,0,0,0,0,0,0,0,0,0,0,0,0,0,0,strafe_right
0,0,0,0,0,0,0,0,0,0,0,0,0,0,13,0,0,0,0,0,0,0,0,0,0,0,48,19,0,0,0,0,0,0,0,0,0,0,38,0,0,0,0,0,14,155,0,0,9,0,0,0,0,0,0,20,57,12,0,0,0,0,107,22,0,0,0,0,0,0,0,0,0,0,36,0,0,0,0,0,0,0,0,0,0,0,0,0,0,0,0,0,0,0,0,0,strafe_right
0,0,0,0,0,0,0,0,0,0,0,0,0,0,45,15,0,0,0,0,0,0,0,0,0,0,55,30,0,0,0,0,0,0,0,0,0,0,58,17,0,0,0,0,4,72,0,0,19,0,19,3,0,0,0,18,53,8,0,0,0,0,116,23,0,0,0,0,0,0,0,0,0,0,49,0,0,0,0,0,0,0,0,0,0,0,0,0,0,0,0,0,0,0,0,0,strafe_right
0,0,0,0,0,0,0,0,0,0,0,0,0,0,51,18,0,0,0,0,0,0,0,0,0,0,63,33,0,0,0,0,0,0,0,0,0,0,62,21,0,0,0,0,0,63,0,0,14,0,25,6,0,0,0,17,46,4,0,0,0,0,127,33,0,0,0,0,0,0,0,0,0,0,62,0,0,0,0,0,0,0,0,0,0,0,0,0,0,0,0,0,0,0,0,0,strafe_right
0,0,0,0,0,0,0,0,0,0,0,0,0,0,52,13,0,0,0,0,0,0,0,0,0,0,62,33,0,0,0,0,0,0,0,0,0,0,63,23,0,0,0,0,0,64,0,0,4,0,34,11,0,0,0,7,35,0,0,0,0,0,161,48,0,0,0,0,0,0,0,0,0,0,81,0,0,0,0,0,0,0,0,0,0,0,0,0,0,0,0,0,0,0,0,0,strafe_right
0,0,0,0,0,0,0,0,0,0,0,0,0,0,55,19,0,0,0,0,0,0,0,0,0,0,65,35,0,0,0,0,0,0,0,0,0,0,63,24,0,0,0,0,0,62,0,0,0,0,55,24,0,0,0,11,36,0,0,0,0,0,169,51,0,0,0,0,0,0,0,0,0,0,69,0,0,0,0,0,0,0,0,0,0,0,0,0,0,0,0,0,0,0,0,0,strafe_right
0,0,0,0,0,0,0,0,0,0,0,0,0,0,64,25,0,0,0,0,0,0,0,0,0,0,70,39,0,0,0,0,0,0,0,0,0,0,66,26,0,0,0,0,0,42,0,0,0,0,63,23,0,0,0,4,25,0,0,0,0,0,186,59,0,0,0,0,0,0,0,0,0,0,82,0,0,0,0,0,0,0,0,0,0,0,0,0,0,0,0,0,0,0,0,0,strafe_right
0,0,0,0,0,0,0,0,0,0,0,0,0,0,67,21,0,0,0,0,0,0,0,0,0,0,71,39,0,0,0,0,0,0,0,0,0,0,66,26,0,0,0,0,0,27,0,0,0,0,93,41,0,0,0,5,17,0,0,0,0,0,202,63,0,0,0,0,0,0,0,0,0,0,89,0,0,0,0,0,0,0,0,0,0,0,0,0,0,0,0,0,0,0,0,0,strafe_right
0,0,0,0,0,0,0,0,0,0,0,0,0,0,73,21,0,0,0,0,0,0,0,0,0,0,77,42,0,0,0,0,0,0,0,0,0,0,56,18,0,0,0,0,0,0,0,0,0,0,93,39,0,0,0,0,14,0,0,0,0,0,204,62,0,0,0,0,0,0,0,0,0,0,90,0,0,0,0,0,0,0,0,0,0,0,0,0,0,0,0,0,0,0,0,0,strafe_right
0,0,0,0,0,0,0,0,0,0,0,0,0,0,7,0,0,0,0,0,0,0,0,0,0,0,44,15,0,0,0,0,0,0,0,0,0,0,33,0,0,0,0,0,28,216,0,0,14,0,7,0,0,0,0,13,43,0,0,0,0,0,131,33,0,0,0,0,0,0,0,0,0,0,50,0,0,0,0,0,0,0,0,0,0,0,0,0,0,0,0,0,0,0,0,0,strafe_right
0,0,0,0,0,0,0,0,0,0,0,0,0,0,0,0,0,0,0,0,0,5,0,0,0,0,26,0,0,0,0,0,0,4,0,0,0,0,8,0,0,0,0,0,30,246,10,0,17,0,3,0,0,0,0,16,49,5,0,0,0,0,115,23,0,0,0,0,0,0,0,0,0,0,42,0,0,0,0,0,0,0,0,0,0,0,0,0,0,0,0,0,0,0,0,0,strafe_right
0,0,0,0,0,0,0,0,0,0,0,0,0,0,54,25,0,0,0,0,0,0,0,0,0,0,57,31,0,0,0,0,0,0,0,0,0,0,44,14,0,0,0,0,20,222,0,0,0,0,31,0,0,0,0,25,49,0,0,0,0,0,127,32,0,0,0,0,0,0,0,0,0,0,69,0,0,0,0,0,0,0,0,0,0,0,0,0,0,0,0,0,0,0,0,0,strafe_right
0,0,0,0,0,0,0,0,0,0,0,0,0,0,69,34,0,0,0,0,0,0,0,0,0,0,61,34,0,0,0,0,0,0,0,0,0,0,41,13,0,0,0,0,8,120,0,0,0,0,35,7,0,0,0,29,54,0,0,0,0,0,135,36,0,0,0,0,0,0,0,0,0,0,71,0,0,0,0,0,0,0,0,0,0,0,0,0,0,0,0,0,0,0,0,0,strafe_right
0,0,0,0,0,0,0,0,0,0,0,0,0,0,75,36,0,0,0,0,0,0,0,0,0,0,65,35,0,0,0,0,0,0,0,0,0,0,49,12,0,0,0,0,3,92,0,0,0,0,38,8,0,0,0,21,45,0,0,0,0,0,156,42,0,0,0,0,0,0,0,0,0,0,84,9,0,0,0,0,0,0,0,0,0,0,0,0,0,0,0,0,0,0,0,0,strafe_right
0,0,0,0,0,0,0,0,0,0,0,0,0,0,78,37,0,0,0,0,0,0,0,0,0,0,66,37,0,0,0,0,0,0,0,0,0,0,45,11,0,0,0,0,0,58,0,0,0,0,46,14,0,0,0,30,51,0,0,0,0,0,168,46,0,0,0,0,0,0,0,0,0,0,81,0,0,0,0,0,0,0,0,0,0,0,0,0,0,0,0,0,0,0,0,0,strafe_right
0,0,0,0,0,0,0,0,0,0,0,0,0,0,80,37,0,0,0,0,0,0,0,0,0,0,67,37,0,0,0,0,0,0,0,0,0,0,44,12,0,0,0,0,0,58,0,0,0,0,44,10,0,0,0,24,45,0,0,0,0,0,170,46,0,0,0,0,0,0,0,0,0,0,82,6,0,0,0,0,0,0,0,0,0,0,0,0,0,0,0,0,0,0,0,0,strafe_right
0,0,0,0,0,0,0,0,0,0,0,0,0,0,76,37,0,0,0,0,0,0,0,0,0,0,65,38,0,0,0,0,0,0,0,0,0,0,45,10,0,0,0,0,7,92,0,0,0,0,40,11,0,0,0,29,50,0,0,0,0,0,159,43,0,0,0,0,0,0,0,0,0,0,81,6,0,0,0,0,0,0,0,0,0,0,0,0,0,0,0,0,0,0,0,0,strafe_right
0,0,0,0,0,0,0,0,0,0,0,0,0,0,50,22,0,0,0,0,0,0,0,0,0,0,54,33,0,0,0,0,0,0,0,0,0,0,39,12,0,0,0,0,21,164,0,0,0,0,29,5,0,0,0,32,61,5,0,0,0,0,110,28,0,0,0,0,0,0,0,0,0,0,63,0,0,0,0,0,0,0,0,0,0,0,0,0,0,0,0,0,0,0,0,0,strafe_right
0,0,0,0,0,0,0,0,0,0,0,0,0,0,37,11,0,0,0,0,0,0,0,0,0,0,53,25,0,0,0,0,0,0,0,0,0,0,30,0,0,0,0,0,26,187,8,0,0,0,22,0,0,0,0,34,63,8,0,0,0,0,88,19,0,0,0,0,0,0,0,0,0,0,55,0,0,0,0,0,0,0,0,0,0,0,0,0,0,0,0,0,0,0,0,0,strafe_right
0,0,0,0,0,0,0,0,0,0,0,0,0,0,35,11,0,0,0,0,0,0,0,0,0,0,52,26,0,0,0,0,0,0,0,0,0,0,27,0,0,0,0,0,26,196,18,0,0,0,24,0,0,0,0,45,73,16,0,0,0,0,84,14,0,0,0,0,0,0,0,0,0,0,48,0,0,0,0,0,0,0,0,0,0,0,0,0,0,0,0,0,0,0,0,0,strafe_right
0,0,0,0,0,0,0,0,0,0,0,0,0,0,33,10,0,0,0,0,0,0,0,0,0,0,52,26,0,0,0,0,0,0,0,0,0,0,27,0,0,0,0,0,29,207,26,0,0,0,22,0,0,0,0,44,73,13,0,0,0,0,80,16,0,0,0,0,0,0,0,0,0,0,44,0,0,0,0,0,0,0,0,0,0,0,0,0,0,0,0,0,0,0,0,0,strafe_right
0,0,0,0,0,0,0,0,0,0,0,0,0,0,23,5,0,0,0,0,0,0,0,0,0,0,50,21,0,0,0,0,0,0,0,0,0,0,21,0,0,0,0,0,31,221,35,5,0,0,20,0,0,0,0,42,74,13,0,0,0,0,71,14,0,0,0,0,0,0,0,0,0,0,32,0,0,0,0,0,0,0,0,0,0,0,0,0,0,0,0,0,0,0,0,0,strafe_right
0,0,0,0,0,0,0,0,0,0,0,0,0,0,16,3,0,0,0,0,0,0,0,0,0,0,50,22,0,0,0,0,0,0,0,0,0,0,17,0,0,0,0,0,33,225,36,8,0,0,13,0,0,0,0,46,80,19,0,0,0,0,59,9,0,0,0,0,0,0,0,0,0,0,21,0,0,0,0,0,0,0,0,0,0,0,0,0,0,0,0,0,0,0,0,0,strafe_right
0,0,0,0,0,0,0,0,0,0,0,0,0,0,17,3,0,0,0,0,0,0,0,0,0,0,51,23,0,0,0,0,0,0,0,0,0,0,19,0,0,0,0,0,34,232,36,11,0,0,12,0,0,0,0,45,79,18,0,0,0,0,59,5,0,0,0,0,0,0,0,0,0,0,23,0,0,0,0,0,0,0,0,0,0,0,0,0,0,0,0,0,0,0,0,0,strafe_right
0,0,0,0,0,0,0,0,0,0,0,0,0,0,48,23,0,0,0,0,0,0,0,0,0,0,61,34,0,0,0,0,0,0,0,0,0,0,30,4,0,0,0,0,21,153,0,0,0,0,22,0,0,0,0,48,83,22,0,0,0,0,73,8,0,0,0,0,0,0,0,0,0,0,36,0,0,0,0,0,0,0,0,0,0,0,0,0,0,0,0,0,0,0,0,0,strafe_right
0,0,0,0,0,0,0,0,0,0,0,0,0,0,62,30,0,0,0,0,0,0,0,0,0,0,61,36,0,0,0,0,0,0,0,0,0,0,43,8,0,0,0,0,19,142,0,0,0,0,20,0,0,0,0,41,72,12,0,0,0,0,89,15,0,0,0,0,0,0,0,0,0,0,50,0,0,0,0,0,0,0,0,0,0,0,0,0,0,0,0,0,0,0,0,0,strafe_right
0,0,0,0,0,0,0,0,0,0,0,0,0,0,73,37,0,0,0,0,0,0,0,0,0,0,67,38,0,0,0,0,0,0,0,0,0,0,46,10,0,0,0,0,13,100,0,0,3,0,35,8,0,0,0,33,58,0,0,0,0,0,123,28,0,0,0,0,0,0,0,0,0,0,66,0,0,0,0,0,0,0,0,0,0,0,0,0,0,0,0,0,0,0,0,0,strafe_right
0,0,0,0,0,0,0,0,0,0,0,0,0,0,72,36,0,0,0,0,0,0,0,0,0,0,72,43,0,0,0,0,0,0,0,0,0,0,50,9,0,0,0,0,7,70,0,0,0,0,46,15,0,0,0,16,36,0,0,0,0,0,165,43,0,0,0,0,0,0,0,0,0,0,74,5,0,0,0,0,0,0,0,0,0,0,0,0,0,0,0,0,0,0,0,0,strafe_right
0,0,0,0,0,0,0,0,0,0,0,0,0,0,82,46,0,0,0,0,0,0,0,0,0,0,75,45,0,0,0,0,0,0,0,0,0,0,54,11,0,0,0,0,5,56,0,0,0,0,51,19,0,0,0,16,38,0,0,0,0,0,177,44,0,0,0,0,0,0,0,0,0,0,84,4,0,0,0,0,0,0,0,0,0,0,0,0,0,0,0,0,0,0,0,0,strafe_right
0,0,0,0,0,0,0,0,0,0,0,0,0,0,78,42,0,0,0,0,0,0,0,0,0,0,73,44,0,0,0,0,0,0,0,0,0,0,55,12,0,0,0,0,10,91,0,0,0,0,47,17,0,0,0,31,55,0,0,0,0,0,145,37,0,0,0,0,0,0,0,0,0,0,73,0,0,0,0,0,0,0,0,0,0,0,0,0,0,0,0,0,0,0,0,0,strafe_right
0,0,0,0,0,0,0,0,0,0,0,0,0,0,68,37,0,0,0,0,0,0,0,0,0,0,72,43,0,0,0,0,0,0,0,0,0,0,52,11,0,0,0,0,15,113,0,0,0,0,35,8,0,0,0,36,62,3,0,0,0,0,122,33,0,0,0,0,0,0,0,0,0,0,65,0,0,0,0,0,0,0,0,0,0,0,0,0,0,0,0,0,0,0,0,0,strafe_right
0,0,0,0,0,0,0,0,0,0,0,0,0,0,72,39,0,0,0,0,0,0,0,0,0,0,68,41,0,0,0,0,0,0,0,0,0,0,51,12,0,0,0,0,17,119,0,0,0,0,31,10,0,0,0,36,62,9,0,0,0,0,134,35,0,0,0,0,0,0,0,0,0,0,75,0,0,0,0,0,0,0,0,0,0,0,0,0,0,0,0,0,0,0,0,0,strafe_right
0,0,0,0,0,0,0,0,0,0,0,0,0,0,77,40,0,0,0,0,0,0,0,0,0,0,71,44,0,0,0,0,0,0,0,0,0,0,46,13,0,0,0,0,8,81,0,0,0,0,27,5,0,0,0,32,63,13,0,0,0,0,149,39,0,0,0,0,0,0,0,0,0,0,81,9,0,0,0,0,0,0,0,0,0,0,0,0,0,0,0,0,0,0,0,0,strafe_right
0,0,5,0,0,0,0,0,0,0,0,0,0,0,80,45,0,0,0,0,0,0,0,0,0,0,69,40,0,0,0,0,0,0,0,0,0,0,27,0,0,0,0,0,0,32,0,0,0,0,28,0,0,0,0,20,53,10,0,0,0,0,172,46,0,0,0,0,0,0,0,0,0,0,107,19,0,0,0,0,0,0,0,0,0,0,0,0,0,0,0,0,0,0,0,0,strafe_right
0,0,49,27,0,0,0,0,18,0,0,0,0,0,76,49,0,0,0,0,0,42,0,0,0,0,60,21,0,0,0,0,0,0,0,0,0,0,0,0,0,0,0,0,0,0,0,0,0,0,26,0,0,0,0,0,0,0,0,0,0,0,139,37,0,0,0,0,12,18,0,0,0,0,91,27,0,0,0,0,16,14,0,0,0,0,7,0,0,0,0,0,0,0,0,0,none
0,0,0,0,0,0,0,0,0,0,0,0,0,0,74,40,0,0,0,0,0,81,0,0,0,0,56,30,0,0,0,0,0,3,0,0,0,0,0,0,0,0,0,0,0,63,0,0,0,0,19,0,0,0,0,0,11,5,0,0,0,0,124,34,0,0,0,0,21,25,0,0,0,0,85,26,0,0,0,0,14,15,0,0,0,0,0,0,0,0,0,0,0,0,0,0,none
0,0,0,0,0,0,0,0,0,0,0,0,0,0,75,42,0,0,0,0,0,85,0,0,0,0,56,28,0,0,0,0,0,4,0,0,0,0,0,0,0,0,0,0,0,50,0,0,0,0,13,0,0,0,0,0,20,11,0,0,0,0,98,24,0,0,0,0,21,22,0,0,0,0,62,10,0,0,0,0,12,12,0,0,0,0,0,0,0,0,0,0,0,0,0,0,none
0,0,23,11,0,0,0,0,7,0,0,0,0,0,94,55,0,0,0,0,0,54,0,0,0,0,74,45,0,0,0,0,0,0,0,0,0,0,7,0,0,0,0,0,0,3,0,0,0,0,26,0,0,0,0,0,18,6,0,0,0,0,129,35,0,0,0,0,17,25,0,0,0,0,78,20,0,0,0,0,6,12,0,0,0,0,0,0,0,0,0,0,0,0,0,0,none
0,0,22,11,0,0,0,0,9,0,0,0,0,0,102,63,0,0,0,0,0,56,0,0,0,0,80,53,0,0,0,0,0,0,0,0,0,0,11,0,0,0,0,0,0,0,0,0,0,0,28,0,0,0,0,0,18,6,0,0,0,0,150,43,0,0,0,0,17,25,0,0,0,0,105,31,0,0,0,0,7,9,0,0,0,0,0,0,0,0,0,0,0,0,0,0,none
0,0,19,4,0,0,0,0,5,0,0,0,0,0,99,63,0,0,0,0,0,57,0,0,0,0,82,52,0,0,0,0,0,0,0,0,0,0,13,0,0,0,0,0,0,0,0,0,0,0,33,0,0,0,0,0,18,5,0,0,0,0,166,49,0,0,0,0,16,27,0,0,0,0,105,32,0,0,0,0,0,5,0,0,0,0,0,0,0,0,0,0,0,0,0,0,none
0,0,20,10,0,0,0,0,8,0,0,0,0,0,99,62,0,0,0,0,0,61,0,0,0,0,81,52,0,0,0,0,0,0,0,0,0,0,13,0,0,0,0,0,0,0,0,0,0,0,32,0,0,0,0,0,17,4,0,0,0,0,166,48,0,0,0,0,16,26,0,0,0,0,105,30,0,0,0,0,4,6,0,0,0,0,0,0,0,0,0,0,0,0,0,0,none
0,0,6,0,0,0,0,0,0,0,0,0,0,0,87,54,0,0,0,0,0,69,0,0,0,0,71,44,0,0,0,0,0,0,0,0,0,0,5,0,0,0,0,0,0,10,0,0,0,0,38,0,0,0,0,0,22,7,0,0,0,0,157,44,0,0,0,0,15,22,0,0,0,0,102,30,0,0,0,0,0,5,0,0,0,0,0,0,0,0,0,0,0,0,0,0,none
0,0,0,0,0,0,0,0,8,0,0,0,0,0,73,44,0,0,0,0,0,83,0,0,0,0,59,35,0,0,0,0,0,0,0,0,0,0,0,0,0,0,0,0,0,28,0,0,0,0,30,0,0,0,0,0,25,9,0,0,0,0,141,39,0,0,0,0,17,25,0,0,0,0,88,24,0,0,0,0,3,8,0,0,0,0,0,0,0,0,0,0,0,0,0,0,none
0,0,0,0,0,0,0,0,10,0,0,0,0,0,55,31,0,0,0,0,0,95,0,0,0,0,47,26,0,0,0,0,0,5,0,0,0,0,0,0,0,0,0,0,0,42,0,0,0,0,21,0,0,0,0,0,25,9,0,0,0,0,126,36,0,0,0,0,21,29,0,0,0,0,81,19,0,0,0,0,3,10,0,0,0,0,0,0,0,0,0,0,0,0,0,0,none
0,0,0,0,0,0,0,0,8,0,0,0,0,0,51,30,0,0,0,0,0,101,0,0,0,0,46,26,0,0,0,0,0,8,0,0,0,0,0,0,0,0,0,0,0,52,0,0,0,0,24,0,0,0,0,0,25,10,0,0,0,0,109,26,0,0,0,0,17,23,0,0,0,0,61,9,0,0,0,0,0,0,0,0,0,0,0,0,0,0,0,0,0,0,0,0,none
0,0,0,0,0,0,0,0,12,0,0,0,0,0,54,32,0,0,0,0,0,100,0,0,0,0,45,22,0,0,0,0,0,3,0,0,0,0,0,0,0,0,0,0,0,40,0,0,0,0,23,0,0,0,0,0,23,8,0,0,0,0,100,20,0,0,0,0,15,20,0,0,0,0,68,10,0,0,0,0,0,0,0,0,0,0,0,0,0,0,0,0,0,0,0,0,none
0,0,0,0,0,0,0,0,5,0,0,0,0,0,68,38,0,0,0,0,0,85,0,0,0,0,55,32,0,0,0,0,0,0,0,0,0,0,0,0,0,0,0,0,0,24,0,0,0,0,35,0,0,0,0,0,22,9,0,0,0,0,120,29,0,0,0,0,13,18,0,0,0,0,84,21,0,0,0,0,0,0,0,0,0,0,0,0,0,0,0,0,0,0,0,0,none
0,0,19,5,0,0,0,0,0,0,0,0,0,0,82,50,0,0,0,0,0,45,0,0,0,0,71,43,0,0,0,0,0,0,0,0,0,0,7,0,0,0,0,0,0,7,0,0,0,0,37,0,0,0,0,0,16,4,0,0,0,0,132,33,0,0,0,0,12,20,0,0,0,0,100,32,0,0,0,0,3,0,0,0,0,0,10,0,0,0,0,0,0,0,0,0,none
0,0,41,11,0,0,0,0,0,0,0,0,0,0,84,48,0,0,0,0,0,18,0,0,0,0,78,47,0,0,0,0,0,0,0,0,0,0,9,0,0,0,0,0,0,0,0,0,0,0,47,0,0,0,0,0,16,0,0,0,0,0,148,37,0,0,0,0,5,15,0,0,0,0,106,34,0,0,0,0,0,0,0,0,0,0,11,0,0,0,0,0,0,0,0,0,none
0,0,39,11,0,0,0,0,0,0,0,0,0,0,90,54,0,0,0,0,0,26,0,0,0,0,80,47,0,0,0,0,0,0,0,0,0,0,11,0,0,0,0,0,0,0,0,0,0,0,54,3,0,0,0,0,22,6,0,0,0,0,158,44,0,0,0,0,0,9,0,0,0,0,107,34,0,0,0,0,0,0,0,0,0,0,7,0,0,0,0,0,0,0,0,0,none
0,0,57,15,0,0,0,0,0,0,0,0,0,0,98,54,0,0,0,0,0,0,0,0,0,0,89,51,0,0,0,0,0,0,0,0,0,0,13,0,0,0,0,0,0,0,0,0,0,0,70,11,0,0,0,0,22,0,0,0,0,0,185,51,0,0,0,0,0,0,0,0,0,0,116,37,0,0,0,0,0,0,0,0,0,0,4,0,0,0,0,0,0,0,0,0,none
0,0,98,5,0,0,0,0,0,0,0,0,0,0,107,61,0,0,0,0,0,0,0,0,0,0,90,42,0,0,0,0,0,0,0,0,0,0,23,0,0,0,0,0,0,0,0,0,0,0,121,22,0,0,0,0,0,0,0,0,0,0,274,68,0,0,0,0,0,0,0,0,0,0,136,33,0,0,0,0,0,0,0,0,0,0,0,0,0,0,0,0,0,0,0,0,backward
0,0,109,0,0,0,0,0,0,0,0,0,0,0,115,53,0,0,0,0,0,0,0,0,0,0,97,28,0,0,0,0,0,0,0,0,0,0,19,0,0,0,0,0,0,0,0,0,0,0,139,15,0,0,0,0,0,0,0,0,0,0,280,74,0,0,0,0,0,0,0,0,0,0,145,27,0,0,0,0,0,0,0,0,0,0,0,0,0,0,0,0,0,0,0,0,backward
0,0,121,0,0,0,0,0,0,0,0,0,0,25,122,38,0,0,0,0,0,0,0,0,0,0,95,0,0,0,0,0,0,0,0,0,0,0,10,0,0,0,0,0,0,0,0,0,0,8,121,0,0,0,0,0,0,0,0,0,0,57,302,34,0,0,0,0,0,0,0,0,0,0,150,0,0,0,0,0,0,0,0,0,0,0,0,0,0,0,0,0,0,0,0,0,backward
0,0,123,0,0,0,0,0,0,0,0,0,0,68,122,10,0,0,0,0,0,0,0,0,0,0,88,0,0,0,0,0,0,0,0,0,0,0,0,0,0,0,0,0,0,0,0,0,0,37,112,0,0,0,0,0,0,0,0,0,0,109,330,0,0,0,0,0,0,0,0,0,0,33,164,0,0,0,0,0,0,0,0,0,0,0,0,0,0,0,0,0,0,0,0,0,backward
0,0,113,0,0,0,0,0,0,0,0,0,0,91,125,4,0,0,0,0,0,0,0,0,0,4,95,0,0,0,0,0,0,0,0,0,0,0,0,0,0,0,0,0,0,0,0,0,0,60,117,0,0,0,0,0,0,0,0,0,0,134,351,0,0,0,0,0,0,0,0,0,0,44,168,0,0,0,0,0,0,0,0,0,0,0,0,0,0,0,0,0,0,0,0,0,backward
0,0,101,0,0,0,0,0,0,0,0,0,0,93,129,8,0,0,0,0,0,0,0,0,0,12,96,0,0,0,0,0,0,0,0,0,0,0,0,0,0,0,0,0,0,0,0,0,0,43,122,0,0,0,0,0,0,0,0,0,0,96,341,0,0,0,0,0,0,0,0,0,0,33,166,0,0,0,0,0,0,0,0,0,0,0,0,0,0,0,0,0,0,0,0,0,backward
0,0,98,0,0,0,0,0,0,0,0,0,0,74,134,31,0,0,0,0,0,0,0,0,0,0,101,0,0,0,0,0,0,0,0,0,0,0,12,0,0,0,0,0,0,0,0,0,0,25,135,0,0,0,0,0,0,0,0,0,0,105,338,23,0,0,0,0,0,0,0,0,0,18,174,0,0,0,0,0,0,0,0,0,0,0,0,0,0,0,0,0,0,0,0,0,backward
0,0,85,0,0,0,0,0,0,0,0,0,0,142,123,0,0,0,0,0,0,0,0,0,0,24,87,0,0,0,0,0,0,0,0,0,0,0,0,0,0,0,0,0,0,0,0,0,0,59,124,0,0,0,0,0,0,0,0,0,0,134,348,0,0,0,0,0,0,0,0,0,0,44,152,0,0,0,0,0,0,0,0,0,0,0,0,0,0,0,0,0,0,0,0,0,backward
0,0,48,0,0,0,0,0,0,0,0,0,0,0,115,40,0,0,0,0,0,0,0,0,0,0,109,31,0,0,0,0,0,0,0,0,0,0,36,0,0,0,0,0,0,0,0,0,0,34,174,7,0,0,0,0,0,0,0,0,0,28,246,35,0,0,0,0,0,0,0,0,0,0,99,0,0,0,0,0,0,0,0,0,0,0,0,0,0,0,0,0,0,0,0,0,backward
0,0,39,0,0,0,0,0,0,0,0,0,0,0,111,51,0,0,0,0,0,0,0,0,0,0,104,30,0,0,0,0,0,0,0,0,0,0,45,0,0,0,0,0,0,0,0,0,0,26,181,37,0,0,0,0,0,0,0,0,0,3,236,50,0,0,0,0,0,0,0,0,0,0,78,0,0,0,0,0,0,0,0,0,0,0,0,0,0,0,0,0,0,0,0,0,backward
0,0,17,0,0,0,0,0,0,0,0,0,0,0,119,89,0,0,0,0,0,0,0,0,0,0,104,36,0,0,0,0,0,0,0,0,0,0,50,0,0,0,0,0,0,0,0,0,0,34,186,40,0,0,0,0,0,0,0,0,0,0,204,36,0,0,0,0,0,0,0,0,0,0,71,0,0,0,0,0,0,0,0,0,0,0,0,0,0,0,0,0,0,0,0,0,backward
0,0,5,0,0,0,0,0,0,0,0,0,0,0,114,87,0,0,0,0,0,0,0,0,0,0,109,45,0,0,0,0,0,0,0,0,0,0,59,0,0,0,0,0,0,0,0,0,0,60,201,46,0,0,0,0,0,0,0,0,0,0,215,35,0,0,0,0,0,0,0,0,0,0,61,0,0,0,0,0,0,0,0,0,0,0,0,0,0,0,0,0,0,0,0,0,backward
0,0,15,0,0,0,0,0,0,0,0,0,0,33,127,61,0,0,0,0,0,0,0,0,0,0,108,12,0,0,0,0,0,0,0,0,0,0,51,0,0,0,0,0,0,0,0,0,0,26,166,11,0,0,0,0,0,0,0,0,0,16,231,24,0,0,0,0,0,0,0,0,0,0,79,0,0,0,0,0,0,0,0,0,0,0,0,0,0,0,0,0,0,0,0,0,backward
0,0,24,0,0,0,0,0,0,0,0,0,0,7,128,87,0,0,0,0,0,0,0,0,0,0,108,42,0,0,0,0,0,0,0,0,0,0,53,0,0,0,0,0,0,0,0,0,0,10,172,32,0,0,0,0,0,0,0,0,0,0,232,43,0,0,0,0,0,0,0,0,0,0,85,0,0,0,0,0,0,0,0,0,0,0,0,0,0,0,0,0,0,0,0,0,backward
0,0,28,0,0,0,0,0,0,0,0,0,0,21,132,92,0,0,0,0,0,0,0,0,0,0,109,43,0,0,0,0,0,0,0,0,0,0,50,0,0,0,0,0,0,0,0,0,0,0,187,45,0,0,0,0,0,0,0,0,0,0,233,58,0,0,0,0,0,0,0,0,0,0,88,0,0,0,0,0,0,0,0,0,0,0,0,0,0,0,0,0,0,0,0,0,backward
0,0,19,0,0,0,0,0,0,0,0,0,0,152,137,0,0,0,0,0,0,0,0,0,0,51,104,0,0,0,0,0,0,0,0,0,0,0,17,0,0,0,0,0,0,0,0,0,0,79,217,4,0,0,0,0,0,0,0,0,0,72,272,0,0,0,0,0,0,0,0,0,0,0,72,0,0,0,0,0,0,0,0,0,0,0,0,0,0,0,0,0,0,0,0,0,backward
0,0,32,0,0,0,0,0,0,0,0,0,0,149,140,5,0,0,0,0,0,0,0,0,0,37,106,0,0,0,0,0,0,0,0,0,0,0,21,0,0,0,0,0,0,0,0,0,0,61,191,0,0,0,0,0,0,0,0,0,0,67,275,0,0,0,0,0,0,0,0,0,0,0,93,0,0,0,0,0,0,0,0,0,0,0,0,0,0,0,0,0,0,0,0,0,backward
0,0,26,0,0,0,0,0,0,0,0,0,0,15,125,68,0,0,0,0,0,0,0,0,0,0,110,20,0,0,0,0,0,0,0,0,0,0,49,0,0,0,0,0,0,0,0,0,0,20,192,16,0,0,0,0,0,0,0,0,0,18,256,32,0,0,0,0,0,0,0,0,0,0,103,0,0,0,0,0,0,0,0,0,0,0,0,0,0,0,0,0,0,0,0,0,backward
0,0,18,0,0,0,0,0,0,0,0,0,0,0,117,83,0,0,0,0,0,0,0,0,0,0,104,55,0,0,0,0,0,0,0,0,0,0,54,0,0,0,0,0,0,0,0,0,0,0,157,31,0,0,0,0,0,0,0,0,0,0,246,59,0,0,0,0,0,0,0,0,0,0,91,0,0,0,0,0,0,0,0,0,0,0,0,0,0,0,0,0,0,0,0,0,backward
0,0,14,0,0,0,0,0,0,0,0,0,0,0,114,89,0,0,0,0,0,0,0,0,0,0,104,67,0,0,0,0,0,0,0,0,0,0,54,4,0,0,0,0,0,0,0,0,0,0,162,44,0,0,0,0,0,0,0,0,0,0,246,69,0,0,0,0,0,0,0,0,0,0,91,0,0,0,0,0,0,0,0,0,0,0,0,0,0,0,0,0,0,0,0,0,backward
0,0,22,0,0,0,0,0,0,0,0,0,0,0,118,97,0,0,0,0,0,0,0,0,0,0,105,69,0,0,0,0,0,0,0,0,0,0,52,4,0,0,0,0,0,0,0,0,0,0,164,43,0,0,0,0,0,0,0,0,0,0,245,71,0,0,0,0,0,0,0,0,0,0,94,0,0,0,0,0,0,0,0,0,0,0,0,0,0,0,0,0,0,0,0,0,backward
0,0,25,0,0,0,0,0,0,0,0,0,0,0,119,100,0,0,0,0,0,0,0,0,0,0,102,69,0,0,0,0,0,0,0,0,0,0,41,0,0,0,0,0,0,0,0,0,0,0,146,42,0,0,0,9,0,0,0,0,0,0,239,74,0,0,0,0,0,0,0,0,0,0,89,0,0,0,0,0,0,0,0,0,0,0,0,0,0,0,0,0,0,0,0,0,backward
0,0,49,11,0,0,0,0,0,0,0,0,0,0,121,121,0,0,0,0,0,0,0,0,0,0,90,64,0,0,0,0,0,0,0,0,0,0,32,0,0,0,0,0,0,0,0,0,0,0,94,24,0,0,0,14,15,0,0,0,0,0,236,75,0,0,0,0,0,0,0,0,0,0,102,13,0,0,0,0,0,0,0,0,0,0,0,0,0,0,0,0,0,0,0,0,backward
0,0,51,31,0,0,0,0,0,0,0,0,0,0,103,104,0,0,0,0,0,12,0,0,0,0,76,52,0,0,0,0,0,0,0,0,0,0,15,0,0,0,0,0,0,0,0,0,0,0,80,14,0,0,0,14,18,0,0,0,0,0,205,64,0,0,0,0,0,0,0,0,0,0,105,27,0,0,0,0,0,0,0,0,0,0,0,0,0,0,0,0,0,0,0,0,backward
0,0,66,40,0,0,0,0,0,0,0,0,0,0,102,102,0,0,0,0,0,16,0,0,0,0,75,43,0,0,0,0,0,0,0,0,0,0,4,0,0,0,0,0,0,0,0,0,0,0,44,0,0,0,0,0,10,0,0,0,0,0,173,52,0,0,0,0,0,0,0,0,0,0,101,32,0,0,0,0,0,0,0,0,0,0,14,5,0,0,0,0,0,0,0,0,backward
0,0,99,71,0,0,0,0,12,0,0,0,0,0,100,97,0,0,0,0,0,4,0,0,0,0,67,29,0,0,0,0,0,0,0,0,0,0,0,0,0,0,0,0,0,0,0,0,0,0,32,0,0,0,0,0,5,0,0,0,0,0,167,53,0,0,0,0,0,3,0,0,0,0,103,37,0,0,0,0,0,0,0,0,0,0,21,9,0,0,0,0,0,0,0,0,backward
0,0,139,95,0,0,0,0,24,0,0,0,0,0,96,89,0,0,0,0,0,0,0,0,0,0,56,10,0,0,0,0,0,0,0,0,0,0,0,0,0,0,0,0,0,0,0,0,0,0,25,0,0,0,0,0,0,0,0,0,0,0,164,49,0,0,0,0,0,6,0,0,0,0,119,46,0,0,0,0,0,6,0,0,0,0,24,11,0,0,0,0,0,0,0,0,backward
0,0,147,99,0,0,0,0,33,0,0,0,0,0,85,76,0,0,0,0,0,0,0,0,0,0,36,0,0,0,0,0,0,0,0,0,0,0,0,0,0,0,0,0,0,0,0,0,0,0,25,0,0,0,0,0,0,4,0,0,0,0,159,49,0,0,0,0,3,9,0,0,0,0,123,52,0,0,0,0,0,12,0,0,0,0,26,14,0,0,0,0,0,0,0,0,backward
0,0,162,101,0,0,0,0,38,0,0,0,0,0,65,52,0,0,0,0,0,0,0,0,0,0,18,0,0,0,0,0,0,0,0,0,0,0,0,0,0,0,0,0,0,0,0,0,0,0,29,0,0,0,0,0,0,0,0,0,0,0,172,52,0,0,0,0,0,5,0,0,0,0,144,62,0,0,0,0,0,5,0,0,0,0,24,13,0,0,0,0,0,0,0,0,backward
0,0,166,254,28,0,0,38,63,10,0,0,0,0,52,0,0,0,0,0,0,0,0,0,0,0,0,0,0,0,0,0,0,0,0,0,0,0,0,0,0,0,0,0,0,0,0,0,0,0,0,0,0,0,0,0,0,0,0,0,0,0,115,15,0,0,0,0,0,0,0,0,0,0,157,74,0,0,0,0,20,44,0,0,0,0,26,4,0,0,0,0,0,0,0,0,strafe_left
0,0,160,236,24,0,7,37,64,19,0,0,0,0,33,0,0,0,0,0,0,0,0,0,0,0,0,0,0,0,0,0,0,0,0,0,0,0,0,0,0,0,0,0,0,0,0,0,0,0,0,0,0,0,0,0,0,0,0,0,0,0,91,0,0,0,0,0,0,0,0,0,0,0,165,76,0,0,0,0,18,44,0,0,0,0,22,3,0,0,0,0,0,0,0,0,strafe_left
0,0,103,156,10,0,11,46,72,27,0,0,0,0,25,0,0,0,0,0,0,0,0,0,0,0,0,0,0,0,0,0,0,0,0,0,0,0,0,0,0,0,0,0,0,0,0,0,0,0,0,0,0,0,0,0,0,0,0,0,0,0,92,0,0,0,0,0,0,0,0,0,0,0,166,77,0,0,0,0,19,44,0,0,0,0,23,3,0,0,0,0,0,0,0,0,strafe_left
0,0,94,156,8,0,15,49,80,40,0,0,0,0,19,0,0,0,0,0,0,0,0,0,0,0,0,0,0,0,0,0,0,0,0,0,0,0,0,0,0,0,0,0,0,0,0,0,0,0,0,0,0,0,0,0,0,0,0,0,0,0,94,0,0,0,0,0,0,0,0,0,0,0,168,78,0,0,0,0,20,47,0,0,0,0,25,4,0,0,0,0,0,0,0,0,strafe_left
0,0,140,208,21,0,12,45,72,9,0,0,0,0,30,0,0,0,0,0,0,0,0,0,0,0,0,0,0,0,0,0,0,0,0,0,0,0,0,0,0,0,0,0,0,0,0,0,0,0,0,0,0,0,0,0,0,0,0,0,0,0,99,0,0,0,0,0,0,0,0,0,0,0,171,80,0,0,0,0,19,45,0,0,0,0,31,6,0,0,0,0,0,0,0,0,strafe_left
0,0,186,259,23,0,0,37,61,0,0,0,0,0,43,0,0,0,0,0,0,0,0,0,0,0,0,0,0,0,0,0,0,0,0,0,0,0,0,0,0,0,0,0,0,0,0,0,0,0,0,0,0,0,0,0,0,0,0,0,0,0,116,9,0,0,0,0,0,0,0,0,0,0,221,97,0,0,0,0,13,20,0,0,0,0,37,5,0,0,0,0,0,0,0,0,strafe_left
0,0,229,301,20,0,0,36,49,0,0,0,0,0,59,0,0,0,0,0,0,0,0,0,0,0,0,0,0,0,0,0,0,0,0,0,0,0,0,0,0,0,0,0,0,0,0,0,0,0,0,0,0,0,0,0,0,0,0,0,0,0,151,27,0,0,0,0,0,0,0,0,0,0,269,109,0,0,0,0,10,0,0,0,0,0,52,7,0,0,0,0,0,0,0,0,strafe_left
0,0,262,322,6,0,0,31,36,0,0,0,0,0,69,0,0,0,0,0,0,0,0,0,0,0,0,0,0,0,0,0,0,0,0,0,0,0,0,0,0,0,0,0,0,0,0,0,0,0,0,0,0,0,0,0,0,0,0,0,0,0,144,23,0,0,0,0,0,0,0,0,0,0,288,108,0,0,0,0,0,0,0,0,0,0,57,4,0,0,0,0,0,0,0,0,strafe_left
0,0,334,331,0,0,0,0,0,0,0,0,0,0,92,0,0,0,0,0,0,0,0,0,0,0,0,0,0,0,0,0,0,0,0,0,0,0,0,0,0,0,0,0,0,0,0,0,0,0,0,0,0,0,0,0,0,0,0,0,0,0,148,19,0,0,0,0,0,0,0,0,0,18,313,110,0,0,0,0,0,0,0,0,0,0,52,0,0,0,0,0,0,0,0,0,strafe_left
0,0,334,354,0,0,0,0,0,0,0,0,0,0,92,0,0,0,0,0,0,0,0,0,0,0,0,0,0,0,0,0,0,0,0,0,0,0,0,0,0,0,0,0,0,0,0,0,0,0,0,0,0,0,0,0,0,0,0,0,0,0,151,30,0,0,0,0,0,0,0,0,0,0,317,119,0,0,0,0,0,0,0,0,0,0,58,6,0,0,0,0,0,0,0,0,strafe_left
0,0,138,200,25,0,13,45,66,7,0,0,0,0,36,0,0,0,0,0,0,0,0,0,0,0,0,0,0,0,0,0,0,0,0,0,0,0,0,0,0,0,0,0,0,0,0,0,0,0,0,0,0,0,0,0,0,0,0,0,0,0,105,6,0,0,0,0,0,0,0,0,0,0,214,86,0,0,0,0,24,36,0,0,0,0,24,3,0,0,0,0,0,0,0,0,strafe_left
0,0,102,155,13,0,15,45,72,12,0,0,0,0,27,0,0,0,0,0,0,0,0,0,0,0,0,0,0,0,0,0,0,0,0,0,0,0,0,0,0,0,0,0,0,0,0,0,0,0,0,0,0,0,0,0,0,0,0,0,0,0,98,3,0,0,0,0,0,0,0,0,0,0,195,80,0,0,0,0,21,35,0,0,0,0,19,0,0,0,0,0,0,0,0,0,strafe_left
0,0,92,133,0,0,17,53,80,31,0,0,0,0,11,0,0,0,0,0,0,0,0,0,0,0,0,0,0,0,0,0,0,0,0,0,0,0,0,0,0,0,0,0,0,0,0,0,0,0,0,0,0,0,0,0,0,0,0,0,0,0,136,18,0,0,0,0,0,6,0,0,0,0,129,73,0,0,0,0,6,22,0,0,0,0,0,0,0,0,0,0,16,6,0,0,strafe_left
0,0,106,149,8,0,19,53,83,29,0,0,0,0,14,0,0,0,0,0,0,0,0,0,0,0,0,0,0,0,0,0,0,0,0,0,0,0,0,0,0,0,0,0,0,0,0,0,0,0,0,0,0,0,0,0,0,0,0,0,0,0,136,17,0,0,0,0,0,5,0,0,0,0,138,77,0,0,0,0,11,28,0,0,0,0,0,0,0,0,0,0,16,5,0,0,strafe_left
0,0,84,124,0,0,20,51,81,33,0,0,0,0,4,0,0,0,0,0,0,0,0,0,0,0,0,0,0,0,0,0,0,0,0,0,0,0,0,0,0,0,0,0,0,0,0,0,0,0,0,0,0,0,0,0,0,0,0,0,0,0,138,18,0,0,0,0,0,5,0,0,0,0,140,78,0,0,0,0,11,29,0,0,0,0,0,0,0,0,0,0,12,4,0,0,strafe_left
0,0,145,202,27,0,14,43,67,0,0,0,0,0,27,0,0,0,0,0,0,0,0,0,0,0,0,0,0,0,0,0,0,0,0,0,0,0,0,0,0,0,0,0,0,0,0,0,0,0,3,0,0,0,0,0,0,0,0,0,0,0,147,25,0,0,0,0,0,3,0,0,0,0,152,82,0,0,0,0,9,23,0,0,0,0,0,0,0,0,0,0,6,3,0,0,strafe_left
0,0,194,257,30,0,9,41,61,0,0,0,0,0,36,0,0,0,0,0,0,0,0,0,0,0,0,0,0,0,0,0,0,0,0,0,0,0,0,0,0,0,0,0,0,0,0,0,0,0,0,0,0,0,0,0,0,0,0,0,0,0,150,22,0,0,0,0,0,0,0,0,0,0,161,88,0,0,0,0,11,25,0,0,0,0,0,0,0,0,0,0,0,3,0,0,strafe_left
0,0,260,289,10,0,0,31,53,0,0,0,0,0,35,0,0,0,0,0,0,0,0,0,0,0,0,0,0,0,0,0,0,0,0,0,0,0,0,0,0,0,0,0,0,0,0,0,0,0,4,0,0,0,0,0,0,0,0,0,0,0,149,19,0,0,0,0,0,0,0,0,0,0,160,84,0,0,0,0,8,24,0,0,0,0,0,0,0,0,0,0,9,6,0,0,strafe_left
0,0,258,290,14,0,0,38,58,0,0,0,0,0,44,0,0,0,0,0,0,0,0,0,0,0,0,0,0,0,0,0,0,0,0,0,0,0,0,0,0,0,0,0,0,0,0,0,0,0,0,0,0,0,0,0,0,0,0,0,0,0,151,23,0,0,0,0,0,3,0,0,0,0,169,91,0,0,0,0,11,26,0,0,0,0,0,0,0,0,0,0,6,4,0,0,strafe_left
0,0,224,277,20,0,4,35,59,0,0,0,0,0,39,0,0,0,0,0,0,0,0,0,0,0,0,0,0,0,0,0,0,0,0,0,0,0,0,0,0,0,0,0,0,0,0,0,0,0,0,0,0,0,0,0,0,0,0,0,0,0,150,23,0,0,0,0,0,0,0,0,0,0,166,87,0,0,0,0,8,25,0,0,0,0,0,0,0,0,0,0,9,6,0,0,strafe_left
0,0,282,307,16,0,0,35,56,0,0,0,0,0,39,0,0,0,0,0,0,0,0,0,0,0,0,0,0,0,0,0,0,0,0,0,0,0,0,0,0,0,0,0,0,0,0,0,0,0,3,0,0,0,0,0,0,0,0,0,0,0,149,20,0,0,0,0,0,0,0,0,0,0,174,87,0,0,0,0,9,25,0,0,0,0,0,0,0,0,0,0,10,7,0,0,strafe_left
0,0,290,325,19,0,0,37,54,0,0,0,0,0,43,0,0,0,0,0,0,0,0,0,0,0,0,0,0,0,0,0,0,0,0,0,0,0,0,0,0,0,0,0,0,0,0,0,0,0,0,0,0,0,0,0,0,0,0,0,0,0,152,22,0,0,0,0,0,5,0,0,0,0,174,91,0,0,0,0,8,22,0,0,0,0,0,0,0,0,0,0,6,7,0,0,strafe_left
0,0,213,292,27,0,8,42,62,0,0,0,0,0,36,0,0,0,0,0,0,0,0,0,0,0,0,0,0,0,0,0,0,0,0,0,0,0,0,0,0,0,0,0,0,0,0,0,0,0,0,0,0,0,0,0,0,0,0,0,0,0,150,21,0,0,0,0,0,3,0,0,0,0,173,93,0,0,0,0,11,25,0,0,0,0,0,0,0,0,0,0,7,5,0,0,strafe_left
0,0,183,260,31,0,16,45,64,0,0,0,0,0,33,0,0,0,0,0,0,0,0,0,0,0,0,0,0,0,0,0,0,0,0,0,0,0,0,0,0,0,0,0,0,0,0,0,0,0,0,0,0,0,0,0,0,0,0,0,0,0,151,21,0,0,0,0,0,3,0,0,0,0,170,92,0,0,0,0,8,23,0,0,0,0,0,0,0,0,0,0,6,4,0,0,strafe_left
0,0,117,172,7,0,16,43,62,5,0,0,0,0,14,0,0,0,0,0,0,0,0,0,0,0,0,0,0,0,0,0,0,0,0,0,0,0,0,0,0,0,0,0,0,0,0,0,0,0,0,0,0,0,0,0,0,0,0,0,0,0,149,19,0,0,0,0,0,0,0,0,0,0,169,91,0,0,0,0,9,24,0,0,0,0,0,0,0,0,0,0,8,6,0,0,strafe_left
0,0,77,116,0,0,13,39,67,11,0,0,0,0,4,0,0,0,0,0,0,0,0,0,0,0,0,0,0,0,0,0,0,0,0,0,0,0,0,0,0,0,0,0,0,0,0,0,0,0,5,0,0,0,0,0,0,0,0,0,0,0,149,20,0,0,0,0,0,0,0,0,0,0,168,91,0,0,0,0,9,24,0,0,0,0,0,0,0,0,0,0,10,7,0,0,strafe_left
0,0,135,194,9,0,10,35,63,0,0,0,0,0,17,0,0,0,0,0,0,0,0,0,0,0,0,0,0,0,0,0,0,0,0,0,0,0,0,0,0,0,0,0,0,0,0,0,0,0,0,0,0,0,0,0,0,0,0,0,0,0,152,23,0,0,0,0,0,0,0,0,0,0,174,96,0,0,0,0,11,26,0,0,0,0,0,0,0,0,0,0,8,5,0,0,strafe_left
0,0,146,221,21,0,16,42,65,14,0,0,0,0,23,0,0,0,0,0,0,0,0,0,0,0,0,0,0,0,0,0,0,0,0,0,0,0,0,0,0,0,0,0,0,0,0,0,0,0,0,0,0,0,0,0,0,0,0,0,0,0,146,21,0,0,0,0,0,4,0,0,0,0,165,92,0,0,0,0,11,24,0,0,0,0,0,0,0,0,0,0,8,6,0,0,strafe_left
0,0,173,241,17,0,5,31,61,0,0,0,0,0,24,0,0,0,0,0,0,0,0,0,0,0,0,0,0,0,0,0,0,0,0,0,0,0,0,0,0,0,0,0,0,0,0,0,0,0,0,0,0,0,0,0,0,0,0,0,0,0,133,15,0,0,0,0,0,0,0,0,0,0,145,84,0,0,0,0,7,27,0,0,0,0,0,0,0,0,0,0,13,12,0,0,strafe_left
0,0,41,83,0,0,13,40,85,14,0,0,0,0,0,0,0,0,0,0,0,0,0,0,0,0,0,0,0,0,0,0,0,0,0,0,0,0,0,0,0,0,0,0,0,0,0,0,0,0,0,0,0,0,0,0,0,0,0,0,0,0,122,20,0,0,0,0,0,10,0,0,0,0,112,71,0,0,0,0,6,37,0,0,0,0,0,0,0,0,0,0,25,18,0,0,strafe_left
0,0,0,0,0,0,0,0,0,0,0,0,0,0,89,15,0,0,0,0,0,0,0,0,0,0,83,39,0,0,0,0,0,0,0,0,0,0,65,4,0,0,0,0,24,104,0,0,0,0,128,47,0,0,0,13,48,10,0,0,0,0,66,0,0,0,0,0,0,0,0,0,0,0,0,0,0,0,0,0,0,0,0,0,0,0,0,0,0,0,0,0,0,0,0,0,strafe_right
0,0,0,0,0,0,0,0,0,0,0,0,0,0,91,16,0,0,0,0,0,0,0,0,0,0,83,45,0,0,0,0,0,0,0,0,0,0,59,0,0,0,0,0,12,30,0,0,0,0,153,58,0,0,0,0,27,0,0,0,0,0,90,4,0,0,0,0,0,0,0,0,0,0,0,0,0,0,0,0,0,0,0,0,0,0,0,0,0,0,0,0,0,0,0,0,strafe_right
0,0,0,0,0,0,0,0,0,0,0,0,0,0,88,10,0,0,0,0,0,0,0,0,0,0,86,45,0,0,0,0,0,0,0,0,0,0,55,0,0,0,0,0,0,0,0,0,0,0,164,59,0,0,0,0,13,0,0,0,0,0,96,7,0,0,0,0,0,0,0,0,0,0,0,0,0,0,0,0,0,0,0,0,0,0,0,0,0,0,0,0,0,0,0,0,strafe_right
0,0,0,0,0,0,0,0,0,0,0,0,0,0,85,8,0,0,0,0,0,0,0,0,0,0,84,47,0,0,0,0,0,0,0,0,0,0,56,0,0,0,0,0,10,28,0,0,0,0,147,52,0,0,0,12,38,0,0,0,0,0,92,7,0,0,0,0,0,0,0,0,0,0,0,0,0,0,0,0,0,0,0,0,0,0,0,0,0,0,0,0,0,0,0,0,strafe_right
0,0,0,0,0,0,0,0,0,0,0,0,0,0,72,0,0,0,0,0,0,0,0,0,0,0,68,31,0,0,0,0,0,0,0,0,0,0,53,0,0,0,0,0,35,148,0,0,0,0,122,43,0,0,0,17,44,10,0,0,0,0,78,5,0,0,0,0,0,0,0,0,0,0,0,0,0,0,0,0,0,0,0,0,0,0,0,0,0,0,0,0,0,0,0,0,strafe_right
0,0,0,0,0,0,0,0,0,0,0,0,0,0,67,0,0,0,0,0,0,0,0,0,0,0,62,24,0,0,0,0,0,0,0,0,0,0,51,0,0,0,0,0,41,195,0,0,0,0,77,23,0,0,0,24,52,17,0,0,0,0,53,0,0,0,0,0,0,0,0,0,0,0,0,0,0,0,0,0,0,0,0,0,0,0,0,0,0,0,0,0,0,0,0,0,strafe_right
0,0,0,0,0,0,0,0,0,0,0,0,0,0,70,4,0,0,0,0,0,0,0,0,0,0,66,32,0,0,0,0,0,0,0,0,0,0,53,0,0,0,0,0,32,138,0,0,0,0,94,29,0,0,0,21,50,12,0,0,0,0,57,0,0,0,0,0,0,0,0,0,0,0,0,0,0,0,0,0,0,0,0,0,0,0,0,0,0,0,0,0,0,0,0,0,strafe_right
0,0,0,9,0,0,0,0,0,0,0,0,0,0,86,11,0,0,0,0,0,0,0,0,0,0,75,41,0,0,0,0,0,0,0,0,0,0,55,0,0,0,0,0,14,49,0,0,0,0,115,40,0,0,0,19,50,13,0,0,0,0,78,7,0,0,0,0,0,0,0,0,0,0,0,0,0,0,0,0,0,0,0,0,0,0,0,0,0,0,0,0,0,0,0,0,strafe_right
0,0,3,16,0,0,0,0,0,0,0,0,0,0,89,14,0,0,0,0,0,0,0,0,0,0,80,46,0,0,0,0,0,0,0,0,0,0,52,0,0,0,0,0,6,12,0,0,0,0,101,34,0,0,0,8,39,10,0,0,0,0,92,16,0,0,0,0,0,0,0,0,0,0,0,0,0,0,0,0,0,0,0,0,0,0,0,0,0,0,0,0,0,0,0,0,strafe_right
0,0,0,37,0,0,0,0,0,0,0,0,0,0,34,0,0,0,0,0,0,77,0,0,0,0,9,0,0,0,0,0,0,32,0,0,0,0,0,0,0,0,0,0,13,99,0,0,0,0,0,0,0,0,0,6,48,33,0,0,0,0,10,0,0,0,0,0,13,0,0,0,0,0,0,0,0,0,0,0,16,23,0,0,0,0,0,0,0,0,0,0,0,0,0,13,forward
0,0,0,0,0,0,0,0,0,0,0,0,0,0,0,0,0,0,0,0,0,129,0,0,0,0,0,0,0,0,0,0,0,53,0,0,0,0,0,0,0,0,0,0,5,114,0,0,0,0,0,0,0,0,0,0,37,23,0,0,0,0,0,0,0,0,0,0,15,8,0,0,0,0,0,0,0,0,0,0,23,31,0,0,0,0,0,0,0,0,0,0,0,0,0,49,forward
0,0,0,0,0,0,0,0,0,0,0,0,0,0,0,0,0,0,0,0,0,143,0,0,0,0,0,0,0,0,0,0,0,56,0,0,0,0,0,0,0,0,0,0,0,119,0,0,0,0,0,0,0,0,0,0,34,30,0,0,0,0,0,0,0,0,0,0,16,17,0,0,0,0,0,0,0,0,0,0,22,32,0,5,0,0,0,0,0,0,0,0,0,0,0,74,forward
0,0,0,0,0,0,0,0,0,0,0,0,0,0,0,0,0,0,0,0,0,159,0,0,0,0,0,0,0,0,0,0,0,55,0,0,0,0,0,0,0,0,0,0,10,125,0,0,0,0,0,0,0,0,0,0,32,25,0,0,0,0,0,0,0,0,0,0,18,24,0,0,0,0,0,0,0,0,0,0,18,35,0,0,0,0,0,0,0,0,0,0,0,0,0,58,forward
0,0,0,0,0,0,0,0,0,0,0,0,0,0,0,0,0,0,0,0,0,165,0,0,0,0,0,0,0,0,0,0,0,57,0,0,0,0,0,0,0,0,0,0,15,131,0,0,0,0,0,0,0,0,0,0,37,29,0,0,0,0,0,0,0,0,0,0,24,22,0,0,0,0,0,0,0,0,0,0,21,38,0,0,0,0,0,0,0,0,0,0,0,0,0,41,forward
0,0,0,0,0,0,0,0,0,0,0,0,0,0,0,0,0,0,0,0,0,151,0,0,0,0,0,0,0,0,0,0,0,56,0,0,0,0,0,0,0,0,0,0,21,146,0,0,0,0,0,0,0,0,0,3,44,30,0,0,0,0,0,0,0,0,0,0,34,21,0,0,0,0,0,0,0,0,0,0,21,35,0,0,0,0,0,0,0,0,0,0,0,0,0,0,forward
0,0,0,39,0,0,0,0,0,0,0,0,0,0,47,5,0,0,0,0,0,80,0,0,0,0,27,8,0,0,0,0,0,23,0,0,0,0,0,0,0,0,0,0,15,121,0,0,0,0,0,0,0,0,0,12,49,33,0,0,0,0,13,0,0,0,0,0,19,7,0,0,0,0,0,0,0,0,0,0,26,38,0,0,0,0,0,0,0,0,0,0,0,0,0,0,forward
0,0,0,6,0,0,0,0,0,0,0,0,0,0,24,0,0,0,0,0,0,98,0,0,0,0,12,0,0,0,0,0,0,34,0,0,0,0,0,0,0,0,0,0,16,128,0,0,0,0,0,0,0,0,0,13,54,39,0,0,0,0,0,0,0,0,0,0,18,7,0,0,0,0,0,0,0,0,0,0,27,37,0,0,0,0,0,0,0,0,0,0,0,0,0,0,forward
0,0,0,8,0,0,0,0,0,0,0,0,0,0,24,0,0,0,0,0,0,98,0,0,0,0,10,0,0,0,0,0,0,35,0,0,0,0,0,0,0,0,0,0,16,134,0,0,0,0,0,0,0,0,0,11,50,38,0,0,0,0,0,0,0,0,0,0,20,11,0,0,0,0,0,0,0,0,0,0,27,39,0,0,0,0,0,0,0,0,0,0,0,0,0,0,forward
0,0,0,25,0,0,0,0,0,0,0,0,0,0,41,0,0,0,0,0,0,94,0,0,0,0,21,7,0,0,0,0,0,29,0,0,0,0,0,0,0,0,0,0,19,132,0,0,0,0,0,0,0,0,0,14,51,37,0,0,0,0,10,0,0,0,0,0,21,10,0,0,0,0,0,0,0,0,0,0,27,39,0,0,0,0,0,0,0,0,0,0,0,0,0,0,forward
0,0,0,44,0,0,0,0,0,0,0,0,0,0,50,4,0,0,0,0,0,78,0,0,0,0,30,9,0,0,0,0,0,23,0,0,0,0,0,0,0,0,0,0,17,129,0,0,0,0,0,0,0,0,0,13,46,29,0,0,0,0,18,0,0,0,0,0,18,5,0,0,0,0,0,0,0,0,0,0,28,34,0,0,0,0,0,0,0,0,0,0,0,0,0,0,forward
0,0,110,203,0,0,0,0,0,0,0,0,0,0,117,49,0,0,0,0,0,0,0,0,0,0,99,65,0,0,0,0,0,0,0,0,0,0,39,0,0,0,0,0,0,0,0,0,0,0,133,49,0,0,0,0,0,0,0,0,0,0,230,77,0,0,0,0,0,0,0,0,0,0,104,26,0,0,0,0,0,0,0,0,0,0,0,0,0,0,0,0,0,0,0,0,backward
0,0,123,162,0,0,0,0,0,0,0,0,0,0,122,45,0,0,0,0,0,0,0,0,0,0,101,51,0,0,0,0,0,0,0,0,0,0,37,0,0,0,0,0,0,0,0,0,0,0,136,37,0,0,0,0,0,0,0,0,0,0,253,72,0,0,0,0,0,0,0,0,0,0,107,25,0,0,0,0,0,0,0,0,0,0,0,0,0,0,0,0,0,0,0,0,backward
0,0,125,136,0,0,0,0,0,0,0,0,0,0,121,37,0,0,0,0,0,0,0,0,0,0,102,40,0,0,0,0,0,0,0,0,0,0,30,0,0,0,0,0,0,0,0,0,0,0,126,20,0,0,0,0,0,0,0,0,0,0,268,62,0,0,0,0,0,0,0,0,0,0,108,8,0,0,0,0,0,0,0,0,0,0,0,0,0,0,0,0,0,0,0,0,backward
0,0,127,66,0,0,0,0,0,0,0,0,0,0,125,27,0,0,0,0,0,0,0,0,0,0,100,12,0,0,0,0,0,0,0,0,0,0,28,0,0,0,0,0,0,0,0,0,0,0,113,0,0,0,0,0,0,0,0,0,0,0,280,40,0,0,0,0,0,0,0,0,0,0,117,0,0,0,0,0,0,0,0,0,0,0,0,0,0,0,0,0,0,0,0,0,backward
0,0,137,30,0,0,0,0,0,0,0,0,0,25,129,9,0,0,0,0,0,0,0,0,0,6,101,0,0,0,0,0,0,0,0,0,0,0,15,0,0,0,0,0,0,0,0,0,0,0,76,0,0,0,0,0,0,0,0,0,0,49,305,0,0,0,0,0,0,0,0,0,0,0,131,0,0,0,0,0,0,0,0,0,0,0,0,0,0,0,0,0,0,0,0,0,backward
0,0,132,56,0,0,0,0,0,0,0,0,0,8,128,21,0,0,0,0,0,0,0,0,0,0,106,5,0,0,0,0,0,0,0,0,0,0,26,0,0,0,0,0,0,0,0,0,0,0,72,0,0,0,0,0,0,0,0,0,0,13,276,5,0,0,0,0,0,0,0,0,0,0,144,0,0,0,0,0,0,0,0,0,0,0,0,0,0,0,0,0,0,0,0,0,backward
0,0,125,125,0,0,0,0,0,0,0,0,0,0,122,36,0,0,0,0,0,0,0,0,0,0,104,41,0,0,0,0,0,0,0,0,0,0,32,0,0,0,0,0,0,0,0,0,0,0,84,0,0,0,0,0,0,0,0,0,0,0,274,48,0,0,0,0,0,0,0,0,0,0,136,0,0,0,0,0,0,0,0,0,0,0,0,0,0,0,0,0,0,0,0,0,backward
0,0,139,0,0,0,0,0,0,0,0,0,0,58,140,0,0,0,0,0,0,0,0,0,0,16,99,0,0,0,0,0,0,0,0,0,0,0,8,0,0,0,0,0,0,0,0,0,0,0,56,0,0,0,0,0,0,0,0,0,0,89,305,0,0,0,0,0,0,0,0,0,0,0,142,0,0,0,0,0,0,0,0,0,0,0,0,0,0,0,0,0,0,0,0,0,backward
0,0,128,0,0,0,0,0,0,0,0,0,0,60,139,0,0,0,0,0,0,0,0,0,0,29,101,0,0,0,0,0,0,0,0,0,0,0,3,0,0,0,0,0,0,0,0,0,0,0,66,0,0,0,0,0,0,0,0,0,0,31,295,0,0,0,0,0,0,0,0,0,0,0,149,0,0,0,0,0,0,0,0,0,0,0,0,0,0,0,0,0,0,0,0,0,backward
0,0,123,49,0,0,0,0,0,0,0,0,0,0,126,22,0,0,0,0,0,0,0,0,0,0,101,0,0,0,0,0,0,0,0,0,0,0,24,0,0,0,0,0,0,0,0,0,0,0,90,0,0,0,0,0,0,0,0,0,0,0,269,52,0,0,0,0,0,0,0,0,0,0,129,0,0,0,0,0,0,0,0,0,0,0,0,0,0,0,0,0,0,0,0,0,backward
0,0,103,147,0,0,0,0,0,0,0,0,0,0,120,35,0,0,0,0,0,0,0,0,0,0,99,51,0,0,0,0,0,0,0,0,0,0,36,0,0,0,0,0,0,0,0,0,0,0,113,26,0,0,0,0,0,0,0,0,0,0,243,76,0,0,0,0,0,0,0,0,0,0,110,6,0,0,0,0,0,0,0,0,0,0,0,0,0,0,0,0,0,0,0,0,backward
0,0,97,157,0,0,0,0,0,0,0,0,0,0,118,36,0,0,0,0,0,0,0,0,0,0,100,58,0,0,0,0,0,0,0,0,0,0,42,0,0,0,0,0,0,0,0,0,0,0,112,38,0,0,0,0,0,0,0,0,0,0,224,76,0,0,0,0,0,0,0,0,0,0,101,18,0,0,0,0,0,0,0,0,0,0,0,0,0,0,0,0,0,0,0,0,backward
0,0,97,172,0,0,0,0,0,0,0,0,0,0,118,42,0,0,0,0,0,0,0,0,0,0,100,61,0,0,0,0,0,0,0,0,0,0,41,0,0,0,0,0,0,0,0,0,0,0,108,44,0,0,0,0,0,0,0,0,0,0,218,80,0,0,0,0,0,0,0,0,0,0,105,23,0,0,0,0,0,0,0,0,0,0,0,0,0,0,0,0,0,0,0,0,backward
0,0,85,187,0,0,0,0,0,0,0,0,0,0,110,41,0,0,0,0,0,0,0,0,0,0,99,64,0,0,0,0,0,0,0,0,0,0,42,0,0,0,0,0,0,0,0,0,0,0,93,38,0,0,0,0,0,0,0,0,0,0,191,80,0,0,0,0,0,0,0,0,0,0,107,31,0,0,0,0,0,0,0,0,0,0,0,0,0,0,0,0,0,0,0,0,backward
0,0,59,204,0,0,0,0,0,0,0,0,0,0,99,34,0,0,0,0,0,10,0,0,0,0,86,57,0,0,0,0,0,0,0,0,0,0,35,0,0,0,0,0,0,11,0,0,0,0,68,22,0,0,0,0,0,0,0,0,0,0,152,64,0,0,0,0,0,0,0,0,0,0,98,37,0,0,0,0,0,0,0,0,0,0,0,0,0,0,0,0,0,0,0,0,backward
0,0,124,172,0,0,0,0,0,0,0,0,0,0,128,42,0,0,0,0,0,0,0,0,0,0,97,45,0,0,0,0,0,0,0,0,0,0,35,0,0,0,0,0,0,0,0,0,0,0,104,0,0,0,0,0,0,0,0,0,0,0,261,56,0,0,0,0,0,0,0,0,0,0,122,0,0,0,0,0,0,0,0,0,0,0,0,0,0,0,0,0,0,0,0,0,backward
0,0,118,185,0,0,0,0,0,0,0,0,0,0,127,46,0,0,0,0,0,0,0,0,0,0,98,51,0,0,0,0,0,0,0,0,0,0,36,0,0,0,0,0,0,0,0,0,0,0,99,0,0,0,0,0,0,0,0,0,0,0,269,65,0,0,0,0,0,0,0,0,0,0,130,0,0,0,0,0,0,0,0,0,0,0,0,0,0,0,0,0,0,0,0,0,backward
0,0,122,124,0,0,0,0,0,0,0,0,0,0,128,33,0,0,0,0,0,0,0,0,0,0,102,31,0,0,0,0,0,0,0,0,0,0,37,0,0,0,0,0,0,0,0,0,0,0,117,24,0,0,0,0,0,0,0,0,0,0,253,85,0,0,0,0,0,0,0,0,0,0,134,22,0,0,0,0,0,0,0,0,0,0,0,0,0,0,0,0,0,0,0,0,backward
0,0,121,16,0,0,0,0,0,0,0,0,0,41,142,8,0,0,0,0,0,0,0,0,0,10,96,0,0,0,0,0,0,0,0,0,0,0,18,0,0,0,0,0,0,0,0,0,0,0,75,0,0,0,0,0,0,0,0,0,0,53,310,0,0,0,0,0,0,0,0,0,0,0,120,0,0,0,0,0,0,0,0,0,0,0,0,0,0,0,0,0,0,0,0,0,backward
0,0,124,4,0,0,0,0,0,0,0,0,0,52,134,0,0,0,0,0,0,0,0,0,0,26,102,0,0,0,0,0,0,0,0,0,0,0,5,0,0,0,0,0,0,0,0,0,0,0,75,0,0,0,0,0,0,0,0,0,0,14,313,14,0,0,0,0,0,0,0,0,0,0,140,0,0,0,0,0,0,0,0,0,0,0,0,0,0,0,0,0,0,0,0,0,backward
0,0,93,0,0,0,0,0,0,0,0,0,0,124,132,0,0,0,0,0,0,0,0,0,0,44,88,0,0,0,0,0,0,0,0,0,0,0,0,0,0,0,0,0,0,0,0,0,0,0,51,0,0,0,0,0,0,0,0,0,0,124,312,0,0,0,0,0,0,0,0,0,0,28,196,0,0,0,0,0,0,0,0,0,0,0,0,0,0,0,0,0,0,0,0,0,backward
0,0,104,86,0,0,0,0,0,0,0,0,0,0,127,29,0,0,0,0,0,0,0,0,0,0,108,25,0,0,0,0,0,0,0,0,0,0,34,0,0,0,0,0,0,0,0,0,0,0,78,0,0,0,0,0,0,0,0,0,0,0,239,60,0,0,0,0,0,0,0,0,0,0,175,4,0,0,0,0,0,0,0,0,0,0,0,0,0,0,0,0,0,0,0,0,backward
0,0,110,117,0,0,0,0,0,0,0,0,0,0,122,36,0,0,0,0,0,0,0,0,0,0,105,43,0,0,0,0,0,0,0,0,0,0,40,0,0,0,0,0,0,0,0,0,0,0,76,0,0,0,0,0,0,0,0,0,0,0,240,65,0,0,0,0,0,0,0,0,0,0,167,7,0,0,0,0,0,0,0,0,0,0,0,0,0,0,0,0,0,0,0,0,backward
0,0,93,161,0,0,0,0,0,0,0,0,0,0,114,39,0,0,0,0,0,0,0,0,0,0,103,58,0,0,0,0,0,0,0,0,0,0,46,0,0,0,0,0,0,0,0,0,0,0,84,9,0,0,0,0,0,0,0,0,0,0,204,65,0,0,0,0,0,0,0,0,0,0,147,33,0,0,0,0,0,0,0,0,0,0,0,0,0,0,0,0,0,0,0,0,backward
0,0,99,163,0,0,0,0,0,0,0,0,0,0,119,39,0,0,0,0,0,0,0,0,0,0,104,55,0,0,0,0,0,0,0,0,0,0,45,0,0,0,0,0,0,0,0,0,0,0,85,3,0,0,0,0,0,0,0,0,0,0,221,72,0,0,0,0,0,0,0,0,0,0,151,29,0,0,0,0,0,0,0,0,0,0,0,0,0,0,0,0,0,0,0,0,backward
0,0,118,37,0,0,0,0,0,0,0,0,0,30,140,18,0,0,0,0,0,0,0,0,0,11,108,0,0,0,0,0,0,0,0,0,0,0,26,0,0,0,0,0,0,0,0,0,0,0,70,0,0,0,0,0,0,0,0,0,0,0,266,35,0,0,0,0,0,0,0,0,0,0,169,0,0,0,0,0,0,0,0,0,0,0,0,0,0,0,0,0,0,0,0,0,backward
0,0,109,132,0,0,0,0,0,0,0,0,0,0,133,44,0,0,0,0,0,0,0,0,0,0,109,46,0,0,0,0,0,0,0,0,0,0,43,0,0,0,0,0,0,0,0,0,0,0,72,0,0,0,0,0,0,0,0,0,0,0,264,61,0,0,0,0,0,0,0,0,0,0,181,3,0,0,0,0,0,0,0,0,0,0,0,0,0,0,0,0,0,0,0,0,backward
0,0,93,178,0,0,0,0,0,0,0,0,0,0,119,46,0,0,0,0,0,0,0,0,0,0,109,70,0,0,0,0,0,0,0,0,0,0,46,0,0,0,0,0,0,0,0,0,0,0,79,10,0,0,0,0,0,0,0,0,0,0,211,73,0,0,0,0,0,0,0,0,0,0,146,38,0,0,0,0,0,0,0,0,0,0,0,0,0,0,0,0,0,0,0,0,backward
0,0,83,202,0,0,0,0,0,0,0,0,0,0,114,49,0,0,0,0,0,0,0,0,0,0,104,72,0,0,0,0,0,0,0,0,0,0,45,0,0,0,0,0,0,0,0,0,0,0,73,17,0,0,0,0,0,0,0,0,0,0,196,74,0,0,0,0,0,0,0,0,0,0,149,55,0,0,0,0,0,0,0,0,0,0,0,0,0,0,0,0,0,0,0,0,backward
0,0,20,169,0,0,0,0,0,0,0,0,0,0,97,42,0,0,0,0,0,23,0,0,0,0,85,57,0,0,0,0,0,0,0,0,0,0,36,0,0,0,0,0,0,39,0,0,0,0,31,0,0,0,0,0,0,0,0,0,0,0,112,47,0,0,0,0,0,13,0,0,0,0,110,52,18,0,0,0,0,0,0,0,0,0,0,0,0,0,0,0,0,0,0,0,backward
0,0,82,229,0,0,0,0,0,0,0,0,0,0,110,50,0,0,0,0,0,0,0,0,0,0,93,66,0,0,0,0,0,0,0,0,0,0,30,0,0,0,0,0,0,0,0,0,0,0,64,20,0,0,0,0,0,0,0,0,0,0,159,59,0,0,0,0,0,0,0,0,0,0,135,55,0,0,0,0,0,0,0,0,0,0,0,0,0,0,0,0,0,0,0,0,backward
0,0,130,91,0,0,0,0,0,0,0,0,0,11,131,27,0,0,0,0,0,0,0,0,0,0,100,7,0,0,0,0,0,0,0,0,0,0,25,0,0,0,0,0,0,0,0,0,0,0,85,0,0,0,0,0,0,0,0,0,0,0,269,55,0,0,0,0,0,0,0,0,0,0,160,0,0,0,0,0,0,0,0,0,0,0,0,0,0,0,0,0,0,0,0,0,backward
0,0,126,7,0,0,0,0,0,0,0,0,0,61,143,0,0,0,0,0,0,0,0,0,0,25,99,0,0,0,0,0,0,0,0,0,0,0,7,0,0,0,0,0,0,0,0,0,0,0,71,0,0,0,0,0,0,0,0,0,0,51,314,0,0,0,0,0,0,0,0,0,0,0,172,0,0,0,0,0,0,0,0,0,0,0,0,0,0,0,0,0,0,0,0,0,backward
0,0,87,0,0,0,0,0,0,0,0,0,0,105,131,0,0,0,0,0,0,0,0,0,0,56,101,0,0,0,0,0,0,0,0,0,0,0,0,0,0,0,0,0,0,0,0,0,0,0,72,0,0,0,0,0,0,0,0,0,0,50,330,0,0,0,0,0,0,0,0,0,0,0,171,0,0,0,0,0,0,0,0,0,0,0,0,0,0,0,0,0,0,0,0,0,backward
0,0,80,25,0,0,0,0,0,0,0,0,0,11,134,17,0,0,0,0,0,0,0,0,0,3,103,0,0,0,0,0,0,0,0,0,0,0,33,0,0,0,0,0,0,0,0,0,0,0,67,0,0,0,0,0,0,0,0,0,0,12,294,29,0,0,0,0,0,0,0,0,0,0,177,0,0,0,0,0,0,0,0,0,0,0,0,0,0,0,0,0,0,0,0,0,backward
0,0,95,18,0,0,0,0,0,0,0,0,0,41,142,13,0,0,0,0,0,0,0,0,0,20,108,0,0,0,0,0,0,0,0,0,0,0,27,0,0,0,0,0,0,0,0,0,0,0,73,0,0,0,0,0,0,0,0,0,0,8,296,47,0,0,0,0,0,0,0,0,0,0,178,0,0,0,0,0,0,0,0,0,0,0,0,0,0,0,0,0,0,0,0,0,backward
0,0,70,0,0,0,0,0,0,0,0,0,0,123,131,0,0,0,0,0,0,0,0,0,0,66,97,0,0,0,0,0,0,0,0,0,0,0,0,0,0,0,0,0,0,0,0,0,0,0,55,0,0,0,0,0,0,0,0,0,0,92,300,0,0,0,0,0,0,0,0,0,0,44,180,0,0,0,0,0,0,0,0,0,0,0,0,0,0,0,0,0,0,0,0,0,backward
0,0,95,147,0,0,0,0,0,0,0,0,0,0,124,42,0,0,0,0,0,0,0,0,0,0,102,48,0,0,0,0,0,0,0,0,0,0,36,0,0,0,0,0,0,0,0,0,0,0,75,0,0,0,0,0,0,0,0,0,0,0,258,38,0,0,0,0,0,0,0,0,0,0,181,0,0,0,0,0,0,0,0,0,0,0,0,0,0,0,0,0,0,0,0,0,backward
0,0,86,152,0,0,0,0,0,0,0,0,0,0,118,41,0,0,0,0,0,0,0,0,0,0,102,60,0,0,0,0,0,0,0,0,0,0,43,0,0,0,0,0,0,0,0,0,0,0,75,0,0,0,0,0,0,0,0,0,0,0,250,71,0,0,0,0,0,0,0,0,0,0,166,22,0,0,0,0,0,0,0,0,0,0,0,0,0,0,0,0,0,0,0,0,backward
0,0,88,155,0,0,0,0,0,0,0,0,0,0,115,43,0,0,0,0,0,0,0,0,0,0,105,65,0,0,0,0,0,0,0,0,0,0,47,0,0,0,0,0,0,0,0,0,0,0,72,7,0,0,0,0,0,0,0,0,0,0,195,76,0,0,0,0,0,0,0,0,0,0,142,47,0,0,0,0,0,0,0,0,0,0,0,0,0,0,0,0,0,0,0,0,backward
0,0,77,176,0,0,0,0,0,0,0,0,0,0,117,52,0,0,0,0,0,0,0,0,0,0,106,73,0,0,0,0,0,0,0,0,0,0,45,0,0,0,0,0,0,0,0,0,0,0,66,20,0,0,0,0,0,0,0,0,0,0,180,79,0,0,0,0,0,0,0,0,0,0,141,64,0,0,0,0,0,0,0,0,0,0,0,0,0,0,0,0,0,0,0,0,backward
0,0,0,29,0,0,0,0,0,0,0,0,0,0,67,27,0,0,0,0,0,0,0,0,0,0,91,62,0,0,0,0,0,0,0,0,0,0,62,40,0,0,0,0,0,150,18,0,0,0,86,36,0,0,0,0,36,32,0,0,0,0,46,9,0,0,0,0,0,0,0,0,0,0,0,0,0,0,0,0,0,0,0,0,0,0,0,0,0,0,0,0,0,0,0,0,strafe_right
0,0,0,0,0,0,0,0,0,0,0,0,0,0,0,0,0,0,0,0,0,0,0,0,0,0,65,22,0,0,0,0,0,0,0,0,0,0,80,73,0,0,0,0,0,207,22,0,0,0,54,14,0,0,0,0,30,9,0,0,0,0,18,0,0,0,0,0,0,0,0,0,0,0,0,0,0,0,0,0,0,0,0,0,0,0,0,0,0,0,0,0,0,0,0,0,strafe_right
0,0,0,0,0,0,0,0,0,0,0,0,0,0,0,0,0,0,0,0,0,0,0,0,0,0,71,25,0,0,0,0,0,0,0,0,0,0,86,85,0,0,0,0,0,161,0,0,0,0,36,5,0,0,0,0,24,0,0,0,0,0,18,0,0,0,0,0,0,0,0,0,0,0,0,0,0,0,0,0,0,0,0,0,0,0,0,0,0,0,0,0,0,0,0,0,strafe_right
0,0,0,0,0,0,0,0,0,0,0,0,0,0,28,0,0,0,0,0,0,0,0,0,0,0,75,37,0,0,0,0,0,0,0,0,0,0,80,73,0,0,0,0,0,89,0,0,0,0,56,11,0,0,0,0,7,0,0,0,0,0,21,0,0,0,0,0,0,0,0,0,0,0,0,0,0,0,0,0,0,0,0,0,0,0,0,0,0,0,0,0,0,0,0,0,strafe_right
0,0,0,0,0,0,0,0,0,0,0,0,0,0,11,0,0,0,0,0,0,0,0,0,0,0,77,28,0,0,0,0,0,0,0,0,0,0,104,123,0,0,0,0,0,94,0,0,0,0,87,19,0,0,0,0,0,0,0,0,0,0,15,0,0,0,0,0,0,0,0,0,0,0,0,0,0,0,0,0,0,0,0,0,0,0,0,0,0,0,0,0,0,0,0,0,strafe_right
0,0,0,0,0,0,0,0,0,0,0,0,0,0,25,0,0,0,0,0,0,0,0,0,0,0,79,39,0,0,0,0,0,0,0,0,0,0,104,133,0,0,0,0,0,82,0,0,0,0,92,28,0,0,0,0,6,0,0,0,0,0,19,0,0,0,0,0,0,0,0,0,0,0,0,0,0,0,0,0,0,0,0,0,0,0,0,0,0,0,0,0,0,0,0,0,strafe_right
0,0,0,0,0,0,0,0,0,0,0,0,0,0,26,0,0,0,0,0,0,0,0,0,0,0,79,40,0,0,0,0,0,0,0,0,0,0,99,130,0,0,0,0,0,77,0,0,0,0,95,27,0,0,0,0,0,0,0,0,0,0,17,0,0,0,0,0,0,0,0,0,0,0,0,0,0,0,0,0,0,0,0,0,0,0,0,0,0,0,0,0,0,0,0,0,strafe_right
0,0,0,0,0,0,0,0,0,0,0,0,0,0,0,0,0,0,0,0,0,0,0,0,0,0,68,40,0,0,0,0,0,0,0,0,0,0,77,112,0,0,0,0,0,171,11,0,0,0,83,22,0,0,0,0,20,4,0,0,0,0,23,0,0,0,0,0,0,0,0,0,0,0,0,0,0,0,0,0,0,0,0,0,0,0,0,0,0,0,0,0,0,0,0,0,strafe_right
0,0,0,0,0,0,0,0,0,0,0,0,0,0,0,0,0,0,0,0,0,0,0,0,0,0,70,42,0,0,0,0,0,0,0,0,0,0,78,115,0,0,0,0,0,169,14,0,0,0,86,26,0,0,0,0,21,4,0,0,0,0,25,0,0,0,0,0,0,0,0,0,0,0,0,0,0,0,0,0,0,0,0,0,0,0,0,0,0,0,0,0,0,0,0,0,strafe_right
0,0,0,0,0,0,0,0,0,0,0,0,0,0,0,0,0,0,0,0,0,0,0,0,0,0,67,39,0,0,0,0,0,0,0,0,0,0,78,117,0,0,0,0,0,179,16,0,0,0,88,31,0,0,0,0,21,3,0,0,0,0,23,0,0,0,0,0,0,0,0,0,0,0,0,0,0,0,0,0,0,0,0,0,0,0,0,0,0,0,0,0,0,0,0,0,strafe_right
0,0,0,0,0,0,0,0,0,0,0,0,0,0,0,0,0,0,0,0,0,0,0,0,0,0,56,31,0,0,0,0,0,0,0,0,0,0,65,97,0,0,0,0,0,195,24,0,0,0,94,33,0,0,0,0,23,7,0,0,0,0,22,0,0,0,0,0,0,0,0,0,0,0,0,0,0,0,0,0,0,0,0,0,0,0,0,0,0,0,0,0,0,0,0,0,strafe_right
0,0,0,0,0,0,0,0,0,0,0,0,0,0,0,0,0,0,0,0,0,0,0,0,0,0,60,37,0,0,0,0,0,0,0,0,0,0,72,103,0,0,0,0,0,197,30,0,0,0,82,31,0,0,0,0,32,30,0,0,0,0,34,0,0,0,0,0,0,0,0,0,0,0,0,0,0,0,0,0,0,0,0,0,0,0,0,0,0,0,0,0,0,0,0,0,strafe_right
0,0,0,0,0,0,0,0,0,0,0,0,0,0,38,0,0,0,0,0,0,0,0,0,0,0,79,51,0,0,0,0,0,0,0,0,0,0,80,110,0,0,0,0,0,147,13,0,0,0,104,42,0,0,0,0,24,35,0,0,0,0,55,11,0,0,0,0,0,0,0,0,0,0,0,0,0,0,0,0,0,0,0,0,0,0,0,0,0,0,0,0,0,0,0,0,strafe_right
0,0,0,0,0,0,0,0,0,0,0,0,0,0,40,5,0,0,0,0,0,0,0,0,0,0,77,51,0,0,0,0,0,0,0,0,0,0,78,106,0,0,0,0,0,147,14,0,0,0,99,39,0,0,0,0,25,39,0,0,0,0,65,18,0,0,0,0,0,0,0,0,0,0,0,0,0,0,0,0,0,0,0,0,0,0,0,0,0,0,0,0,0,0,0,0,strafe_right
0,0,0,0,0,0,0,0,0,0,0,0,0,0,46,8,0,0,0,0,0,0,0,0,0,0,76,50,0,0,0,0,0,0,0,0,0,0,76,103,0,0,0,0,0,152,14,0,0,0,99,40,0,0,0,0,20,36,0,0,0,0,64,14,0,0,0,0,0,0,0,0,0,0,0,0,0,0,0,0,0,0,0,0,0,0,0,0,0,0,0,0,0,0,0,0,strafe_right
0,0,0,11,0,0,0,0,0,0,0,0,0,0,67,22,0,0,0,0,0,0,0,0,0,0,79,52,0,0,0,0,0,0,0,0,0,0,72,94,0,0,0,0,0,91,0,0,0,0,104,49,0,0,0,0,20,32,0,0,0,0,102,34,0,0,0,0,0,0,0,0,0,0,4,0,0,0,0,0,0,0,0,0,0,0,0,0,0,0,0,0,0,0,0,0,strafe_right
0,0,0,13,0,0,0,0,0,0,0,0,0,0,64,24,0,0,0,0,0,0,0,0,0,0,81,54,0,0,0,0,0,0,0,0,0,0,73,94,0,0,0,0,0,93,0,0,0,0,100,47,0,0,0,0,15,30,0,0,0,0,114,41,0,0,0,0,0,8,0,0,0,0,8,0,0,0,0,0,0,0,0,0,0,0,0,0,0,0,0,0,0,0,0,0,strafe_right
0,0,0,15,0,0,0,0,0,0,0,0,0,0,69,26,0,0,0,0,0,0,0,0,0,0,80,54,0,0,0,0,0,0,0,0,0,0,71,91,0,0,0,0,0,88,0,0,0,0,100,45,0,0,0,0,10,21,0,0,0,0,114,37,0,0,0,0,0,12,0,0,0,0,11,0,0,0,0,0,0,0,0,0,0,0,0,0,0,0,0,0,0,0,0,0,strafe_right
0,0,0,20,0,0,0,0,0,0,0,0,0,0,68,25,0,0,0,0,0,0,0,0,0,0,79,53,0,0,0,0,0,0,0,0,0,0,71,92,0,0,0,0,0,86,0,0,0,0,101,49,0,0,0,0,12,25,0,0,0,0,119,45,0,0,0,0,0,20,0,0,0,0,11,0,0,0,0,0,0,0,0,0,0,0,0,0,0,0,0,0,0,0,0,0,strafe_right
0,0,0,22,0,0,0,0,0,0,0,0,0,0,70,27,0,0,0,0,0,0,0,0,0,0,76,52,0,0,0,0,0,0,0,0,0,0,68,91,0,0,0,0,0,82,0,0,0,0,102,50,0,0,0,0,15,29,0,0,0,0,117,44,0,0,0,0,0,16,0,0,0,0,14,0,0,0,0,0,0,0,0,0,0,0,0,0,0,0,0,0,0,0,0,0,strafe_right
0,0,0,29,0,0,0,0,0,0,0,0,0,0,72,26,0,0,0,0,0,0,0,0,0,0,75,51,0,0,0,0,0,0,0,0,0,0,68,83,0,0,0,0,0,77,0,0,0,0,98,48,0,0,0,0,9,24,0,0,0,0,121,44,0,0,0,0,0,24,0,0,0,0,22,0,0,0,0,0,0,0,0,0,0,0,0,0,0,0,0,0,0,0,0,0,strafe_right
0,0,0,53,0,0,0,0,0,0,0,0,0,0,75,31,0,0,0,0,0,0,0,0,0,0,76,54,0,0,0,0,0,0,0,0,0,0,59,71,0,0,0,0,0,64,0,0,0,0,94,46,0,0,0,0,7,24,0,0,0,0,133,48,0,0,0,0,0,25,0,0,0,0,25,0,0,0,0,0,0,0,0,0,0,0,0,0,0,0,0,0,0,0,0,0,strafe_right
0,0,96,336,71,0,8,30,51,59,0,0,0,0,27,5,0,0,0,0,0,0,0,0,0,0,0,0,0,0,0,0,0,0,0,0,0,0,0,0,0,0,0,0,0,0,0,0,0,0,0,0,0,0,0,0,0,0,0,0,0,0,115,28,0,0,0,0,0,0,0,0,0,0,95,48,0,0,0,0,0,0,0,0,0,0,0,0,0,0,0,0,0,63,0,0,strafe_left
0,0,74,250,33,0,9,19,49,53,0,0,0,0,0,0,0,0,0,0,0,0,0,0,0,0,0,0,0,0,0,0,0,0,0,0,0,0,0,0,0,0,0,0,0,0,0,0,0,0,0,0,0,0,0,0,0,0,0,0,0,0,92,10,0,0,0,0,0,0,0,0,0,0,100,54,0,0,0,0,0,0,0,0,0,0,0,5,0,0,0,0,0,69,0,0,strafe_left
0,0,91,300,45,0,15,32,61,41,0,0,0,0,3,0,0,0,0,0,0,0,0,0,0,0,0,0,0,0,0,0,0,0,0,0,0,0,0,0,0,0,0,0,0,0,0,0,0,0,0,0,0,0,0,0,0,0,0,0,0,0,60,0,0,0,0,0,0,0,0,0,0,0,164,67,0,0,0,0,0,0,0,0,0,0,48,38,0,0,0,0,0,78,0,0,strafe_left
0,0,3,122,0,0,28,45,83,74,0,0,0,0,0,0,0,0,0,0,0,0,0,0,0,0,0,0,0,0,0,0,0,0,0,0,0,0,0,0,0,0,0,0,0,0,0,0,0,0,0,0,0,0,0,0,0,0,0,0,0,0,60,0,0,0,0,0,0,0,0,0,0,0,157,67,0,0,0,0,0,0,0,0,0,0,49,43,0,0,0,0,0,88,0,0,strafe_left
0,0,28,160,5,0,32,47,83,71,0,0,0,0,0,0,0,0,0,0,0,0,0,0,0,0,0,0,0,0,0,0,0,0,0,0,0,0,0,0,0,0,0,0,0,0,0,0,0,0,0,0,0,0,0,0,0,0,0,0,0,0,53,0,0,0,0,0,0,0,0,0,0,0,140,61,0,0,0,0,0,0,0,0,0,0,44,40,0,0,0,0,0,93,0,0,strafe_left
0,0,17,147,0,0,35,49,82,72,0,0,0,0,0,0,0,0,0,0,0,0,0,0,0,0,0,0,0,0,0,0,0,0,0,0,0,0,0,0,0,0,0,0,0,0,0,0,0,0,0,0,0,0,0,0,0,0,0,0,0,0,52,0,0,0,0,0,0,0,0,0,0,0,147,59,0,0,0,0,0,0,0,0,0,0,42,39,0,0,0,0,0,92,0,0,strafe_left
0,0,48,197,16,0,23,32,63,44,0,0,0,0,0,0,0,0,0,0,0,0,0,0,0,0,0,0,0,0,0,0,0,0,0,0,0,0,0,0,0,0,0,0,0,0,0,0,0,0,0,0,0,0,0,0,0,0,0,0,0,0,59,0,0,0,0,0,0,0,0,0,0,0,153,60,0,0,0,0,0,0,0,0,0,0,44,41,0,0,0,0,0,73,0,0,strafe_left
0,0,114,327,51,0,10,20,45,23,0,0,0,0,3,0,0,0,0,0,0,0,0,0,0,0,0,0,0,0,0,0,0,0,0,0,0,0,0,0,0,0,0,0,0,0,0,0,0,0,0,0,0,0,0,0,0,0,0,0,0,0,66,0,0,0,0,0,0,0,0,0,0,0,183,74,0,0,0,0,0,0,0,0,0,0,55,44,0,0,0,0,0,38,0,0,strafe_left
0,0,145,378,43,0,0,17,34,4,0,0,0,0,8,0,0,0,0,0,0,0,0,0,0,0,0,0,0,0,0,0,0,0,0,0,0,0,0,0,0,0,0,0,0,0,0,0,0,0,0,0,0,0,0,0,0,0,0,0,0,0,79,0,0,0,0,0,0,0,0,0,0,0,215,82,0,0,0,0,0,0,0,0,0,0,65,51,0,0,0,0,0,26,0,0,strafe_left
0,0,183,425,42,0,0,17,23,0,0,0,0,0,3,0,0,0,0,0,0,0,0,0,0,0,0,0,0,0,0,0,0,0,0,0,0,0,0,0,0,0,0,0,0,0,0,0,0,0,0,0,0,0,0,0,0,0,0,0,0,0,88,0,0,0,0,0,0,0,0,0,0,0,251,88,0,0,0,0,0,0,0,0,0,0,76,54,0,0,0,0,0,5,0,0,strafe_left
0,0,126,366,53,0,7,25,43,30,0,0,0,0,0,0,0,0,0,0,0,0,0,0,0,0,0,0,0,0,0,0,0,0,0,0,0,0,0,0,0,0,0,0,0,0,0,0,0,0,0,0,0,0,0,0,0,0,0,0,0,0,63,0,0,0,0,0,0,0,0,0,0,0,188,70,0,0,0,0,0,0,0,0,0,0,62,53,0,0,0,0,0,65,0,0,strafe_left
0,0,67,253,33,0,14,34,61,52,0,0,0,0,0,0,0,0,0,0,0,0,0,0,0,0,0,0,0,0,0,0,0,0,0,0,0,0,0,0,0,0,0,0,0,0,0,0,0,0,0,0,0,0,0,0,0,0,0,0,0,0,57,0,0,0,0,0,0,0,0,0,0,0,185,71,0,0,0,0,0,0,0,0,0,0,50,49,0,0,0,0,0,61,0,0,strafe_left
0,0,91,304,49,0,18,32,61,49,0,0,0,0,0,0,0,0,0,0,0,0,0,0,0,0,0,0,0,0,0,0,0,0,0,0,0,0,0,0,0,0,0,0,0,0,0,0,0,0,0,0,0,0,0,0,0,0,0,0,0,0,65,0,0,0,0,0,0,0,0,0,0,0,197,76,0,0,0,0,0,0,0,0,0,0,54,48,0,0,0,0,0,58,0,0,strafe_left
0,0,125,370,58,0,9,21,39,28,0,0,0,0,0,0,0,0,0,0,0,0,0,0,0,0,0,0,0,0,0,0,0,0,0,0,0,0,0,0,0,0,0,0,0,0,0,0,0,0,0,0,0,0,0,0,0,0,0,0,0,0,62,0,0,0,0,0,0,0,0,0,0,0,193,74,0,0,0,0,0,0,0,0,0,0,56,51,0,0,0,0,0,68,0,0,strafe_left
0,0,290,497,5,0,0,0,0,0,0,0,0,0,12,0,0,0,0,0,0,0,0,0,0,0,0,0,0,0,0,0,0,0,0,0,0,0,0,0,0,0,0,0,0,0,0,0,0,0,0,0,0,0,0,0,0,0,0,0,0,0,64,0,0,0,0,0,0,0,0,0,0,0,197,75,0,0,0,0,0,0,0,0,0,0,55,50,0,0,0,0,0,71,0,0,strafe_left
0,0,32,146,16,0,0,0,0,30,0,0,0,0,0,0,0,0,0,0,0,17,0,0,0,0,0,0,0,0,0,0,0,0,0,0,0,0,0,0,0,0,0,0,0,0,0,0,0,0,0,0,0,0,0,0,0,0,0,0,0,0,48,0,0,0,0,0,0,0,0,0,0,0,188,73,0,0,0,0,0,0,0,0,0,0,52,53,0,0,0,0,0,85,0,0,strafe_left
0,0,72,223,58,0,0,4,0,0,0,0,0,0,0,0,0,0,0,0,0,33,0,0,0,0,0,0,0,0,0,0,0,0,0,0,0,0,0,0,0,0,0,0,0,0,0,0,0,0,0,0,0,0,0,0,0,0,0,0,0,0,9,0,0,0,0,0,0,0,0,0,0,0,93,26,0,0,0,0,0,0,0,0,0,0,43,21,17,0,0,0,0,61,0,0,strafe_left
0,0,117,300,73,0,0,5,0,0,0,0,0,0,5,0,0,0,0,0,0,9,0,0,0,0,0,0,0,0,0,0,0,0,0,0,0,0,0,0,0,0,0,0,0,0,0,0,0,0,0,0,0,0,0,0,0,0,0,0,0,0,34,0,0,0,0,0,0,0,0,0,0,0,128,47,0,0,0,0,0,0,0,0,0,0,61,36,26,0,0,0,0,46,0,0,strafe_left
0,0,127,323,77,0,0,8,0,0,0,0,0,0,4,0,0,0,0,0,0,0,0,0,0,0,0,0,0,0,0,0,0,0,0,0,0,0,0,0,0,0,0,0,0,0,0,0,0,0,0,0,0,0,0,0,0,0,0,0,0,0,35,0,0,0,0,0,0,0,0,0,0,0,137,51,0,0,0,0,0,0,0,0,0,0,73,42,31,0,0,0,0,57,0,0,strafe_left
0,0,149,342,73,0,0,10,0,0,0,0,0,0,11,0,0,0,0,0,0,0,0,0,0,0,0,0,0,0,0,0,0,0,0,0,0,0,0,0,0,0,0,0,0,0,0,0,0,0,0,0,0,0,0,0,0,0,0,0,0,0,37,0,0,0,0,0,0,0,0,0,0,0,137,50,0,0,0,0,0,0,0,0,0,0,72,42,32,0,0,0,0,61,0,0,strafe_left
0,0,136,347,80,0,0,12,0,0,0,0,0,0,0,0,0,0,0,0,0,0,0,0,0,0,0,0,0,0,0,0,0,0,0,0,0,0,0,0,0,0,0,0,0,0,0,0,0,0,0,0,0,0,0,0,0,0,0,0,0,0,40,0,0,0,0,0,0,0,0,0,0,0,137,49,0,0,0,0,0,0,0,0,0,0,71,41,33,0,0,0,0,63,0,0,strafe_left
0,0,92,269,64,0,0,5,0,7,0,0,0,0,0,0,0,0,0,0,0,7,0,0,0,0,0,0,0,0,0,0,0,0,0,0,0,0,0,0,0,0,0,0,0,0,0,0,0,0,0,0,0,0,0,0,0,0,0,0,0,0,42,0,0,0,0,0,0,0,0,0,0,0,137,51,0,0,0,0,0,0,0,0,0,0,69,41,33,0,0,0,0,65,0,0,strafe_left
0,0,67,228,52,0,0,4,0,22,0,0,0,0,0,0,0,0,0,0,0,16,0,0,0,0,0,0,0,0,0,0,0,0,0,0,0,0,0,0,0,0,0,0,0,0,0,0,0,0,0,0,0,0,0,0,0,0,0,0,0,0,39,0,0,0,0,0,0,0,0,0,0,0,130,49,0,0,0,0,0,0,0,0,0,0,66,37,27,0,0,0,0,65,0,0,strafe_left
0,0,67,223,49,0,0,8,0,35,0,0,0,0,0,0,0,0,0,0,0,8,0,0,0,0,0,0,0,0,0,0,0,0,0,0,0,0,0,0,0,0,0,0,0,0,0,0,0,0,0,0,0,0,0,0,0,0,0,0,0,0,41,0,0,0,0,0,0,0,0,0,0,0,130,49,0,0,0,0,0,0,0,0,0,0,64,38,28,0,0,0,0,70,0,0,strafe_left
0,0,113,288,62,0,0,8,0,0,0,0,0,0,0,0,0,0,0,0,0,12,0,0,0,0,0,0,0,0,0,0,0,0,0,0,0,0,0,0,0,0,0,0,0,0,0,0,0,0,0,0,0,0,0,0,0,0,0,0,0,0,43,0,0,0,0,0,0,0,0,0,0,0,136,51,0,0,0,0,0,0,0,0,0,0,69,41,32,0,0,0,0,60,0,0,strafe_left
0,0,146,327,66,0,0,9,6,0,0,0,0,0,31,0,0,0,0,0,0,19,0,0,0,0,0,0,0,0,0,0,0,0,0,0,0,0,0,0,0,0,0,0,0,0,0,0,0,0,0,0,0,0,0,0,0,0,0,0,0,0,53,0,0,0,0,0,0,0,0,0,0,0,144,54,0,0,0,0,0,0,0,0,0,0,69,42,27,0,0,0,0,31,0,0,strafe_left
0,0,143,331,63,0,0,7,0,0,0,0,0,0,40,7,0,0,0,0,0,25,0,0,0,0,0,0,0,0,0,0,0,0,0,0,0,0,0,0,0,0,0,0,0,0,0,0,0,0,0,0,0,0,0,0,0,0,0,0,0,0,58,0,0,0,0,0,0,0,0,0,0,0,147,60,0,0,0,0,0,0,0,0,0,0,64,43,25,0,0,0,0,31,0,0,strafe_left
0,0,144,330,66,0,0,6,0,0,0,0,0,0,36,5,0,0,0,0,0,29,0,0,0,0,0,0,0,0,0,0,0,0,0,0,0,0,0,0,0,0,0,0,0,0,0,0,0,0,0,0,0,0,0,0,0,0,0,0,0,0,62,0,0,0,0,0,0,0,0,0,0,0,137,58,0,0,0,0,0,0,0,0,0,0,61,40,21,0,0,0,0,34,0,0,strafe_left
0,0,150,330,65,0,0,6,0,0,0,0,0,0,40,10,0,0,0,0,0,34,0,0,0,0,0,0,0,0,0,0,0,0,0,0,0,0,0,0,0,0,0,0,0,0,0,0,0,0,0,0,0,0,0,0,0,0,0,0,0,0,67,0,0,0,0,0,0,0,0,0,0,0,131,57,0,0,0,0,0,0,0,0,0,0,55,35,11,0,0,0,0,36,0,0,strafe_left
0,0,0,89,0,0,0,0,0,0,0,0,0,0,73,43,0,0,0,0,0,20,0,0,0,0,73,42,0,0,0,0,0,0,0,0,0,0,28,83,0,0,0,0,0,62,0,0,0,0,0,67,0,0,0,0,0,16,0,0,0,0,86,23,0,0,0,0,0,23,0,0,0,0,67,41,0,0,0,0,0,0,0,0,0,0,0,0,0,0,0,0,0,0,0,0,none
0,0,0,89,0,0,0,0,0,0,0,0,0,0,76,45,0,0,0,0,0,22,0,0,0,0,74,47,0,0,0,0,0,0,0,0,0,0,29,86,0,0,0,0,0,61,0,0,0,0,0,59,0,0,0,0,0,12,0,0,0,0,93,27,0,0,0,0,0,25,0,0,0,0,69,41,0,0,0,0,0,0,0,0,0,0,0,0,0,0,0,0,0,0,0,0,none
0,0,56,111,0,0,0,0,0,0,0,0,0,0,104,65,0,0,0,0,0,0,0,0,0,0,93,57,0,0,0,0,0,0,0,0,0,0,50,98,0,0,0,0,0,0,0,0,0,0,72,110,0,0,0,0,0,0,0,0,0,0,189,83,0,0,0,0,0,0,0,0,0,0,97,60,0,0,0,0,0,0,0,0,0,0,0,0,0,0,0,0,0,0,0,0,backward
0,0,59,101,0,0,0,0,0,0,0,0,0,0,111,62,0,0,0,0,0,0,0,0,0,0,98,62,0,0,0,0,0,0,0,0,0,0,48,72,0,0,0,0,0,0,0,0,0,0,72,105,0,0,0,0,0,0,0,0,0,0,189,82,0,0,0,0,0,0,0,0,0,0,101,62,0,0,0,0,0,0,0,0,0,0,0,0,0,0,0,0,0,0,0,0,backward
0,0,67,75,0,0,0,0,0,0,0,0,0,0,111,49,0,0,0,0,0,0,0,0,0,0,98,54,0,0,0,0,0,0,0,0,0,0,49,44,0,0,0,0,0,0,0,0,0,0,101,79,0,0,0,0,0,0,0,0,0,0,204,81,0,0,0,0,0,0,0,0,0,0,110,53,0,0,0,0,0,0,0,0,0,0,0,0,0,0,0,0,0,0,0,0,backward
0,0,85,26,0,0,0,0,0,0,0,0,0,0,112,0,0,0,0,0,0,0,0,0,0,0,96,14,0,0,0,0,0,0,0,0,0,0,34,0,0,0,0,0,0,0,0,0,0,0,102,29,0,0,0,0,0,0,0,0,0,0,229,51,0,0,0,0,0,0,0,0,0,0,119,26,0,0,0,0,0,0,0,0,0,0,0,0,0,0,0,0,0,0,0,0,backward
0,0,60,0,0,0,0,0,0,0,0,0,0,33,121,0,0,0,0,0,0,0,0,0,0,0,88,0,0,0,0,0,0,0,0,0,0,0,14,0,0,0,0,0,0,0,0,0,0,0,68,0,0,0,0,0,0,0,0,0,0,18,258,0,0,0,0,0,0,0,0,0,0,0,112,0,0,0,0,0,0,0,0,0,0,0,0,0,0,0,0,0,0,0,0,0,backward
0,0,25,0,0,0,0,0,0,0,0,0,0,78,106,0,0,0,0,0,0,0,0,0,0,22,82,0,0,0,0,0,0,0,0,0,0,0,0,0,0,0,0,0,0,0,0,0,0,0,67,0,0,0,0,0,0,0,0,0,0,27,281,0,0,0,0,0,0,0,0,0,0,0,113,0,0,0,0,0,0,0,0,0,0,0,0,0,0,0,0,0,0,0,0,0,backward
0,0,39,0,0,0,0,0,0,0,0,0,0,64,117,0,0,0,0,0,0,0,0,0,0,16,90,0,0,0,0,0,0,0,0,0,0,0,0,0,0,0,0,0,0,0,0,0,0,0,95,0,0,0,0,0,0,0,0,0,0,0,267,6,0,0,0,0,0,0,0,0,0,0,120,0,0,0,0,0,0,0,0,0,0,0,0,0,0,0,0,0,0,0,0,0,backward
0,0,60,0,0,0,0,0,0,0,0,0,0,0,107,53,0,0,0,0,0,0,0,0,0,0,250,85,0,0,0,0,0,0,0,0,0,0,46,0,0,0,0,0,0,0,0,0,0,0,72,4,0,0,0,0,0,0,0,0,0,0,105,9,0,0,0,0,0,0,0,0,0,0,93,102,0,0,0,0,0,0,0,0,0,0,0,0,0,0,0,0,0,0,0,0,backward
0,0,64,0,0,0,0,0,0,0,0,0,0,0,115,25,0,0,0,0,0,0,0,0,0,0,250,39,0,0,0,0,0,0,0,0,0,0,25,0,0,0,0,0,0,0,0,0,0,0,78,0,0,0,0,0,0,0,0,0,0,0,103,0,0,0,0,0,0,0,0,0,0,0,94,67,0,0,0,0,0,0,0,0,0,0,0,0,0,0,0,0,0,0,0,0,backward
0,0,50,0,0,0,0,0,0,0,0,0,0,44,108,0,0,0,0,0,0,0,0,0,0,4,195,0,0,0,0,0,0,0,0,0,0,0,0,0,0,0,0,0,0,0,0,0,0,0,71,0,0,0,0,0,0,0,0,0,0,28,111,0,0,0,0,0,0,0,0,0,0,0,88,0,0,0,0,0,0,0,0,0,0,0,0,0,0,0,0,0,0,0,0,0,backward
0,0,29,0,0,0,0,0,0,0,0,0,0,76,101,0,0,0,0,0,0,0,0,0,0,14,160,0,0,0,0,0,0,0,0,0,0,0,0,0,0,0,0,0,0,0,0,0,0,0,10,0,0,0,0,0,0,0,0,0,0,94,107,0,0,0,0,0,0,0,0,0,0,19,73,0,0,0,0,0,0,0,0,0,0,0,0,0,0,0,0,0,0,0,0,0,backward
0,0,54,0,0,0,0,0,0,0,0,0,0,51,126,0,0,0,0,0,0,0,0,0,0,0,218,0,0,0,0,0,0,0,0,0,0,0,5,0,0,0,0,0,0,0,0,0,0,0,56,0,0,0,0,0,0,0,0,0,0,73,125,0,0,0,0,0,0,0,0,0,0,0,91,0,0,0,0,0,0,0,0,0,0,0,0,0,0,0,0,0,0,0,0,0,backward
0,0,61,0,0,0,0,0,0,0,0,0,0,0,123,22,0,0,0,0,0,0,0,0,0,0,265,30,0,0,0,0,0,0,0,0,0,0,28,0,0,0,0,0,0,0,0,0,0,0,81,0,0,0,0,0,0,0,0,0,0,28,122,0,0,0,0,0,0,0,0,0,0,0,98,0,0,0,0,0,0,0,0,0,0,0,0,0,0,0,0,0,0,0,0,0,backward
0,0,65,0,0,0,0,0,0,0,0,0,0,0,122,18,0,0,0,0,0,0,0,0,0,0,258,24,0,0,0,0,0,0,0,0,0,0,29,0,0,0,0,0,0,0,0,0,0,0,78,0,0,0,0,0,0,0,0,0,0,0,104,0,0,0,0,0,0,0,0,0,0,0,98,54,0,0,0,0,0,0,0,0,0,0,0,0,0,0,0,0,0,0,0,0,backward
0,0,45,4,0,0,0,0,0,0,0,0,0,0,118,70,0,0,0,0,0,0,0,0,0,0,247,98,0,0,0,0,0,0,0,0,0,0,49,0,0,0,0,0,0,0,0,0,0,0,81,18,0,0,0,0,0,0,0,0,0,0,99,8,0,0,0,0,0,0,0,0,0,0,103,104,0,0,0,0,0,0,0,0,0,0,0,0,0,0,0,0,0,0,0,0,backward
0,0,18,35,0,0,0,0,0,0,0,0,0,0,104,78,0,0,0,0,0,0,0,0,0,0,210,101,0,0,0,0,0,0,0,0,0,0,46,10,0,0,0,0,0,0,0,0,0,0,61,35,0,0,0,0,0,0,0,0,0,0,90,25,0,0,0,0,0,0,0,0,0,0,107,179,0,0,0,0,0,0,0,0,0,0,0,0,0,0,0,0,0,0,0,0,backward
0,0,57,0,0,0,0,0,0,0,0,0,0,0,121,52,0,0,0,0,0,0,0,0,0,0,267,77,0,0,0,0,0,0,0,0,0,0,40,0,0,0,0,0,0,0,0,0,0,0,60,40,0,0,0,0,0,0,0,0,0,0,91,27,0,0,0,0,0,0,0,0,0,0,105,178,0,0,0,0,0,0,0,0,0,0,0,0,0,0,0,0,0,0,0,0,backward
0,0,57,0,0,0,0,0,0,0,0,0,0,31,123,0,0,0,0,0,0,0,0,0,0,0,218,0,0,0,0,0,0,0,0,0,0,0,0,0,0,0,0,0,0,0,0,0,0,0,51,0,0,0,0,0,0,0,0,0,0,58,115,0,0,0,0,0,0,0,0,0,0,0,86,0,0,0,0,0,0,0,0,0,0,0,0,0,0,0,0,0,0,0,0,0,backward
0,0,43,0,0,0,0,0,0,0,0,0,0,55,110,0,0,0,0,0,0,0,0,0,0,0,191,0,0,0,0,0,0,0,0,0,0,0,0,0,0,0,0,0,0,0,0,0,0,0,15,0,0,0,0,0,0,0,0,0,0,93,110,0,0,0,0,0,0,0,0,0,0,21,90,0,0,0,0,0,0,0,0,0,0,0,0,0,0,0,0,0,0,0,0,0,backward
0,0,49,0,0,0,0,0,0,0,0,0,0,0,110,64,0,0,0,0,0,0,0,0,0,0,246,87,0,0,0,0,0,0,0,0,0,0,43,0,0,0,0,0,0,0,0,0,0,0,29,0,0,0,0,0,0,0,0,0,0,92,118,0,0,0,0,0,0,0,0,0,0,20,88,0,0,0,0,0,0,0,0,0,0,0,0,0,0,0,0,0,0,0,0,0,backward
0,0,44,18,0,0,0,0,0,0,0,0,0,0,112,77,0,0,0,0,0,0,0,0,0,0,236,103,0,0,0,0,0,0,0,0,0,0,45,0,0,0,0,0,0,0,0,0,0,0,75,0,0,0,0,0,0,0,0,0,0,7,119,0,0,0,0,0,0,0,0,0,0,0,109,62,0,0,0,0,0,0,0,0,0,0,0,0,0,0,0,0,0,0,0,0,backward
0,0,30,20,0,0,0,0,0,0,0,0,0,0,112,78,0,0,0,0,0,0,0,0,0,0,241,108,0,0,0,0,0,0,0,0,0,0,47,0,0,0,0,0,0,0,0,0,0,0,62,0,0,0,0,0,0,0,0,0,0,0,95,8,0,0,0,0,0,0,0,0,0,0,99,112,0,0,0,0,0,0,0,0,0,0,0,0,0,0,0,0,0,0,0,0,backward
0,0,47,16,0,0,0,0,0,0,0,0,0,0,121,77,0,0,0,0,0,0,0,0,0,0,272,111,0,0,0,0,0,0,0,0,0,0,53,0,0,0,0,0,0,0,0,0,0,0,51,15,0,0,0,0,0,0,0,0,0,0,92,23,0,0,0,0,0,0,0,0,0,0,104,153,0,0,0,0,0,0,0,0,0,0,0,0,0,0,0,0,0,0,0,0,backward
0,0,70,0,0,0,0,0,0,0,0,0,0,0,120,32,0,0,0,0,0,0,0,0,0,0,262,39,0,0,0,0,0,0,0,0,0,0,27,0,0,0,0,0,0,0,0,0,0,0,62,0,0,0,0,0,0,0,0,0,0,0,103,7,0,0,0,0,0,0,0,0,0,0,103,89,0,0,0,0,0,0,0,0,0,0,0,0,0,0,0,0,0,0,0,0,backward
0,0,38,0,0,0,0,0,0,0,0,0,0,67,104,0,0,0,0,0,0,0,0,0,0,7,175,0,0,0,0,0,0,0,0,0,0,0,0,0,0,0,0,0,0,0,0,0,0,0,7,0,0,0,0,0,0,0,0,0,0,102,107,0,0,0,0,0,0,0,0,0,0,20,77,0,0,0,0,0,0,0,0,0,0,0,0,0,0,0,0,0,0,0,0,0,backward
0,0,31,0,0,0,0,0,0,0,0,0,0,83,102,0,0,0,0,0,0,0,0,0,0,15,158,0,0,0,0,0,0,0,0,0,0,0,8,0,0,0,0,0,0,0,0,0,0,0,5,0,0,0,0,0,0,0,0,0,0,109,110,0,0,0,0,0,0,0,0,0,0,20,83,0,0,0,0,0,0,0,0,0,0,0,0,0,0,0,0,0,0,0,0,0,backward
0,0,64,0,0,0,0,0,0,0,0,0,0,10,129,6,0,0,0,0,0,0,0,0,0,0,265,3,0,0,0,0,0,0,0,0,0,0,22,0,0,0,0,0,0,0,0,0,0,0,80,0,0,0,0,0,0,0,0,0,0,17,117,0,0,0,0,0,0,0,0,0,0,0,103,30,0,0,0,0,0,0,0,0,0,0,0,0,0,0,0,0,0,0,0,0,backward
0,0,45,17,0,0,0,0,0,0,0,0,0,0,102,70,0,0,0,0,0,0,0,0,0,0,214,94,0,0,0,0,0,0,0,0,0,0,44,0,0,0,0,0,0,0,0,0,0,0,65,0,0,0,0,0,0,0,0,0,0,0,102,8,0,0,0,0,0,0,0,0,0,0,106,103,0,0,0,0,0,0,0,0,0,0,0,0,0,0,0,0,0,0,0,0,backward
0,0,31,29,0,0,0,0,0,0,0,0,0,0,104,71,0,0,0,0,0,0,0,0,0,0,203,91,0,0,0,0,0,0,0,0,0,0,47,0,0,0,0,0,0,0,0,0,0,0,72,19,0,0,0,0,0,0,0,0,0,0,97,20,0,0,0,0,0,0,0,0,0,0,112,146,0,0,0,0,0,0,0,0,0,0,0,0,0,0,0,0,0,0,0,0,backward
0,0,32,36,0,0,0,0,0,0,0,0,0,0,105,75,0,0,0,0,0,0,0,0,0,0,218,101,0,0,0,0,0,0,0,0,0,0,47,0,0,0,0,0,0,0,0,0,0,0,57,39,0,0,0,0,0,0,0,0,0,0,97,32,0,0,0,0,0,0,0,0,0,0,109,183,0,0,0,0,0,0,0,0,0,0,0,0,0,0,0,0,0,0,0,0,backward
0,0,53,0,0,0,0,0,0,0,0,0,0,86,101,0,0,0,0,0,0,0,0,0,0,0,128,0,0,0,0,0,0,0,0,0,0,0,3,0,0,0,0,0,0,0,0,0,0,0,0,0,0,0,0,0,0,0,0,0,0,95,89,0,0,0,0,0,0,0,0,0,0,73,83,0,0,0,0,0,0,0,0,0,0,0,0,0,0,0,0,0,0,0,0,0,backward
0,0,60,0,0,0,0,0,0,0,0,0,0,55,111,0,0,0,0,0,0,0,0,0,0,0,150,0,0,0,0,0,0,0,0,0,0,0,10,0,0,0,0,0,0,0,0,0,0,0,8,0,0,0,0,0,0,0,0,0,0,83,119,0,0,0,0,0,0,0,0,0,0,32,100,0,0,0,0,0,0,0,0,0,0,0,0,0,0,0,0,0,0,0,0,0,backward
0,0,75,0,0,0,0,0,0,0,0,0,0,0,93,36,0,0,0,0,0,0,0,0,0,0,164,41,0,0,0,0,0,0,0,0,0,0,29,0,0,0,0,0,0,0,0,0,0,0,59,0,0,0,0,0,0,0,0,0,0,0,105,0,0,0,0,0,0,0,0,0,0,0,100,73,0,0,0,0,0,0,0,0,0,0,0,0,0,0,0,0,0,0,0,0,backward
0,0,82,25,0,0,0,0,0,0,0,0,0,0,114,68,0,0,0,0,0,0,0,0,0,0,201,84,0,0,0,0,0,0,0,0,0,0,38,0,0,0,0,0,0,0,0,0,0,0,59,0,0,0,0,0,0,0,0,0,0,0,99,9,0,0,0,0,0,0,0,0,0,0,106,131,0,0,0,0,0,0,0,0,0,0,0,0,0,0,0,0,0,0,0,0,backward
0,0,62,39,0,0,0,0,0,0,0,0,0,0,108,72,0,0,0,0,0,0,0,0,0,0,183,98,0,0,0,0,0,0,0,0,0,0,35,0,0,0,0,0,0,0,0,0,0,0,44,29,0,0,0,0,0,0,0,0,0,0,96,30,0,0,0,0,0,0,0,0,0,0,110,180,0,0,0,0,0,0,0,0,0,0,0,0,0,0,0,0,0,0,0,0,backward
0,0,68,38,0,0,0,0,0,0,0,0,0,0,120,77,0,0,0,0,0,0,0,0,0,0,196,97,0,0,0,0,0,0,0,0,0,0,40,0,0,0,0,0,0,0,0,0,0,0,58,19,0,0,0,0,0,0,0,0,0,0,111,30,0,0,0,0,0,0,0,0,0,0,114,132,0,0,0,0,0,0,0,0,0,0,0,0,0,0,0,0,0,0,0,0,backward
0,0,89,0,0,0,0,0,0,0,0,0,0,12,113,0,0,0,0,0,0,0,0,0,0,0,178,0,0,0,0,0,0,0,0,0,0,0,13,0,0,0,0,0,0,0,0,0,0,0,9,0,0,0,0,0,0,0,0,0,0,90,126,0,0,0,0,0,0,0,0,0,0,22,105,0,0,0,0,0,0,0,0,0,0,0,0,0,0,0,0,0,0,0,0,0,backward
0,0,58,0,0,0,0,0,0,0,0,0,0,58,102,0,0,0,0,0,0,0,0,0,0,0,136,0,0,0,0,0,0,0,0,0,0,0,9,0,0,0,0,0,0,0,0,0,0,0,0,0,0,0,0,0,0,0,0,0,0,105,102,0,0,0,0,0,0,0,0,0,0,61,94,0,0,0,0,0,0,0,0,0,0,0,0,0,0,0,0,0,0,0,0,0,backward
0,0,87,0,0,0,0,0,0,0,0,0,0,0,109,0,0,0,0,0,0,0,0,0,0,0,181,0,0,0,0,0,0,0,0,0,0,0,21,0,0,0,0,0,0,0,0,0,0,0,51,0,0,0,0,0,0,0,0,0,0,47,137,0,0,0,0,0,0,0,0,0,0,0,107,0,0,0,0,0,0,0,0,0,0,0,0,0,0,0,0,0,0,0,0,0,backward
0,0,73,0,0,0,0,0,0,0,0,0,0,0,116,35,0,0,0,0,0,0,0,0,0,0,216,26,0,0,0,0,0,0,0,0,0,0,31,0,0,0,0,0,0,0,0,0,0,0,87,0,0,0,0,0,0,0,0,0,0,39,131,0,0,0,0,0,0,0,0,0,0,0,88,0,0,0,0,0,0,0,0,0,0,0,0,0,0,0,0,0,0,0,0,0,backward
0,0,7,0,0,0,0,0,0,0,0,0,0,65,82,0,0,0,0,0,0,0,0,0,0,41,178,0,0,0,0,0,0,0,0,0,0,0,0,0,0,0,0,0,0,0,0,0,0,0,113,0,0,0,0,0,0,0,0,0,0,30,120,0,0,0,0,0,0,0,0,0,0,0,51,0,0,0,0,0,0,0,0,0,0,0,0,0,0,0,0,0,0,0,0,0,backward
0,0,0,0,0,0,0,0,0,0,0,0,0,78,75,0,0,0,0,0,0,0,0,0,0,58,179,0,0,0,0,0,0,0,0,0,0,0,0,0,0,0,0,0,0,0,0,0,0,22,106,0,0,0,0,0,0,0,0,0,0,53,125,0,0,0,0,0,0,0,0,0,0,0,48,0,0,0,0,0,0,0,0,0,0,0,0,0,0,0,0,0,0,0,0,0,backward
0,0,0,0,0,0,0,0,0,0,0,0,0,81,68,0,0,0,0,0,0,0,0,0,0,72,174,0,0,0,0,0,0,0,0,0,0,0,0,0,0,0,0,0,0,0,0,0,0,0,104,0,0,0,0,0,0,0,0,0,0,53,119,0,0,0,0,0,0,0,0,0,0,0,127,0,0,0,0,0,0,0,0,0,0,0,0,0,0,0,0,0,0,0,0,0,backward
0,0,0,0,0,0,0,0,0,0,0,0,0,0,0,0,0,0,0,0,0,0,0,0,0,80,16,0,0,0,0,0,0,0,0,0,57,65,76,0,0,0,0,0,0,0,0,0,0,168,188,0,0,0,0,0,0,0,0,0,0,0,80,0,0,0,0,0,0,0,0,0,0,0,3,0,0,0,0,0,0,0,0,0,0,0,0,0,0,0,0,0,0,0,0,0,backward
0,0,0,0,0,0,0,0,0,0,0,0,0,0,0,0,0,0,0,0,0,0,0,0,115,76,0,0,0,0,0,0,0,0,0,0,176,13,0,0,0,0,0,0,0,0,0,0,0,327,152,0,0,0,0,0,0,0,0,0,0,40,45,0,0,0,0,0,0,0,0,0,0,0,0,0,0,0,0,0,0,0,0,0,0,0,0,0,0,0,0,0,0,0,0,0,backward
0,0,0,0,0,0,0,0,0,0,0,0,0,0,0,0,0,0,0,0,0,0,0,0,145,91,0,0,0,0,0,0,0,0,0,0,161,0,0,0,0,0,0,0,0,0,0,0,0,356,113,0,0,0,0,0,0,0,0,0,0,95,42,0,0,0,0,0,0,0,0,0,0,0,0,0,0,0,0,0,0,0,0,0,0,0,0,0,0,0,0,0,0,0,0,0,backward
0,0,0,0,0,0,0,0,0,0,0,0,0,0,0,0,0,0,0,0,0,0,0,0,139,88,0,0,0,0,0,0,0,0,0,0,141,0,0,0,0,0,0,0,0,0,0,0,0,320,92,0,0,0,0,0,0,0,0,0,0,139,68,0,0,0,0,0,0,0,0,0,0,0,0,0,0,0,0,0,0,0,0,0,0,0,0,0,0,0,0,0,0,0,0,0,backward
0,0,0,0,0,0,0,0,0,0,0,0,0,0,0,0,0,0,0,0,0,0,0,0,109,81,0,0,0,0,0,0,0,0,0,0,105,25,0,0,0,0,0,0,0,0,0,0,0,324,148,0,0,0,0,0,0,0,0,0,0,104,77,0,0,0,0,0,0,0,0,0,0,0,0,0,0,0,0,0,0,0,0,0,0,0,0,0,0,0,0,0,0,0,0,0,backward
0,0,0,0,0,0,0,0,0,0,0,0,0,0,0,0,0,0,0,0,0,0,0,0,173,73,0,0,0,0,0,0,0,0,0,0,113,58,0,0,0,0,0,0,0,0,0,0,0,158,30,0,0,0,0,0,0,0,0,0,0,31,35,0,0,0,0,0,0,0,0,0,0,0,0,0,0,0,0,0,0,0,0,0,0,0,0,0,0,0,0,0,0,0,0,0,backward
0,0,0,0,0,0,0,0,0,0,0,0,0,4,0,0,0,0,0,0,0,0,0,0,0,59,0,0,0,0,0,0,0,0,0,0,27,179,0,0,0,0,0,0,0,0,0,0,0,130,61,0,0,0,0,0,0,0,0,0,0,21,73,0,0,0,0,0,0,0,0,0,0,0,20,0,0,0,0,0,0,0,0,0,0,0,0,0,0,0,0,0,0,0,0,0,backward
0,0,0,0,0,0,0,0,0,0,0,0,0,4,0,0,0,0,0,0,0,0,0,0,0,52,37,0,0,0,0,0,0,0,0,0,0,196,42,0,0,0,0,0,0,0,0,0,0,98,86,0,0,0,0,0,0,0,0,0,0,30,141,0,0,0,0,0,0,0,0,0,0,0,39,0,0,0,0,0,0,0,0,0,0,0,0,0,0,0,0,0,0,0,0,0,backward
0,0,0,0,0,0,0,0,0,0,0,0,0,0,14,0,0,0,0,0,0,0,0,0,0,44,58,0,0,0,0,0,0,0,0,0,0,208,86,0,0,0,0,0,0,0,0,0,0,68,86,0,0,0,0,0,0,0,0,0,0,17,175,0,0,0,0,0,0,0,0,0,0,0,49,0,0,0,0,0,0,0,0,0,0,0,0,0,0,0,0,0,0,0,0,0,backward
0,0,0,0,0,0,0,0,0,0,0,0,0,16,0,0,0,0,0,0,0,0,0,0,11,65,0,0,0,0,0,0,0,0,0,0,30,109,0,0,0,0,0,0,0,0,0,0,0,198,47,0,0,0,0,0,0,0,0,0,0,114,98,0,0,0,0,0,0,0,0,0,0,0,25,0,0,0,0,0,0,0,0,0,0,0,0,0,0,0,0,0,0,0,0,0,backward
0,0,0,0,0,0,0,0,0,0,0,0,0,35,0,0,0,0,0,0,0,0,0,0,30,74,0,0,0,0,0,0,0,0,0,0,23,48,0,0,0,0,0,0,0,0,0,0,0,201,34,0,0,0,0,0,0,0,0,0,0,185,75,0,0,0,0,0,0,0,0,0,0,0,0,0,0,0,0,0,0,0,0,0,0,0,0,0,0,0,0,0,0,0,0,0,backward
0,0,0,0,0,0,0,0,0,0,0,0,0,41,0,0,0,0,0,0,0,0,0,0,15,86,0,0,0,0,0,0,0,0,0,0,23,99,0,0,0,0,0,0,0,0,0,0,0,216,69,0,0,0,0,0,0,0,0,0,0,165,91,0,0,0,0,0,0,0,0,0,0,0,0,0,0,0,0,0,0,0,0,0,0,0,0,0,0,0,0,0,0,0,0,0,backward
0,0,0,0,0,0,0,0,0,0,0,0,0,8,0,0,0,0,0,0,0,0,0,0,201,87,0,0,0,0,0,0,0,0,0,0,123,58,0,0,0,0,0,0,0,0,0,0,213,457,7,0,0,0,0,0,0,0,0,0,0,92,0,0,0,0,0,0,0,0,0,0,0,0,0,0,0,0,0,0,0,0,0,0,0,0,0,0,0,0,0,0,0,0,0,0,backward
0,0,0,0,0,0,0,0,0,0,0,0,0,32,0,0,0,0,0,0,0,0,0,0,0,83,0,0,0,0,0,0,0,0,0,0,23,209,10,0,0,0,0,0,5,0,0,0,200,592,27,0,0,0,0,0,0,0,0,0,0,165,0,0,0,0,0,0,0,0,0,0,0,0,0,0,0,0,0,0,0,0,0,0,0,0,8,0,0,0,0,0,0,0,0,0,backward
0,0,0,0,0,0,0,0,0,0,0,0,0,30,6,0,0,0,0,0,0,0,0,0,0,54,50,0,0,0,0,0,0,0,0,0,0,242,52,0,0,0,0,0,0,0,0,0,188,623,32,0,0,0,0,0,0,0,0,0,0,176,0,0,0,0,0,0,0,0,0,0,0,0,0,0,0,0,0,0,0,0,0,0,0,0,10,0,0,0,0,0,0,0,0,0,backward
0,0,0,0,0,0,0,0,0,0,0,0,0,42,12,0,0,0,0,0,0,0,0,0,0,53,47,0,0,0,0,0,0,0,0,0,0,193,32,0,0,0,0,0,0,0,0,0,79,599,55,0,0,0,0,0,0,0,0,0,0,197,44,0,0,0,0,0,0,0,0,0,24,0,5,0,0,0,0,0,0,0,0,0,43,39,17,0,0,0,0,0,0,0,0,0,backward
0,0,0,0,0,0,0,0,0,0,0,0,0,27,38,0,0,0,0,0,0,0,0,0,0,39,62,0,0,0,0,0,0,0,0,0,0,147,35,0,0,0,0,0,0,0,0,0,38,566,65,0,0,0,0,0,0,0,0,0,0,220,59,0,0,0,0,0,0,0,0,0,5,0,22,0,0,0,0,0,0,0,0,0,59,39,18,0,0,0,0,0,0,0,0,0,backward
0,0,0,0,0,0,0,0,0,0,0,0,0,28,45,0,0,0,0,0,0,0,0,0,0,30,53,0,0,0,0,0,0,0,0,0,0,193,47,0,0,0,0,0,0,0,0,0,34,530,63,0,0,0,0,0,0,0,0,0,0,215,64,0,0,0,0,0,0,0,0,0,0,0,24,0,0,0,0,0,0,0,0,0,63,43,16,0,0,0,0,0,0,0,0,0,backward
0,0,0,0,0,0,0,0,0,0,0,0,0,57,26,0,0,0,0,0,0,0,0,0,0,54,47,0,0,0,0,0,0,0,0,0,0,187,25,0,0,0,0,0,0,0,0,0,46,502,58,0,0,0,0,0,0,0,0,0,0,202,59,0,0,0,0,0,0,0,0,0,0,0,26,0,0,0,0,0,0,0,0,0,67,40,16,0,0,0,0,0,0,0,0,0,backward
0,0,0,0,0,0,0,0,0,0,0,0,0,77,0,0,0,0,0,0,0,0,0,0,0,72,6,0,0,0,0,0,0,0,0,0,0,140,0,0,0,0,0,0,0,0,0,0,56,463,45,0,0,0,0,0,0,0,0,0,0,189,48,0,0,0,0,0,0,0,0,0,11,0,17,0,0,0,0,0,0,0,0,0,53,23,13,0,0,0,0,0,0,0,0,0,backward
0,0,0,0,0,0,0,0,0,0,0,0,0,82,0,0,0,0,0,0,0,0,0,0,0,82,0,0,0,0,0,0,0,0,0,0,0,137,0,0,0,0,0,0,0,0,0,0,180,402,17,0,0,0,0,0,0,0,0,0,0,171,4,0,0,0,0,0,0,0,0,0,0,0,0,0,0,0,0,0,0,0,0,0,20,0,0,0,0,0,0,0,0,0,0,0,backward
0,0,17,0,0,0,0,0,0,0,0,0,0,84,43,0,0,0,0,0,0,0,0,0,0,61,39,0,0,0,0,0,0,0,0,0,0,178,0,0,0,0,0,0,0,0,0,0,22,360,28,0,0,0,0,0,0,0,0,0,0,220,50,0,0,0,0,0,0,0,0,0,0,0,27,0,0,0,0,0,0,0,0,0,68,53,16,0,0,0,0,0,0,0,0,0,backward
0,0,15,0,0,0,0,0,0,0,0,0,0,50,54,0,0,0,0,0,0,0,0,0,0,38,58,0,0,0,0,0,0,0,0,0,0,238,30,0,0,0,0,0,0,0,0,0,33,365,33,0,0,0,0,0,0,0,0,0,0,197,48,0,0,0,0,0,0,0,0,0,0,0,21,0,0,0,0,0,0,0,0,0,28,10,3,0,0,0,0,0,0,0,0,0,backward
0,0,17,0,0,0,0,0,0,0,0,0,0,17,52,0,0,0,0,0,0,0,0,0,0,24,64,0,0,0,0,0,0,0,0,0,0,312,74,0,0,0,0,0,0,0,0,0,16,340,50,0,0,0,0,0,0,0,0,0,0,197,72,0,0,0,0,0,0,0,0,0,0,0,29,0,0,0,0,0,0,0,0,0,0,0,0,0,0,0,0,0,0,0,0,0,backward
0,0,11,0,0,0,0,0,0,0,0,0,0,17,52,0,0,0,0,0,0,0,0,0,0,23,65,0,0,0,0,0,0,0,0,0,0,359,100,0,0,0,0,0,0,0,0,0,0,324,68,0,0,0,0,0,0,0,0,0,0,170,88,0,0,0,0,0,0,0,0,0,0,4,62,0,0,0,0,0,0,0,0,0,0,11,0,0,0,0,0,0,0,0,0,0,backward
0,0,26,0,0,0,0,0,0,0,0,0,0,19,56,0,0,0,0,0,0,0,0,0,0,21,66,0,0,0,0,0,0,0,0,0,0,349,100,0,0,0,0,0,0,0,0,0,0,315,71,0,0,0,0,0,0,0,0,0,0,157,94,0,0,0,0,0,0,0,0,0,0,0,64,0,0,0,0,0,0,0,0,0,0,7,0,0,0,0,0,0,0,0,0,0,backward
99,31,0,0,0,0,0,0,0,0,0,0,67,30,0,0,0,0,0,0,0,0,0,0,0,91,0,0,0,0,0,0,0,0,0,0,0,0,0,0,0,0,0,0,0,0,0,0,0,0,0,0,0,0,0,0,0,0,0,0,119,4,0,0,0,0,0,0,0,0,0,0,183,23,0,0,0,0,0,0,0,0,0,0,6,0,0,0,0,0,0,0,0,0,0,0,backward
53,10,0,0,0,0,0,0,0,0,0,0,128,33,0,0,0,0,0,0,0,0,0,0,0,125,0,0,0,0,0,0,0,0,0,0,0,0,0,0,0,0,0,0,0,0,0,0,50,0,0,0,0,0,0,0,0,0,0,0,141,37,0,0,0,0,0,0,0,0,0,0,67,0,0,0,0,0,0,0,0,0,0,0,0,0,0,0,0,0,0,0,0,0,0,0,backward
138,0,0,0,0,0,0,0,0,0,0,0,229,8,0,0,0,0,0,0,0,0,0,0,3,0,0,0,0,0,0,0,0,0,0,0,0,0,0,0,0,0,0,0,0,0,0,0,17,0,0,0,0,0,0,0,0,0,0,0,231,0,0,0,0,0,0,0,0,0,0,0,139,0,0,0,0,0,0,0,0,0,0,0,0,0,0,0,0,0,0,0,0,0,0,0,backward
117,0,0,0,0,0,0,0,0,0,0,0,254,0,0,0,0,0,0,0,0,0,0,0,0,0,0,0,0,0,0,0,0,0,0,0,0,0,0,0,0,0,0,0,0,0,0,0,0,0,0,0,0,0,0,0,0,0,0,0,225,0,0,0,0,0,0,0,0,0,0,0,119,0,0,0,0,0,0,0,0,0,0,0,0,0,0,0,0,0,0,0,6,0,0,0,backward
121,0,0,0,0,0,0,0,0,0,0,0,220,19,0,0,0,0,0,0,0,0,0,0,9,16,0,0,0,0,0,0,0,0,0,0,0,0,0,0,0,0,0,0,0,0,0,0,31,0,0,0,0,0,0,0,0,0,0,0,183,0,0,0,0,0,0,0,0,0,0,0,91,0,0,0,0,0,0,0,0,0,0,0,0,0,0,0,0,0,0,0,3,0,0,0,backward
34,11,0,0,0,0,0,0,0,0,0,0,60,38,0,0,0,0,0,0,0,0,0,0,0,127,0,0,0,0,0,0,0,0,0,0,0,0,0,0,0,0,0,0,0,0,0,0,31,0,0,0,0,0,0,0,0,0,0,0,156,35,0,0,0,0,0,0,0,0,0,0,107,14,0,0,0,0,0,0,0,0,0,0,0,0,0,0,0,0,0,0,0,0,0,0,backward
65,10,0,0,0,0,0,0,0,0,0,0,98,43,0,0,0,0,0,0,0,0,0,0,0,140,0,0,0,0,0,0,0,0,0,0,0,0,0,0,0,0,0,0,0,0,0,0,12,0,0,0,0,0,0,0,0,0,0,0,123,50,0,0,0,0,0,0,0,0,0,0,78,21,0,0,0,0,0,0,0,0,0,0,0,0,0,0,0,0,0,0,4,0,0,0,backward
87,3,0,0,0,0,0,0,0,0,0,0,116,39,0,0,0,0,0,0,0,0,0,0,0,98,0,0,0,0,0,0,0,0,0,0,0,0,0,0,0,0,0,0,0,0,0,0,0,0,0,0,0,0,0,0,0,0,0,0,66,43,0,0,0,0,0,0,0,0,0,0,47,28,0,0,0,0,0,0,0,0,0,0,0,0,0,0,0,0,0,0,0,0,0,0,backward
83,32,7,0,0,0,0,0,0,0,0,0,74,25,0,0,0,0,0,0,0,0,0,0,0,0,0,0,0,0,0,0,0,0,0,0,0,0,0,0,0,0,0,0,0,0,0,0,0,0,0,0,0,0,0,0,0,0,0,0,41,16,0,0,0,0,0,0,0,0,0,0,59,29,0,0,0,0,0,0,0,0,0,0,28,0,0,0,0,0,0,0,0,0,0,0,backward
96,40,0,0,0,0,0,0,0,0,0,0,73,27,0,0,0,0,0,0,0,0,0,0,0,0,0,0,0,0,0,0,0,0,0,0,0,0,0,0,0,0,0,0,0,0,0,0,0,0,0,0,0,0,0,0,0,0,0,0,35,20,0,0,0,0,0,0,0,0,0,0,55,34,0,0,0,0,0,0,0,0,0,0,26,0,0,0,0,0,0,0,0,0,0,0,backward
0,0,0,0,0,0,0,0,30,0,0,0,0,0,0,0,0,0,0,0,20,42,0,0,0,0,0,0,0,0,0,0,30,36,0,0,0,0,0,0,0,0,0,0,0,0,0,0,0,0,0,0,0,0,0,0,27,0,0,0,0,0,0,0,0,0,0,0,33,115,0,0,0,0,0,0,0,0,0,0,6,63,0,0,0,0,0,0,0,0,0,0,30,9,0,0,forward
0,0,0,0,0,0,0,0,44,0,0,0,0,0,0,0,0,0,0,0,32,38,0,0,0,0,0,0,0,0,0,0,37,19,0,0,0,0,0,0,0,0,0,0,0,0,0,0,0,0,0,0,0,0,0,0,31,0,0,0,0,0,0,0,0,0,0,0,33,112,0,0,0,0,0,0,0,0,0,0,0,55,0,0,0,0,0,0,0,0,0,0,26,5,0,0,forward
0,0,0,0,0,0,0,0,31,0,0,0,0,0,0,0,0,0,0,0,36,24,0,0,0,0,0,0,0,0,0,0,48,4,0,0,0,0,0,0,0,0,0,0,0,0,0,0,0,0,0,0,0,0,0,0,38,0,0,0,0,0,0,0,0,0,0,0,32,63,0,0,0,0,0,0,0,0,0,0,7,34,0,0,0,0,0,0,0,0,0,0,24,0,0,0,forward
0,0,0,0,0,0,0,0,0,46,3,0,0,0,0,0,0,0,0,0,0,110,7,0,0,0,0,0,0,0,0,0,0,71,0,0,0,0,0,0,0,0,0,0,0,0,0,0,0,0,0,0,0,0,0,0,0,25,0,0,0,0,0,0,0,0,0,0,0,69,0,0,0,0,0,0,0,0,0,0,0,58,0,0,0,0,0,0,0,0,0,0,0,0,0,0,forward
0,0,0,0,0,0,0,0,0,79,29,0,0,0,0,0,0,0,0,0,0,48,30,0,0,0,0,0,0,0,0,0,0,0,0,76,0,0,0,0,0,0,0,0,0,0,0,0,0,0,0,0,0,0,0,0,0,0,0,0,0,0,0,0,0,0,0,0,0,39,0,0,0,0,8,0,0,0,0,0,0,47,0,192,0,0,0,0,0,0,0,0,0,0,0,82,forward
0,0,0,0,0,0,0,0,0,9,0,0,0,0,0,0,0,0,0,0,0,0,0,13,0,0,0,0,0,0,0,0,0,0,0,238,0,0,0,0,0,0,0,0,0,0,0,0,0,0,0,0,0,0,0,0,0,0,0,0,0,0,0,0,0,0,0,0,0,32,0,0,0,0,10,0,0,0,0,0,0,43,0,236,0,0,0,0,0,0,0,0,0,0,0,115,forward
0,0,0,0,0,0,0,0,0,27,0,0,0,0,0,0,0,0,0,0,0,95,38,0,0,0,0,0,0,0,0,0,0,73,0,0,0,0,0,0,0,0,0,0,0,0,0,0,0,0,0,0,0,0,0,0,0,99,0,0,0,0,0,0,0,0,0,0,0,85,0,0,0,0,0,0,0,0,0,0,0,0,0,0,0,0,0,0,0,0,0,0,0,0,0,0,forward
0,0,0,0,0,0,0,0,0,6,0,0,0,0,0,0,0,0,0,0,0,66,27,0,0,0,0,0,0,0,0,0,0,69,0,68,0,0,0,0,0,0,0,0,0,0,0,0,0,0,0,0,0,0,0,0,0,92,0,0,0,0,0,0,0,0,0,0,0,74,0,0,0,0,4,0,0,0,0,0,0,0,0,100,0,0,0,0,0,0,0,0,0,0,0,0,forward
0,0,0,0,0,0,0,0,0,0,0,0,0,0,0,0,0,0,0,0,0,9,0,0,0,0,0,0,0,0,0,0,0,57,0,315,0,0,0,0,0,0,0,0,0,0,0,0,0,0,0,0,0,0,0,0,0,49,0,0,0,0,0,0,0,0,0,0,0,41,0,0,0,0,11,0,0,0,0,0,0,0,0,224,0,0,0,0,0,0,0,0,0,0,0,75,forward
0,0,0,0,0,0,0,0,0,0,0,0,0,0,0,0,0,0,0,0,0,88,30,0,0,0,0,0,0,0,0,0,0,79,0,11,0,0,0,0,0,0,0,0,0,0,0,0,0,0,0,0,0,0,0,0,7,102,0,0,0,0,0,0,0,0,0,0,0,76,0,0,0,0,0,0,0,0,0,0,0,0,0,39,0,0,0,0,0,0,0,0,0,0,0,0,forward
0,0,0,0,0,0,0,0,0,16,0,0,0,0,0,0,0,0,0,0,0,108,6,0,0,0,0,0,0,0,0,0,0,97,0,0,0,0,0,0,0,0,0,0,0,10,0,0,0,0,0,0,0,0,0,0,17,133,0,0,0,0,0,0,0,0,0,0,0,102,0,0,0,0,0,0,0,0,0,0,0,10,0,0,0,0,0,0,0,0,0,0,0,0,0,0,forward
0,0,0,0,0,0,0,0,0,19,0,0,0,0,0,0,0,0,0,0,0,101,0,0,0,0,0,0,0,0,0,0,0,84,0,0,0,0,0,0,0,0,0,0,0,4,0,0,0,0,0,0,0,0,0,0,37,153,11,0,0,0,0,0,0,0,0,0,0,96,0,0,0,0,0,0,0,0,0,0,0,7,0,0,0,0,0,0,0,0,0,0,0,0,0,0,forward
0,0,0,0,0,0,0,0,0,25,0,0,0,0,0,0,0,0,0,0,0,102,0,0,0,0,0,0,0,0,0,0,0,68,0,0,0,0,0,0,0,0,0,0,0,0,0,0,0,0,0,0,0,0,0,0,82,162,6,0,0,0,0,0,0,0,0,0,0,85,0,0,0,0,0,0,0,0,0,0,0,4,0,0,0,0,0,0,0,0,0,0,0,0,0,0,forward
0,0,0,0,0,0,0,0,0,27,0,0,0,0,0,0,0,0,0,0,0,90,0,0,0,0,0,0,0,0,0,0,0,52,0,0,0,0,0,0,0,0,0,0,0,0,0,0,0,0,0,0,0,0,0,0,81,134,0,0,0,0,0,0,0,0,0,0,0,84,0,0,0,0,0,0,0,0,0,0,0,10,0,0,0,0,0,0,0,0,0,0,0,0,0,0,forward
0,0,0,0,0,0,0,0,75,46,0,0,0,0,0,0,0,0,0,0,31,57,0,0,0,0,0,0,0,0,0,0,0,0,0,0,0,0,0,0,0,0,0,0,0,0,0,0,0,0,0,0,0,0,0,0,91,99,0,0,0,0,0,0,0,0,0,0,19,76,0,0,0,0,0,0,0,0,0,0,15,25,0,0,0,0,0,0,0,0,0,0,0,0,0,0,forward
0,0,0,0,0,0,0,0,0,27,0,0,0,0,0,0,0,0,0,0,0,65,0,0,0,0,0,0,0,0,0,0,0,80,0,0,0,0,0,0,0,0,0,0,0,0,0,0,0,0,0,0,0,0,0,0,0,30,0,0,0,0,0,0,0,0,0,0,0,43,0,0,0,0,0,0,0,0,0,0,0,57,0,87,0,0,0,0,0,0,0,0,0,0,0,136,forward
0,0,0,0,0,0,0,0,0,29,0,0,0,0,0,0,0,0,0,0,0,77,0,0,0,0,0,0,0,0,0,0,0,88,0,0,0,0,0,0,0,0,0,0,0,0,0,0,0,0,0,0,0,0,0,0,21,38,0,0,0,0,0,0,0,0,0,0,0,63,0,0,0,0,0,0,0,0,0,0,20,58,0,0,0,0,0,0,0,0,0,0,8,11,0,0,forward
0,0,0,0,0,0,0,0,16,16,0,0,0,0,0,0,0,0,0,0,30,79,0,0,0,0,0,0,0,0,0,0,0,54,0,0,0,0,0,0,0,0,0,0,0,0,0,0,0,0,0,0,0,0,0,0,64,47,0,0,0,0,0,0,0,0,0,0,27,63,0,0,0,0,0,0,0,0,0,0,49,55,0,0,0,0,0,0,0,0,0,0,31,0,0,0,forward
0,0,0,0,0,0,0,0,27,9,0,0,0,0,0,0,0,0,0,0,46,72,0,0,0,0,0,0,0,0,0,0,7,40,0,0,0,0,0,0,0,0,0,0,0,0,0,0,0,0,0,0,0,0,0,0,70,43,0,0,0,0,0,0,0,0,0,0,33,61,0,0,0,0,0,0,0,0,0,0,63,51,0,0,0,0,0,0,0,0,0,0,40,0,0,0,forward
0,0,0,0,0,0,0,0,29,9,0,0,0,0,0,0,0,0,0,0,53,66,0,0,0,0,0,0,0,0,0,0,18,37,0,0,0,0,0,0,0,0,0,0,0,0,0,0,0,0,0,0,0,0,0,0,63,38,0,0,0,0,0,0,0,0,0,0,31,48,0,0,0,0,0,0,0,0,0,0,62,51,0,0,0,0,0,0,0,0,0,0,57,7,0,0,forward
0,0,0,0,0,0,0,0,36,0,0,0,0,0,0,0,0,0,0,0,48,54,0,0,0,0,0,0,0,0,0,0,28,45,0,0,0,0,0,0,0,0,0,0,0,0,0,0,0,0,0,0,0,0,0,0,68,36,0,0,0,0,0,0,0,0,0,0,32,56,0,0,0,0,0,0,0,0,0,0,44,55,0,0,0,0,0,0,0,0,0,0,37,20,0,0,forward
0,0,0,0,0,0,0,0,25,10,0,0,0,0,0,0,0,0,0,0,32,74,0,0,0,0,0,0,0,0,0,0,12,81,0,0,0,0,0,0,0,0,0,0,0,0,0,0,0,0,0,0,0,0,0,0,61,36,0,0,0,0,0,0,0,0,0,0,26,57,0,0,0,0,0,0,0,0,0,0,35,60,0,0,0,0,0,0,0,0,0,0,37,27,0,0,forward
0,0,0,0,0,0,0,0,6,21,0,0,0,0,0,0,0,0,0,0,12,80,0,0,0,0,0,0,0,0,0,0,0,92,0,0,0,0,0,0,0,0,0,0,0,0,0,0,0,0,0,0,0,0,0,0,21,32,0,0,0,0,0,0,0,0,0,0,0,56,0,0,0,0,0,0,0,0,0,0,27,65,0,0,0,0,0,0,0,0,0,0,39,45,0,0,forward
0,0,0,0,0,0,0,0,0,19,0,0,0,0,0,0,0,0,0,0,0,81,0,0,0,0,0,0,0,0,0,0,0,111,0,0,0,0,0,0,0,0,0,0,0,14,0,0,0,0,0,0,0,0,0,0,18,33,0,0,0,0,0,0,0,0,0,0,0,60,0,0,0,0,0,0,0,0,0,0,20,69,0,0,0,0,0,0,0,0,0,0,31,44,0,0,forward
0,0,0,0,0,0,0,0,0,19,0,0,0,0,0,0,0,0,0,0,0,71,0,0,0,0,0,0,0,0,0,0,0,120,0,0,0,0,0,0,0,0,0,0,0,27,0,0,0,0,0,0,0,0,0,0,8,27,0,0,0,0,0,0,0,0,0,0,0,64,0,0,0,0,0,0,0,0,0,0,10,74,0,3,0,0,0,0,0,0,0,0,13,39,0,0,forward
0,0,0,0,0,0,0,0,0,15,0,0,0,0,0,0,0,0,0,0,0,73,0,0,0,0,0,0,0,0,0,0,0,116,0,0,0,0,0,0,0,0,0,0,0,31,0,0,0,0,0,0,0,0,0,0,0,15,0,0,0,0,0,0,0,0,0,0,0,63,0,0,0,0,0,0,0,0,0,0,0,77,0,8,0,0,0,0,0,0,0,0,0,45,0,0,forward
0,0,0,0,0,0,0,0,0,0,0,0,0,0,0,0,0,0,0,0,0,57,0,0,0,0,0,0,0,0,0,0,0,86,0,43,0,0,0,0,0,0,0,0,0,0,0,0,0,0,0,0,0,0,0,0,0,0,0,0,0,0,0,0,0,0,0,0,0,51,0,0,0,0,0,0,0,0,0,0,0,80,0,97,0,0,0,0,0,0,0,0,0,32,0,73,forward
0,0,0,0,0,0,0,0,0,6,0,0,0,0,0,0,0,0,0,0,0,66,5,0,0,0,0,0,0,0,0,0,0,75,0,5,0,0,0,0,0,0,0,0,0,0,0,0,0,0,0,0,0,0,0,0,0,0,0,0,0,0,0,0,0,0,0,0,0,56,0,0,0,0,0,0,0,0,0,0,0,86,0,61,0,0,0,0,0,0,0,0,0,45,0,51,forward
0,0,31,0,0,0,0,21,0,0,0,0,0,73,54,0,0,0,0,0,0,0,0,0,0,46,58,0,0,0,0,0,16,0,0,0,0,0,22,0,0,0,0,0,0,0,0,0,0,0,29,11,0,0,0,0,45,0,0,0,0,0,69,19,0,0,0,0,0,91,0,0,0,0,136,33,0,0,0,0,0,20,0,0,0,0,0,0,0,0,0,0,10,0,0,0,none
0,0,4,0,0,0,0,19,0,0,0,0,0,32,43,0,0,0,0,0,4,0,0,0,0,33,47,0,0,0,0,0,15,0,0,0,0,0,24,0,0,0,0,0,0,0,0,0,0,0,0,0,0,0,0,0,53,0,0,0,0,0,63,0,0,0,0,0,0,116,0,0,0,0,87,15,0,0,0,0,0,30,0,0,0,0,0,0,0,0,0,0,26,8,0,0,none
0,0,15,0,0,0,0,12,0,0,0,0,0,69,55,0,0,0,0,0,0,0,0,0,0,42,52,0,0,0,0,0,10,0,0,0,0,0,27,0,0,0,0,0,0,0,0,0,0,0,0,0,0,0,0,0,49,0,0,0,0,0,75,8,0,0,0,0,0,114,0,0,0,0,87,16,0,0,0,0,0,26,0,0,0,0,0,0,0,0,0,0,26,5,0,0,none
0,0,18,0,0,0,0,17,0,0,0,0,0,41,46,0,0,0,0,0,3,0,0,0,0,35,50,0,0,0,0,0,13,0,0,0,0,0,25,0,0,0,0,0,0,0,0,0,0,0,0,0,0,0,0,0,30,0,0,0,0,0,123,29,0,0,0,0,0,67,0,0,0,0,68,28,0,0,0,0,0,14,0,0,0,0,4,0,0,0,0,0,0,0,0,0,none
0,0,12,0,0,0,0,18,0,0,0,0,0,46,48,0,0,0,0,0,6,0,0,0,0,31,47,0,0,0,0,0,13,0,0,0,0,0,24,0,0,0,0,0,0,0,0,0,0,0,0,0,0,0,0,0,36,0,0,0,0,0,122,33,0,0,0,0,0,71,0,0,0,0,64,24,0,0,0,0,0,13,0,0,0,0,3,0,0,0,0,0,0,4,0,0,none
0,0,0,0,0,0,0,13,11,0,0,0,0,0,0,0,0,0,0,0,31,30,0,0,0,0,0,0,0,0,0,0,55,0,0,0,0,0,0,0,0,0,0,0,37,0,0,0,0,0,0,0,0,0,0,0,19,0,0,0,0,0,0,0,0,0,0,0,0,148,0,0,0,0,0,0,0,0,0,0,0,83,0,0,0,0,0,0,0,0,0,0,0,52,0,0,forward
0,0,0,0,0,0,0,0,0,0,0,0,0,0,0,0,0,0,0,0,20,28,0,0,0,0,0,0,0,0,0,0,70,0,0,0,0,0,0,0,0,0,0,0,63,0,0,0,0,0,0,0,0,0,0,0,16,0,0,0,0,0,0,0,0,0,0,0,0,144,0,0,0,0,0,0,0,0,0,0,0,82,0,0,0,0,0,0,0,0,0,0,0,56,0,0,forward
0,0,0,0,0,0,0,0,0,0,0,0,0,0,0,0,0,0,0,0,8,17,0,0,0,0,0,0,0,0,0,0,71,5,0,0,0,0,0,0,0,0,0,0,84,0,0,0,0,0,0,0,0,0,0,0,10,0,0,0,0,0,0,0,0,0,0,0,0,147,0,0,0,0,0,0,0,0,0,0,0,89,0,0,0,0,0,0,0,0,0,0,0,49,0,0,forward
0,0,0,0,0,0,0,0,0,0,0,0,0,0,0,0,0,0,0,0,13,21,0,0,0,0,0,0,0,0,0,0,73,5,0,0,0,0,0,0,0,0,0,0,91,0,0,0,0,0,0,0,0,0,0,0,25,13,0,0,0,0,0,0,0,0,0,0,0,170,0,0,0,0,0,0,0,0,0,0,0,84,0,0,0,0,0,0,0,0,0,0,0,40,0,0,forward
0,0,25,0,0,0,0,73,24,0,0,0,0,34,34,0,0,0,0,0,0,0,0,0,0,0,39,0,0,0,0,0,0,0,0,0,0,0,0,0,0,0,0,0,0,0,0,0,0,0,0,0,0,0,0,0,0,0,0,0,0,0,94,0,0,0,0,0,0,0,0,0,0,0,39,16,0,0,0,0,0,0,0,0,0,0,25,0,0,0,0,0,27,19,0,0,strafe_left
0,0,63,0,0,0,0,41,0,0,0,0,0,95,68,0,0,0,0,0,0,0,0,0,0,0,21,0,0,0,0,0,0,0,0,0,0,0,0,0,0,0,0,0,0,0,0,0,0,0,0,0,0,0,0,0,0,0,0,0,0,0,97,0,0,0,0,0,0,0,0,0,0,0,42,19,0,0,0,0,0,0,0,0,0,0,27,0,0,0,0,0,30,25,0,0,strafe_left
0,0,78,6,0,0,0,31,0,0,0,0,0,109,75,0,0,0,0,0,0,0,0,0,0,0,19,0,0,0,0,0,0,0,0,0,0,0,0,0,0,0,0,0,0,0,0,0,0,0,0,0,0,0,0,0,0,0,0,0,0,0,95,0,0,0,0,0,0,0,0,0,0,0,39,17,0,0,0,0,0,0,0,0,0,0,29,0,0,0,0,0,33,25,0,0,strafe_left
0,0,71,11,0,0,0,29,0,0,0,0,0,61,58,0,0,0,0,0,0,0,0,0,0,0,4,0,0,0,0,0,0,0,0,0,0,0,0,0,0,0,0,0,0,0,0,0,0,0,0,0,0,0,0,0,0,0,0,0,0,0,81,0,0,0,0,0,0,0,0,0,0,0,34,12,0,0,0,0,0,0,0,0,0,0,21,0,0,0,0,0,36,42,0,0,strafe_left
0,0,43,0,0,0,0,50,4,0,0,0,0,0,29,0,0,0,0,0,0,0,0,0,0,0,0,0,0,0,0,0,0,0,0,0,0,0,0,0,0,0,0,0,0,0,0,0,0,0,0,0,0,0,0,0,0,0,0,0,0,0,73,0,0,0,0,0,0,0,0,0,0,0,25,7,0,0,0,0,0,0,0,0,0,0,16,0,0,0,0,0,37,49,0,0,strafe_left
0,0,9,0,0,0,0,56,17,0,0,0,0,0,15,0,0,0,0,0,0,0,0,0,0,0,0,0,0,0,0,0,0,0,0,0,0,0,0,0,0,0,0,0,0,0,0,0,0,0,0,0,0,0,0,0,0,0,0,0,0,0,61,0,0,0,0,0,0,0,0,0,0,0,27,7,0,0,0,0,0,0,0,0,0,0,5,0,0,0,0,0,33,47,0,0,strafe_left
0,0,24,0,0,0,0,50,7,0,0,0,0,0,26,0,0,0,0,0,0,0,0,0,0,0,0,0,0,0,0,0,0,0,0,0,0,0,0,0,0,0,0,0,0,0,0,0,0,0,0,0,0,0,0,0,0,0,0,0,0,0,87,0,0,0,0,0,0,0,0,0,0,0,37,15,0,0,0,0,0,0,0,0,0,0,18,0,0,0,0,0,18,26,0,0,strafe_left
0,0,67,9,0,0,0,27,0,0,0,0,0,85,65,0,0,0,0,0,0,0,0,0,0,0,12,0,0,0,0,0,0,0,0,0,0,0,0,0,0,0,0,0,0,0,0,0,0,0,0,0,0,0,0,0,0,0,0,0,0,0,91,0,0,0,0,0,0,0,0,0,0,0,41,17,0,0,0,0,0,0,0,0,0,0,27,0,0,0,0,0,20,28,0,0,strafe_left
0,0,73,12,0,0,0,27,0,0,0,0,0,79,66,0,0,0,0,0,0,0,0,0,0,0,0,0,0,0,0,0,0,0,0,0,0,0,0,0,0,0,0,0,0,0,0,0,0,0,0,0,0,0,0,0,0,0,0,0,0,0,92,0,0,0,0,0,0,0,0,0,0,0,40,17,0,0,0,0,0,0,0,0,0,0,26,0,0,0,0,0,18,24,0,0,strafe_left
0,0,71,13,0,0,0,31,0,0,0,0,0,70,61,0,0,0,0,0,0,0,0,0,0,0,0,0,0,0,0,0,0,0,0,0,0,0,0,0,0,0,0,0,0,0,0,0,0,0,0,0,0,0,0,0,0,0,0,0,0,0,91,0,0,0,0,0,0,0,0,0,0,0,45,20,0,0,0,0,0,0,0,0,0,0,26,0,0,0,0,0,15,18,0,0,strafe_left
0,0,63,9,0,0,0,38,0,0,0,0,0,36,50,0,0,0,0,0,0,0,0,0,0,0,0,0,0,0,0,0,0,0,0,0,0,0,0,0,0,0,0,0,0,0,0,0,0,0,0,0,0,0,0,0,0,0,0,0,0,0,97,0,0,0,0,0,0,0,0,0,0,0,45,19,0,0,0,0,0,0,0,0,0,0,25,0,0,0,0,0,15,24,0,0,strafe_left
0,0,35,0,0,0,0,52,9,0,0,0,0,0,29,0,0,0,0,0,0,0,0,0,0,0,0,0,0,0,0,0,0,0,0,0,0,0,0,0,0,0,0,0,0,0,0,0,0,0,0,0,0,0,0,0,0,0,0,0,0,0,94,0,0,0,0,0,0,0,0,0,0,0,41,20,0,0,0,0,0,0,0,0,0,0,16,0,0,0,0,0,16,32,0,0,strafe_left
0,0,14,0,0,0,0,30,10,0,0,0,0,44,44,3,0,0,0,0,0,0,0,0,0,19,57,0,0,0,0,0,0,0,0,0,0,0,0,0,0,0,0,0,0,0,0,0,0,0,0,0,0,0,0,0,0,0,0,0,0,0,92,0,0,0,0,0,0,0,0,0,0,0,41,20,0,0,0,0,0,0,0,0,0,0,18,0,0,0,0,0,0,23,0,0,strafe_left
0,0,26,0,0,0,0,5,0,0,0,0,0,112,82,6,0,0,0,0,0,0,0,0,0,94,89,0,0,0,0,0,0,0,0,0,0,0,15,0,0,0,0,0,0,0,0,0,0,0,0,0,0,0,0,0,0,0,0,0,0,0,99,0,0,0,0,0,0,0,0,0,0,0,42,21,0,0,0,0,0,0,0,0,0,0,20,0,0,0,0,0,3,23,0,0,strafe_left
0,0,0,0,0,0,0,63,45,0,0,0,0,4,44,6,0,0,0,0,0,0,0,0,0,0,38,0,0,0,0,0,0,0,0,0,0,0,0,0,0,0,0,0,0,0,0,0,0,0,0,0,0,0,0,0,0,0,0,0,0,0,66,0,0,0,0,0,0,0,0,0,0,0,17,0,0,0,0,0,0,0,0,0,0,0,0,0,0,0,0,0,44,58,0,0,strafe_left
0,0,9,0,0,0,0,53,35,0,0,0,0,32,55,8,0,0,0,0,0,0,0,0,0,0,36,0,0,0,0,0,0,0,0,0,0,0,0,0,0,0,0,0,0,0,0,0,0,0,0,0,0,0,0,0,0,0,0,0,0,0,88,0,0,0,0,0,0,0,0,0,0,0,25,4,0,0,0,0,0,0,0,0,0,0,8,0,0,0,0,0,38,49,0,0,strafe_left
0,0,16,0,0,0,0,32,14,0,0,0,0,106,87,15,0,0,0,0,0,0,0,0,0,0,52,0,0,0,0,0,0,0,0,0,0,0,0,0,0,0,0,0,0,0,0,0,0,0,0,0,0,0,0,0,0,0,0,0,0,0,101,0,0,0,0,0,0,0,0,0,0,0,29,7,0,0,0,0,0,0,0,0,0,0,13,0,0,0,0,0,28,38,0,0,strafe_left
0,0,0,0,0,0,0,81,60,0,0,0,0,0,27,0,0,0,0,0,0,0,0,0,0,0,26,0,0,0,0,0,0,0,0,0,0,0,0,0,0,0,0,0,0,0,0,0,0,0,0,0,0,0,0,0,0,0,0,0,0,0,92,0,0,0,0,0,0,0,0,0,0,0,27,8,0,0,0,0,0,0,0,0,0,0,6,0,0,0,0,0,37,54,0,0,strafe_left
0,0,0,0,0,0,0,90,64,0,0,0,0,0,18,0,0,0,0,0,0,0,0,0,0,0,24,0,0,0,0,0,0,0,0,0,0,0,0,0,0,0,0,0,0,0,0,0,0,0,0,0,0,0,0,0,0,0,0,0,0,0,80,0,0,0,0,0,0,0,0,0,0,0,19,3,0,0,0,0,0,0,0,0,0,0,0,0,0,0,0,0,36,56,0,0,strafe_left
0,0,0,0,0,0,0,95,70,0,0,0,0,0,13,0,0,0,0,0,0,0,0,0,0,0,22,0,0,0,0,0,0,0,0,0,0,0,0,0,0,0,0,0,0,0,0,0,0,0,0,0,0,0,0,0,0,0,0,0,0,0,86,0,0,0,0,0,0,0,0,0,0,0,21,4,0,0,0,0,0,0,0,0,0,0,0,0,0,0,0,0,38,55,0,0,strafe_left
0,0,0,0,0,0,0,80,60,0,0,0,0,0,22,0,0,0,0,0,0,0,0,0,0,0,30,0,0,0,0,0,0,0,0,0,0,0,0,0,0,0,0,0,0,0,0,0,0,0,0,0,0,0,0,0,0,0,0,0,0,0,94,0,0,0,0,0,0,0,0,0,0,0,22,4,0,0,0,0,0,0,0,0,0,0,0,0,0,0,0,0,32,50,0,0,strafe_left
0,0,4,0,0,0,0,31,10,0,0,0,0,59,72,13,0,0,0,0,0,0,0,0,0,10,62,0,0,0,0,0,0,0,0,0,0,0,0,0,0,0,0,0,0,0,0,0,0,0,0,0,0,0,0,0,0,0,0,0,0,0,104,0,0,0,0,0,0,0,0,0,0,0,30,9,0,0,0,0,0,0,0,0,0,0,11,0,0,0,0,0,28,40,0,0,strafe_left
0,0,3,0,0,0,0,25,0,0,0,0,0,91,94,20,0,0,0,0,0,0,0,0,0,42,69,0,0,0,0,0,0,0,0,0,0,0,0,0,0,0,0,0,0,0,0,0,0,0,0,0,0,0,0,0,0,0,0,0,0,0,105,0,0,0,0,0,0,0,0,0,0,0,31,9,0,0,0,0,0,0,0,0,0,0,11,0,0,0,0,0,19,32,0,0,strafe_left
0,0,0,0,0,0,0,96,72,0,0,0,0,0,22,0,0,0,0,0,0,0,0,0,0,0,25,0,0,0,0,0,0,0,0,0,0,0,0,0,0,0,0,0,0,0,0,0,0,0,0,0,0,0,0,0,0,0,0,0,0,0,99,0,0,0,0,0,0,0,0,0,0,0,29,14,0,0,0,0,0,0,0,0,0,0,4,0,0,0,0,0,26,44,0,0,strafe_left
0,0,52,10,0,0,0,0,0,0,0,0,0,0,14,0,0,0,0,12,33,0,0,0,0,0,0,0,0,0,0,0,0,0,0,0,0,0,0,0,0,0,0,0,0,0,0,0,0,0,0,0,0,0,0,0,0,0,0,0,0,0,55,0,0,0,0,0,0,0,0,0,0,0,40,0,0,0,0,0,0,10,0,0,0,0,31,0,0,0,0,0,36,39,3,0,strafe_left
0,0,61,15,0,0,0,0,0,0,0,0,4,6,21,0,0,0,0,7,16,0,0,0,0,0,0,0,0,0,0,0,0,0,0,0,0,0,0,0,0,0,0,0,0,0,0,0,0,0,0,0,0,0,0,0,0,0,0,0,0,0,87,0,0,0,0,0,0,0,0,0,0,0,48,12,0,0,0,0,0,0,0,0,0,0,58,0,0,0,0,0,24,22,0,0,strafe_left
0,0,62,15,0,0,0,0,0,0,0,0,3,20,27,0,0,0,0,5,15,0,0,0,0,0,0,0,0,0,0,0,0,0,0,0,0,0,0,0,0,0,0,0,0,0,0,0,0,0,0,0,0,0,0,0,0,0,0,0,0,0,89,0,0,0,0,0,0,0,0,0,0,0,50,13,0,0,0,0,0,0,0,0,0,0,63,0,0,0,0,0,21,16,0,0,strafe_left
0,0,71,20,0,0,0,0,0,0,0,0,0,37,34,0,0,0,0,4,9,0,0,0,0,0,0,0,0,0,0,0,0,0,0,0,0,0,0,0,0,0,0,0,0,0,0,0,0,0,0,0,0,0,0,0,0,0,0,0,0,0,92,0,0,0,0,0,0,0,0,0,0,0,53,17,0,0,0,0,0,0,0,0,0,0,69,5,0,0,0,0,17,16,0,0,strafe_left
0,0,78,18,0,0,0,0,0,0,0,0,0,57,44,0,0,0,0,0,0,0,0,0,0,0,11,0,0,0,0,0,0,0,0,0,0,0,0,0,0,0,0,0,0,0,0,0,0,0,0,0,0,0,0,0,0,0,0,0,0,0,97,0,0,0,0,0,0,0,0,0,0,0,54,17,0,0,0,0,0,0,0,0,0,0,76,7,0,0,0,0,17,17,0,0,strafe_left
0,0,57,11,0,0,0,0,0,0,0,0,0,0,19,0,0,0,0,6,17,0,0,0,0,0,0,0,0,0,0,0,0,0,0,0,0,0,0,0,0,0,0,0,0,0,0,0,0,0,0,0,0,0,0,0,0,0,0,0,0,0,67,0,0,0,0,0,0,0,0,0,0,0,42,0,0,0,0,0,0,7,0,0,0,0,45,0,0,0,0,0,33,36,4,0,strafe_left
0,0,49,5,0,0,0,0,0,0,0,0,0,0,11,0,0,0,0,12,26,0,0,0,0,0,0,0,0,0,0,0,0,0,0,0,0,0,0,0,0,0,0,0,0,0,0,0,0,0,0,0,0,0,0,0,0,0,0,0,0,0,51,0,0,0,0,0,0,0,0,0,0,0,44,0,0,0,0,0,0,14,0,0,0,0,37,0,0,0,0,0,35,39,13,0,strafe_left
0,0,51,6,0,0,0,0,0,0,0,0,0,0,13,0,0,0,0,12,25,0,0,0,0,0,0,0,0,0,0,0,0,0,0,0,0,0,0,0,0,0,0,0,0,0,0,0,0,0,0,0,0,0,0,0,0,0,0,0,0,0,55,0,0,0,0,0,0,0,0,0,0,0,44,0,0,0,0,0,0,11,0,0,0,0,40,0,0,0,0,0,37,41,12,0,strafe_left
0,0,56,11,0,0,0,0,0,0,0,0,0,0,14,0,0,0,0,9,23,0,0,0,0,0,0,0,0,0,0,0,0,0,0,0,0,0,0,0,0,0,0,0,0,0,0,0,0,0,0,0,0,0,0,0,0,0,0,0,0,0,82,0,0,0,0,0,0,0,0,0,0,0,52,9,0,0,0,0,0,4,0,0,0,0,61,0,0,0,0,0,25,26,0,0,strafe_left
0,0,62,18,0,0,0,0,0,0,0,0,0,0,25,0,0,0,0,0,22,0,0,0,0,0,0,0,0,0,0,0,0,0,0,0,0,0,0,0,0,0,0,0,0,0,0,0,0,0,0,0,0,0,0,0,0,0,0,0,0,0,95,0,0,0,0,0,0,0,0,0,0,0,53,14,0,0,0,0,0,0,0,0,0,0,68,0,0,0,0,0,24,26,0,0,strafe_left
0,0,55,14,0,0,0,0,0,0,0,0,0,0,14,0,0,0,0,12,29,0,0,0,0,0,0,0,0,0,0,0,0,0,0,0,0,0,0,0,0,0,0,0,0,0,0,0,0,0,0,0,0,0,0,0,0,0,0,0,0,0,69,0,0,0,0,0,0,0,0,0,0,0,47,0,0,0,0,0,0,10,0,0,0,0,45,0,0,0,0,0,38,39,4,0,strafe_left
0,0,31,0,0,0,0,0,0,0,0,0,0,0,0,0,0,0,0,13,40,0,0,0,0,0,0,0,0,0,0,0,0,0,0,0,0,0,0,0,0,0,0,0,0,0,0,0,0,0,0,0,0,0,0,0,0,0,0,0,0,0,41,0,0,0,0,0,0,0,0,0,0,0,36,0,0,0,0,0,0,12,0,0,0,0,15,0,0,0,0,0,41,47,14,0,strafe_left
0,0,44,0,0,0,0,4,0,0,0,0,0,0,5,0,0,0,0,9,35,0,0,0,0,0,0,0,0,0,0,0,0,0,0,0,0,0,0,0,0,0,0,0,0,0,0,0,0,0,0,0,0,0,0,0,0,0,0,0,0,0,47,0,0,0,0,0,0,0,0,0,0,0,44,0,0,0,0,0,0,10,0,0,0,0,38,0,0,0,0,0,47,49,22,0,strafe_left
0,0,60,16,0,0,0,0,0,0,0,0,0,0,20,0,0,0,0,0,13,0,0,0,0,0,0,0,0,0,0,0,0,0,0,0,0,0,0,0,0,0,0,0,0,0,0,0,0,0,0,0,0,0,0,0,0,0,0,0,0,0,61,0,0,0,0,0,0,0,0,0,0,0,49,5,0,0,0,0,0,0,0,0,0,0,62,0,0,0,0,0,32,31,4,0,strafe_left
0,0,64,19,0,0,0,5,0,0,0,0,0,0,17,0,0,0,0,4,18,0,0,0,0,0,0,0,0,0,0,0,0,0,0,0,0,0,0,0,0,0,0,0,0,0,0,0,0,0,0,0,0,0,0,0,0,0,0,0,0,0,76,0,0,0,0,0,0,0,0,0,0,0,51,6,0,0,0,0,0,3,0,0,0,0,68,0,0,0,0,0,33,40,0,0,strafe_left
0,0,76,24,0,0,0,0,0,0,0,0,0,8,33,0,0,0,0,0,5,0,0,0,0,0,0,0,0,0,0,0,0,0,0,0,0,0,0,0,0,0,0,0,0,0,0,0,0,0,0,0,0,0,0,0,0,0,0,0,0,0,90,0,0,0,0,0,0,0,0,0,0,0,57,9,0,0,0,0,0,0,0,0,0,0,75,0,0,0,0,0,21,30,0,0,strafe_left
0,0,80,29,0,0,0,0,0,0,0,0,0,6,33,0,0,0,0,0,7,0,0,0,0,0,0,0,0,0,0,0,0,0,0,0,0,0,0,0,0,0,0,0,0,0,0,0,0,0,0,0,0,0,0,0,0,0,0,0,0,0,88,0,0,0,0,0,0,0,0,0,0,0,54,7,0,0,0,0,0,0,0,0,0,0,74,0,0,0,0,0,31,35,0,0,strafe_left
0,0,43,3,0,0,0,13,0,0,0,0,0,0,8,0,0,0,0,0,24,0,0,0,0,0,0,0,0,0,0,0,0,0,0,0,0,0,0,0,0,0,0,0,0,0,0,0,0,0,0,0,0,0,0,0,0,0,0,0,0,0,43,0,0,0,0,0,0,0,0,0,0,0,42,0,0,0,0,0,0,10,0,0,0,0,35,0,0,0,0,0,46,52,15,0,strafe_left
0,0,36,0,0,0,0,14,0,0,0,0,0,0,5,0,0,0,0,5,29,0,0,0,0,0,0,0,0,0,0,0,0,0,0,0,0,0,0,0,0,0,0,0,0,0,0,0,0,0,0,0,0,0,0,0,0,0,0,0,0,0,34,0,0,0,0,0,0,0,0,0,0,0,36,0,0,0,0,0,0,10,0,0,0,0,24,0,0,0,0,0,47,57,18,0,strafe_left
0,0,47,0,0,0,0,25,0,0,0,0,0,0,8,0,0,0,0,0,23,0,0,0,0,0,0,0,0,0,0,0,0,0,0,0,0,0,0,0,0,0,0,0,0,0,0,0,0,0,0,0,0,0,0,0,0,0,0,0,0,0,31,0,0,0,0,0,0,0,0,0,0,0,44,0,0,0,0,0,0,10,0,0,0,0,45,0,0,0,0,0,50,60,17,0,strafe_left
0,0,51,6,0,0,0,15,0,0,0,0,0,0,16,0,0,0,0,0,15,0,0,0,0,0,0,0,0,0,0,0,0,0,0,0,0,0,0,0,0,0,0,0,0,0,0,0,0,0,0,0,0,0,0,0,0,0,0,0,0,0,47,0,0,0,0,0,0,0,0,0,0,0,43,0,0,0,0,0,0,9,0,0,0,0,47,0,0,0,0,0,48,57,14,0,strafe_left
0,0,60,13,0,0,0,14,0,0,0,0,0,0,19,0,0,0,0,0,7,0,0,0,0,0,0,0,0,0,0,0,0,0,0,0,0,0,0,0,0,0,0,0,0,0,0,0,0,0,0,0,0,0,0,0,0,0,0,0,0,0,48,0,0,0,0,0,0,0,0,0,0,0,45,0,0,0,0,0,0,8,0,0,0,0,47,0,0,0,0,0,45,52,9,0,strafe_left
0,0,67,16,0,0,0,8,0,0,0,0,0,0,24,0,0,0,0,0,4,0,0,0,0,0,0,0,0,0,0,0,0,0,0,0,0,0,0,0,0,0,0,0,0,0,0,0,0,0,0,0,0,0,0,0,0,0,0,0,0,0,50,0,0,0,0,0,0,0,0,0,0,0,49,0,0,0,0,0,0,9,0,0,0,0,52,0,0,0,0,0,43,50,0,0,strafe_left
0,0,57,12,0,0,0,15,0,0,0,0,0,0,21,0,0,0,0,0,14,0,0,0,0,0,0,0,0,0,0,0,0,0,0,0,0,0,0,0,0,0,0,0,0,0,0,0,0,0,0,0,0,0,0,0,0,0,0,0,0,0,51,0,0,0,0,0,0,0,0,0,0,0,48,0,0,0,0,0,0,7,0,0,0,0,51,0,0,0,0,0,45,51,4,0,strafe_left
0,0,79,20,0,0,0,0,0,0,0,0,0,3,41,0,0,0,0,0,0,0,0,0,0,0,0,0,0,0,0,0,0,0,0,0,0,0,0,0,0,0,0,0,0,0,0,0,0,0,0,0,0,0,0,0,0,0,0,0,0,0,79,0,0,0,0,0,0,0,0,0,0,0,49,4,0,0,0,0,0,0,0,0,0,0,66,0,0,0,0,0,36,39,0,0,strafe_left
0,0,84,24,0,0,0,0,0,0,0,0,0,10,45,0,0,0,0,0,0,0,0,0,0,0,0,0,0,0,0,0,0,0,0,0,0,0,0,0,0,0,0,0,0,0,0,0,0,0,0,0,0,0,0,0,0,0,0,0,0,0,81,0,0,0,0,0,0,0,0,0,0,0,50,4,0,0,0,0,0,0,0,0,0,0,74,0,0,0,0,0,35,38,0,0,strafe_left
0,0,85,23,0,0,0,0,0,0,0,0,0,22,50,0,0,0,0,0,0,0,0,0,0,0,0,0,0,0,0,0,0,0,0,0,0,0,0,0,0,0,0,0,0,0,0,0,0,0,0,0,0,0,0,0,0,0,0,0,0,0,73,0,0,0,0,0,0,0,0,0,0,0,48,0,0,0,0,0,0,3,0,0,0,0,65,0,0,0,0,0,38,38,0,0,strafe_left
0,0,74,19,0,0,0,0,0,0,0,0,0,0,41,0,0,0,0,0,0,0,0,0,0,0,0,0,0,0,0,0,0,0,0,0,0,0,0,0,0,0,0,0,0,0,0,0,0,0,0,0,0,0,0,0,0,0,0,0,0,0,79,0,0,0,0,0,0,0,0,0,0,0,46,4,0,0,0,0,0,0,0,0,0,0,73,0,0,0,0,0,40,47,0,0,strafe_left
0,0,62,14,0,0,0,8,0,0,0,0,0,0,22,0,0,0,0,0,6,0,0,0,0,0,0,0,0,0,0,0,0,0,0,0,0,0,0,0,0,0,0,0,0,0,0,0,0,0,0,0,0,0,0,0,0,0,0,0,0,0,80,0,0,0,0,0,0,0,0,0,0,0,56,17,0,0,0,0,0,3,0,0,0,0,89,12,0,0,0,0,32,32,0,0,strafe_left
0,0,0,0,0,0,0,0,0,0,0,0,0,0,24,0,0,0,0,0,0,0,0,0,0,14,54,0,0,0,0,0,0,0,0,0,0,9,35,0,0,0,0,0,25,0,0,0,0,0,40,10,0,0,0,0,86,36,0,0,0,0,122,0,0,0,0,0,0,0,0,0,0,0,0,0,0,0,0,0,0,0,0,0,0,0,0,0,0,0,0,0,0,0,0,0,strafe_right
0,0,0,0,0,0,0,0,0,0,0,0,0,0,33,0,0,0,0,0,0,0,0,0,0,7,46,0,0,0,0,0,0,0,0,0,0,0,30,0,0,0,0,0,28,0,0,0,0,0,46,15,0,0,0,0,80,27,0,0,0,0,132,0,0,0,0,0,0,0,0,0,0,0,0,0,0,0,0,0,0,0,0,0,0,0,0,0,0,0,0,0,0,0,0,0,strafe_right
0,0,0,0,0,0,0,0,0,0,0,0,0,0,29,0,0,0,0,0,0,0,0,0,0,0,40,0,0,0,0,0,0,0,0,0,0,0,24,0,0,0,0,0,26,0,0,0,0,0,88,81,0,7,0,5,91,23,0,0,0,0,48,0,0,0,0,0,0,0,0,0,0,0,29,0,0,0,0,0,0,0,0,0,0,0,0,0,0,0,0,0,0,0,0,0,strafe_right
0,0,0,0,0,0,0,0,0,0,0,0,0,0,26,0,0,0,0,0,0,0,0,0,0,0,39,0,0,0,0,0,0,0,0,0,0,0,22,0,0,0,0,0,29,0,0,0,0,0,77,80,0,17,0,16,112,47,0,0,0,0,43,0,0,0,0,0,0,0,0,0,0,0,30,0,0,0,0,0,0,0,0,0,0,0,0,0,0,0,0,0,0,0,0,0,strafe_right
0,0,0,0,0,0,0,0,0,0,0,0,0,0,49,0,0,0,0,0,0,0,0,0,0,28,54,0,0,0,0,0,0,0,0,0,0,12,32,0,0,0,0,0,22,0,0,0,0,0,94,88,0,12,0,5,93,47,0,0,0,0,54,0,0,0,0,0,0,0,0,0,0,0,65,0,0,0,0,0,0,0,0,0,0,0,0,0,0,0,0,0,0,0,0,0,strafe_right
0,0,0,0,0,0,0,0,0,0,0,0,0,0,44,0,0,0,0,0,0,0,0,0,0,10,45,0,0,0,0,0,0,0,0,0,0,0,20,0,0,0,0,0,21,0,0,0,0,0,92,94,0,8,0,8,92,51,0,0,0,0,55,0,0,0,0,0,0,0,0,0,0,0,72,0,0,0,0,0,0,0,0,0,0,0,0,0,0,0,0,0,0,0,0,0,strafe_right
0,0,0,0,0,0,0,0,0,0,0,0,0,0,33,0,0,0,0,0,0,0,0,0,0,0,30,0,0,0,0,0,0,0,0,0,0,0,17,0,0,0,0,0,30,0,0,0,0,0,74,75,0,23,0,16,102,61,0,0,0,0,39,0,0,0,0,0,0,7,0,0,0,0,57,0,0,0,0,0,0,0,0,0,0,0,0,0,0,0,0,0,0,0,0,0,strafe_right
0,0,0,0,0,0,0,0,0,0,0,0,0,0,19,0,0,0,0,0,0,0,0,0,0,0,26,0,0,0,0,0,12,0,0,0,0,0,12,0,0,0,0,0,39,0,0,0,0,0,52,49,0,26,0,25,116,84,0,0,0,0,22,0,0,0,0,0,0,16,0,0,0,0,42,0,0,0,0,0,0,0,0,0,0,0,0,0,0,0,0,0,0,0,0,0,strafe_right
0,0,0,0,0,0,0,0,0,0,0,0,0,0,32,0,0,0,0,0,0,0,0,0,0,0,36,0,0,0,0,0,8,0,0,0,0,0,13,0,0,0,0,0,28,0,0,0,0,0,64,64,0,23,0,18,108,71,0,0,0,0,36,0,0,0,0,0,0,11,0,0,0,0,59,0,0,0,0,0,0,0,0,0,0,0,0,0,0,0,0,0,0,0,0,0,strafe_right
0,0,0,0,0,0,0,0,0,0,0,0,0,0,28,0,0,0,0,0,0,0,0,0,0,0,33,0,0,0,0,0,13,0,0,0,0,0,15,0,0,0,0,0,35,0,0,0,0,0,72,73,0,27,0,23,111,68,0,0,0,0,41,0,0,0,0,0,0,5,0,0,0,0,56,0,0,0,0,0,0,0,0,0,0,0,0,0,0,0,0,0,0,0,0,0,strafe_right
0,0,0,0,0,0,0,0,0,0,0,0,0,0,42,0,0,0,0,0,0,0,0,0,0,34,54,0,0,0,0,0,0,0,0,0,0,0,23,0,0,0,0,0,17,0,0,0,0,0,75,74,0,20,0,15,97,58,0,0,0,0,40,0,0,0,0,0,0,3,0,0,0,0,60,0,0,0,0,0,0,0,0,0,0,0,0,0,0,0,0,0,0,0,0,0,strafe_right
0,0,0,0,0,0,0,0,0,0,0,0,0,0,65,0,0,0,0,0,0,0,0,0,0,24,62,0,0,0,0,0,0,0,0,0,0,0,22,0,0,0,0,0,37,6,0,0,0,0,81,85,0,35,0,16,84,60,0,0,0,0,42,0,0,0,0,0,0,4,0,0,0,0,69,0,0,0,0,0,0,0,0,0,0,0,0,0,0,0,0,0,0,0,0,0,strafe_right
0,0,23,0,0,0,0,0,0,0,0,0,0,0,50,0,0,0,0,0,0,0,0,0,0,0,49,0,0,0,0,0,11,0,0,0,0,0,11,0,0,0,0,0,43,11,0,0,0,0,86,89,0,40,3,21,91,67,0,0,0,0,40,0,0,0,0,0,0,0,0,0,0,0,68,0,0,0,0,0,0,0,0,0,0,0,0,0,0,0,0,0,0,0,0,0,strafe_right
0,0,0,0,0,0,0,0,0,0,0,0,0,0,65,0,0,0,0,0,0,0,0,0,0,78,84,0,0,0,0,0,0,0,0,0,0,0,33,0,0,0,0,0,40,10,0,0,0,0,93,74,0,30,9,28,116,57,0,0,0,0,36,0,0,0,0,0,0,0,0,0,0,0,39,0,0,0,0,0,0,0,0,0,0,0,0,0,0,0,0,0,0,0,0,0,strafe_right
0,0,0,0,0,0,0,0,0,0,0,0,0,0,66,0,0,0,0,0,0,0,0,0,0,76,84,0,0,0,0,0,0,0,0,0,0,0,33,0,0,0,0,0,42,6,0,0,0,0,104,89,0,23,0,19,109,51,0,0,0,0,44,0,0,0,0,0,0,0,0,0,0,0,45,0,0,0,0,0,0,0,0,0,0,0,0,0,0,0,0,0,0,0,0,0,strafe_right
0,0,0,0,0,0,0,0,0,0,0,0,0,0,72,0,0,0,0,0,0,0,0,0,0,0,73,0,0,0,0,0,0,0,0,0,0,0,21,0,0,0,0,0,52,0,0,0,0,0,70,96,0,16,0,3,182,90,0,0,0,0,23,0,0,0,0,0,0,17,0,0,0,0,12,0,0,0,0,0,0,0,0,0,0,0,0,0,0,0,0,0,0,0,0,0,strafe_right
0,0,0,0,0,0,0,0,0,0,0,0,0,0,30,0,0,0,0,0,0,0,0,0,0,0,56,0,0,0,0,0,8,0,0,0,0,0,10,0,0,0,0,0,96,0,0,0,0,0,163,213,3,16,4,0,164,69,0,0,0,0,74,0,0,0,0,0,0,0,0,0,0,0,17,0,0,0,0,0,0,0,0,0,0,0,0,0,0,0,0,0,0,0,0,0,strafe_right
0,0,0,0,0,0,0,0,0,0,0,0,0,0,33,0,0,0,0,0,0,0,0,0,0,0,65,0,0,0,0,0,0,0,0,0,0,0,20,0,0,0,0,0,90,0,0,0,0,0,163,216,3,13,0,0,161,58,0,0,0,0,69,0,0,0,0,0,0,0,0,0,0,0,24,0,0,0,0,0,0,0,0,0,0,0,0,0,0,0,0,0,0,0,0,0,strafe_right
0,0,0,0,0,0,0,0,0,0,0,0,0,0,53,0,0,0,0,0,0,0,0,0,0,0,91,0,0,0,0,0,0,0,0,0,0,0,29,0,0,0,0,0,61,0,0,0,0,0,174,243,6,6,0,0,151,44,0,0,0,0,75,0,0,0,0,0,0,0,0,0,0,0,22,0,0,0,0,0,0,0,0,0,0,0,0,0,0,0,0,0,0,0,0,0,strafe_right
0,0,0,0,0,0,0,0,0,0,0,0,0,0,62,0,0,0,0,0,0,0,0,0,0,3,105,0,0,0,0,0,0,0,0,0,0,0,32,0,0,0,0,0,43,0,0,0,0,0,197,271,6,0,0,0,114,22,0,0,0,0,87,0,0,0,0,0,0,0,0,0,0,0,42,0,0,0,0,0,0,0,0,0,0,0,0,0,0,0,0,0,0,0,0,0,strafe_right
0,0,0,0,0,0,0,0,0,0,0,0,0,0,78,0,0,0,0,0,0,0,0,0,0,6,114,0,0,0,0,0,0,0,0,0,0,0,33,0,0,0,0,0,32,0,0,0,0,0,223,261,0,0,0,0,70,0,0,0,0,0,94,0,0,0,0,0,0,0,0,0,0,0,53,0,0,0,0,0,0,0,0,0,0,0,0,0,0,0,0,0,0,0,0,0,strafe_right
0,0,0,0,0,0,0,0,0,0,0,0,0,8,76,0,0,0,0,0,0,0,0,0,0,18,130,0,0,0,0,0,0,0,0,0,0,0,33,0,0,0,0,0,17,0,0,0,0,0,252,270,0,0,0,0,47,0,0,0,0,0,101,0,0,0,0,0,0,0,0,0,0,0,61,0,0,0,0,0,0,0,0,0,0,0,0,0,0,0,0,0,0,0,0,0,strafe_right
0,0,0,0,0,0,0,0,0,0,0,0,0,12,83,0,0,0,0,0,0,0,0,0,0,22,131,0,0,0,0,0,0,0,0,0,0,0,34,0,0,0,0,0,7,0,0,0,0,0,249,272,0,0,0,0,20,0,0,0,0,0,96,0,0,0,0,0,0,0,0,0,0,0,72,0,0,0,0,0,0,0,0,0,0,0,0,0,0,0,0,0,0,0,0,0,strafe_right
0,0,0,0,0,0,0,0,0,0,0,0,0,22,88,0,0,0,0,0,0,0,0,0,0,27,141,0,0,0,0,0,0,0,0,0,0,0,37,0,0,0,0,0,0,0,0,0,0,0,243,186,0,0,0,0,0,0,0,0,0,0,114,0,0,0,0,0,0,0,0,0,0,0,88,0,0,0,0,0,0,0,0,0,0,0,0,0,0,0,0,0,0,0,0,0,strafe_right
0,0,0,0,0,0,0,0,0,0,0,0,0,0,46,0,0,0,0,0,0,0,0,0,0,0,84,0,0,0,0,0,0,0,0,0,0,0,33,0,0,0,0,0,59,0,0,0,0,0,109,223,14,27,0,0,129,37,0,0,0,0,76,0,0,0,0,0,0,0,0,0,0,0,97,0,0,0,0,0,0,0,0,0,0,0,0,0,0,0,0,0,0,0,0,0,strafe_right
0,0,0,0,0,0,0,0,0,0,0,0,0,0,46,0,0,0,0,0,0,0,0,0,0,0,71,0,0,0,0,0,0,0,0,0,0,0,32,0,0,0,0,0,65,0,0,0,0,0,84,184,0,11,0,0,133,54,0,0,0,0,71,6,0,0,0,0,0,0,0,0,0,0,96,0,0,0,0,0,0,0,0,0,0,0,0,0,0,0,0,0,0,0,0,0,strafe_right
0,0,0,0,0,0,0,0,0,0,0,0,0,0,38,0,0,0,0,0,0,0,0,0,0,0,66,0,0,0,0,0,0,0,0,0,0,0,27,0,0,0,0,0,72,0,0,0,0,0,88,187,4,23,0,0,144,69,0,0,0,0,68,4,0,0,0,0,0,0,0,0,0,0,86,0,0,0,0,0,0,0,0,0,0,0,0,0,0,0,0,0,0,0,0,0,strafe_right
0,0,0,0,0,0,0,0,0,0,0,0,0,0,47,0,0,0,0,0,0,0,0,0,0,0,83,0,0,0,0,0,0,0,0,0,0,0,31,0,0,0,0,0,59,0,0,0,0,0,99,203,5,16,0,0,130,59,0,0,0,0,78,8,0,0,0,0,0,3,0,0,0,0,110,0,0,0,0,0,0,0,0,0,0,0,0,0,0,0,0,0,0,0,0,0,strafe_right
0,0,0,0,0,0,0,0,0,0,0,0,0,0,51,0,0,0,0,0,0,0,0,0,0,0,84,0,0,0,0,0,0,0,0,0,0,0,30,0,0,0,0,0,62,0,0,0,0,0,136,250,13,0,0,0,92,10,0,0,0,0,94,13,0,0,0,0,0,0,0,0,0,0,131,0,0,0,0,0,0,0,0,0,0,0,0,0,0,0,0,0,0,0,0,0,strafe_right
0,0,0,0,0,0,0,0,0,0,0,0,0,0,52,0,0,0,0,0,0,0,0,0,0,0,87,0,0,0,0,0,0,0,0,0,0,0,31,0,0,0,0,0,52,0,0,0,0,0,174,287,4,0,0,0,67,0,0,0,0,0,104,13,0,0,0,0,0,0,0,0,0,0,144,0,0,0,0,0,0,0,0,0,0,0,0,0,0,0,0,0,0,0,0,0,strafe_right
0,0,0,0,0,0,0,0,0,0,0,0,0,0,44,0,0,0,0,0,0,0,0,0,0,0,72,0,0,0,0,0,0,0,0,0,0,0,29,0,0,0,0,0,69,0,0,0,0,0,75,172,0,20,0,0,136,93,0,0,0,0,66,7,0,0,0,0,0,0,0,0,0,0,77,0,0,0,0,0,0,0,0,0,0,0,0,0,0,0,0,0,0,0,0,0,strafe_right
0,0,0,0,0,0,0,0,0,0,0,0,0,0,26,0,0,0,0,0,0,0,0,0,0,0,51,0,0,0,0,0,4,0,0,0,0,0,16,0,0,0,0,0,75,0,0,9,0,0,5,86,0,14,0,7,163,145,0,0,0,0,15,0,0,0,0,0,0,13,0,0,0,0,51,0,0,0,0,0,0,0,0,0,0,0,0,0,0,0,0,0,0,0,0,0,strafe_right
0,0,0,0,0,0,0,0,0,0,0,0,0,0,32,0,0,0,0,0,0,0,0,0,0,0,55,0,0,0,0,0,0,0,0,0,0,0,19,0,0,0,0,0,72,0,0,4,0,0,30,126,0,17,0,5,149,125,0,0,0,0,28,0,0,0,0,0,0,5,0,0,0,0,81,0,0,0,0,0,0,0,0,0,0,0,0,0,0,0,0,0,0,0,0,0,strafe_right
0,0,0,0,0,0,0,0,0,0,0,0,0,0,41,0,0,0,0,0,0,0,0,0,0,0,60,0,0,0,0,0,0,0,0,0,0,0,22,0,0,0,0,0,70,0,0,0,0,0,76,169,3,18,0,0,127,87,0,0,0,0,47,0,0,0,0,0,0,0,0,0,0,0,111,0,0,0,0,0,0,0,0,0,0,0,0,0,0,0,0,0,0,0,0,0,strafe_right
0,0,0,0,0,0,0,0,0,0,0,0,0,0,31,0,0,0,0,0,0,0,0,0,0,0,56,0,0,0,0,0,0,0,0,0,0,0,21,0,0,0,0,0,79,0,0,5,0,0,25,119,0,14,0,5,164,134,0,0,0,0,26,0,0,0,0,0,0,7,0,0,0,0,74,0,0,0,0,0,0,0,0,0,0,0,0,0,0,0,0,0,0,0,0,0,strafe_right
0,0,0,0,0,0,0,0,0,0,0,0,0,0,30,0,0,0,0,0,0,0,0,0,0,0,52,0,0,0,0,0,6,0,0,0,0,0,17,0,0,0,0,0,78,0,0,10,0,0,0,64,0,4,0,8,177,147,0,0,0,0,8,0,0,0,0,0,0,16,0,0,0,0,53,0,0,0,0,0,0,0,0,0,0,0,0,0,0,0,0,0,0,0,0,0,strafe_right
0,0,0,0,0,0,0,0,0,0,0,0,0,0,27,0,0,0,0,0,3,0,0,0,0,0,42,0,0,0,0,0,17,0,0,0,0,0,5,0,0,0,0,0,74,0,0,12,0,0,0,74,0,13,0,11,179,150,0,0,0,0,7,0,0,0,0,0,0,10,0,0,0,0,51,0,0,0,0,0,0,0,0,0,0,0,0,0,0,0,0,0,0,0,0,0,strafe_right
0,0,0,0,0,0,0,0,0,0,0,0,0,0,34,0,0,0,0,0,0,0,0,0,0,0,56,0,0,0,0,0,9,0,0,0,0,0,14,0,0,0,0,0,65,0,0,0,0,0,25,107,0,15,0,0,147,119,0,0,0,0,29,0,0,0,0,0,0,12,0,0,0,0,84,0,0,0,0,0,0,0,0,0,0,0,0,0,0,0,0,0,0,0,0,0,strafe_right
0,0,0,0,0,0,0,0,0,0,0,0,0,0,46,0,0,0,0,0,0,0,0,0,0,0,61,0,0,0,0,0,0,0,0,0,0,0,20,0,0,0,0,0,66,0,0,0,0,0,51,138,0,19,0,0,133,97,0,0,0,0,39,0,0,0,0,0,0,0,0,0,0,0,94,0,0,0,0,0,0,0,0,0,0,0,0,0,0,0,0,0,0,0,0,0,strafe_right
0,0,0,0,0,0,0,0,0,0,0,0,0,0,60,0,0,0,0,0,0,0,0,0,0,0,71,0,0,0,0,0,0,0,0,0,0,0,27,0,0,0,0,0,58,0,0,0,0,0,93,197,5,11,0,0,110,57,0,0,0,0,76,9,0,0,0,0,0,0,0,0,0,0,117,0,0,0,0,0,0,0,0,0,0,0,0,0,0,0,0,0,0,0,0,0,strafe_right
0,0,0,0,0,0,0,0,0,0,0,0,0,0,83,0,0,0,0,0,0,0,0,0,0,0,96,0,0,0,0,0,0,0,0,0,0,0,27,0,0,0,0,0,39,0,0,0,0,0,111,225,11,5,0,0,101,35,0,0,0,0,83,15,0,0,0,0,0,0,0,0,0,0,131,0,0,0,0,0,0,0,0,0,0,0,0,0,0,0,0,0,0,0,0,0,strafe_right
0,0,0,0,0,0,0,0,0,0,0,0,0,0,86,0,0,0,0,0,0,0,0,0,0,4,104,0,0,0,0,0,0,0,0,0,0,0,28,0,0,0,0,0,41,0,0,0,0,0,106,223,6,4,0,0,104,38,0,0,0,0,85,17,0,0,0,0,0,0,0,0,0,0,126,0,0,0,0,0,0,0,0,0,0,0,0,0,0,0,0,0,0,0,0,0,strafe_right
0,0,0,0,0,0,0,0,0,0,0,0,0,0,70,0,0,0,0,0,0,0,0,0,0,0,97,0,0,0,0,0,0,0,0,0,0,0,32,0,0,0,0,0,58,0,0,0,0,0,112,225,18,22,0,0,129,69,0,0,0,0,80,10,0,0,0,0,0,0,0,0,0,0,105,0,0,0,0,0,0,0,0,0,0,0,0,0,0,0,0,0,0,0,0,0,strafe_right
0,0,0,0,0,0,0,0,0,0,0,0,0,0,72,0,0,0,0,0,0,0,0,0,0,0,92,0,0,0,0,0,0,0,0,0,0,0,36,0,0,0,0,0,46,0,13,0,0,25,67,38,0,0,0,0,100,0,0,0,0,0,23,0,0,0,0,0,0,0,0,0,0,0,0,0,0,0,0,0,0,0,0,0,0,0,0,0,0,0,0,0,0,0,0,0,strafe_right
0,0,0,0,0,0,0,0,0,0,0,0,0,3,108,0,0,0,0,0,0,0,0,0,0,13,116,0,0,0,0,0,0,0,0,0,0,0,32,0,0,0,0,0,28,0,0,0,0,49,73,42,0,0,0,0,97,0,0,0,0,0,32,0,0,0,0,0,0,0,0,0,0,0,0,0,0,0,0,0,0,0,0,0,0,0,0,0,0,0,0,0,0,0,0,0,strafe_right
0,0,6,0,0,0,0,0,0,0,0,0,0,0,105,0,0,0,0,0,0,0,0,0,0,6,113,0,0,0,0,0,0,0,0,0,0,0,30,0,0,0,0,0,29,0,0,0,0,77,94,61,0,0,0,0,99,4,0,0,0,0,41,0,0,0,0,0,0,0,0,0,0,0,4,0,0,0,0,0,0,0,0,0,0,0,0,0,0,0,0,0,0,0,0,0,strafe_right
0,0,0,0,0,0,0,0,0,0,0,0,0,0,0,0,0,0,0,0,0,0,0,0,0,40,29,0,0,0,0,41,5,0,0,0,0,32,0,0,0,0,9,259,0,0,0,0,0,106,106,67,0,0,0,0,98,11,0,0,0,0,52,0,0,0,0,0,4,0,0,0,0,0,10,0,0,0,0,0,0,0,0,0,0,0,0,0,0,0,0,0,0,0,0,0,strafe_right
0,0,0,0,0,0,0,0,0,0,0,0,0,0,0,0,0,0,0,0,0,0,0,0,0,15,18,0,0,0,0,42,7,0,0,0,0,15,0,0,0,0,13,270,6,0,0,0,0,108,107,70,0,0,0,0,103,17,0,0,0,0,53,0,0,0,0,0,4,0,0,0,0,0,8,0,0,0,0,0,0,0,0,0,0,0,0,0,0,0,0,0,0,0,0,0,strafe_right
0,0,0,0,0,0,0,0,0,0,0,0,0,0,0,0,0,0,0,0,0,0,0,0,0,0,11,0,0,0,0,38,5,0,0,0,0,0,0,0,0,0,12,261,0,0,0,0,0,102,107,73,0,0,0,0,101,14,0,0,0,0,45,0,0,0,0,0,0,0,0,0,0,0,9,0,0,0,0,0,0,0,0,0,0,0,0,0,0,0,0,0,0,0,0,0,strafe_right
0,0,0,0,0,0,0,0,0,0,0,0,0,0,0,0,0,0,0,0,0,0,0,0,0,0,7,0,0,0,0,37,5,0,0,0,0,0,0,0,0,0,11,245,0,0,0,0,0,66,91,63,0,0,0,0,100,11,0,0,0,0,44,0,0,0,0,0,6,0,0,0,0,0,11,0,0,0,0,0,0,0,0,0,0,0,0,0,0,0,0,0,0,0,0,0,strafe_right
0,0,0,0,0,0,0,0,0,0,0,0,0,0,0,0,0,0,0,0,0,0,0,0,0,21,24,0,0,0,0,42,6,0,0,0,0,14,0,0,0,0,7,235,0,0,0,0,0,93,104,70,0,0,0,0,105,14,0,0,0,0,47,0,0,0,0,0,3,0,0,0,0,0,7,0,0,0,0,0,0,0,0,0,0,0,0,0,0,0,0,0,0,0,0,0,strafe_right
0,29,0,0,0,0,0,0,0,0,0,0,0,33,0,0,0,0,0,0,0,0,0,0,0,63,32,0,0,0,0,30,0,0,0,0,0,55,0,0,0,0,4,229,0,0,0,0,0,100,110,74,0,0,0,0,107,17,0,0,0,0,49,0,0,0,0,0,3,0,0,0,0,0,4,0,0,0,0,0,0,0,0,0,0,0,0,0,0,0,0,0,0,0,0,0,strafe_right
0,37,0,0,0,0,0,0,0,0,0,0,0,28,0,0,0,0,0,0,0,0,0,0,0,63,35,0,0,0,0,28,0,0,0,0,0,64,0,0,0,0,6,244,0,0,0,0,0,102,111,74,0,0,0,0,106,18,0,0,0,0,53,0,0,0,0,0,5,0,0,0,0,0,7,0,0,0,0,0,0,0,0,0,0,0,0,0,0,0,0,0,0,0,0,0,strafe_right
0,0,0,0,0,0,0,0,0,0,0,0,0,0,0,0,0,0,0,0,0,0,0,0,0,6,13,0,0,0,0,40,0,0,0,0,0,0,0,0,0,0,0,232,0,0,0,0,0,102,110,74,0,0,0,0,99,12,0,0,0,0,50,0,0,0,0,0,6,0,0,0,0,0,10,0,0,0,0,0,0,0,0,0,0,0,0,0,0,0,0,0,0,0,0,0,strafe_right
0,0,0,0,0,0,0,0,0,0,0,0,0,10,4,0,0,0,0,0,0,0,0,0,0,38,37,0,0,0,0,0,0,0,0,0,0,0,0,0,0,0,0,7,0,0,0,0,0,43,83,54,0,0,0,0,92,10,0,0,0,0,35,0,0,0,0,0,8,0,0,0,0,0,6,0,0,0,0,0,0,0,0,0,0,0,0,0,0,0,0,0,0,0,0,0,strafe_right
0,0,0,0,0,0,0,0,0,0,0,0,0,0,0,0,0,0,0,0,0,0,0,0,0,0,0,0,0,0,0,0,0,0,0,0,0,0,9,0,0,0,0,9,40,18,0,0,0,15,60,40,0,0,0,0,85,8,0,0,0,0,28,0,0,0,0,0,10,0,0,0,0,0,4,0,0,0,0,0,0,0,0,0,0,0,0,0,0,0,0,0,0,0,0,0,strafe_right
0,0,0,0,0,0,0,0,0,0,0,0,0,0,0,0,0,0,0,0,0,0,0,0,0,0,11,0,0,0,0,0,0,0,0,0,0,14,11,0,0,0,0,3,17,0,0,0,0,20,63,42,0,0,0,0,87,9,0,0,0,0,28,0,0,0,0,0,10,0,0,0,0,0,4,0,0,0,0,0,0,0,0,0,0,0,0,0,0,0,0,0,0,0,0,0,strafe_right
0,0,0,0,0,0,0,0,0,0,0,0,0,0,0,0,0,0,0,0,0,0,0,0,0,0,9,0,0,0,0,0,0,0,0,0,0,20,12,0,0,0,0,0,11,0,0,0,0,20,66,44,0,0,0,0,87,10,0,0,0,0,31,0,0,0,0,0,13,0,0,0,0,0,6,0,0,0,0,0,0,0,0,0,0,0,0,0,0,0,0,0,0,0,0,0,strafe_right
0,0,0,0,0,0,0,0,0,0,0,0,0,0,0,0,0,0,0,0,0,0,0,0,0,0,10,0,0,0,0,0,0,0,0,0,0,16,9,0,0,0,0,0,9,0,0,0,0,18,63,42,0,0,0,0,83,7,0,0,0,0,33,0,0,0,0,0,12,0,0,0,0,0,7,0,0,0,0,0,0,0,0,0,0,0,0,0,0,0,0,0,0,0,0,0,strafe_right
0,0,0,0,0,0,0,0,0,0,0,0,0,0,0,0,0,0,0,0,0,0,0,0,0,0,3,0,0,0,0,0,0,0,0,0,0,7,10,0,0,0,0,7,39,4,0,0,0,20,61,43,0,0,0,0,85,7,0,0,0,0,33,0,0,0,0,0,12,0,0,0,0,0,5,0,0,0,0,0,0,0,0,0,0,0,0,0,0,0,0,0,0,0,0,0,strafe_right
0,0,0,0,0,0,0,0,0,0,0,0,0,0,0,0,0,0,0,0,0,0,0,0,0,0,0,0,0,0,0,0,0,0,0,0,0,0,4,0,0,0,0,12,54,21,3,0,0,17,60,42,0,0,0,0,87,10,0,0,0,0,29,0,0,0,0,0,14,0,0,0,0,0,0,0,0,0,0,0,0,0,0,0,0,0,0,0,0,0,0,0,0,0,0,0,strafe_right
0,0,0,0,0,0,0,0,0,0,0,0,0,0,0,0,0,0,0,0,0,0,0,0,0,0,0,0,0,0,0,0,0,0,0,0,0,0,5,0,0,0,0,12,47,21,3,0,0,19,61,42,0,0,0,0,89,13,0,0,0,0,30,0,0,0,0,0,10,0,0,0,0,0,0,0,0,0,0,0,0,0,0,0,0,0,0,0,0,0,0,0,0,0,0,0,strafe_right
0,0,0,0,0,0,0,0,0,0,0,0,0,0,0,0,0,0,0,0,0,0,0,0,0,0,9,0,0,0,0,0,0,0,0,0,0,0,4,0,0,0,0,13,42,11,0,0,0,16,57,39,0,0,0,0,83,9,0,0,0,0,28,0,0,0,0,0,13,0,0,0,0,0,5,0,0,0,0,0,0,0,0,0,0,0,0,0,0,0,0,0,0,0,0,0,strafe_right
0,0,0,0,0,0,0,0,0,0,0,0,0,0,0,0,0,0,0,0,0,0,0,0,0,0,11,0,0,0,0,0,0,0,0,0,0,0,5,0,0,0,0,15,38,4,0,0,0,26,64,41,0,0,0,0,87,12,0,0,0,0,32,0,0,0,0,0,14,0,0,0,0,0,0,0,0,0,0,0,0,0,0,0,0,0,0,0,0,0,0,0,0,0,0,0,strafe_right
0,0,0,0,0,0,0,0,0,0,0,0,0,0,0,0,0,0,0,0,0,0,0,0,0,3,17,0,0,0,0,0,0,0,0,0,0,12,12,0,0,0,0,4,12,0,0,0,0,24,63,39,0,0,0,0,80,6,0,0,0,0,29,0,0,0,0,0,13,0,0,0,0,0,4,0,0,0,0,0,0,0,0,0,0,0,0,0,0,0,0,0,0,0,0,0,strafe_right
0,0,0,0,0,0,0,0,0,0,0,0,0,0,0,0,0,0,0,0,0,0,0,0,10,29,22,0,0,0,0,0,0,0,0,0,0,23,15,0,0,0,0,0,0,0,0,0,0,46,76,48,0,0,0,0,81,11,0,0,0,0,38,0,0,0,0,0,14,0,0,0,0,0,0,0,0,0,0,0,0,0,0,0,0,0,0,0,0,0,0,0,0,0,0,0,strafe_right
0,0,0,0,0,0,0,0,0,0,0,0,0,0,0,0,0,0,0,0,16,0,24,0,0,0,0,0,0,0,0,0,68,0,3,0,0,0,0,0,0,0,0,30,90,0,0,0,0,0,0,0,0,0,0,0,46,14,0,51,0,0,0,0,0,0,0,0,55,24,0,0,0,0,0,0,0,0,0,0,48,0,0,0,0,0,0,0,0,0,0,0,0,0,0,0,forward
0,0,0,0,0,0,0,0,22,0,0,0,0,0,0,0,0,0,0,0,40,0,0,0,0,0,0,0,0,0,0,0,69,0,0,0,0,0,0,0,0,0,0,30,43,0,0,0,0,0,0,0,0,0,0,0,21,3,0,40,0,0,0,0,0,0,0,0,52,23,0,0,0,0,0,0,0,0,0,0,68,8,0,0,0,0,0,0,0,0,0,0,0,0,0,0,forward
0,0,0,0,0,0,0,0,0,0,0,0,0,0,0,0,0,0,0,0,17,0,15,0,0,0,0,0,0,0,0,0,66,0,0,0,0,0,0,0,0,0,0,20,93,0,0,0,0,0,0,0,0,0,0,0,6,0,0,0,0,0,0,0,0,0,0,0,49,136,0,0,0,0,0,0,0,0,0,0,56,27,55,0,0,0,0,0,0,0,0,0,34,0,0,0,forward
0,0,0,0,0,0,0,0,0,0,0,0,0,0,0,0,0,0,0,0,0,0,34,0,0,0,0,0,0,0,0,0,61,0,16,0,0,0,0,0,0,0,0,4,73,0,0,0,0,0,0,0,0,0,0,0,0,0,0,0,0,0,0,0,0,0,0,0,38,136,0,0,0,0,0,0,0,0,0,0,50,25,49,0,0,0,0,0,0,0,0,0,32,0,0,0,forward
0,0,0,0,0,0,0,0,0,0,0,0,0,0,0,0,0,0,0,0,20,0,0,0,0,0,0,0,0,0,0,0,80,0,0,0,0,0,0,0,0,0,0,37,88,0,0,0,0,0,0,0,0,0,0,0,11,0,0,0,0,0,0,0,0,0,0,0,62,131,0,0,0,0,0,0,0,0,0,0,59,18,0,0,0,0,0,0,0,0,0,0,44,0,0,0,forward
0,0,0,0,0,0,0,0,13,0,0,0,0,0,0,0,0,0,0,0,49,0,0,0,0,0,0,0,0,0,0,5,75,0,0,0,0,0,0,0,0,0,0,57,41,0,0,0,0,0,0,0,0,0,0,0,25,0,0,0,0,0,0,0,0,0,0,0,75,130,0,0,0,0,0,0,0,0,0,0,53,0,0,0,0,0,0,0,0,0,0,0,29,0,0,0,forward
64,0,10,0,0,0,0,0,0,0,0,0,31,13,0,0,0,0,0,0,0,0,0,0,65,26,0,0,0,0,0,0,0,0,0,0,112,0,0,0,0,0,0,0,0,0,0,0,0,0,0,0,0,0,0,0,0,0,0,0,0,64,0,0,0,0,0,0,0,0,0,0,47,265,162,0,0,0,0,0,0,0,0,0,0,31,0,0,0,0,0,0,0,0,0,0,backward
77,0,8,0,0,0,0,0,0,0,0,0,37,10,0,0,0,0,0,0,0,0,0,0,91,9,0,0,0,0,0,0,0,0,0,0,113,0,0,0,0,0,0,0,0,0,0,0,0,0,0,0,0,0,0,0,0,0,0,0,0,74,0,0,0,0,0,0,0,0,0,0,28,256,172,0,0,0,0,0,0,0,0,0,0,14,0,0,0,0,0,0,0,0,0,0,backward
60,0,10,0,0,0,0,0,0,0,0,0,34,0,0,0,0,0,0,0,0,0,0,0,119,6,0,0,0,0,0,0,0,0,0,0,169,0,0,0,0,0,0,0,0,0,0,0,0,0,0,0,0,0,0,0,0,0,0,0,0,89,0,0,0,0,0,0,0,0,0,0,13,235,175,0,0,0,0,0,0,0,0,0,0,14,0,0,0,0,0,0,0,0,0,0,backward
35,0,15,0,0,0,0,0,0,0,0,0,24,0,0,0,0,0,0,0,0,0,0,0,133,0,0,0,0,0,0,0,0,0,0,0,269,0,0,0,0,0,0,0,0,0,0,0,0,0,0,0,0,0,0,0,0,0,0,0,0,115,11,0,0,0,0,0,0,0,0,0,0,244,203,0,0,0,0,0,0,0,0,0,0,0,0,0,0,0,0,0,0,0,0,0,backward
0,0,8,0,0,0,0,0,0,0,0,0,18,0,0,0,0,0,0,0,0,0,0,0,137,5,0,0,0,0,0,0,0,0,0,0,300,0,0,0,0,0,0,0,0,0,0,0,0,0,0,0,0,0,0,0,0,0,0,0,0,137,21,0,0,0,0,0,0,0,0,0,0,220,173,0,0,0,0,0,0,0,0,0,0,0,0,0,0,0,0,0,0,0,0,0,backward
0,0,15,0,0,0,0,0,0,0,0,0,0,0,0,0,0,0,0,0,0,0,0,0,117,16,0,0,0,0,0,0,0,0,0,0,293,0,0,0,0,0,0,0,0,0,0,0,0,0,24,0,0,0,0,0,0,0,0,0,0,105,47,0,0,0,0,0,0,0,0,0,0,222,186,0,0,0,0,0,0,0,0,0,0,0,0,0,0,0,0,0,0,0,0,0,backward
0,0,16,0,0,0,0,0,0,0,0,0,15,0,0,0,0,0,0,0,0,0,0,0,125,7,0,0,0,0,0,0,0,0,0,0,291,0,0,0,0,0,0,0,0,0,0,0,0,0,14,0,0,0,0,0,0,0,0,0,0,90,14,0,0,0,0,0,0,0,0,0,0,236,192,0,0,0,0,0,0,0,0,0,0,0,0,0,0,0,0,0,0,0,0,0,backward
42,0,16,0,0,0,0,0,0,0,0,0,58,0,0,0,0,0,0,0,0,0,0,0,153,7,0,0,0,0,0,0,0,0,0,0,231,0,0,0,0,0,0,0,0,0,0,0,0,0,5,0,0,0,0,0,0,0,0,0,0,63,0,0,0,0,0,0,0,0,0,0,8,238,164,0,0,0,0,0,0,0,0,0,0,0,0,0,0,0,0,0,0,0,0,0,backward
18,0,8,0,0,0,0,0,0,0,0,0,14,0,0,0,0,0,0,0,0,0,0,0,132,17,13,0,0,0,0,0,0,0,0,0,89,0,0,0,0,0,0,0,0,0,0,0,0,0,3,0,0,0,0,0,0,0,0,0,0,65,0,0,0,0,0,0,0,0,0,0,24,252,159,0,0,0,0,0,0,0,0,0,0,0,0,0,0,0,0,0,0,0,0,0,backward
82,0,25,0,0,0,0,0,0,0,0,0,13,0,0,0,0,0,0,0,0,0,0,0,127,10,16,0,0,0,0,0,0,0,0,0,81,0,0,0,0,0,0,0,0,0,0,0,0,0,7,0,0,0,0,0,0,0,0,0,0,57,0,0,0,0,0,0,0,0,0,0,26,245,162,0,0,0,0,0,0,0,0,0,0,8,0,0,0,0,0,0,0,0,0,0,backward
14,0,20,0,0,0,0,0,0,0,0,0,0,0,0,0,0,0,0,0,0,0,0,0,97,21,22,0,0,0,0,0,0,0,0,0,92,0,0,0,0,0,0,0,0,0,0,0,0,0,0,0,0,0,0,0,0,0,0,0,0,77,8,0,0,0,0,0,0,0,0,0,0,111,160,0,0,0,0,0,0,0,0,0,0,0,0,0,0,0,0,0,0,0,0,0,backward
48,42,41,0,0,0,0,0,0,0,0,0,0,41,81,0,0,0,0,0,0,0,0,0,89,0,46,0,0,0,0,0,0,0,0,0,0,0,0,0,0,0,0,0,0,0,0,0,0,0,0,0,0,0,0,0,0,0,0,0,0,27,27,0,0,0,0,0,0,0,0,0,0,139,313,0,0,0,0,0,0,0,0,0,0,69,67,0,0,0,0,0,0,0,0,0,backward
53,0,29,0,0,0,0,0,0,0,0,0,0,42,22,0,0,0,0,0,0,0,0,0,108,8,8,0,0,0,0,0,0,0,0,0,58,0,0,0,0,0,0,0,0,0,0,0,0,0,0,0,0,0,0,0,0,0,0,0,0,45,5,0,0,0,0,0,0,0,0,0,0,153,225,0,0,0,0,0,0,0,0,0,0,47,11,0,0,0,0,0,0,0,0,0,backward
0,0,17,0,0,0,0,0,0,0,0,0,41,0,0,0,0,0,0,0,0,0,0,0,198,5,0,0,0,0,0,0,0,0,0,0,206,0,0,0,0,0,0,0,0,0,0,0,0,0,0,0,0,0,0,0,0,0,0,0,0,75,0,0,0,0,0,0,0,0,0,0,59,190,157,0,0,0,0,0,0,0,0,0,0,12,0,0,0,0,0,0,0,0,0,0,backward
0,0,14,0,0,0,0,0,0,0,0,0,0,0,0,0,0,0,0,0,0,0,0,0,57,28,48,0,0,0,0,0,0,0,0,0,90,3,0,0,0,0,0,0,0,0,0,0,0,0,0,0,0,0,0,0,0,0,0,0,0,97,24,0,0,0,0,0,0,0,0,0,0,165,182,0,0,0,0,0,0,0,0,0,0,0,0,0,0,0,0,0,0,0,0,0,backward
0,0,13,0,0,0,0,0,0,0,0,0,0,0,0,0,0,0,0,0,0,0,0,0,51,32,49,0,0,0,0,0,0,0,0,0,134,50,10,0,0,0,0,0,0,0,0,0,0,0,0,0,0,0,0,0,0,0,0,0,0,122,39,0,0,0,0,0,0,0,0,0,0,160,169,0,0,0,0,0,0,0,0,0,0,0,0,0,0,0,0,0,0,0,0,0,backward
0,0,12,0,0,0,0,0,0,0,0,0,0,0,0,0,0,0,0,0,0,0,0,0,41,23,45,0,0,0,0,0,0,0,0,0,173,103,54,0,0,0,0,0,0,0,0,0,0,0,49,0,0,0,0,0,0,0,0,0,0,118,50,0,0,0,0,0,0,0,0,0,0,137,136,0,0,0,0,0,0,0,0,0,0,0,0,0,0,0,0,0,0,0,0,0,backward
0,0,8,0,0,0,0,0,0,0,0,0,0,0,0,0,0,0,0,0,0,0,0,0,3,12,49,0,0,0,0,0,0,0,0,0,110,137,83,0,0,0,0,0,0,0,0,0,0,0,73,0,0,0,0,0,0,0,0,0,0,85,68,0,0,0,0,0,0,0,0,0,0,99,188,0,0,0,0,0,0,0,0,0,0,0,0,0,0,0,0,0,0,0,0,0,backward
0,0,4,0,0,0,0,0,0,0,0,0,0,0,0,0,0,0,0,0,0,0,0,0,34,16,38,0,0,0,0,0,0,0,0,0,122,138,74,0,0,0,0,0,0,0,0,0,0,0,73,0,0,0,0,0,0,0,0,0,0,92,69,0,0,0,0,0,0,0,0,0,0,95,167,0,0,0,0,0,0,0,0,0,0,0,0,0,0,0,0,0,0,0,0,0,backward
0,0,7,0,0,0,0,0,0,0,0,0,0,0,0,0,0,0,0,0,0,0,0,0,63,21,0,0,0,0,0,0,0,0,0,0,248,99,15,0,0,0,0,0,0,0,0,0,0,0,48,0,0,0,0,0,0,0,0,0,0,76,57,0,0,0,0,0,0,0,0,0,0,125,171,0,0,0,0,0,0,0,0,0,0,0,0,0,0,0,0,0,0,0,0,0,backward
0,0,0,0,0,0,0,0,0,0,0,0,0,0,0,0,0,0,0,0,0,0,0,0,133,4,0,0,0,0,0,0,0,0,0,0,227,0,0,0,0,0,0,0,0,0,0,0,0,0,19,0,0,0,0,0,0,0,0,0,0,96,36,0,0,0,0,0,0,0,0,0,0,151,134,0,0,0,0,0,0,0,0,0,0,0,0,0,0,0,0,0,0,0,0,0,backward
0,0,0,0,0,0,0,0,0,0,0,0,0,0,0,0,0,0,0,0,0,0,0,0,176,13,0,0,0,0,0,0,0,0,0,0,185,0,0,0,0,0,0,0,0,0,0,0,0,0,5,0,0,0,0,0,0,0,0,0,0,70,0,0,0,0,0,0,0,0,0,0,0,170,147,0,0,0,0,0,0,0,0,0,0,0,0,0,0,0,0,0,0,0,0,0,backward
0,0,0,0,0,0,0,0,0,0,0,0,5,0,0,0,0,0,0,0,0,0,0,0,163,17,0,0,0,0,0,0,0,0,0,0,157,0,0,0,0,0,0,0,0,0,0,0,0,0,5,0,0,0,0,0,0,0,0,0,0,78,0,0,0,0,0,0,0,0,0,0,0,184,157,0,0,0,0,0,0,0,0,0,0,0,0,0,0,0,0,0,0,0,0,0,backward
0,0,0,0,0,0,0,0,0,0,0,0,0,0,0,0,0,0,0,0,0,0,0,0,89,25,7,0,0,0,0,0,0,0,0,0,78,0,0,0,0,0,0,0,0,0,0,0,0,0,4,0,0,0,0,0,0,0,0,0,0,58,0,0,0,0,0,0,0,0,0,0,0,182,182,0,0,0,0,0,0,0,0,0,0,10,0,0,0,0,0,0,0,0,0,0,backward
0,0,12,0,0,0,0,0,0,0,0,0,0,0,0,0,0,0,0,0,0,0,0,0,72,40,14,0,0,0,0,0,0,0,0,0,57,0,0,0,0,0,0,0,0,0,0,0,0,0,0,0,0,0,0,0,0,0,0,0,0,56,12,0,0,0,0,0,0,0,0,0,0,173,241,0,0,0,0,0,0,0,0,0,0,22,0,0,0,0,0,0,0,0,0,0,backward
0,0,9,0,0,0,0,0,0,0,0,0,0,4,36,0,0,0,0,0,0,0,0,0,37,34,63,0,0,0,0,0,0,0,0,0,3,0,0,0,0,0,0,0,0,0,0,0,0,0,3,0,0,0,0,0,0,0,0,0,0,53,21,0,0,0,0,0,0,0,0,0,0,173,282,0,0,0,0,0,0,0,0,0,0,31,12,0,0,0,0,0,0,0,0,0,backward
0,0,19,0,0,0,0,0,0,0,0,0,0,15,61,0,0,0,0,0,0,0,0,0,24,35,70,0,0,0,0,0,0,0,0,0,0,0,0,0,0,0,0,0,0,0,0,0,0,0,4,0,0,0,0,0,0,0,0,0,0,53,49,0,0,0,0,0,0,0,0,0,0,162,349,0,0,0,0,0,0,0,0,0,0,30,40,0,0,0,0,0,0,0,0,0,backward
7,0,29,0,0,0,0,0,0,0,0,0,0,29,50,0,0,0,0,0,0,0,0,0,42,29,50,0,0,0,0,0,0,0,0,0,13,0,0,0,0,0,0,0,0,0,0,0,0,0,0,0,0,0,0,0,0,0,0,0,0,61,4,0,0,0,0,0,0,0,0,0,0,203,279,0,0,0,0,0,0,0,0,0,0,76,36,0,0,0,0,0,0,0,0,0,backward
226,89,52,0,0,0,0,0,0,0,0,0,0,43,41,0,0,0,0,0,0,0,0,0,14,0,0,0,0,0,0,0,0,0,0,0,11,0,0,0,0,0,0,0,0,0,0,0,0,0,0,0,0,0,0,0,0,0,0,0,45,156,0,0,0,0,0,0,0,0,0,0,101,134,0,0,0,0,0,0,0,0,0,0,98,0,0,0,0,0,0,0,0,0,0,0,backward
220,82,49,0,0,0,0,0,0,0,0,0,3,46,44,0,0,0,0,0,0,0,0,0,7,0,0,0,0,0,0,0,0,0,0,0,10,0,0,0,0,0,0,0,0,0,0,0,0,0,0,0,0,0,0,0,0,0,0,0,42,159,0,0,0,0,0,0,0,0,0,0,108,138,0,0,0,0,0,0,0,0,0,0,103,0,0,0,0,0,0,0,0,0,0,0,backward
225,81,50,0,0,0,0,0,0,0,0,0,0,46,45,0,0,0,0,0,0,0,0,0,7,0,0,0,0,0,0,0,0,0,0,0,8,0,0,0,0,0,0,0,0,0,0,0,0,0,0,0,0,0,0,0,0,0,0,0,42,164,0,0,0,0,0,0,0,0,0,0,108,134,0,0,0,0,0,0,0,0,0,0,105,0,0,0,0,0,0,0,0,0,0,0,backward
199,77,48,0,0,0,0,0,0,0,0,0,0,43,45,0,0,0,0,0,0,0,0,0,0,0,0,0,0,0,0,0,0,0,0,0,4,0,0,0,0,0,0,0,0,0,0,0,0,0,0,0,0,0,0,0,0,0,0,0,47,172,0,0,0,0,0,0,0,0,0,0,110,133,0,0,0,0,0,0,0,0,0,0,97,0,0,0,0,0,0,0,0,0,0,0,backward
0,0,0,0,0,0,0,0,0,0,0,0,210,7,0,0,0,0,0,0,0,0,0,0,120,41,0,0,0,0,0,0,0,0,0,0,0,0,0,0,0,0,0,0,0,0,0,0,88,115,0,0,0,0,0,0,0,0,0,0,0,348,30,0,0,0,0,0,0,0,0,0,0,0,0,0,0,0,0,0,0,0,0,0,0,0,0,0,0,0,0,0,0,0,0,0,backward
0,0,0,0,0,0,0,0,0,0,0,0,174,0,0,0,0,0,0,0,0,0,0,0,175,27,0,0,0,0,0,0,0,0,0,0,0,0,0,0,0,0,0,0,0,0,0,0,165,109,0,0,0,0,0,0,0,0,0,0,0,280,5,0,0,0,0,0,0,0,0,0,0,0,0,0,0,0,0,0,0,0,0,0,0,0,0,0,0,0,0,0,0,0,0,0,backward
0,0,0,0,0,0,0,0,0,0,0,0,503,0,0,0,0,0,0,0,0,0,0,0,435,0,0,0,0,0,0,0,0,0,0,0,0,0,0,0,0,0,0,0,0,0,0,0,132,24,0,0,0,0,0,0,0,0,0,0,90,263,0,0,0,0,0,0,0,0,0,0,0,0,0,0,0,0,0,0,0,0,0,0,0,0,0,0,0,0,0,0,0,0,0,0,backward
0,0,0,0,0,0,0,0,0,0,0,0,559,0,0,0,0,0,0,0,0,0,0,0,425,0,0,0,0,0,0,0,0,0,0,0,0,0,0,0,0,0,0,0,0,0,0,0,107,3,0,0,0,0,0,0,0,0,0,0,105,274,0,0,0,0,0,0,0,0,0,0,0,0,0,0,0,0,0,0,0,0,0,0,0,0,0,0,0,0,0,0,0,0,0,0,backward
0,0,0,0,0,0,0,0,0,0,0,0,582,0,0,0,0,0,0,0,0,0,0,0,361,0,0,0,0,0,0,0,0,0,0,0,0,0,0,0,0,0,0,0,0,0,0,0,41,0,0,0,0,0,0,0,0,0,0,0,129,279,0,0,0,0,0,0,0,0,0,0,3,0,0,0,0,0,0,0,0,0,0,0,0,0,0,0,0,0,0,0,0,0,0,0,backward
10,0,0,0,0,0,0,0,0,0,0,0,545,0,0,0,0,0,0,0,0,0,0,0,184,0,0,0,0,0,0,0,0,0,0,0,0,0,0,0,0,0,0,0,0,0,0,0,0,0,0,0,0,0,0,0,0,0,0,0,154,220,0,0,0,0,0,0,0,0,0,0,108,0,0,0,0,0,0,0,0,0,0,0,0,0,0,0,0,0,0,0,0,0,0,0,backward
131,0,0,0,0,0,0,0,0,0,0,0,353,3,0,0,0,0,0,0,0,0,0,0,49,0,0,0,0,0,0,0,0,0,0,0,0,0,0,0,0,0,0,0,0,0,0,0,0,0,0,0,0,0,0,0,0,0,0,0,144,239,0,0,0,0,0,0,0,0,0,0,189,0,0,0,0,0,0,0,0,0,0,0,0,0,0,0,0,0,0,0,0,0,0,0,backward
290,25,0,0,0,0,0,0,0,0,0,0,210,14,0,0,0,0,0,0,0,0,0,0,0,0,0,0,0,0,0,0,0,0,0,0,0,0,0,0,0,0,0,0,0,0,0,0,0,0,0,0,0,0,0,0,0,0,0,0,104,228,0,0,0,0,0,0,0,0,0,0,298,19,0,0,0,0,0,0,0,0,0,0,0,0,0,0,0,0,0,0,0,0,0,0,backward
275,80,0,0,0,0,0,0,0,0,0,0,123,21,0,0,0,0,0,0,0,0,0,0,0,0,0,0,0,0,0,0,0,0,0,0,0,0,0,0,0,0,0,0,0,0,0,0,0,0,0,0,0,0,0,0,0,0,0,0,23,209,0,0,0,0,0,0,0,0,0,0,276,46,0,0,0,0,0,0,0,0,0,0,26,0,0,0,0,0,0,0,0,0,0,0,backward
9,33,0,0,0,0,0,0,0,0,0,0,48,41,20,0,0,0,0,0,0,0,0,0,0,11,0,0,0,0,0,0,0,0,0,0,0,0,0,0,0,0,0,0,0,0,0,0,0,0,0,0,0,0,0,0,0,0,0,0,0,311,0,0,0,0,0,0,0,0,0,0,118,58,12,0,0,0,0,0,0,0,0,0,0,0,0,0,0,0,0,0,0,0,0,0,backward
0,39,0,0,0,0,0,0,0,0,0,0,27,32,36,0,0,0,0,0,0,0,0,0,0,12,16,0,0,0,0,0,0,0,0,0,0,0,0,0,0,0,0,0,0,0,0,0,0,0,0,0,0,0,0,0,0,0,0,0,0,249,47,0,0,0,0,0,0,0,0,0,24,55,55,0,0,0,0,0,0,0,0,0,0,21,0,0,0,0,0,0,0,0,0,0,backward
126,115,32,0,0,0,0,0,0,0,0,0,21,31,10,0,0,0,0,0,0,0,0,0,0,0,0,0,0,0,0,0,0,0,0,0,0,0,0,0,0,0,0,0,0,0,0,0,0,0,0,0,0,0,0,0,0,0,0,0,0,202,56,0,0,0,0,0,0,0,0,0,0,59,80,0,0,0,0,0,0,0,0,0,0,29,20,0,0,0,0,0,0,0,0,0,backward
143,145,43,0,0,0,0,0,0,0,0,0,0,0,0,0,0,0,0,0,0,0,0,0,0,0,0,0,0,0,0,0,0,0,0,0,0,0,0,0,0,0,0,0,0,0,0,0,0,0,0,0,0,0,0,0,0,0,0,0,0,140,0,0,0,0,0,0,0,0,0,0,9,56,57,0,0,0,0,0,0,0,0,0,7,42,8,0,0,0,0,0,0,0,0,0,backward
146,164,32,0,0,0,0,0,0,0,0,0,0,0,0,0,0,0,0,0,0,0,0,0,0,0,0,0,0,0,0,0,0,0,0,0,0,0,0,0,0,0,0,0,0,0,0,0,0,0,0,0,0,0,0,0,0,0,0,0,0,162,0,0,0,0,0,0,0,0,0,0,42,57,35,0,0,0,0,0,0,0,0,0,3,30,0,0,0,0,0,0,0,0,0,0,backward
136,109,35,0,0,0,0,0,0,0,0,0,0,16,0,0,0,0,0,0,0,0,0,0,0,0,0,0,0,0,0,0,0,0,0,0,0,0,0,0,0,0,0,0,0,0,0,0,0,0,0,0,0,0,0,0,0,0,0,0,0,178,30,0,0,0,0,0,0,0,0,0,0,0,36,0,0,0,0,0,0,0,0,0,0,0,0,0,0,0,0,0,0,0,0,0,backward
0,3,0,0,0,0,0,0,0,0,0,0,36,53,18,0,0,0,0,0,0,0,0,0,0,33,4,0,0,0,0,0,0,0,0,0,0,0,0,0,0,0,0,0,0,0,0,0,0,28,0,0,0,0,0,0,0,0,0,0,0,229,63,0,0,0,0,0,0,0,0,0,0,0,0,0,0,0,0,0,0,0,0,0,0,0,0,0,0,0,0,0,0,0,0,0,backward
0,0,0,0,0,0,0,0,0,0,0,0,82,55,0,0,0,0,0,0,0,0,0,0,14,35,0,0,0,0,0,0,0,0,0,0,0,0,0,0,0,0,0,0,0,0,0,0,0,32,0,0,0,0,0,0,0,0,0,0,12,246,31,0,0,0,0,0,0,0,0,0,0,0,0,0,0,0,0,0,0,0,0,0,0,0,0,0,0,0,0,0,0,0,0,0,backward
65,0,0,0,0,0,0,0,0,0,0,0,402,14,0,0,0,0,0,0,0,0,0,0,96,0,0,0,0,0,0,0,0,0,0,0,0,0,0,0,0,0,0,0,0,0,0,0,0,0,0,0,0,0,0,0,0,0,0,0,0,166,0,0,0,0,0,0,0,0,0,0,0,0,0,0,0,0,0,0,0,0,0,0,0,0,0,0,0,0,0,0,0,0,0,0,backward
0,0,0,0,0,0,0,0,0,0,0,0,51,41,0,0,0,0,0,0,0,0,0,0,10,24,0,0,0,0,0,0,0,0,0,0,0,0,0,0,0,0,0,0,0,0,0,0,0,117,10,0,0,0,0,0,0,0,0,0,0,161,43,0,0,0,0,0,0,0,0,0,0,0,0,0,0,0,0,0,0,0,0,0,0,0,0,0,0,0,0,0,0,0,0,0,backward
0,0,0,0,0,0,0,0,0,0,0,0,0,29,34,0,0,0,0,0,0,0,0,0,0,15,34,0,0,0,0,0,0,0,0,0,0,0,0,0,0,0,0,0,0,0,0,0,0,99,35,0,0,0,0,0,0,0,0,0,0,31,0,0,0,0,0,0,0,0,0,0,0,0,0,0,0,0,0,0,0,0,0,0,0,0,0,0,0,0,0,0,0,0,0,0,backward
0,0,0,0,0,0,0,0,0,0,0,0,0,0,0,0,0,0,0,0,0,0,0,0,40,25,0,0,0,0,0,0,0,0,0,0,161,48,27,0,0,0,0,0,0,0,0,0,21,38,20,0,0,0,0,0,0,0,0,0,0,0,0,0,0,0,0,0,0,0,0,0,0,0,0,0,0,0,0,0,0,0,0,0,0,0,0,0,0,0,0,0,0,0,0,0,backward
0,0,0,0,0,0,0,0,0,0,0,0,0,0,0,0,0,0,0,0,0,0,0,0,150,32,0,0,0,0,0,0,0,0,0,0,287,40,0,0,0,0,0,0,0,0,0,0,76,25,0,0,0,0,0,0,0,0,0,0,0,0,0,0,0,0,0,0,0,0,0,0,0,0,0,0,0,0,0,0,0,0,0,0,0,0,0,0,0,0,0,0,0,0,0,0,backward
0,0,0,0,0,0,0,0,0,0,0,0,0,0,0,0,0,0,0,0,0,0,0,0,86,33,0,0,0,0,0,0,0,0,0,0,196,53,0,0,0,0,0,0,0,0,0,0,43,29,10,0,0,0,0,0,0,0,0,0,0,0,0,0,0,0,0,0,0,0,0,0,0,0,0,0,0,0,0,0,0,0,0,0,0,0,0,0,0,0,0,0,0,0,0,0,backward
0,0,0,0,0,0,0,0,0,0,0,0,0,0,0,0,0,0,0,0,0,0,0,0,43,36,19,0,0,0,0,0,0,0,0,0,128,50,28,0,0,0,0,0,0,0,0,0,0,17,23,0,0,0,0,0,0,0,0,0,0,0,0,0,0,0,0,0,0,0,0,0,0,0,0,0,0,0,0,0,0,0,0,0,0,0,0,0,0,0,0,0,0,0,0,0,backward
0,0,0,0,0,0,0,0,0,0,0,0,0,33,7,0,0,0,0,0,0,0,0,0,16,27,31,0,0,0,0,0,0,0,0,0,0,11,0,0,0,0,0,0,0,0,0,0,0,7,29,0,0,0,0,0,0,0,0,0,0,0,0,0,0,0,0,0,0,0,0,0,0,0,0,0,0,0,0,0,0,0,0,0,0,0,0,0,0,0,0,0,0,0,0,0,backward
0,0,0,0,0,0,0,0,0,0,0,0,0,58,19,0,0,0,0,0,0,0,0,0,9,28,18,0,0,0,0,0,0,0,0,0,0,0,0,0,0,0,0,0,0,0,0,0,6,33,38,0,0,0,0,0,0,0,0,0,0,0,0,0,0,0,0,0,0,0,0,0,0,0,0,0,0,0,0,0,0,0,0,0,0,0,0,0,0,0,0,0,0,0,0,0,backward
0,0,0,0,0,0,0,0,0,0,0,0,0,55,4,0,0,0,0,0,0,0,0,0,43,30,11,0,0,0,0,0,0,0,0,0,0,0,0,0,0,0,0,0,0,0,0,0,20,35,42,0,0,0,0,0,0,0,0,0,0,0,0,0,0,0,0,0,0,0,0,0,0,0,0,0,0,0,0,0,0,0,0,0,0,0,0,0,0,0,0,0,0,0,0,0,backward
0,0,0,0,0,0,0,0,0,0,0,0,10,21,0,0,0,0,0,0,0,0,0,0,141,40,0,0,0,0,0,0,0,0,0,0,69,0,0,0,0,0,0,0,0,0,0,0,62,45,21,0,0,0,0,0,0,0,0,0,0,0,0,0,0,0,0,0,0,0,0,0,0,0,0,0,0,0,0,0,0,0,0,0,0,0,0,0,0,0,0,0,0,0,0,0,backward
0,0,0,0,0,0,0,0,0,0,0,0,9,0,0,0,0,0,0,0,0,0,0,0,194,34,0,0,0,0,0,0,0,0,0,0,128,5,0,0,0,0,0,0,0,0,0,0,82,50,16,0,0,0,0,0,0,0,0,0,0,0,0,0,0,0,0,0,0,0,0,0,0,0,0,0,0,0,0,0,0,0,0,0,0,0,0,0,0,0,0,0,0,0,0,0,backward
0,0,0,0,0,0,0,0,0,0,0,0,0,50,0,0,0,0,0,0,0,0,0,0,65,32,0,0,0,0,0,0,0,0,0,0,8,4,0,0,0,0,0,0,0,0,0,0,37,43,31,0,0,0,0,0,0,0,0,0,0,0,0,0,0,0,0,0,0,0,0,0,0,0,0,0,0,0,0,0,0,0,0,0,0,0,0,0,0,0,0,0,0,0,0,0,backward
0,0,0,0,0,0,0,0,0,0,0,0,0,63,22,0,0,0,0,0,0,0,0,0,0,21,15,0,0,0,0,0,0,0,0,0,0,0,0,0,0,0,0,0,0,0,0,0,39,49,38,0,0,0,0,0,0,0,0,0,0,0,0,0,0,0,0,0,0,0,0,0,0,0,0,0,0,0,0,0,0,0,0,0,0,0,0,0,0,0,0,0,0,0,0,0,backward
0,0,0,0,0,0,0,0,0,0,0,0,0,63,21,0,0,0,0,0,0,0,0,0,5,20,17,0,0,0,0,0,0,0,0,0,0,0,0,0,0,0,0,0,0,0,0,0,45,51,42,0,0,0,0,0,0,0,0,0,0,0,0,0,0,0,0,0,0,0,0,0,0,0,0,0,0,0,0,0,0,0,0,0,0,0,0,0,0,0,0,0,0,0,0,0,backward
0,0,0,0,0,0,0,0,0,0,0,0,0,59,16,0,0,0,0,0,0,0,0,0,23,25,23,0,0,0,0,0,0,0,0,0,0,0,0,0,0,0,0,0,0,0,0,0,26,48,48,0,0,0,0,0,0,0,0,0,0,11,0,0,0,0,0,0,0,0,0,0,0,0,0,0,0,0,0,0,0,0,0,0,0,0,0,0,0,0,0,0,0,0,0,0,backward
0,0,0,0,0,0,0,0,0,0,0,0,0,58,25,0,0,0,0,0,0,0,0,0,10,24,27,0,0,0,0,0,0,0,0,0,0,0,0,0,0,0,0,0,0,0,0,0,30,47,46,0,0,0,0,0,0,0,0,0,0,16,0,0,0,0,0,0,0,0,0,0,0,0,0,0,0,0,0,0,0,0,0,0,0,0,0,0,0,0,0,0,0,0,0,0,backward
0,0,0,0,0,0,0,0,0,0,0,0,0,64,28,0,0,0,0,0,0,0,0,0,0,23,31,0,0,0,0,0,0,0,0,0,0,0,0,0,0,0,0,0,0,0,0,0,17,49,49,0,0,0,0,0,0,0,0,0,0,14,5,0,0,0,0,0,0,0,0,0,0,0,0,0,0,0,0,0,0,0,0,0,0,0,0,0,0,0,0,0,0,0,0,0,backward
0,0,0,0,0,0,0,0,0,0,0,0,9,71,25,0,0,0,0,0,0,0,0,0,5,22,20,0,0,0,0,0,0,0,0,0,0,0,0,0,0,0,0,0,0,0,0,0,5,43,46,0,0,0,0,0,0,0,0,0,0,101,68,0,0,0,0,0,0,0,0,0,0,0,0,0,0,0,0,0,0,0,0,0,0,0,0,0,0,0,0,0,0,0,0,0,backward
0,0,0,0,0,0,0,0,0,0,0,0,0,45,3,0,0,0,0,0,0,0,0,0,44,34,32,0,0,0,0,0,0,0,0,0,5,0,0,0,0,0,0,0,0,0,0,0,0,41,47,0,0,0,0,0,0,0,0,0,0,115,76,0,0,0,0,0,0,0,0,0,0,0,5,0,0,0,0,0,0,0,0,0,0,0,0,0,0,0,0,0,0,0,0,0,backward
0,0,0,0,0,0,0,0,0,0,0,0,0,33,0,0,0,0,0,0,0,0,0,0,62,34,25,0,0,0,0,0,0,0,0,0,21,0,0,0,0,0,0,0,0,0,0,0,0,42,51,0,0,0,0,0,0,0,0,0,0,115,73,0,0,0,0,0,0,0,0,0,0,0,5,0,0,0,0,0,0,0,0,0,0,0,0,0,0,0,0,0,0,0,0,0,backward
0,0,0,0,0,0,0,0,0,0,0,0,0,16,0,0,0,0,0,0,0,0,0,0,88,33,15,0,0,0,0,0,0,0,0,0,46,6,0,0,0,0,0,0,0,0,0,0,16,41,46,0,0,0,0,0,0,0,0,0,0,112,67,0,0,0,0,0,0,0,0,0,0,0,0,0,0,0,0,0,0,0,0,0,0,0,0,0,0,0,0,0,0,0,0,0,backward
0,0,0,0,0,0,0,0,0,0,0,0,0,3,0,0,0,0,0,0,0,0,0,0,56,26,8,0,0,0,0,0,0,0,0,0,71,8,0,0,0,0,0,0,0,0,0,0,41,45,49,0,0,0,0,0,0,0,0,0,0,109,63,0,0,0,0,0,0,0,0,0,0,0,0,0,0,0,0,0,0,0,0,0,0,0,0,0,0,0,0,0,0,0,0,0,backward
0,0,0,0,0,0,0,0,0,0,0,0,0,5,0,0,0,0,0,0,0,0,0,0,15,18,31,0,0,0,0,0,0,0,0,0,7,0,0,0,0,0,0,0,0,0,0,0,46,62,71,0,0,0,0,0,0,0,0,0,0,132,91,0,0,0,0,0,0,0,0,0,0,0,9,0,0,0,0,0,0,0,0,0,0,0,0,0,0,0,0,0,0,0,0,0,backward
9,29,0,0,0,0,0,0,0,0,0,0,19,80,35,0,0,0,0,0,0,0,0,0,0,10,28,0,0,0,0,0,0,0,0,0,0,0,0,0,0,0,0,0,0,0,0,0,28,67,32,0,0,0,0,0,0,0,0,0,0,99,79,0,0,0,0,0,0,0,0,0,0,0,8,0,0,0,0,0,0,0,0,0,0,0,0,0,0,0,0,0,0,0,0,0,backward
16,25,0,0,0,0,0,0,0,0,0,0,27,77,33,0,0,0,0,0,0,0,0,0,0,11,25,0,0,0,0,0,0,0,0,0,0,0,0,0,0,0,0,0,0,0,0,0,53,66,30,0,0,0,0,0,0,0,0,0,0,112,66,0,0,0,0,0,0,0,0,0,0,0,0,0,0,0,0,0,0,0,0,0,0,0,0,0,0,0,0,0,0,0,0,0,backward
0,27,0,0,0,0,0,0,0,0,0,0,3,73,41,0,0,0,0,0,0,0,0,0,0,14,34,0,0,0,0,0,0,0,0,0,0,0,0,0,0,0,0,0,0,0,0,0,36,67,43,0,0,0,0,0,0,0,0,0,0,114,80,0,0,0,0,0,0,0,0,0,0,0,14,0,0,0,0,0,0,0,0,0,0,0,0,0,0,0,0,0,0,0,0,0,backward
0,10,11,0,0,0,0,0,0,0,0,0,0,58,36,0,0,0,0,0,32,0,0,0,0,11,24,0,0,0,0,0,0,0,0,0,0,0,0,0,0,0,0,0,0,0,0,0,0,51,33,0,0,0,0,0,0,0,0,0,0,109,79,0,0,0,0,5,0,0,0,0,0,0,27,0,0,0,0,0,0,0,0,0,0,0,0,0,0,0,0,0,0,0,0,0,backward
0,24,0,0,0,0,0,0,0,0,0,0,13,70,42,0,0,0,0,0,0,0,0,0,0,15,30,0,0,0,0,0,0,0,0,0,0,0,0,0,0,0,0,0,0,0,0,0,61,78,36,0,0,0,0,0,0,0,0,0,0,128,79,0,0,0,0,0,0,0,0,0,0,0,14,0,0,0,0,0,0,0,0,0,0,0,0,0,0,0,0,0,0,0,0,0,backward
51,23,0,0,0,0,0,0,0,0,0,0,64,70,0,0,0,0,0,0,0,0,0,0,0,4,0,0,0,0,0,0,0,0,0,0,0,0,0,0,0,0,0,0,0,0,0,0,113,89,17,0,0,0,0,0,0,0,0,0,0,119,32,0,0,0,0,0,0,0,0,0,0,0,0,0,0,0,0,0,0,0,0,0,0,0,0,0,0,0,0,0,0,0,0,0,backward
203,0,0,0,0,0,0,0,0,0,0,0,171,61,0,0,0,0,0,0,0,0,0,0,5,0,0,0,0,0,0,0,0,0,0,0,0,0,0,0,0,0,0,0,0,0,0,0,150,46,0,0,0,0,0,0,0,0,0,0,0,77,0,0,0,0,0,0,0,0,0,0,0,0,0,0,0,0,0,0,0,0,0,0,0,0,0,0,0,0,0,0,0,0,0,0,backward
188,0,0,0,0,0,0,0,0,0,0,0,152,59,0,0,0,0,0,0,0,0,0,0,0,0,0,0,0,0,0,0,0,0,0,0,0,0,0,0,0,0,0,0,0,0,0,0,168,36,0,0,0,0,0,0,0,0,0,0,0,71,0,0,0,0,0,0,0,0,0,0,0,0,0,0,0,0,0,0,0,0,0,0,0,0,0,0,0,0,0,0,0,0,0,0,backward
0,27,0,0,0,0,0,0,0,0,0,0,0,62,27,0,0,0,0,0,0,0,0,0,0,4,20,0,0,0,0,0,0,0,0,0,0,0,0,0,0,0,0,0,0,0,0,0,118,66,32,0,0,0,0,0,0,0,0,0,0,50,0,0,0,0,0,0,0,0,0,0,0,0,0,0,0,0,0,0,0,0,0,0,0,0,0,0,0,0,0,0,0,0,0,0,backward
0,0,0,0,0,0,0,0,0,0,0,0,12,63,24,0,0,0,0,0,0,0,0,0,0,12,26,0,0,0,0,0,0,0,0,0,0,0,0,0,0,0,0,0,0,0,0,0,70,60,40,0,0,0,0,0,0,0,0,0,0,23,0,0,0,0,0,0,0,0,0,0,0,0,0,0,0,0,0,0,0,0,0,0,0,0,0,0,0,0,0,0,0,0,0,0,backward
0,0,0,0,0,0,0,0,0,0,0,0,31,27,0,0,0,0,0,0,0,0,0,0,0,11,0,0,0,0,0,0,0,0,0,0,0,0,0,0,0,0,0,0,0,0,0,0,0,34,19,0,0,0,0,0,0,0,0,0,0,49,11,0,0,0,0,0,0,0,0,0,0,0,0,0,0,0,0,0,0,0,0,0,0,0,0,0,0,0,0,0,0,0,0,0,backward
0,0,0,0,0,0,0,0,0,0,0,0,44,40,0,0,0,0,0,0,0,0,0,0,10,26,0,0,0,0,0,0,0,0,0,0,0,0,0,0,0,0,0,0,0,0,0,0,0,49,11,0,0,0,0,0,0,0,0,0,0,24,0,0,0,0,0,0,0,0,0,0,0,0,0,0,0,0,0,0,0,0,0,0,0,0,0,0,0,0,0,0,0,0,0,0,backward
0,0,0,0,0,0,0,0,0,0,0,0,48,39,0,0,0,0,0,0,0,0,0,0,10,24,0,0,0,0,0,0,0,0,0,0,0,0,0,0,0,0,0,0,0,0,0,0,0,42,0,0,0,0,0,0,0,0,0,0,0,37,0,0,0,0,0,0,0,0,0,0,0,0,0,0,0,0,0,0,0,0,0,0,0,0,0,0,0,0,0,0,0,0,0,0,backward
0,0,0,0,0,0,0,0,0,0,0,0,32,34,0,0,0,0,0,0,0,0,0,0,0,17,0,0,0,0,0,0,0,0,0,0,0,0,0,0,0,0,0,0,0,0,0,0,0,48,0,0,0,0,0,0,0,0,0,0,0,32,0,0,0,0,0,0,0,0,0,0,0,0,0,0,0,0,0,0,0,0,0,0,0,0,0,0,0,0,0,0,0,0,0,0,backward
0,0,0,0,0,0,0,0,0,0,0,0,24,31,16,0,0,0,0,0,0,0,0,0,0,21,9,0,0,0,0,0,0,0,0,0,0,0,0,0,0,0,0,0,0,0,0,0,0,50,8,0,0,0,0,0,0,0,0,0,0,31,0,0,0,0,0,0,0,0,0,0,0,0,0,0,0,0,0,0,0,0,0,0,0,0,0,0,0,0,0,0,0,0,0,0,backward
0,0,0,0,0,0,0,0,0,0,0,0,19,48,0,0,0,0,0,0,0,0,0,0,11,26,101,0,0,0,0,0,0,0,0,0,0,0,0,0,0,0,0,0,0,0,0,0,39,90,93,0,0,0,0,0,0,0,0,0,0,0,12,0,0,0,0,0,0,0,0,0,0,0,0,0,0,0,0,0,0,0,0,0,0,0,0,0,0,0,0,0,0,0,0,0,backward
0,0,0,0,0,0,0,0,0,0,0,0,31,48,0,0,0,0,0,0,0,0,0,0,18,29,84,0,0,0,0,0,0,0,0,0,0,0,0,0,0,0,0,0,0,0,0,0,37,75,97,0,0,0,0,0,0,0,0,0,0,0,19,0,0,0,0,0,0,0,0,0,0,0,0,0,0,0,0,0,0,0,0,0,0,0,0,0,0,0,0,0,0,0,0,0,backward
4,0,0,0,0,0,0,0,0,0,0,0,118,38,0,0,0,0,0,0,0,0,0,0,79,19,0,0,0,0,0,0,0,0,0,0,0,0,0,0,0,0,0,0,0,0,0,0,106,89,54,0,0,0,0,0,0,0,0,0,0,0,0,0,0,0,0,0,0,0,0,0,0,0,0,0,0,0,0,0,0,0,0,0,0,0,0,0,0,0,0,0,0,0,0,0,backward
58,0,0,0,0,0,0,0,0,0,0,0,202,22,0,0,0,0,0,0,0,0,0,0,99,0,0,0,0,0,0,0,0,0,0,0,0,0,0,0,0,0,0,0,0,0,0,0,238,126,30,0,0,0,0,0,0,0,0,0,0,0,0,0,0,0,0,0,0,0,0,0,0,0,0,0,0,0,0,0,0,0,0,0,0,0,0,0,0,0,0,0,0,0,0,0,backward
29,0,0,0,0,0,0,0,0,0,0,0,93,55,0,0,0,0,0,0,0,0,0,0,50,17,0,0,0,0,0,0,0,0,0,0,0,0,0,0,0,0,0,0,0,0,0,0,150,123,48,0,0,0,0,0,0,0,0,0,0,0,0,0,0,0,0,0,0,0,0,0,0,0,0,0,0,0,0,0,0,0,0,0,0,0,0,0,0,0,0,0,0,0,0,0,backward
0,0,0,0,0,0,0,0,0,0,0,0,50,64,0,0,0,0,0,0,0,0,0,0,31,26,63,0,0,0,0,0,0,0,0,0,0,0,0,0,0,0,0,0,0,0,0,0,17,94,70,0,0,0,0,0,0,0,0,0,0,3,6,0,0,0,0,0,0,0,0,0,0,0,0,0,0,0,0,0,0,0,0,0,0,0,0,0,0,0,0,0,0,0,0,0,backward
0,6,0,0,0,0,0,0,0,0,0,0,42,68,0,0,0,0,0,0,0,0,0,0,14,25,70,0,0,0,0,0,0,0,0,0,0,0,0,0,0,0,0,0,0,0,0,0,36,105,80,0,0,0,0,0,0,0,0,0,0,0,16,0,0,0,0,0,0,0,0,0,0,0,0,0,0,0,0,0,0,0,0,0,0,0,0,0,0,0,0,0,0,0,0,0,backward
0,15,0,0,0,0,0,0,0,0,0,0,32,65,0,0,0,0,0,0,0,0,0,0,0,22,72,0,0,0,0,0,0,0,0,0,0,0,0,0,0,0,0,0,0,0,0,0,22,90,78,0,0,0,0,0,0,0,0,0,0,8,29,0,0,0,0,0,0,0,0,0,0,0,0,0,0,0,0,0,0,0,0,0,0,0,0,0,0,0,0,0,0,0,0,0,backward
0,11,0,0,0,0,0,0,0,0,0,0,15,61,17,0,0,0,0,0,0,0,0,0,0,20,102,0,0,0,0,0,0,0,0,0,0,0,0,0,0,0,0,0,0,0,0,0,7,92,92,0,0,0,0,0,0,0,0,0,0,9,56,0,0,0,0,0,0,0,0,0,0,0,0,0,0,0,0,0,0,0,0,0,0,0,0,0,0,0,0,0,0,0,0,0,backward
0,34,0,0,0,0,0,0,0,0,0,0,22,50,18,0,0,0,0,0,0,0,0,0,0,16,71,0,0,0,0,0,0,0,0,0,0,0,0,0,0,0,0,0,0,0,0,0,9,85,91,0,0,0,0,0,0,0,0,0,0,20,73,0,0,0,0,0,0,0,0,0,0,0,0,0,0,0,0,0,0,0,0,0,0,0,0,0,0,0,0,0,0,0,0,0,backward
0,16,0,0,0,0,0,0,0,0,0,0,44,32,0,0,0,0,0,0,0,0,0,0,0,10,38,0,0,0,0,0,0,0,0,0,0,0,0,0,0,0,0,0,0,0,0,0,27,89,82,0,0,0,0,0,0,0,0,0,0,18,66,0,0,0,0,0,0,0,0,0,0,0,0,0,0,0,0,0,0,0,0,0,0,0,0,0,0,0,0,0,0,0,0,0,backward
0,22,0,0,0,0,0,0,0,0,0,0,21,34,9,0,0,0,0,0,0,0,0,0,0,16,76,0,0,0,0,0,0,0,0,0,0,0,0,0,0,0,0,0,0,0,0,0,0,92,95,0,0,0,0,0,0,0,0,0,0,25,73,0,0,0,0,0,0,0,0,0,0,0,0,0,0,0,0,0,0,0,0,0,0,0,0,0,0,0,0,0,0,0,0,0,backward
0,33,0,0,0,0,0,0,0,0,0,0,10,31,17,0,0,0,0,0,0,0,0,0,0,17,98,0,0,0,0,0,0,0,0,0,0,0,0,0,0,0,0,0,0,0,0,0,0,81,96,0,0,0,0,0,0,0,0,0,0,24,79,0,0,0,0,0,0,0,0,0,0,0,0,0,0,0,0,0,0,0,0,0,0,0,0,0,0,0,0,0,0,0,0,0,backward
0,36,16,0,0,0,0,0,0,0,0,0,0,40,29,0,0,0,0,0,0,0,0,0,0,20,131,0,0,0,0,0,0,0,0,0,0,0,0,0,0,0,0,0,0,0,0,0,0,80,101,0,0,0,0,0,0,0,0,0,0,29,82,0,0,0,0,0,0,0,0,0,0,0,0,0,0,0,0,0,0,0,0,0,0,0,0,0,0,0,0,0,0,0,0,0,backward
0,35,17,0,0,0,0,0,0,0,0,0,0,42,29,0,0,0,0,0,0,0,0,0,0,21,134,0,0,0,0,0,0,0,0,0,0,0,0,0,0,0,0,0,0,0,0,0,0,74,103,0,0,0,0,0,0,0,0,0,0,22,77,0,0,0,0,0,0,0,0,0,0,0,7,0,0,0,0,0,0,0,0,0,0,0,0,0,0,0,0,0,0,0,0,0,backward
16,36,0,0,0,0,0,0,0,0,0,0,20,39,11,0,0,0,0,0,0,0,0,0,0,16,53,0,0,0,0,0,0,0,0,0,0,0,0,0,0,0,0,0,0,0,0,0,0,76,91,0,0,0,0,0,0,0,0,0,0,27,80,0,0,0,0,0,0,0,0,0,0,0,5,0,0,0,0,0,0,0,0,0,0,0,0,0,0,0,0,0,0,0,0,0,backward
0,37,19,0,0,0,0,0,0,0,0,0,6,34,18,0,0,0,0,0,0,0,0,0,0,18,129,0,0,0,0,0,0,0,0,0,0,0,0,0,0,0,0,0,0,0,0,0,0,73,106,0,0,0,0,0,0,0,0,0,0,25,76,0,0,0,0,0,0,0,0,0,0,0,8,0,0,0,0,0,0,0,0,0,0,0,0,0,0,0,0,0,0,0,0,0,backward
18,44,31,0,0,0,0,18,0,0,0,0,0,50,36,0,0,0,0,0,10,0,0,0,0,22,43,0,0,0,0,0,3,0,0,0,0,0,0,0,0,0,0,0,0,0,0,0,0,34,13,0,0,0,0,6,17,0,0,0,0,80,302,21,0,0,0,0,39,0,0,0,0,0,40,0,0,0,0,0,15,0,0,0,0,0,0,0,0,0,0,0,0,0,0,0,none
20,45,31,0,0,0,0,17,0,0,0,0,0,49,36,0,0,0,0,0,8,0,0,0,0,27,45,0,0,0,0,0,0,0,0,0,0,0,0,0,0,0,0,0,0,0,0,0,0,41,18,0,0,0,0,7,19,0,0,0,0,84,295,22,0,0,0,0,45,0,0,0,0,0,40,0,0,0,0,0,11,0,0,0,0,0,0,0,0,0,0,0,0,0,0,0,none
19,49,33,0,0,0,0,20,0,0,0,0,0,42,30,0,0,0,0,0,7,0,0,0,0,7,38,0,0,0,0,0,0,0,0,0,0,0,0,0,0,0,0,0,0,0,0,0,0,10,9,0,0,0,0,5,17,0,0,0,0,57,255,16,0,0,0,0,46,0,0,0,0,0,33,0,0,0,0,0,13,0,0,0,0,0,0,0,0,0,0,0,0,0,0,0,none
24,21,29,0,0,0,24,74,41,0,0,0,0,14,17,0,0,0,0,0,0,0,0,0,0,0,0,0,0,0,0,0,0,0,0,0,0,0,0,0,0,0,0,0,0,0,0,0,0,0,20,0,0,0,0,0,0,0,0,0,0,16,120,0,0,0,0,0,15,0,0,0,0,5,19,0,0,0,0,0,24,0,0,0,0,0,0,0,0,0,0,0,0,0,0,0,strafe_left
25,66,47,0,0,0,7,71,13,0,0,0,0,14,24,0,0,0,0,0,0,0,0,0,0,0,0,0,0,0,0,0,0,0,0,0,0,0,0,0,0,0,0,0,0,0,0,0,0,0,0,0,0,0,0,0,0,0,0,0,0,0,107,0,0,0,0,0,0,0,0,0,0,0,24,0,0,0,0,0,20,0,0,0,0,0,6,0,0,0,0,0,15,0,0,0,strafe_left
3,168,85,0,0,0,0,46,0,0,0,0,0,40,26,0,0,0,0,0,0,0,0,0,0,0,0,0,0,0,0,0,0,0,0,0,0,0,0,0,0,0,0,0,0,0,0,0,0,0,0,0,0,0,0,0,0,0,0,0,0,0,90,0,0,0,0,0,0,0,0,0,0,12,26,0,0,0,0,0,14,0,0,0,0,0,12,0,0,0,0,0,27,0,0,0,strafe_left
10,131,77,0,0,0,4,54,0,0,0,0,0,22,20,0,0,0,0,0,0,0,0,0,0,0,0,0,0,0,0,0,0,0,0,0,0,0,0,0,0,0,0,0,0,0,0,0,0,0,0,0,0,0,0,0,0,0,0,0,0,0,79,0,0,0,0,0,0,0,0,0,0,7,29,0,0,0,0,0,15,0,0,0,0,0,13,0,0,0,0,0,32,0,0,0,strafe_left
17,37,26,0,0,0,12,60,36,0,0,0,0,0,3,0,0,0,0,0,0,0,0,0,0,0,0,0,0,0,0,0,0,0,0,0,0,0,0,0,0,0,0,0,0,0,0,0,0,0,0,0,0,0,0,0,0,0,0,0,0,0,74,0,0,0,0,0,0,0,0,0,0,3,26,0,0,0,0,0,14,0,0,0,0,3,10,0,0,0,0,0,41,0,0,0,strafe_left
6,119,71,0,0,0,0,43,4,0,0,0,0,0,17,0,0,0,0,0,0,0,0,0,0,0,0,0,0,0,0,0,0,0,0,0,0,0,0,0,0,0,0,0,0,0,0,0,0,0,0,0,0,0,0,0,0,0,0,0,0,0,83,0,0,0,0,0,0,0,0,0,0,13,30,0,0,0,0,0,13,0,0,0,0,8,15,0,0,0,0,0,36,0,0,0,strafe_left
7,45,36,0,0,0,0,45,21,0,0,0,0,0,0,0,0,0,0,0,0,0,0,0,0,0,0,0,0,0,0,0,0,0,0,0,0,0,0,0,0,0,0,0,0,0,0,0,0,0,0,0,0,0,0,0,0,0,0,0,0,0,78,0,0,0,0,0,0,0,0,0,0,11,31,0,0,0,0,0,0,0,0,0,0,26,18,0,0,0,0,0,52,0,0,0,strafe_left
0,63,44,0,0,0,4,46,17,0,0,0,0,0,4,0,0,0,0,0,0,0,0,0,0,0,0,0,0,0,0,0,0,0,0,0,0,0,0,0,0,0,0,0,0,0,0,0,0,0,0,0,0,0,0,0,0,0,0,0,0,0,85,0,0,0,0,0,0,0,0,0,0,9,36,0,0,0,0,0,4,0,0,0,0,26,18,0,0,0,0,0,50,0,0,0,strafe_left
0,107,68,0,0,0,0,34,0,0,0,0,0,0,11,0,0,0,0,0,0,0,0,0,0,0,0,0,0,0,0,0,0,0,0,0,0,0,0,0,0,0,0,0,0,0,0,0,0,0,0,0,0,0,0,0,0,0,0,0,0,0,84,0,0,0,0,0,0,0,0,0,0,17,26,0,0,0,0,0,4,0,0,0,0,25,17,0,0,0,0,0,44,0,0,0,strafe_left
0,134,79,0,0,0,0,35,0,0,0,0,0,0,13,0,0,0,0,0,0,0,0,0,0,0,0,0,0,0,0,0,0,0,0,0,0,0,0,0,0,0,0,0,0,0,0,0,0,0,0,0,0,0,0,0,0,0,0,0,0,0,83,0,0,0,0,0,0,0,0,0,0,20,32,0,0,0,0,0,0,0,0,0,0,28,21,0,0,0,0,0,44,0,0,0,strafe_left
4,149,84,0,0,0,5,37,0,0,0,0,0,0,10,0,0,0,0,0,0,0,0,0,0,0,0,0,0,0,0,0,0,0,0,0,0,0,0,0,0,0,0,0,0,0,0,0,0,0,0,0,0,0,0,0,0,0,0,0,0,0,79,0,0,0,0,0,0,0,0,0,0,22,32,0,0,0,0,0,4,0,0,0,0,28,24,0,0,0,0,0,45,0,0,0,strafe_left
0,139,81,0,0,0,6,41,0,0,0,0,0,0,10,0,0,0,0,0,0,0,0,0,0,0,0,0,0,0,0,0,0,0,0,0,0,0,0,0,0,0,0,0,0,0,0,0,0,0,0,0,0,0,0,0,0,0,0,0,0,0,80,0,0,0,0,0,0,0,0,0,0,18,31,0,0,0,0,0,4,0,0,0,0,30,24,0,0,0,0,0,43,0,0,0,strafe_left
0,132,78,0,0,0,5,41,0,0,0,0,0,0,7,0,0,0,0,0,0,0,0,0,0,0,0,0,0,0,0,0,0,0,0,0,0,0,0,0,0,0,0,0,0,0,0,0,0,0,0,0,0,0,0,0,0,0,0,0,0,0,78,0,0,0,0,0,0,0,0,0,0,18,32,0,0,0,0,0,6,0,0,0,0,25,21,0,0,0,0,0,41,0,0,0,strafe_left
0,154,88,0,0,0,5,34,0,0,0,0,0,0,9,0,0,0,0,0,0,0,0,0,0,0,0,0,0,0,0,0,0,0,0,0,0,0,0,0,0,0,0,0,0,0,0,0,0,0,0,0,0,0,0,0,0,0,0,0,0,0,73,0,0,0,0,0,0,0,0,0,0,13,31,0,0,0,0,0,5,0,0,0,0,27,20,0,0,0,0,0,42,0,0,0,strafe_left
0,162,89,0,0,0,4,33,0,0,0,0,0,0,9,0,0,0,0,0,0,0,0,0,0,0,0,0,0,0,0,0,0,0,0,0,0,0,0,0,0,0,0,0,0,0,0,0,0,0,0,0,0,0,0,0,0,0,0,0,0,0,74,0,0,0,0,0,0,0,0,0,0,18,30,0,0,0,0,0,4,0,0,0,0,25,18,0,0,0,0,0,39,0,0,0,strafe_left
0,164,91,0,0,0,3,31,0,0,0,0,0,0,9,0,0,0,0,0,0,0,0,0,0,0,0,0,0,0,0,0,0,0,0,0,0,0,0,0,0,0,0,0,0,0,0,0,0,0,0,0,0,0,0,0,0,0,0,0,0,0,74,0,0,0,0,0,0,0,0,0,0,17,24,0,0,0,0,0,4,0,0,0,0,25,19,0,0,0,0,0,39,0,0,0,strafe_left
0,208,107,0,0,0,0,19,0,0,0,0,0,5,8,0,0,0,0,0,0,0,0,0,0,0,0,0,0,0,0,0,0,0,0,0,0,0,0,0,0,0,0,0,0,0,0,0,0,0,0,0,0,0,0,0,0,0,0,0,0,0,73,0,0,0,0,0,0,0,0,0,0,16,30,0,0,0,0,0,6,0,0,0,0,26,19,0,0,0,0,0,39,0,0,0,strafe_left
0,212,112,3,0,0,0,20,0,0,0,0,0,6,9,0,0,0,0,0,0,0,0,0,0,0,0,0,0,0,0,0,0,0,0,0,0,0,0,0,0,0,0,0,0,0,0,0,0,0,0,0,0,0,0,0,0,0,0,0,0,0,76,0,0,0,0,0,0,0,0,0,0,18,30,0,0,0,0,0,4,0,0,0,0,24,17,0,0,0,0,0,41,0,0,0,strafe_left
0,158,91,0,0,0,5,30,0,0,0,0,0,0,7,0,0,0,0,0,0,0,0,0,0,0,0,0,0,0,0,0,0,0,0,0,0,0,0,0,0,0,0,0,0,0,0,0,0,0,0,0,0,0,0,0,0,0,0,0,0,0,68,0,0,0,0,0,0,0,0,0,0,15,29,0,0,0,0,0,4,0,0,0,0,29,20,0,0,0,0,0,45,0,0,0,strafe_left
0,135,79,0,0,0,7,33,0,0,0,0,0,0,6,0,0,0,0,0,0,0,0,0,0,0,0,0,0,0,0,0,0,0,0,0,0,0,0,0,0,0,0,0,0,0,0,0,0,0,0,0,0,0,0,0,0,0,0,0,0,0,71,0,0,0,0,0,0,0,0,0,0,15,30,0,0,0,0,0,0,0,0,0,0,25,17,0,0,0,0,0,43,0,0,0,strafe_left
9,94,62,0,0,0,8,36,6,0,0,0,0,0,0,0,0,0,0,0,0,0,0,0,0,0,0,0,0,0,0,0,0,0,0,0,0,0,0,0,0,0,0,0,0,0,0,0,0,0,0,0,0,0,0,0,0,0,0,0,0,0,78,0,0,0,0,0,0,0,0,0,0,7,29,0,0,0,0,0,0,0,0,0,0,22,17,0,0,0,0,0,48,0,0,0,strafe_left
6,57,41,0,0,0,7,36,9,0,0,0,0,0,0,0,0,0,0,0,0,0,0,0,0,0,0,0,0,0,0,0,0,0,0,0,0,0,0,0,0,0,0,0,0,0,0,0,0,0,0,0,0,0,0,0,0,0,0,0,0,0,67,0,0,0,0,0,0,0,0,0,0,0,21,0,0,0,0,0,8,0,0,0,0,0,5,0,0,0,0,0,52,0,0,0,strafe_left
4,56,41,0,0,0,5,32,12,0,0,0,0,0,0,0,0,0,0,0,0,0,0,0,0,0,0,0,0,0,0,0,0,0,0,0,0,0,0,0,0,0,0,0,0,0,0,0,0,0,0,0,0,0,0,0,0,0,0,0,0,0,67,0,0,0,0,0,0,0,0,0,0,0,21,0,0,0,0,0,7,0,0,0,0,0,8,0,0,0,0,0,58,0,0,0,strafe_left
10,13,21,0,0,0,8,47,15,0,0,0,0,0,0,0,0,0,0,0,0,0,0,0,0,0,0,0,0,0,0,0,0,0,0,0,0,0,0,0,0,0,0,0,0,0,0,0,0,0,0,0,0,0,0,0,0,0,0,0,0,0,54,0,0,0,0,0,0,0,0,0,0,0,19,0,0,0,0,0,6,0,4,0,0,0,6,0,0,0,0,0,56,0,0,0,strafe_left
7,0,9,0,0,0,11,52,22,0,0,0,0,0,0,0,0,0,0,0,0,0,0,0,0,0,0,0,0,0,0,0,0,0,0,0,0,0,0,0,0,0,0,0,0,0,0,0,0,0,0,0,0,0,0,0,0,0,0,0,0,0,51,0,0,0,0,0,0,0,0,0,0,0,18,0,0,0,0,0,6,0,3,0,0,0,5,0,0,0,0,0,58,0,0,0,strafe_left
0,0,6,0,0,0,15,58,26,0,0,0,0,0,0,0,0,0,0,0,0,0,0,0,0,0,0,0,0,0,0,0,0,0,0,0,0,0,0,0,0,0,0,0,0,0,0,0,0,0,0,0,0,0,0,0,0,0,0,0,0,0,59,0,0,0,0,0,0,0,0,0,0,0,19,0,0,0,0,0,5,0,0,0,0,0,0,0,0,0,0,0,57,0,0,0,strafe_left
0,0,0,0,0,0,22,69,40,0,0,0,0,0,0,0,0,0,0,0,0,0,0,0,0,0,0,0,0,0,0,0,0,0,0,0,0,0,0,0,0,0,0,0,0,0,0,0,0,0,0,0,0,0,0,0,0,0,0,0,0,0,48,0,0,0,0,0,0,0,0,0,0,0,14,0,0,0,0,0,6,0,9,0,0,0,0,0,0,0,0,0,59,0,0,0,strafe_left
0,0,6,0,0,0,15,51,18,0,0,0,0,0,0,0,0,0,0,0,0,0,0,0,0,0,0,0,0,0,0,0,0,0,0,0,0,0,0,0,0,0,0,0,0,0,0,0,0,0,0,0,0,0,0,0,0,0,0,0,0,0,54,0,0,0,0,0,0,0,0,0,0,0,15,0,0,0,0,0,8,0,8,0,0,0,0,0,0,0,0,0,57,0,0,0,strafe_left
0,0,5,0,0,0,22,60,31,0,0,0,0,0,0,0,0,0,0,0,0,0,0,0,0,0,0,0,0,0,0,0,0,0,0,0,0,0,0,0,0,0,0,0,0,0,0,0,0,0,0,0,0,0,0,0,0,0,0,0,0,0,52,0,0,0,0,0,0,0,0,0,0,0,13,0,0,0,0,0,5,0,15,0,0,0,0,0,0,0,0,0,56,0,0,0,strafe_left
0,0,7,0,0,0,18,56,29,0,0,0,0,0,0,0,0,0,0,0,0,0,0,0,0,0,0,0,0,0,0,0,0,0,0,0,0,0,0,0,0,0,0,0,0,0,0,0,0,0,0,0,0,0,0,0,0,0,0,0,0,0,51,0,0,0,0,0,0,0,0,0,0,0,12,0,0,0,0,0,7,0,30,0,0,0,0,0,0,0,0,0,52,0,0,0,strafe_left
0,0,0,0,0,0,0,0,0,0,0,0,0,0,0,0,0,0,0,0,0,0,0,0,0,0,25,0,0,0,0,0,0,0,0,0,0,3,16,0,0,0,0,0,37,0,0,0,0,0,0,0,0,0,37,93,0,0,0,0,0,0,0,0,0,0,0,0,0,0,0,0,0,0,0,0,0,0,0,0,0,0,0,0,0,0,0,0,0,0,0,0,0,0,0,0,strafe_right
0,0,0,0,0,0,0,0,0,0,0,0,0,0,0,0,0,0,0,0,0,0,0,0,0,0,31,0,0,0,0,0,0,0,0,0,0,3,16,0,0,0,0,0,36,0,0,0,0,0,0,0,0,0,40,100,0,0,0,0,0,0,0,0,0,0,0,0,0,0,0,0,0,0,0,0,0,0,0,0,0,0,0,0,0,0,0,0,0,0,0,0,0,0,0,0,strafe_right
0,0,0,0,0,0,0,0,0,0,0,0,0,0,0,0,0,0,0,0,0,0,0,0,0,136,88,0,0,0,0,0,0,0,0,0,0,52,35,0,0,0,0,0,42,0,0,0,0,12,18,0,0,0,0,24,34,0,0,0,0,0,16,0,0,0,0,0,0,0,0,0,0,0,0,0,0,0,0,0,0,0,0,0,0,0,0,0,0,0,0,0,0,0,0,0,strafe_right
0,0,0,0,0,0,0,0,0,0,0,0,0,0,0,0,0,0,0,0,0,0,0,0,0,67,49,0,0,0,0,0,0,0,0,0,0,58,32,0,0,0,0,0,44,0,0,0,0,0,15,0,0,0,0,24,25,0,0,0,0,0,0,0,0,0,0,0,0,0,0,0,0,0,0,0,0,0,0,0,0,0,0,0,0,0,0,0,0,0,0,0,0,0,0,0,strafe_right
0,0,0,0,0,0,0,0,0,0,0,0,0,0,7,0,0,0,0,0,0,0,0,0,0,114,74,0,0,0,0,0,0,0,0,0,0,24,27,0,0,0,0,0,55,0,0,0,7,46,31,0,0,0,0,26,37,0,0,0,0,15,61,0,0,0,0,0,0,0,0,0,0,0,0,0,0,0,0,0,0,0,0,0,0,0,0,0,0,0,0,0,0,0,0,0,strafe_right
0,0,0,0,0,0,0,0,0,0,0,0,0,0,16,0,0,0,0,0,0,0,0,0,0,122,82,0,0,0,0,0,10,0,0,0,0,26,29,0,0,0,0,0,51,0,0,0,6,27,29,0,0,0,0,30,38,0,0,0,0,37,73,0,0,0,0,0,5,0,0,0,0,0,0,0,0,0,0,0,0,0,0,0,0,0,0,0,0,0,0,0,0,0,0,0,strafe_right
0,0,0,0,0,0,0,0,0,0,0,0,0,0,0,0,0,0,0,0,0,0,0,0,0,0,0,0,0,0,0,0,0,71,0,58,0,0,0,0,0,0,0,0,0,0,0,110,0,0,0,0,0,0,0,0,0,4,0,0,0,0,0,0,0,0,0,0,0,140,0,0,0,0,0,0,0,0,0,0,4,35,0,0,0,0,0,0,0,0,0,0,0,0,0,0,forward
0,0,0,0,0,0,0,0,0,0,0,0,0,0,0,0,0,0,0,0,0,0,0,0,0,0,0,0,0,0,0,0,0,64,0,88,0,0,0,0,0,0,0,0,0,0,0,146,0,0,0,0,0,0,0,0,0,5,15,0,0,0,0,0,0,0,0,0,0,141,0,0,0,0,0,0,0,0,0,0,0,36,0,0,0,0,0,0,0,0,0,0,0,0,0,0,forward
0,0,0,0,0,0,0,0,0,0,0,0,0,0,0,0,0,0,0,0,0,0,0,0,0,0,0,0,0,0,0,0,0,53,0,113,0,0,0,0,0,0,0,0,0,0,0,137,0,0,0,0,0,0,0,0,0,3,18,44,0,0,0,0,0,0,0,0,0,120,0,74,0,0,0,0,0,0,0,0,0,25,0,23,0,0,0,0,0,0,0,0,0,0,0,0,forward
0,0,0,0,0,0,0,0,0,0,0,0,0,0,0,0,0,0,0,0,0,5,0,0,0,0,0,0,0,0,0,0,0,113,0,18,0,0,0,0,0,0,0,0,0,0,0,52,0,0,0,0,0,0,0,0,0,6,0,0,0,0,0,0,0,0,0,0,34,137,0,0,0,0,0,0,0,0,0,0,0,36,6,0,0,0,0,0,0,0,0,0,0,0,0,0,forward
0,0,0,0,0,0,0,0,0,0,0,0,0,0,0,0,0,0,0,0,0,45,0,0,0,0,0,0,0,0,0,0,78,163,0,0,0,0,0,0,0,0,0,0,48,0,0,0,0,0,0,0,0,0,0,0,19,0,0,0,0,0,0,0,0,0,0,0,87,137,0,0,0,0,0,0,0,0,0,0,74,49,0,0,0,0,0,0,0,0,0,0,0,0,0,0,forward
0,0,0,0,0,0,0,0,0,0,0,0,0,0,0,0,0,0,0,0,43,62,0,0,0,0,0,0,0,0,0,0,51,128,0,0,0,0,0,0,0,0,0,0,20,0,0,0,0,0,0,0,0,0,0,0,9,12,0,0,0,0,0,0,0,0,0,0,78,153,0,0,0,0,0,0,0,0,0,0,73,49,0,0,0,0,0,0,0,0,0,0,0,0,0,0,forward
0,0,0,0,0,0,0,0,0,0,0,0,0,0,0,0,0,0,0,0,0,46,0,0,0,0,0,0,0,0,0,0,0,92,0,83,0,0,0,0,0,0,0,0,0,0,0,0,0,0,0,0,0,0,0,0,0,0,0,0,0,0,0,0,0,0,0,0,41,155,0,0,0,0,0,0,0,0,0,0,50,50,0,0,0,0,0,0,0,0,0,0,0,0,0,0,forward
0,0,0,0,0,0,0,0,16,8,0,0,0,0,0,0,0,0,0,0,58,42,0,0,0,0,0,0,0,0,0,0,50,96,0,0,0,0,0,0,0,0,0,0,0,0,0,0,0,0,0,0,0,0,0,0,18,0,0,0,0,0,0,0,0,0,0,0,102,128,0,0,0,0,0,0,0,0,0,0,122,59,0,0,0,0,0,0,0,0,0,0,20,0,0,0,forward
0,0,0,0,0,0,0,0,41,0,0,0,0,0,0,0,0,0,0,0,76,46,0,0,0,0,0,0,0,0,0,0,66,80,0,0,0,0,0,0,0,0,0,0,14,0,0,0,0,0,0,0,0,0,0,0,45,5,0,0,0,0,0,0,0,0,0,0,113,100,0,0,0,0,0,0,0,0,0,0,138,49,0,0,0,0,0,0,0,0,0,0,21,0,0,0,forward
0,0,0,0,0,0,0,0,79,0,0,0,0,0,0,0,0,0,0,0,106,24,0,0,0,0,0,0,0,0,0,0,76,23,0,0,0,0,0,0,0,0,0,0,17,0,0,0,0,0,0,0,0,0,0,0,54,0,0,0,0,0,0,0,0,0,0,0,115,88,0,0,0,0,0,0,0,0,0,0,144,41,0,0,0,0,0,0,0,0,0,0,13,0,0,0,forward
0,0,0,0,0,0,0,0,91,0,0,0,0,0,0,0,0,0,0,0,92,0,0,0,0,0,0,0,0,0,0,0,63,0,0,0,0,0,0,0,0,0,0,0,0,0,0,0,0,0,0,0,0,0,0,0,62,4,0,0,0,0,0,0,0,0,0,0,115,89,0,0,0,0,0,0,0,0,0,0,126,34,0,0,0,0,0,0,0,0,0,0,8,0,0,0,forward
0,0,0,0,0,0,0,0,44,0,0,0,0,0,0,0,0,0,0,12,86,0,0,0,0,0,0,0,0,0,0,0,91,0,0,0,0,0,0,0,0,0,0,0,31,0,0,0,0,0,0,0,0,0,0,0,74,6,0,0,0,0,0,0,0,0,0,0,107,64,0,0,0,0,0,0,0,0,0,0,107,13,0,0,0,0,0,0,0,0,0,0,0,0,0,0,forward
0,0,0,0,0,0,0,0,43,0,0,0,0,0,0,0,0,0,0,24,81,0,0,0,0,0,0,0,0,0,0,0,89,0,0,0,0,0,0,0,0,0,0,0,19,0,0,0,0,0,0,0,0,0,0,13,72,0,0,0,0,0,0,0,0,0,0,0,103,61,0,0,0,0,0,0,0,0,0,0,94,4,0,0,0,0,0,0,0,0,0,0,0,0,0,0,forward
0,0,0,0,0,0,0,0,81,0,0,0,0,0,0,0,0,0,0,19,63,0,0,0,0,0,0,0,0,0,0,0,84,0,0,0,0,0,0,0,0,0,0,0,9,0,0,0,0,0,0,0,0,0,0,26,76,3,0,0,0,0,0,0,0,0,0,0,97,56,0,0,0,0,0,0,0,0,0,0,72,0,0,0,0,0,0,0,0,0,0,0,0,0,0,0,forward
0,0,0,0,0,0,0,17,46,0,0,0,0,0,0,0,0,0,0,46,65,0,0,0,0,0,0,0,0,0,0,0,66,0,0,0,0,0,0,0,0,0,0,10,0,0,0,0,0,0,0,0,0,0,0,32,71,0,0,0,0,0,0,0,0,0,0,0,94,49,0,0,0,0,0,0,0,0,0,0,69,0,0,0,0,0,0,0,0,0,0,0,0,0,0,0,forward
0,3,53,0,0,0,0,0,0,0,0,0,0,77,61,3,0,0,0,0,4,0,0,0,0,0,46,0,0,0,0,0,12,0,0,0,0,0,0,0,0,0,0,0,7,0,0,0,0,0,26,0,0,0,0,0,34,0,0,0,0,102,228,15,0,0,0,0,70,28,0,0,0,0,37,0,0,0,0,0,31,0,0,0,0,0,0,0,0,0,0,0,0,0,0,0,none
0,5,54,0,0,0,0,0,0,0,0,0,0,66,57,0,0,0,0,0,0,0,0,0,0,0,43,0,0,0,0,0,14,0,0,0,0,0,0,0,0,0,0,0,24,0,0,0,0,0,26,0,0,0,0,0,35,0,0,0,0,99,228,17,0,0,0,0,70,30,0,0,0,0,35,0,0,0,0,0,31,0,0,0,0,0,0,0,0,0,0,0,0,0,0,0,none
0,0,32,0,0,0,0,0,5,0,0,0,0,25,41,0,0,0,0,0,7,0,0,0,0,0,45,0,0,0,0,0,23,7,0,0,0,0,0,0,0,0,0,0,34,0,0,0,0,0,0,0,0,0,0,4,45,0,0,0,0,0,82,0,0,0,0,0,66,48,0,0,0,0,37,0,0,0,0,0,43,14,0,0,0,0,18,29,0,0,0,0,5,0,0,0,none
0,0,37,0,0,0,0,0,12,0,0,0,0,38,44,0,0,0,0,0,7,0,0,0,0,0,46,0,0,0,0,0,24,0,0,0,0,0,0,0,0,0,0,0,32,0,0,0,0,0,0,0,0,0,0,0,36,0,0,0,0,0,103,0,0,0,0,0,68,69,0,0,0,0,45,0,0,0,0,0,33,10,0,0,0,0,24,38,0,0,0,0,6,0,0,0,none
0,0,39,0,0,0,0,0,22,0,0,0,0,32,43,0,0,0,0,0,7,0,0,0,0,0,48,0,0,0,0,0,20,0,0,0,0,0,0,0,0,0,0,0,30,0,0,0,0,0,0,0,0,0,0,0,33,0,0,0,0,0,99,0,0,0,0,0,58,56,0,0,0,4,54,0,0,0,0,0,40,12,0,0,0,0,32,50,0,0,0,0,11,0,0,0,none
0,0,36,0,0,0,0,0,16,0,0,0,0,33,44,0,0,0,0,0,6,0,0,0,0,0,47,0,0,0,0,0,25,0,0,0,0,0,0,0,0,0,0,0,38,0,0,0,0,0,0,0,0,0,0,0,30,0,0,0,0,0,115,0,0,0,0,0,61,60,0,0,0,7,52,0,0,0,0,0,32,8,0,0,0,0,30,40,0,0,0,0,7,0,0,0,none
0,0,37,0,0,0,0,0,0,0,0,0,0,43,50,0,0,0,0,0,5,0,0,0,0,0,50,0,0,0,0,0,26,0,0,0,0,0,0,0,0,0,0,0,41,0,0,0,0,0,15,0,0,0,0,0,42,0,0,0,0,9,130,0,0,0,0,0,62,63,0,0,0,8,53,0,0,0,0,0,29,0,0,0,0,0,27,19,0,0,0,0,0,0,0,0,none
0,0,0,0,0,0,0,0,0,0,0,0,0,0,45,0,0,0,0,0,0,0,0,0,0,0,47,0,0,0,0,0,24,10,0,0,0,0,16,0,0,0,0,0,59,0,0,0,0,0,23,0,0,0,0,21,41,0,0,0,0,4,122,0,0,0,0,0,61,34,0,0,0,0,48,0,0,0,0,0,16,0,0,0,0,0,0,0,0,0,0,0,0,0,0,0,none
0,0,7,0,0,0,0,0,0,0,0,0,0,0,47,0,0,0,0,0,0,0,0,0,0,0,48,0,0,0,0,0,22,11,0,0,0,0,12,0,0,0,0,0,34,0,0,0,0,0,20,0,0,0,0,16,31,0,0,0,0,9,138,3,0,0,0,0,63,44,0,0,0,0,55,0,0,0,0,0,20,0,0,0,0,0,0,0,0,0,0,0,0,0,0,0,none
0,0,22,0,0,0,0,0,0,0,0,0,0,18,49,0,0,0,0,0,0,0,0,0,0,5,50,0,0,0,0,0,24,11,0,0,0,0,10,0,0,0,0,0,28,0,0,0,0,0,21,0,0,0,0,14,31,0,0,0,0,7,143,0,0,0,0,0,63,54,0,0,0,0,53,0,0,0,0,0,22,0,0,0,0,0,0,0,0,0,0,0,0,0,0,0,none
0,0,34,0,0,0,0,0,0,0,0,0,0,37,53,0,0,0,0,0,0,0,0,0,0,4,48,0,0,0,0,0,23,8,0,0,0,0,8,0,0,0,0,0,27,0,0,0,0,0,22,0,0,0,0,10,34,0,0,0,0,8,149,0,0,0,0,0,65,58,0,0,0,0,50,0,0,0,0,0,25,0,0,0,0,0,0,0,0,0,0,0,0,0,0,0,none
0,0,39,0,0,0,0,0,0,0,0,0,0,43,56,0,0,0,0,0,0,0,0,0,0,4,48,0,0,0,0,0,24,10,0,0,0,0,0,0,0,0,0,0,27,0,0,0,0,0,22,0,0,0,0,4,35,0,0,0,0,6,149,0,0,0,0,0,65,62,0,0,0,4,53,0,0,0,0,0,26,0,0,0,0,0,6,11,0,0,0,0,0,0,0,0,none
0,0,34,0,0,0,0,0,0,0,0,0,0,29,49,0,0,0,0,0,4,0,0,0,0,0,44,0,0,0,0,0,28,14,0,0,0,0,0,0,0,0,0,0,32,0,0,0,0,0,16,0,0,0,0,0,33,0,0,0,0,6,146,0,0,0,0,0,65,63,0,0,0,12,55,0,0,0,0,0,28,0,0,0,0,0,18,17,0,0,0,0,0,0,0,0,none
0,0,28,0,0,0,0,0,0,0,0,0,0,13,42,0,0,0,0,0,3,0,0,0,0,0,44,0,0,0,0,0,32,22,0,0,0,0,0,0,0,0,0,0,35,0,0,0,0,0,17,0,0,0,0,3,39,0,0,0,0,0,145,0,0,0,0,0,60,63,0,0,0,8,50,0,0,0,0,0,28,0,0,0,0,0,23,21,0,0,0,0,0,0,0,0,none
0,0,0,0,0,0,0,0,0,0,0,0,0,0,59,0,0,0,0,0,0,0,0,0,0,5,59,0,0,0,0,0,0,0,0,0,0,0,26,0,0,0,0,0,75,0,0,0,0,49,88,0,0,0,0,19,39,0,0,0,0,61,175,0,0,0,0,0,0,0,0,0,0,0,44,0,0,0,0,0,0,0,0,0,0,0,0,0,0,0,0,0,0,0,0,0,strafe_right
0,0,0,0,0,0,0,0,0,0,0,0,0,0,55,0,0,0,0,0,0,0,0,0,0,5,57,0,0,0,0,0,0,0,0,0,0,0,27,0,0,0,0,0,77,0,0,0,0,55,92,0,0,0,0,22,44,0,0,0,0,58,168,0,0,0,0,0,0,0,0,0,0,0,38,0,0,0,0,0,0,0,0,0,0,0,0,0,0,0,0,0,0,0,0,0,strafe_right
0,0,0,0,0,0,0,0,0,0,0,0,0,0,52,0,0,0,0,0,0,0,0,0,0,0,52,0,0,0,0,0,0,0,0,0,0,0,23,0,0,0,0,0,76,0,0,0,0,48,86,0,0,0,0,20,44,0,0,0,0,51,168,0,0,0,0,0,0,0,0,0,0,0,37,0,0,0,0,0,0,0,0,0,0,0,0,0,0,0,0,0,0,0,0,0,strafe_right
0,0,0,0,0,0,0,0,0,0,0,0,0,0,51,0,0,0,0,0,0,0,0,0,0,0,53,0,0,0,0,0,0,0,0,0,0,0,25,0,0,0,0,0,78,0,0,0,0,46,80,0,0,0,0,20,43,0,0,0,0,47,165,0,0,0,0,0,0,0,0,0,0,0,38,0,0,0,0,0,0,0,0,0,0,0,0,0,0,0,0,0,0,0,0,0,strafe_right
0,0,0,0,0,0,0,0,0,0,0,0,0,0,53,0,0,0,0,0,0,0,0,0,0,0,50,0,0,0,0,0,0,6,0,0,0,0,22,0,0,0,0,0,46,0,0,0,0,47,84,0,0,0,0,25,48,0,0,0,0,47,168,0,0,0,0,0,0,0,0,0,0,0,39,0,0,0,0,0,0,0,0,0,0,0,0,0,0,0,0,0,0,0,0,0,strafe_right
0,45,70,7,0,0,0,26,115,0,0,0,0,0,35,0,0,0,0,0,0,0,0,0,0,0,13,0,0,0,0,0,0,0,0,0,0,0,0,0,0,0,0,0,0,0,0,0,0,0,0,0,0,0,0,0,0,0,0,0,0,0,102,0,0,0,0,0,0,0,0,0,0,15,50,0,0,0,0,0,17,0,0,0,0,0,46,49,0,0,0,0,29,0,0,0,strafe_left
0,55,75,7,0,0,0,24,98,0,0,0,0,0,41,0,0,0,0,0,0,0,0,0,0,0,13,0,0,0,0,0,0,0,0,0,0,0,0,0,0,0,0,0,0,0,0,0,0,0,0,0,0,0,0,0,0,0,0,0,0,0,118,0,0,0,0,0,0,5,0,0,0,23,51,0,0,0,0,0,20,0,0,0,0,0,46,51,0,0,0,0,23,0,0,0,strafe_left
0,0,33,0,0,0,0,35,172,0,0,0,0,0,17,0,0,0,0,0,0,0,0,0,0,0,0,0,0,0,0,0,0,0,0,0,0,0,0,0,0,0,0,0,0,0,0,0,0,0,0,0,0,0,0,0,0,0,0,0,0,0,106,0,0,0,0,0,0,7,0,0,0,8,45,0,0,0,0,0,19,0,0,0,0,0,41,43,0,0,0,0,22,0,0,0,strafe_left
0,0,13,0,0,0,0,52,247,6,0,0,0,0,3,0,0,0,0,0,0,0,0,0,0,0,0,0,0,0,0,0,0,0,0,0,0,0,0,0,0,0,0,0,0,0,0,0,0,0,0,0,0,0,0,0,0,0,0,0,0,0,98,0,0,0,0,0,0,8,0,0,0,3,45,0,0,0,0,0,24,0,0,0,0,0,35,42,0,0,0,0,26,0,0,0,strafe_left
0,0,40,0,0,0,0,36,166,0,0,0,0,0,21,0,0,0,0,0,0,0,0,0,0,0,0,0,0,0,0,0,0,0,0,0,0,0,0,0,0,0,0,0,0,0,0,0,0,0,0,0,0,0,0,0,0,0,0,0,0,0,107,0,0,0,0,0,0,11,0,0,0,10,49,0,0,0,0,0,24,0,0,0,0,0,34,41,0,0,0,0,22,0,0,0,strafe_left
0,16,55,0,0,0,0,25,116,0,0,0,0,0,32,0,0,0,0,0,0,0,0,0,0,0,0,0,0,0,0,0,0,0,0,0,0,0,0,0,0,0,0,0,0,0,0,0,0,0,0,0,0,0,0,0,0,0,0,0,0,0,113,0,0,0,0,0,0,8,0,0,0,16,51,0,0,0,0,0,24,0,0,0,0,0,40,48,0,0,0,0,22,0,0,0,strafe_left
0,0,0,0,0,0,0,0,0,0,0,0,0,30,11,0,0,0,0,0,0,0,0,0,0,211,88,0,0,0,0,0,0,0,0,0,0,27,43,0,0,0,0,0,0,0,0,0,0,176,168,0,0,0,0,0,0,0,0,0,0,200,155,0,0,0,0,0,0,0,0,0,0,0,5,0,0,0,0,0,0,0,0,0,0,0,0,0,0,0,0,0,0,0,0,0,backward
0,0,0,0,0,0,0,0,0,0,0,0,0,76,0,0,0,0,0,0,0,0,0,0,0,280,37,0,0,0,0,0,0,0,0,0,0,16,0,0,0,0,0,0,0,0,0,0,0,178,171,0,0,0,0,0,0,0,0,0,0,203,150,0,0,0,0,0,0,0,0,0,0,0,0,0,0,0,0,0,0,0,0,0,0,0,0,0,0,0,0,0,0,0,0,0,backward
0,0,0,0,0,0,0,0,0,0,0,0,0,31,8,0,0,0,0,0,0,0,0,0,0,161,76,0,0,0,0,0,0,0,0,0,0,38,47,0,0,0,0,0,0,0,0,0,0,203,187,0,0,0,0,0,0,0,0,0,0,174,140,0,0,0,0,0,0,0,0,0,0,0,0,0,0,0,0,0,0,0,0,0,0,0,0,0,0,0,0,0,0,0,0,0,backward
0,0,0,0,0,0,0,0,0,0,0,0,0,46,10,0,0,0,0,0,0,0,0,0,0,188,84,0,0,0,0,0,0,0,0,0,0,50,50,0,0,0,0,0,0,0,0,0,0,198,178,0,0,0,0,0,0,0,0,0,0,176,142,0,0,0,0,0,0,0,0,0,0,0,0,0,0,0,0,0,0,0,0,0,0,0,0,0,0,0,0,0,0,0,0,0,backward
0,0,0,0,0,0,0,0,0,0,0,0,0,118,46,0,0,0,0,0,0,0,0,0,0,192,93,0,0,0,0,0,0,0,0,0,0,0,30,0,0,0,0,0,0,0,0,0,0,116,128,0,0,0,0,0,0,0,0,0,0,205,176,0,0,0,0,0,0,0,0,0,0,16,44,0,0,0,0,0,0,0,0,0,0,0,0,0,0,0,0,0,0,0,0,0,backward
0,0,0,0,0,0,0,0,0,0,0,0,0,135,89,0,0,0,0,0,0,0,0,0,0,153,94,0,0,0,0,0,0,0,0,0,0,0,46,0,0,0,0,0,0,0,0,0,0,59,116,0,0,0,0,0,0,0,0,0,0,131,192,0,0,0,0,0,0,0,0,0,0,7,85,0,0,0,0,0,0,0,0,0,0,0,0,0,0,0,0,0,0,0,0,0,backward
0,0,33,0,0,0,0,0,0,0,0,0,0,176,111,0,0,0,0,0,0,0,0,0,0,84,81,0,0,0,0,0,0,0,0,0,0,0,39,0,0,0,0,0,0,0,0,0,0,0,56,0,0,0,0,0,0,0,0,0,0,116,180,0,0,0,0,0,0,0,0,0,0,66,100,0,0,0,0,0,0,0,0,0,0,0,0,0,0,0,0,0,0,0,0,0,backward
0,0,73,0,0,0,0,0,0,0,0,0,0,121,98,0,0,0,0,0,0,0,0,0,0,15,65,0,0,0,0,0,0,0,0,0,0,0,35,0,0,0,0,0,0,0,0,0,0,0,36,0,0,0,0,0,0,0,0,0,0,47,150,0,0,0,0,0,22,0,0,0,0,41,90,0,0,0,0,0,0,0,0,0,0,0,16,8,0,0,0,0,0,0,0,0,backward
0,0,78,0,0,0,0,0,0,0,0,0,0,98,89,8,0,0,0,0,0,0,0,0,0,8,58,0,0,0,0,0,0,0,0,0,0,0,30,0,0,0,0,0,0,0,0,0,0,0,32,0,0,0,0,0,0,0,0,0,0,37,141,0,0,0,0,0,27,0,0,0,0,34,83,0,0,0,0,0,19,0,0,0,0,0,35,33,0,0,0,0,0,0,0,0,backward
0,0,75,0,0,0,0,0,0,0,0,0,0,71,74,4,0,0,0,0,0,0,0,0,0,3,49,0,0,0,0,0,0,0,0,0,0,0,25,0,0,0,0,0,0,0,0,0,0,0,27,0,0,0,0,0,0,0,0,0,0,28,139,0,0,0,0,0,29,0,0,0,0,23,82,0,0,0,0,0,25,0,0,0,0,0,39,34,0,0,0,0,0,0,0,0,backward
0,0,0,0,0,0,0,0,0,0,0,0,0,0,44,0,0,0,0,0,0,0,0,0,0,0,50,0,0,0,0,0,0,35,0,0,0,0,25,0,0,0,0,0,35,0,0,0,0,39,85,0,0,0,0,21,49,0,0,0,0,22,124,0,0,0,0,0,0,0,0,0,0,0,37,0,0,0,0,0,0,0,0,0,0,0,0,0,0,0,0,0,0,0,0,0,strafe_right
0,0,0,0,0,0,0,0,0,0,0,0,0,0,38,0,0,0,0,0,0,0,0,0,0,0,46,0,0,0,0,0,7,51,0,0,0,0,18,0,0,0,0,0,37,0,0,0,0,8,66,0,0,0,0,17,41,0,0,0,0,23,128,0,0,0,0,0,14,0,0,0,0,0,59,0,0,0,0,0,0,0,0,0,0,0,0,0,0,0,0,0,0,0,0,0,strafe_right
0,0,0,0,0,0,0,0,0,0,0,0,0,0,40,0,0,0,0,0,0,0,0,0,0,0,43,0,0,0,0,0,7,44,0,0,0,0,20,0,0,0,0,0,34,0,0,0,0,44,85,4,0,0,0,23,61,0,0,0,0,3,121,0,0,0,0,0,0,0,0,0,0,0,20,0,0,0,0,0,0,0,0,0,0,0,0,0,0,0,0,0,0,0,0,0,strafe_right
0,0,0,0,0,0,0,0,0,0,0,0,0,0,45,0,0,0,0,0,0,0,0,0,0,0,47,0,0,0,0,0,6,30,0,0,0,0,24,0,0,0,0,0,28,0,0,0,0,40,100,8,0,0,0,22,55,0,0,0,0,43,154,11,0,0,0,0,0,0,0,0,0,0,54,0,0,0,0,0,0,0,0,0,0,0,0,0,0,0,0,0,0,0,0,0,strafe_right
0,0,0,0,0,0,0,0,0,0,0,0,0,0,43,0,0,0,0,0,0,0,0,0,0,0,45,0,0,0,0,0,9,25,0,0,0,0,23,0,0,0,0,0,23,0,0,0,0,0,58,0,0,0,0,15,41,0,0,0,0,22,120,9,0,0,0,0,34,0,0,0,0,0,67,0,0,0,0,0,0,0,0,0,0,0,0,0,0,0,0,0,0,0,0,0,strafe_right
0,0,0,0,0,0,0,0,0,0,0,0,0,0,0,0,0,0,0,0,0,23,0,0,0,0,0,0,0,0,0,0,24,367,0,0,0,0,0,0,0,0,0,0,57,19,0,0,0,0,0,0,0,0,0,0,0,0,0,0,0,0,0,0,0,0,0,0,36,48,0,0,0,0,0,0,0,0,0,0,86,70,0,0,0,0,0,0,0,0,0,0,58,49,0,0,forward
0,0,0,0,0,0,0,0,0,0,0,0,0,0,0,0,0,0,0,0,0,23,0,0,0,0,0,0,0,0,0,0,0,353,0,0,0,0,0,0,0,0,0,0,58,32,0,0,0,0,0,0,0,0,0,0,0,0,0,0,0,0,0,0,0,0,0,0,16,51,0,0,0,0,0,0,0,0,0,0,69,73,0,0,0,0,0,0,0,0,0,0,53,52,0,0,forward
0,0,0,0,0,0,0,0,0,0,0,0,0,0,0,0,0,0,0,0,12,13,0,0,0,0,0,0,0,0,0,0,74,343,0,0,0,0,0,0,0,0,0,0,80,0,0,0,0,0,0,0,0,0,0,0,0,0,0,0,0,0,0,0,0,0,0,0,47,47,0,0,0,0,0,0,0,0,0,0,90,69,0,0,0,0,0,0,0,0,0,0,64,50,0,0,forward
0,0,0,0,0,0,0,0,0,0,0,0,0,0,0,0,0,0,0,0,61,12,0,0,0,0,0,0,0,0,0,0,116,198,0,0,0,0,0,0,0,0,0,0,53,0,0,0,0,0,0,0,0,0,0,0,0,0,0,0,0,0,0,0,0,0,0,0,61,39,0,0,0,0,0,0,0,0,0,0,109,61,0,0,0,0,0,0,0,0,0,0,60,37,0,0,forward
0,0,0,0,0,0,0,0,24,0,0,0,0,0,0,0,0,0,0,68,79,3,0,0,0,0,0,0,0,0,0,0,105,134,0,0,0,0,0,0,0,0,0,0,46,0,0,0,0,0,0,0,0,0,0,0,0,0,0,0,0,0,0,0,0,0,0,0,63,29,0,0,0,0,0,0,0,0,0,0,111,51,0,0,0,0,0,0,0,0,0,0,53,19,0,0,forward
0,0,0,0,0,0,0,0,29,0,0,0,0,0,0,0,0,0,0,101,87,0,0,0,0,0,0,0,0,0,0,0,108,113,0,0,0,0,0,0,0,0,0,0,53,0,0,0,0,0,0,0,0,0,0,0,33,0,0,0,0,0,0,0,0,0,0,0,66,41,0,0,0,0,0,0,0,0,0,0,107,53,0,0,0,0,0,0,0,0,0,0,36,20,0,0,forward
0,0,0,0,0,0,0,0,31,0,0,0,0,0,0,0,0,0,0,78,68,9,0,0,0,0,0,0,0,0,0,0,92,149,0,0,0,0,0,0,0,0,0,0,54,0,0,0,0,0,0,0,0,0,0,0,37,0,0,0,0,0,0,0,0,0,0,0,73,48,0,0,0,0,0,0,0,0,0,0,99,54,0,0,0,0,0,0,0,0,0,0,32,19,0,0,forward
0,0,0,0,0,0,0,0,24,0,0,0,0,0,0,0,0,0,0,80,65,10,0,0,0,0,0,0,0,0,0,0,94,160,0,0,0,0,0,0,0,0,0,0,62,0,0,0,0,0,0,0,0,0,0,0,39,0,0,0,0,0,0,0,0,0,0,0,74,49,0,0,0,0,0,0,0,0,0,0,103,56,0,0,0,0,0,0,0,0,0,0,29,14,0,0,forward
0,0,0,0,0,0,0,0,25,0,0,0,0,0,0,0,0,0,0,82,63,9,0,0,0,0,0,0,0,0,0,0,102,172,0,0,0,0,0,0,0,0,0,0,67,0,0,0,0,0,0,0,0,0,0,0,36,0,0,0,0,0,0,0,0,0,0,0,79,43,0,0,0,0,0,0,0,0,0,0,106,55,0,0,0,0,0,0,0,0,0,0,31,13,0,0,forward
0,0,0,0,0,0,0,0,0,0,0,0,0,0,0,0,0,0,0,3,38,11,0,0,0,0,0,0,0,0,0,0,103,267,0,0,0,0,0,0,0,0,0,0,83,0,0,0,0,0,0,0,0,0,0,0,17,4,0,0,0,0,0,0,0,0,0,0,61,51,0,0,0,0,0,0,0,0,0,0,91,73,0,0,0,0,0,0,0,0,0,0,47,48,0,0,forward
0,0,0,0,0,0,0,0,0,0,0,0,0,0,0,0,0,0,0,0,0,3,0,0,0,0,0,0,0,0,0,0,0,308,0,0,0,0,0,0,0,0,0,0,72,49,0,0,0,0,0,0,0,0,0,0,0,0,0,0,0,0,0,0,0,0,0,0,24,57,0,0,0,0,0,0,0,0,0,0,66,83,0,0,0,0,0,0,0,0,0,0,47,61,0,0,forward
0,0,0,0,0,0,0,0,0,0,0,0,0,0,0,0,0,0,0,0,0,44,0,0,0,0,0,0,0,0,0,0,15,385,0,0,0,0,0,0,0,0,0,0,0,22,0,0,0,0,0,0,0,0,0,0,0,4,0,0,0,0,0,0,0,0,0,0,0,70,0,0,0,0,0,0,0,0,0,0,14,74,0,0,0,0,0,0,0,0,0,0,0,37,0,0,forward
0,0,0,0,0,0,0,0,0,0,0,0,0,0,0,0,0,0,0,0,0,74,0,0,0,0,0,0,0,0,0,0,0,462,0,0,0,0,0,0,0,0,0,0,0,0,0,0,0,0,0,0,0,0,0,0,0,11,0,0,0,0,0,0,0,0,0,0,0,103,0,0,0,0,0,0,0,0,0,0,10,80,0,0,0,0,0,0,0,0,0,0,0,40,0,0,forward
0,0,0,0,0,0,0,0,0,0,39,0,0,0,0,0,0,0,0,0,0,101,0,0,0,0,0,0,0,0,0,0,0,208,0,0,0,0,0,0,0,0,0,0,0,3,0,14,0,0,0,0,0,0,0,0,0,13,0,0,0,0,0,0,0,0,0,0,0,93,0,0,0,0,0,0,0,0,0,0,6,76,0,0,0,0,0,0,0,0,0,0,0,37,0,0,forward
0,0,0,0,0,0,0,0,0,0,0,0,0,0,0,0,0,0,0,0,0,49,0,0,0,0,0,0,0,0,0,0,0,259,0,0,0,0,0,0,0,0,0,0,0,0,0,0,0,0,0,0,0,0,0,0,0,0,12,0,0,0,0,0,0,0,0,0,20,67,0,0,0,0,0,0,0,0,0,0,87,73,0,0,0,0,0,0,0,0,0,0,0,21,0,0,forward
0,0,0,0,0,0,0,0,0,0,0,0,0,0,0,0,0,0,0,0,11,57,0,0,0,0,0,0,0,0,0,0,53,259,0,0,0,0,0,0,0,0,0,0,25,0,0,0,0,0,0,0,0,0,0,0,0,0,10,0,0,0,0,0,0,0,0,0,19,65,0,0,0,0,0,0,0,0,0,0,115,81,0,0,0,0,0,0,0,0,0,0,0,30,0,0,forward
0,0,0,0,0,0,0,0,0,0,0,0,0,0,0,0,0,0,0,0,6,74,0,0,0,0,0,0,0,0,0,0,5,204,0,0,0,0,0,0,0,0,0,0,0,0,0,0,0,0,0,0,0,0,0,0,0,0,5,0,0,0,0,0,0,0,0,0,9,64,0,0,0,0,0,0,0,0,0,0,97,80,0,0,0,0,0,0,0,0,0,0,0,33,0,0,forward
0,0,0,0,0,0,0,0,0,0,0,0,0,0,0,0,0,0,0,0,0,75,0,0,0,0,0,0,0,0,0,0,0,121,0,0,0,0,0,0,0,0,0,0,0,0,0,48,0,0,0,0,0,0,0,0,0,0,4,0,0,0,0,0,0,0,0,0,0,57,0,0,0,0,0,0,0,0,0,0,69,67,0,0,0,0,0,0,0,0,0,0,0,42,0,4,forward
0,0,0,0,0,0,0,0,0,0,0,0,0,0,0,0,0,0,0,0,0,26,0,0,0,0,0,0,0,0,0,0,0,32,0,0,0,0,0,0,0,0,0,0,0,0,0,177,0,0,0,0,0,0,0,0,0,0,0,0,0,0,0,0,0,0,0,0,0,36,0,0,0,0,0,0,0,0,0,0,35,49,0,0,0,0,0,0,0,0,0,0,0,38,0,82,forward
0,0,0,0,0,0,0,0,0,10,0,0,0,0,0,0,0,0,0,0,14,85,0,0,0,0,0,0,0,0,0,0,0,110,0,0,0,0,0,0,0,0,0,0,0,0,0,0,0,0,0,0,0,0,0,0,0,0,0,0,0,0,0,0,0,0,0,0,0,30,0,0,0,0,0,0,0,0,0,0,59,64,0,0,0,0,0,0,0,0,0,0,11,54,0,19,forward
0,0,0,0,0,0,0,0,0,16,0,0,0,0,0,0,0,0,0,0,61,109,0,0,0,0,0,0,0,0,0,0,0,96,0,0,0,0,0,0,0,0,0,0,0,0,0,0,0,0,0,0,0,0,0,0,0,0,0,0,0,0,0,0,0,0,0,0,0,47,0,0,0,0,0,0,0,0,0,0,92,79,0,0,0,0,0,0,0,0,0,0,36,59,0,0,forward
0,0,0,0,0,0,0,0,31,22,0,0,0,0,0,0,0,0,0,0,76,104,0,0,0,0,0,0,0,0,0,0,0,52,0,0,0,0,0,0,0,0,0,0,0,0,0,0,0,0,0,0,0,0,0,0,0,0,0,0,0,0,0,0,0,0,0,0,0,45,0,0,0,0,0,0,0,0,0,0,113,82,0,0,0,0,0,0,0,0,0,0,51,60,0,0,forward
0,0,0,0,0,0,0,0,183,29,0,0,0,0,0,0,0,0,0,0,56,35,0,0,0,0,0,0,0,0,0,0,0,5,0,0,0,0,0,0,0,0,0,0,0,0,0,0,0,0,0,0,0,0,0,0,0,0,0,0,0,0,0,0,0,0,0,0,0,49,0,0,0,0,0,0,0,0,0,0,166,90,0,0,0,0,0,0,0,0,0,0,71,56,0,0,forward
0,0,0,0,0,0,0,0,41,0,0,0,0,0,0,0,0,0,0,0,56,28,0,0,0,0,0,0,0,0,0,0,87,52,0,0,0,0,0,0,0,0,0,0,50,0,0,0,0,0,0,0,0,0,0,0,42,0,0,0,0,0,0,0,0,0,0,0,89,36,0,0,0,0,0,0,0,0,0,0,252,42,0,0,0,0,0,0,0,0,0,0,25,0,0,0,forward
0,0,22,0,0,0,0,11,131,0,0,0,0,0,0,0,0,0,0,0,10,0,0,0,0,0,0,0,0,0,0,0,0,0,0,0,0,0,0,0,0,0,0,0,0,0,0,0,0,0,0,0,0,0,0,0,0,0,0,0,0,0,24,0,0,0,0,0,0,6,0,0,0,0,59,0,0,0,0,0,42,0,0,0,0,0,11,0,0,0,0,0,74,11,0,0,strafe_left
0,0,48,5,0,0,0,10,143,0,0,0,0,0,0,0,0,0,0,0,0,0,0,0,0,0,0,0,0,0,0,0,0,0,0,0,0,0,0,0,0,0,0,0,0,0,0,0,0,0,0,0,0,0,0,0,0,0,0,0,0,0,0,0,0,0,0,0,0,0,0,0,0,0,50,0,0,0,0,0,0,0,0,0,0,0,14,0,0,0,0,0,83,9,0,0,strafe_left
0,0,18,0,0,0,0,22,247,15,0,0,0,0,0,0,0,0,0,0,0,0,0,0,0,0,0,0,0,0,0,0,0,0,0,0,0,0,0,0,0,0,0,0,0,0,0,0,0,0,0,0,0,0,0,0,0,0,0,0,0,0,6,0,0,0,0,0,0,0,0,0,0,0,56,0,0,0,0,0,0,0,0,0,0,0,39,0,0,0,0,0,59,0,0,0,strafe_left
0,0,130,46,0,0,0,0,0,0,0,0,0,0,31,0,0,0,0,0,54,0,0,0,0,0,0,0,0,0,0,0,0,0,0,0,0,0,0,0,0,0,0,0,0,0,0,0,0,0,0,0,0,0,0,0,0,0,0,0,0,0,50,0,0,0,0,0,0,0,0,0,0,7,71,19,0,0,0,0,20,0,0,0,0,0,45,0,0,0,0,0,63,7,0,0,strafe_left
0,0,98,36,0,0,0,0,0,0,0,0,0,0,0,0,0,0,0,0,7,0,0,0,0,0,0,0,0,0,0,0,0,0,0,0,0,0,0,0,0,0,0,0,0,0,0,0,0,0,0,0,0,0,0,0,0,0,0,0,0,0,61,0,0,0,0,0,0,0,0,0,0,24,78,26,0,0,0,0,25,0,0,0,0,0,40,0,0,0,0,0,54,0,0,0,strafe_left
0,0,124,47,0,0,0,0,0,0,0,0,0,0,26,0,0,0,0,0,10,0,0,0,0,0,0,0,0,0,0,0,0,0,0,0,0,0,0,0,0,0,0,0,0,0,0,0,0,0,0,0,0,0,0,0,0,0,0,0,0,0,70,0,0,0,0,0,0,0,0,0,0,13,77,44,0,0,0,0,42,0,0,0,0,0,24,0,0,0,0,0,45,0,0,0,strafe_left
0,0,132,45,0,0,0,0,0,0,0,0,0,0,51,0,0,0,0,0,0,0,0,0,0,0,0,0,0,0,0,0,0,0,0,0,0,0,0,0,0,0,0,0,0,0,0,0,0,0,0,0,0,0,0,0,0,0,0,0,0,0,67,0,0,0,0,0,0,0,0,0,0,20,80,57,0,0,0,0,52,0,0,0,0,0,20,0,0,0,0,0,43,0,0,0,strafe_left
0,0,0,0,0,0,0,0,0,0,0,0,0,0,33,0,0,0,0,0,0,0,0,0,0,0,51,0,0,0,0,0,0,0,0,0,0,0,33,0,0,0,0,0,34,40,0,0,0,0,44,9,0,0,0,0,10,0,0,0,0,0,30,0,0,0,0,0,44,0,0,0,0,0,0,0,0,0,0,0,0,0,0,0,0,0,0,0,0,0,0,0,0,0,0,0,strafe_left
0,0,0,0,0,0,0,0,0,0,0,0,0,0,37,0,0,0,0,0,0,0,0,0,0,0,50,0,0,0,0,0,0,0,0,0,0,0,37,0,0,0,0,0,40,52,0,0,0,0,42,12,0,0,9,0,47,4,0,0,0,0,22,0,0,0,0,0,16,0,0,0,0,0,0,0,0,0,0,0,0,0,0,0,0,0,0,0,0,0,0,0,0,0,0,0,strafe_left
0,0,15,0,0,0,0,0,0,0,0,0,0,0,52,0,0,0,0,0,0,0,0,0,0,0,63,0,0,0,0,0,0,0,0,0,0,0,51,0,0,0,0,0,21,18,0,0,0,0,47,10,0,0,9,0,48,5,0,0,0,0,29,0,0,0,0,0,16,0,0,0,0,0,0,0,0,0,0,0,0,0,0,0,0,0,0,0,0,0,0,0,0,0,0,0,strafe_left
0,0,0,0,0,0,0,0,0,0,0,0,0,0,51,0,0,0,0,0,0,0,0,0,0,0,67,0,0,0,0,0,0,0,0,0,0,0,53,0,0,0,0,0,34,0,0,0,0,0,46,11,0,0,15,4,54,5,0,0,0,0,13,0,0,0,0,0,14,0,0,0,0,0,0,0,0,0,0,0,0,0,0,0,0,0,0,0,0,0,0,0,0,0,0,0,strafe_left
0,0,0,0,0,0,0,0,0,0,0,0,0,0,34,0,0,0,0,0,0,0,0,0,0,0,56,0,0,0,0,0,0,0,0,0,0,0,36,0,0,0,0,0,19,12,0,0,0,0,44,12,0,0,13,0,51,5,0,0,0,0,14,0,0,0,0,0,13,0,0,0,0,0,0,0,0,0,0,0,0,0,0,0,0,0,0,0,0,0,0,0,0,0,0,0,strafe_left
0,0,0,0,0,0,0,0,0,0,0,0,0,0,46,0,0,0,0,0,0,0,0,0,0,0,61,0,0,0,0,0,0,0,0,0,0,0,47,0,0,0,0,0,17,14,0,0,0,0,48,12,0,0,7,0,45,4,0,0,0,0,29,0,0,0,0,0,6,0,0,0,0,0,0,0,0,0,0,0,0,0,0,0,0,0,0,0,0,0,0,0,0,0,0,0,strafe_left
0,0,102,0,0,0,0,0,0,0,0,0,0,150,112,0,0,0,0,0,0,0,0,0,0,0,84,0,0,0,0,0,0,0,0,0,0,0,3,0,0,0,0,0,0,0,0,0,0,93,101,0,0,0,0,0,0,0,0,0,0,109,118,0,0,0,0,0,0,0,0,0,0,0,37,0,0,0,0,0,0,0,0,0,0,0,0,0,0,0,0,0,0,0,0,0,backward
0,0,83,0,0,0,0,0,0,0,0,0,0,72,100,0,0,0,0,0,0,0,0,0,0,0,85,0,0,0,0,0,0,0,0,0,0,0,40,0,0,0,0,0,0,0,0,0,0,69,93,0,0,0,0,0,0,0,0,0,0,42,92,0,0,0,0,0,0,0,0,0,0,0,68,0,0,0,0,0,0,0,0,0,0,0,0,0,0,0,0,0,0,0,0,0,backward
0,0,92,0,0,0,0,0,0,0,0,0,0,106,102,0,0,0,0,0,0,0,0,0,0,0,82,0,0,0,0,0,0,0,0,0,0,0,35,0,0,0,0,0,0,0,0,0,0,38,89,0,0,0,0,0,0,0,0,0,0,19,91,3,0,0,0,0,0,0,0,0,0,0,68,0,0,0,0,0,0,0,0,0,0,0,0,0,0,0,0,0,0,0,0,0,backward
0,0,44,0,0,0,0,0,0,0,0,0,0,0,85,38,0,0,0,0,0,0,0,0,0,0,80,24,0,0,0,0,0,0,0,0,0,0,55,0,0,0,0,0,0,0,0,0,0,0,97,0,0,0,0,0,0,0,0,0,0,24,135,88,0,0,0,0,0,0,0,0,0,0,138,28,0,0,0,0,0,0,0,0,0,0,0,0,0,0,0,0,0,0,0,0,backward
0,0,139,84,39,0,0,0,25,0,0,0,0,0,67,20,0,0,0,0,0,0,0,0,0,0,0,0,0,0,0,0,0,0,0,0,0,0,0,0,0,0,0,0,0,0,0,0,0,0,0,0,0,0,0,0,0,0,0,0,0,0,67,0,0,0,0,0,0,0,0,0,0,0,61,74,0,0,0,0,0,28,0,0,0,0,0,0,0,0,0,0,18,67,0,0,strafe_left
0,0,132,81,38,0,0,0,28,0,0,0,0,0,58,12,0,0,0,0,0,0,0,0,0,0,0,0,0,0,0,0,0,0,0,0,0,0,0,0,0,0,0,0,0,0,0,0,0,0,0,0,0,0,0,0,0,0,0,0,0,0,60,0,0,0,0,0,0,0,0,0,0,0,70,75,0,0,0,0,0,23,0,0,0,0,0,0,0,0,0,0,19,70,0,0,strafe_left
0,0,126,79,37,0,0,0,29,0,0,0,0,0,53,8,0,0,0,0,0,0,0,0,0,0,0,0,0,0,0,0,0,0,0,0,0,0,0,0,0,0,0,0,0,0,0,0,0,0,0,0,0,0,0,0,0,0,0,0,0,0,59,0,0,0,0,0,0,0,0,0,0,0,69,73,0,0,0,0,0,22,0,0,0,0,0,0,0,0,0,0,17,75,0,0,strafe_left
0,0,122,75,35,0,0,0,29,0,0,0,0,0,48,5,0,0,0,0,0,0,0,0,0,0,0,0,0,0,0,0,0,0,0,0,0,0,0,0,0,0,0,0,0,0,0,0,0,0,0,0,0,0,0,0,0,0,0,0,0,0,58,0,0,0,0,0,0,0,0,0,0,0,71,77,0,0,0,0,0,21,0,0,0,0,0,0,0,0,0,0,21,76,0,0,strafe_left
0,0,120,74,32,0,0,0,32,0,0,0,0,0,45,0,0,0,0,0,0,0,0,0,0,0,0,0,0,0,0,0,0,0,0,0,0,0,0,0,0,0,0,0,0,0,0,0,0,0,0,0,0,0,0,0,0,0,0,0,0,0,57,0,0,0,0,0,0,0,0,0,0,0,71,73,0,0,0,0,0,18,0,0,0,0,0,0,0,0,0,0,22,77,0,0,strafe_left
0,0,137,85,28,0,0,0,36,0,0,0,0,0,46,0,0,0,0,0,0,0,0,0,0,0,0,0,0,0,0,0,0,0,0,0,0,0,0,0,0,0,0,0,0,0,0,0,0,0,0,0,0,0,0,0,0,0,0,0,0,0,51,0,0,0,0,0,0,0,0,0,0,0,68,64,0,0,0,0,0,18,0,0,0,0,0,0,0,0,0,0,21,90,0,0,strafe_left
0,0,143,85,21,0,0,0,34,0,0,0,0,0,46,0,0,0,0,0,0,0,0,0,0,0,0,0,0,0,0,0,0,0,0,0,0,0,0,0,0,0,0,0,0,0,0,0,0,0,0,0,0,0,0,0,0,0,0,0,0,0,58,0,0,0,0,0,0,0,0,0,0,0,74,77,0,0,0,0,0,19,0,0,0,0,0,0,0,0,0,0,15,76,0,0,strafe_left
0,0,146,83,19,0,0,0,25,0,0,0,0,0,52,3,0,0,0,0,0,0,0,0,0,0,0,0,0,0,0,0,0,0,0,0,0,0,0,0,0,0,0,0,0,0,0,0,0,0,0,0,0,0,0,0,0,0,0,0,0,0,54,0,0,0,0,0,0,0,0,0,0,0,76,78,0,0,0,0,0,31,0,0,0,0,13,0,0,0,0,0,0,81,0,0,strafe_left
0,0,178,96,12,0,0,0,11,0,0,0,0,0,51,0,0,0,0,0,0,0,0,0,0,0,0,0,0,0,0,0,0,0,0,0,0,0,0,0,0,0,0,0,0,0,0,0,0,0,0,0,0,0,0,0,0,0,0,0,0,0,61,0,0,0,0,0,0,0,0,0,0,0,72,86,0,0,0,0,0,38,0,0,0,0,0,0,0,0,0,0,0,78,0,0,strafe_left
0,0,92,46,0,0,0,0,34,43,0,0,0,0,59,15,0,0,0,0,0,0,0,0,0,0,0,0,0,0,0,0,0,0,0,0,0,0,0,0,0,0,0,0,0,0,0,0,0,0,0,0,0,0,0,0,0,0,0,0,0,0,35,0,0,0,0,0,0,0,0,0,0,0,45,0,0,0,0,0,0,7,0,0,0,0,0,0,0,0,0,0,21,85,0,0,strafe_left
0,0,155,78,0,0,0,0,9,13,0,0,0,0,62,8,0,0,0,0,0,0,0,0,0,0,0,0,0,0,0,0,0,0,0,0,0,0,0,0,0,0,0,0,0,0,0,0,0,0,0,0,0,0,0,0,0,0,0,0,0,0,60,0,0,0,0,0,0,0,0,0,0,0,70,18,0,0,0,0,0,0,0,0,0,0,7,0,0,0,0,0,9,37,0,0,strafe_left
0,0,170,88,0,0,0,0,12,11,0,0,0,0,57,0,0,0,0,0,0,0,0,0,0,0,0,0,0,0,0,0,0,0,0,0,0,0,0,0,0,0,0,0,0,0,0,0,0,0,0,0,0,0,0,0,0,0,0,0,0,0,71,0,0,0,0,0,0,0,0,0,0,0,77,33,0,0,0,0,0,0,0,0,0,0,24,5,0,0,0,0,10,46,0,0,strafe_left
0,0,128,69,0,0,0,0,25,42,0,0,0,0,43,0,0,0,0,0,0,0,0,0,0,0,0,0,0,0,0,0,0,0,0,0,0,0,0,0,0,0,0,0,0,0,0,0,0,0,0,0,0,0,0,0,0,0,0,0,0,0,72,0,0,0,0,0,0,0,0,0,0,0,80,34,0,0,0,0,0,0,0,0,0,0,22,0,0,0,0,0,8,45,0,0,strafe_left
0,0,75,45,0,0,0,0,46,65,0,0,0,0,35,0,0,0,0,0,0,0,0,0,0,0,0,0,0,0,0,0,0,0,0,0,0,0,0,0,0,0,0,0,0,0,0,0,0,0,0,0,0,0,0,0,0,0,0,0,0,0,70,0,0,0,0,0,0,0,0,0,0,0,74,27,0,0,0,0,0,0,0,0,0,0,15,0,0,0,0,0,12,51,0,0,strafe_left
0,0,91,53,0,0,0,0,47,64,0,0,0,0,35,0,0,0,0,0,0,0,0,0,0,0,0,0,0,0,0,0,0,0,0,0,0,0,0,0,0,0,0,0,0,0,0,0,0,0,0,0,0,0,0,0,0,0,0,0,0,0,70,0,0,0,0,0,0,0,0,0,0,0,72,27,0,0,0,0,0,0,0,0,0,0,12,0,0,0,0,0,6,43,0,0,strafe_left
0,0,115,61,0,0,0,0,42,59,0,0,0,0,30,0,0,0,0,0,0,0,0,0,0,0,0,0,0,0,0,0,0,0,0,0,0,0,0,0,0,0,0,0,0,0,0,0,0,0,0,0,0,0,0,0,0,0,0,0,0,0,73,0,0,0,0,0,0,0,0,0,0,0,73,25,0,0,0,0,0,0,0,0,0,0,11,0,0,0,0,0,8,43,0,0,strafe_left
0,0,143,74,0,0,0,0,34,38,0,0,0,0,43,0,0,0,0,0,0,0,0,0,0,0,0,0,0,0,0,0,0,0,0,0,0,0,0,0,0,0,0,0,0,0,0,0,0,0,0,0,0,0,0,0,0,0,0,0,0,0,73,0,0,0,0,0,0,0,0,0,0,0,74,27,0,0,0,0,0,0,0,0,0,0,13,0,0,0,0,0,11,41,0,0,strafe_left
0,0,119,59,0,0,0,0,32,43,0,0,0,0,66,23,0,0,0,0,0,0,0,0,0,0,0,0,0,0,0,0,0,0,0,0,0,0,0,0,0,0,0,0,0,0,0,0,0,0,0,0,0,0,0,0,0,0,0,0,0,0,74,6,0,0,0,0,0,0,0,0,0,0,65,23,0,0,0,0,0,8,0,0,0,0,0,0,0,0,0,0,0,7,0,0,strafe_left
0,0,111,56,0,0,0,0,21,37,0,0,0,0,70,27,0,0,0,0,0,0,0,0,0,0,8,0,0,0,0,0,0,0,0,0,0,0,0,0,0,0,0,0,0,0,0,0,0,0,0,0,0,0,0,0,0,0,0,0,0,0,76,4,0,0,0,0,0,0,0,0,0,0,66,21,0,0,0,0,0,10,0,0,0,0,0,0,0,0,0,0,0,9,0,0,strafe_left
0,0,121,62,0,0,0,0,26,41,0,0,0,0,65,22,0,0,0,0,0,0,0,0,0,0,5,0,0,0,0,0,0,0,0,0,0,0,0,0,0,0,0,0,0,0,0,0,0,0,0,0,0,0,0,0,0,0,0,0,0,0,73,0,0,0,0,0,0,0,0,0,0,0,66,20,0,0,0,0,0,7,0,0,0,0,0,0,0,0,0,0,0,17,0,0,strafe_left
0,0,147,76,0,0,0,0,24,32,0,0,0,0,68,25,0,0,0,0,0,0,0,0,0,0,0,0,0,0,0,0,0,0,0,0,0,0,0,0,0,0,0,0,0,0,0,0,0,0,0,0,0,0,0,0,0,0,0,0,0,0,67,0,0,0,0,0,0,0,0,0,0,0,71,24,0,0,0,0,0,0,0,0,0,0,6,0,0,0,0,0,4,28,0,0,strafe_left
0,0,142,75,0,0,0,0,23,24,0,0,0,0,61,16,0,0,0,0,0,0,0,0,0,0,0,0,0,0,0,0,0,0,0,0,0,0,0,0,0,0,0,0,0,0,0,0,0,0,0,0,0,0,0,0,0,0,0,0,0,0,76,0,0,0,0,0,0,0,0,0,0,0,77,31,0,0,0,0,0,0,0,0,0,0,18,0,0,0,0,0,6,40,0,0,strafe_left
0,0,116,66,0,0,0,0,44,48,0,0,0,0,18,0,0,0,0,0,0,0,0,0,0,0,0,0,0,0,0,0,0,0,0,0,0,0,0,0,0,0,0,0,0,0,0,0,0,0,0,0,0,0,0,0,0,0,0,0,0,0,80,0,0,0,0,0,0,0,0,0,0,0,79,33,0,0,0,0,0,0,0,0,0,0,24,0,0,0,0,0,7,44,0,0,strafe_left
0,0,123,65,0,0,0,0,40,51,0,0,0,0,44,0,0,0,0,0,0,0,0,0,0,0,0,0,0,0,0,0,0,0,0,0,0,0,0,0,0,0,0,0,0,0,0,0,0,0,0,0,0,0,0,0,0,0,0,0,0,0,69,0,0,0,0,0,0,0,0,0,0,0,72,27,0,0,0,0,0,0,0,0,0,0,7,0,0,0,0,0,9,38,0,0,strafe_left
0,0,129,74,0,0,0,0,38,49,0,0,0,0,50,3,0,0,0,0,0,0,0,0,0,0,0,0,0,0,0,0,0,0,0,0,0,0,0,0,0,0,0,0,0,0,0,0,0,0,0,0,0,0,0,0,0,0,0,0,0,0,66,0,0,0,0,0,0,0,0,0,0,0,72,30,0,0,0,0,0,0,0,0,0,0,22,3,0,0,0,0,7,51,0,0,strafe_left
0,0,124,72,0,0,0,0,54,61,0,0,0,0,25,0,0,0,0,0,0,0,0,0,0,0,0,0,0,0,0,0,0,0,0,0,0,0,0,0,0,0,0,0,0,0,0,0,0,0,0,0,0,0,0,0,0,0,0,0,0,0,62,0,0,0,0,0,0,0,0,0,0,0,78,32,0,0,0,0,0,0,0,0,0,0,33,3,0,0,0,0,9,55,0,0,strafe_left
0,0,102,64,0,0,0,0,51,53,0,0,0,0,18,0,0,0,0,0,0,0,0,0,0,0,0,0,0,0,0,0,0,0,0,0,0,0,0,0,0,0,0,0,0,0,0,0,0,0,0,0,0,0,0,0,0,0,0,0,0,0,65,0,0,0,0,0,0,0,0,0,0,0,80,35,0,0,0,0,0,0,0,0,0,0,34,6,0,0,0,0,9,58,0,0,strafe_left
0,0,125,72,0,0,0,0,36,13,0,0,0,0,8,0,0,0,0,0,0,0,0,0,0,0,0,0,0,0,0,0,0,0,0,0,0,0,0,0,0,0,0,0,0,0,0,0,0,0,0,0,0,0,0,0,0,0,0,0,0,0,59,0,0,0,0,0,0,0,0,0,0,0,89,44,0,0,0,0,0,0,0,0,0,0,46,19,0,0,0,0,11,58,0,0,strafe_left
0,0,138,76,0,0,0,0,30,0,0,0,0,0,11,0,0,0,0,0,0,0,0,0,0,0,0,0,0,0,0,0,0,0,0,0,0,0,0,0,0,0,0,0,0,0,0,0,0,0,0,0,0,0,0,0,0,0,0,0,0,0,60,0,0,0,0,0,0,0,0,0,0,0,86,43,0,0,0,0,0,0,0,0,0,0,43,18,0,0,0,0,10,59,0,0,strafe_left
0,0,226,101,0,0,0,0,0,0,0,0,0,0,0,0,0,0,0,0,0,0,0,0,0,0,0,0,0,0,0,0,0,0,0,0,0,0,0,0,0,0,0,0,0,0,0,0,0,0,0,0,0,0,0,0,0,0,0,0,0,0,60,0,0,0,0,0,0,0,0,0,0,0,89,45,0,0,0,0,0,0,0,0,0,0,53,20,0,0,0,0,11,55,0,0,strafe_left
0,0,324,114,0,0,0,0,0,0,0,0,0,0,14,0,0,0,0,0,0,0,0,0,0,0,0,0,0,0,0,0,0,0,0,0,0,0,0,0,0,0,0,0,0,0,0,0,0,0,0,0,0,0,0,0,0,0,0,0,0,0,60,0,0,0,0,0,0,0,0,0,0,0,88,39,0,0,0,0,0,0,0,0,0,0,53,21,0,0,0,0,11,53,0,0,strafe_left
0,0,334,127,0,0,0,0,0,0,0,0,0,0,13,0,0,0,0,0,0,0,0,0,0,0,0,0,0,0,0,0,0,0,0,0,0,0,0,0,0,0,0,0,0,0,0,0,0,0,0,0,0,0,0,0,0,0,0,0,0,0,61,0,0,0,0,0,0,0,0,0,0,0,85,41,0,0,0,0,0,0,0,0,0,0,55,23,0,0,0,0,13,53,0,0,strafe_left
0,0,397,66,0,0,0,0,0,0,0,0,0,0,36,0,0,0,0,0,0,0,0,0,0,0,0,0,0,0,0,0,0,0,0,0,0,0,0,0,0,0,0,0,0,0,0,0,0,0,0,0,0,0,0,0,0,0,0,0,0,0,63,0,0,0,0,0,0,0,0,0,0,0,87,43,0,0,0,0,0,0,0,0,0,0,56,26,0,0,0,0,11,47,0,0,strafe_left
0,0,386,103,0,0,0,0,0,0,0,0,0,0,19,0,0,0,0,0,0,0,0,0,0,0,0,0,0,0,0,0,0,0,0,0,0,0,0,0,0,0,0,0,0,0,0,0,0,0,0,0,0,0,0,0,0,0,0,0,0,0,60,0,0,0,0,0,0,0,0,0,0,0,88,46,0,0,0,0,0,0,0,0,0,0,59,24,0,0,0,0,10,51,0,0,strafe_left
0,0,155,81,0,0,0,0,4,0,0,0,0,0,0,0,0,0,0,0,0,0,0,0,0,0,0,0,0,0,0,0,0,0,0,0,0,0,0,0,0,0,0,0,0,0,0,0,0,0,0,0,0,0,0,0,0,0,0,0,0,0,75,0,0,0,0,0,0,0,0,0,0,0,102,60,0,0,0,0,0,0,0,0,0,0,92,38,0,0,0,0,8,10,0,0,strafe_left
0,0,80,44,0,0,0,0,15,44,0,0,0,0,0,0,0,0,0,0,0,0,0,0,0,0,0,0,0,0,0,0,0,0,0,0,0,0,0,0,0,0,0,0,0,0,0,0,0,0,0,0,0,0,0,0,0,0,0,0,0,0,62,0,0,0,0,0,0,0,0,0,0,0,83,36,0,0,0,0,0,0,0,0,0,0,89,37,0,0,0,0,14,26,0,0,strafe_left
0,0,30,18,0,0,5,0,50,105,0,0,0,0,0,0,0,0,0,0,0,0,0,0,0,0,0,0,0,0,0,0,0,0,0,0,0,0,0,0,0,0,0,0,0,0,0,0,0,0,0,0,0,0,0,0,0,0,0,0,0,0,46,0,0,0,0,0,0,0,0,0,0,0,80,30,0,0,0,0,0,0,0,0,0,0,74,42,0,0,0,0,18,41,0,0,strafe_left
0,0,89,47,0,0,0,0,25,25,0,0,0,0,0,0,0,0,0,0,0,0,0,0,0,0,0,0,0,0,0,0,0,0,0,0,0,0,0,0,0,0,0,0,0,0,0,0,0,0,0,0,0,0,0,0,0,0,0,0,0,0,44,0,0,0,0,0,0,0,0,0,0,0,83,36,0,0,0,0,0,0,0,0,0,0,80,38,0,0,0,0,16,43,0,0,strafe_left
0,0,109,51,0,0,0,0,13,0,0,0,0,0,0,0,0,0,0,0,0,0,0,0,0,0,0,0,0,0,0,0,0,0,0,0,0,0,0,0,0,0,0,0,0,0,0,0,0,0,0,0,0,0,0,0,0,0,0,0,0,0,44,0,0,0,0,0,0,0,0,0,0,0,84,37,0,0,0,0,0,0,0,0,0,0,81,42,0,0,0,0,18,44,0,0,strafe_left
0,0,80,43,0,0,0,0,31,48,0,0,0,0,0,0,0,0,0,0,0,0,0,0,0,0,0,0,0,0,0,0,0,0,0,0,0,0,0,0,0,0,0,0,0,0,0,0,0,0,0,0,0,0,0,0,0,0,0,0,0,0,47,0,0,0,0,0,0,0,0,0,0,0,85,36,0,0,0,0,0,0,0,0,0,0,84,43,0,0,0,0,16,49,0,0,strafe_left
0,0,53,26,0,0,5,0,46,75,0,0,0,0,0,0,0,0,0,0,0,0,0,0,0,0,0,0,0,0,0,0,0,0,0,0,0,0,0,0,0,0,0,0,0,0,0,0,0,0,0,0,0,0,0,0,0,0,0,0,0,0,44,0,0,0,0,0,0,0,0,0,0,0,87,37,0,0,0,0,0,0,0,0,0,0,84,42,0,0,0,0,13,46,0,0,strafe_left
0,0,116,62,0,0,0,0,28,62,0,0,0,0,19,6,0,0,0,0,0,0,0,0,0,0,0,0,0,0,0,0,0,0,0,0,0,0,0,0,0,0,0,0,0,0,0,0,0,0,0,0,0,0,0,0,0,0,0,0,0,0,41,0,0,0,0,0,0,0,0,0,0,0,71,22,0,0,0,0,0,0,0,0,0,0,15,0,0,0,0,0,10,17,0,0,strafe_left
0,0,0,0,0,0,0,0,0,0,0,0,0,0,0,0,0,0,0,0,0,0,0,0,0,0,41,47,0,0,0,0,0,0,0,0,0,0,139,66,0,0,0,0,0,63,0,0,11,0,0,19,14,0,0,0,14,52,0,0,0,0,0,28,0,0,0,0,0,0,0,0,0,0,11,0,0,0,0,0,0,0,0,0,0,0,0,0,0,0,0,0,0,0,0,0,strafe_right
0,0,0,0,0,0,0,0,0,0,0,0,0,0,0,0,0,0,0,0,0,0,0,0,0,0,17,43,0,0,0,0,0,0,0,0,0,0,113,58,0,0,0,0,0,86,0,0,4,0,0,17,15,0,0,0,13,49,0,0,0,0,0,29,0,0,0,0,0,0,0,0,0,0,12,0,0,0,0,0,0,0,0,0,0,0,0,0,0,0,0,0,0,0,0,0,strafe_right
0,0,0,0,0,0,0,0,0,0,0,0,0,0,0,0,0,0,0,0,0,0,0,0,0,0,0,38,0,0,0,0,0,5,0,0,0,0,55,47,0,0,0,0,0,113,0,42,4,0,0,25,21,0,0,0,11,46,0,0,0,0,0,32,0,0,0,0,0,0,0,0,0,0,7,0,0,0,0,0,0,0,0,0,0,0,0,0,0,0,0,0,0,0,0,0,strafe_right
0,0,0,0,0,0,0,0,0,0,0,0,0,0,0,0,0,0,0,0,0,0,0,0,0,0,0,36,0,0,0,0,0,8,0,0,0,0,39,39,0,0,0,0,0,112,0,12,3,0,0,26,21,0,0,0,14,50,0,0,0,0,0,26,0,0,0,0,0,0,0,0,0,0,11,0,0,0,0,0,0,0,0,0,0,0,0,0,0,0,0,0,0,0,0,0,strafe_right
0,0,0,0,0,0,0,0,0,0,0,0,0,0,0,0,0,0,0,0,0,0,0,0,0,0,0,41,0,0,0,0,0,9,0,0,0,0,45,42,0,0,0,0,0,125,0,20,0,0,0,27,23,0,0,0,15,51,0,0,0,0,0,25,0,0,0,0,0,0,0,0,0,0,7,0,0,0,0,0,0,0,0,0,0,0,0,0,0,0,0,0,0,0,0,0,strafe_right
0,0,0,0,0,0,0,0,0,0,0,0,0,0,0,0,0,0,0,0,0,0,0,0,0,0,0,33,0,0,0,0,0,15,0,0,0,0,9,22,0,0,0,0,0,120,0,8,5,0,0,19,13,0,4,3,19,61,0,0,0,0,0,0,0,0,0,0,0,0,0,0,0,0,5,0,0,0,0,0,0,0,0,0,0,0,0,0,0,0,0,0,0,0,0,0,strafe_right
0,0,0,0,0,0,0,0,0,0,0,0,0,0,0,0,0,0,0,0,0,0,0,0,0,0,65,41,0,0,0,0,0,0,0,0,0,0,87,34,0,0,0,0,0,83,0,0,7,0,0,10,0,0,0,0,16,44,0,0,0,0,0,0,0,0,0,0,0,0,0,0,0,0,8,0,0,0,0,0,0,0,0,0,0,0,0,0,0,0,0,0,0,0,0,0,strafe_right
0,0,0,0,0,0,0,0,0,0,0,0,0,0,0,0,0,0,0,0,0,0,0,0,0,0,50,39,0,0,0,0,0,0,0,0,0,0,63,27,0,0,0,0,0,100,0,0,5,0,0,10,0,0,0,0,22,58,0,0,0,0,0,0,0,0,0,0,0,0,0,0,0,0,9,0,0,0,0,0,0,0,0,0,0,0,0,0,0,0,0,0,0,0,0,0,strafe_right
0,0,0,0,0,0,0,0,0,0,0,0,0,0,0,0,0,0,0,0,0,0,0,0,0,0,62,43,0,0,0,0,0,0,0,0,0,0,74,30,0,0,0,0,0,92,0,0,0,0,0,7,0,0,0,0,25,63,0,0,0,0,0,0,0,0,0,0,0,0,0,0,0,0,6,0,0,0,0,0,0,0,0,0,0,0,0,0,0,0,0,0,0,0,0,0,strafe_right
0,0,0,0,0,0,0,0,0,0,0,0,0,0,0,0,0,0,0,0,0,0,0,0,0,0,9,0,0,0,0,0,0,27,0,0,0,0,9,0,0,0,0,0,0,186,0,4,0,0,0,0,0,0,0,0,18,55,0,0,0,0,0,0,0,0,0,0,0,0,0,0,0,0,0,0,0,0,0,0,0,0,0,0,0,0,0,0,0,0,0,0,0,0,0,0,strafe_right
0,0,0,0,0,0,0,0,0,0,0,0,0,0,0,0,0,0,0,0,0,0,0,0,0,0,96,62,0,0,0,0,0,15,0,0,0,0,83,41,0,0,0,0,0,67,0,0,0,0,0,20,0,0,0,0,13,57,0,0,0,0,45,27,0,0,0,0,0,0,0,0,0,0,6,0,0,0,0,0,0,0,0,0,0,0,0,0,0,0,0,0,0,0,0,0,strafe_right
0,0,0,0,0,0,0,0,0,0,0,0,0,0,5,0,0,0,0,0,0,0,0,0,0,0,98,60,0,0,0,0,0,11,0,0,0,0,86,42,0,0,0,0,0,63,0,0,0,0,0,16,0,0,0,0,11,53,0,0,0,0,45,28,0,0,0,0,0,0,0,0,0,0,8,0,0,0,0,0,0,0,0,0,0,0,0,0,0,0,0,0,0,0,0,0,strafe_right
0,0,0,0,0,0,0,0,0,0,0,0,0,0,6,0,0,0,0,0,0,0,0,0,0,0,107,67,0,0,0,0,0,0,0,0,0,0,90,44,0,0,0,0,0,42,0,0,0,0,0,39,0,0,0,0,0,16,0,0,0,0,61,49,0,0,0,0,0,0,0,0,0,0,10,0,0,0,0,0,0,0,0,0,0,0,0,0,0,0,0,0,0,0,0,0,strafe_right
0,0,0,0,0,0,0,0,0,0,0,0,0,0,11,0,0,0,0,0,0,0,0,0,0,0,112,66,0,0,0,0,0,0,0,0,0,0,101,47,0,0,0,0,0,33,0,0,0,0,0,47,0,0,0,0,0,8,0,0,0,0,72,48,0,0,0,0,0,0,0,0,0,0,16,0,0,0,0,0,0,0,0,0,0,0,0,0,0,0,0,0,0,0,0,0,strafe_right
0,0,0,0,0,0,0,0,0,0,0,0,0,0,12,0,0,0,0,0,0,0,0,0,0,0,111,66,0,0,0,0,0,0,0,0,0,0,103,47,0,0,0,0,0,34,0,0,0,0,0,50,0,0,0,0,0,9,0,0,0,0,70,48,0,0,0,0,0,0,0,0,0,0,15,0,0,0,0,0,0,0,0,0,0,0,0,0,0,0,0,0,0,0,0,0,strafe_right
0,0,0,0,0,0,0,0,0,0,0,0,0,0,0,0,0,0,0,0,0,0,0,0,0,0,82,58,0,0,0,0,0,14,0,0,0,0,73,42,0,0,0,0,0,79,0,0,0,0,0,36,0,0,0,0,0,23,0,0,0,0,60,48,0,0,0,0,0,0,0,0,0,0,13,0,0,0,0,0,0,0,0,0,0,0,0,0,0,0,0,0,0,0,0,0,strafe_right
0,0,0,0,0,0,0,0,0,0,0,0,0,0,0,0,0,0,0,0,0,0,0,0,0,0,51,37,0,0,0,0,0,24,0,0,0,0,54,30,0,0,0,0,0,120,0,0,0,0,0,9,0,0,0,0,8,52,0,0,0,0,40,26,0,0,0,0,0,0,0,0,0,0,9,0,0,0,0,0,0,0,0,0,0,0,0,0,0,0,0,0,0,0,0,0,strafe_right
0,0,0,0,0,0,0,0,0,0,0,0,0,0,0,0,0,0,0,0,0,0,0,0,0,0,56,43,0,0,0,0,0,24,0,0,0,0,52,29,0,0,0,0,0,119,0,0,3,0,0,13,0,0,0,0,12,59,0,0,0,0,42,32,0,0,0,0,0,0,0,0,0,0,4,0,0,0,0,0,0,0,0,0,0,0,0,0,0,0,0,0,0,0,0,0,strafe_right
0,0,0,0,0,0,0,0,0,0,0,0,0,0,0,0,0,0,0,0,0,0,0,0,0,0,77,56,0,0,0,0,0,22,0,0,0,0,61,30,0,0,0,0,0,82,0,0,0,0,0,13,0,0,0,0,6,52,0,0,0,0,47,35,0,0,0,0,0,0,0,0,0,0,8,0,0,0,0,0,0,0,0,0,0,0,0,0,0,0,0,0,0,0,0,0,strafe_right
0,0,0,0,0,0,0,0,0,0,0,0,0,0,3,0,0,0,0,0,0,0,0,0,0,0,103,66,0,0,0,0,0,9,0,0,0,0,88,40,0,0,0,0,0,74,0,0,0,0,0,32,0,0,0,0,0,29,0,0,0,0,65,52,0,0,0,0,0,0,0,0,0,0,19,0,0,0,0,0,0,0,0,0,0,0,0,0,0,0,0,0,0,0,0,0,strafe_right
0,0,0,0,0,0,0,0,0,0,0,0,0,0,12,0,0,0,0,0,0,0,0,0,0,0,107,66,0,0,0,0,0,0,0,0,0,0,86,39,0,0,0,0,0,53,0,0,0,0,0,45,0,0,0,0,0,23,0,0,0,0,67,53,0,0,0,0,0,0,0,0,0,0,21,0,0,0,0,0,0,0,0,0,0,0,0,0,0,0,0,0,0,0,0,0,strafe_right
0,0,0,0,0,0,0,0,0,0,0,0,0,0,14,0,0,0,0,0,0,0,0,0,0,0,108,68,0,0,0,0,0,9,0,0,0,0,87,40,0,0,0,0,0,62,0,0,0,0,0,42,0,0,0,0,0,31,0,0,0,0,75,61,0,0,0,0,0,0,0,0,0,0,25,0,0,0,0,0,0,0,0,0,0,0,0,0,0,0,0,0,0,0,0,0,strafe_right
0,0,0,0,0,0,0,0,0,0,0,0,0,0,11,3,0,0,0,0,0,0,0,0,0,0,106,66,0,0,0,0,0,16,0,0,0,0,69,32,0,0,0,0,0,34,0,0,0,0,0,44,0,0,0,0,0,44,0,0,0,0,83,65,0,0,0,0,0,0,0,0,0,0,23,0,0,0,0,0,0,0,0,0,0,0,0,0,0,0,0,0,0,0,0,0,strafe_right
0,0,0,0,0,0,0,0,0,0,0,0,0,0,0,0,0,0,0,0,0,0,0,0,0,0,62,46,0,0,0,0,0,44,0,0,0,0,72,39,0,0,0,0,0,10,0,0,0,0,0,0,0,0,0,0,5,56,0,0,0,0,13,0,0,0,0,0,0,0,0,0,0,0,0,0,0,0,0,0,0,0,0,0,0,0,0,0,0,0,0,0,0,0,0,0,strafe_right
0,0,0,0,0,0,0,0,0,0,0,0,0,0,0,0,0,0,0,0,0,0,0,0,0,0,66,47,0,0,0,0,0,43,0,0,0,0,76,39,0,0,0,0,0,10,0,0,0,0,0,11,0,0,0,0,0,35,0,0,0,0,37,15,0,0,0,0,0,0,0,0,0,0,3,0,0,0,0,0,0,0,0,0,0,0,0,0,0,0,0,0,0,0,0,0,strafe_right
0,0,0,0,0,0,0,0,0,0,0,0,0,0,3,0,0,0,0,0,0,0,0,0,0,0,88,55,0,0,0,0,0,19,0,0,0,0,85,42,0,0,0,0,0,25,0,0,0,0,0,49,0,0,0,0,0,0,0,0,0,0,25,0,0,0,0,0,0,0,0,0,0,0,0,0,0,0,0,0,0,0,0,0,0,0,0,0,0,0,0,0,0,0,0,0,strafe_right
0,0,0,0,0,0,0,0,0,0,0,0,0,0,0,0,0,0,0,0,0,0,0,0,0,0,55,39,0,0,0,0,0,27,0,0,0,0,65,32,0,0,0,0,0,31,0,0,0,0,0,20,0,0,0,0,11,51,0,0,0,0,24,0,0,0,0,0,0,0,0,0,0,0,0,0,0,0,0,0,0,0,0,0,0,0,0,0,0,0,0,0,0,0,0,0,strafe_right
0,0,0,0,0,0,0,0,0,0,0,0,0,0,6,11,0,0,0,0,0,0,0,0,0,0,84,55,0,0,0,0,0,31,0,0,0,0,79,38,0,0,0,0,0,0,0,0,0,0,0,30,0,0,0,0,0,27,0,0,0,0,13,6,0,0,0,0,0,0,0,0,0,0,0,0,0,0,0,0,0,0,0,0,0,0,0,0,0,0,0,0,0,0,0,0,strafe_right
0,0,0,0,0,0,0,0,0,0,0,0,0,0,0,13,0,0,0,0,0,0,0,0,0,0,85,54,0,0,0,0,0,32,0,0,0,0,72,37,0,0,0,0,0,0,0,0,0,0,0,27,0,0,0,0,5,28,0,0,0,0,11,0,0,0,0,0,0,0,0,0,0,0,0,0,0,0,0,0,0,0,0,0,0,0,0,0,0,0,0,0,0,0,0,0,strafe_right
0,0,0,0,0,0,0,0,0,0,0,0,0,0,0,23,0,0,0,0,0,0,0,0,0,0,113,78,0,0,0,0,0,4,0,0,0,0,92,49,0,0,0,0,0,62,0,0,0,0,0,28,0,0,0,0,4,48,0,0,0,0,37,30,0,0,0,0,0,0,0,0,0,0,10,0,0,0,0,0,0,0,0,0,0,0,0,0,0,0,0,0,0,0,0,0,strafe_right
0,0,0,0,0,0,0,0,0,0,0,0,0,0,0,5,0,0,0,0,0,0,0,0,0,0,80,58,0,0,0,0,0,7,0,0,0,0,67,35,0,0,0,0,0,52,0,0,4,0,7,28,0,0,0,12,28,61,0,0,0,0,17,0,0,0,0,0,0,0,0,0,0,0,0,0,0,0,0,0,0,0,0,0,0,0,0,0,0,0,0,0,0,0,0,0,strafe_right
0,0,0,0,0,0,0,0,0,0,0,0,0,0,0,0,0,0,0,0,0,0,0,0,0,0,62,49,0,0,0,0,0,9,0,0,0,0,60,33,0,0,0,0,0,62,0,0,0,0,4,26,0,0,0,11,28,58,0,0,0,0,18,0,0,0,0,0,0,0,0,0,0,0,0,0,0,0,0,0,0,0,0,0,0,0,0,0,0,0,0,0,0,0,0,0,strafe_right
0,0,0,0,0,0,0,0,0,0,0,0,0,0,0,0,0,0,0,0,0,0,0,0,0,0,60,48,0,0,0,0,0,12,0,0,0,0,57,31,0,0,0,0,0,59,0,0,4,0,10,30,0,0,0,12,28,60,0,0,0,0,20,0,0,0,0,0,0,0,0,0,0,0,0,0,0,0,0,0,0,0,0,0,0,0,0,0,0,0,0,0,0,0,0,0,strafe_right
0,0,0,0,0,0,0,0,0,0,0,0,0,0,0,21,0,0,0,0,0,0,0,0,0,0,78,53,0,0,0,0,0,13,0,0,0,0,69,35,0,0,0,0,0,53,0,0,6,0,5,26,0,0,0,4,24,53,0,0,0,0,29,3,0,0,0,0,0,0,0,0,0,0,0,0,0,0,0,0,0,0,0,0,0,0,0,0,0,0,0,0,0,0,0,0,strafe_right
0,0,0,0,0,0,0,0,0,0,0,0,0,0,3,18,0,0,0,0,0,0,0,0,0,0,90,57,0,0,0,0,0,0,0,0,0,0,76,38,0,0,0,0,0,59,0,0,0,0,11,38,0,0,0,0,21,41,0,0,0,0,33,8,0,0,0,0,0,0,0,0,0,0,0,0,0,0,0,0,0,0,0,0,0,0,0,0,0,0,0,0,0,0,0,0,strafe_right
0,0,0,0,0,0,0,0,0,0,0,0,0,0,9,10,0,0,0,0,0,0,0,0,0,0,103,66,0,0,0,0,0,0,0,0,0,0,79,40,0,0,0,0,0,33,0,0,0,0,17,51,0,0,0,0,19,38,0,0,0,0,34,10,0,0,0,0,0,0,0,0,0,0,0,0,0,0,0,0,0,0,0,0,0,0,0,0,0,0,0,0,0,0,0,0,strafe_right
0,0,0,0,0,0,0,0,0,0,0,0,0,0,10,6,0,0,0,0,0,0,0,0,0,0,98,64,0,0,0,0,0,0,0,0,0,0,73,39,0,0,0,0,0,52,0,0,0,0,10,48,0,0,0,0,16,37,0,0,0,0,34,13,0,0,0,0,0,0,0,0,0,0,0,0,0,0,0,0,0,0,0,0,0,0,0,0,0,0,0,0,0,0,0,0,strafe_right
0,0,0,0,0,0,0,0,0,0,0,0,0,0,0,0,0,0,0,0,0,0,0,0,0,0,87,60,0,0,0,0,0,4,0,0,0,0,78,43,0,0,0,0,0,69,0,0,0,0,8,46,0,0,0,0,13,34,0,0,0,0,36,16,0,0,0,0,0,0,0,0,0,0,0,0,0,0,0,0,0,0,0,0,0,0,0,0,0,0,0,0,0,0,0,0,strafe_right
0,0,0,0,0,0,0,0,0,0,0,0,0,0,0,0,0,0,0,0,0,0,0,0,0,0,76,55,0,0,0,0,0,9,0,0,0,0,67,38,0,0,0,0,0,82,0,0,0,0,9,49,0,0,0,0,10,30,0,0,0,0,38,22,0,0,0,0,0,0,0,0,0,0,3,0,0,0,0,0,0,0,0,0,0,0,0,0,0,0,0,0,0,0,0,0,strafe_right
0,0,0,0,0,0,0,0,0,0,0,0,0,0,0,0,0,0,0,0,0,0,0,0,0,0,69,52,0,0,0,0,0,11,0,0,0,0,66,38,0,0,0,0,0,73,0,0,0,0,0,28,0,0,0,8,61,68,0,0,0,0,26,12,0,0,0,0,0,0,0,0,0,0,0,0,0,0,0,0,0,0,0,0,0,0,0,0,0,0,0,0,0,0,0,0,strafe_right
0,0,0,0,0,0,0,0,0,0,0,0,0,0,0,0,0,0,0,0,0,0,0,0,0,0,61,46,0,0,0,0,0,9,0,0,0,0,53,30,0,0,0,0,0,55,0,0,0,0,0,19,0,0,0,16,69,85,0,0,0,0,28,9,0,0,0,0,0,0,0,0,0,0,0,0,0,0,0,0,0,0,0,0,0,0,0,0,0,0,0,0,0,0,0,0,strafe_right
0,0,0,0,0,0,0,0,0,0,0,0,0,0,0,0,0,0,0,0,0,0,0,0,0,0,78,54,0,0,0,0,0,9,0,0,0,0,68,34,0,0,0,0,0,70,0,0,0,0,5,24,0,0,0,20,73,88,0,0,0,0,24,6,0,0,0,0,0,0,0,0,0,0,0,0,0,0,0,0,0,0,0,0,0,0,0,0,0,0,0,0,0,0,0,0,strafe_right
0,0,0,0,0,0,0,0,0,0,0,0,0,0,0,0,0,0,0,0,0,0,0,0,0,0,77,55,0,0,0,0,0,9,0,0,0,0,65,34,0,0,0,0,0,62,0,0,0,0,0,19,0,0,0,18,72,88,0,0,0,0,26,5,0,0,0,0,0,0,0,0,0,0,0,0,0,0,0,0,0,0,0,0,0,0,0,0,0,0,0,0,0,0,0,0,strafe_right
0,0,0,0,0,0,0,0,0,0,0,0,0,0,0,3,0,0,0,0,0,0,0,0,0,0,84,57,0,0,0,0,0,7,0,0,0,0,71,37,0,0,0,0,0,62,0,0,0,0,6,29,0,0,0,18,68,83,0,0,0,0,29,8,0,0,0,0,0,0,0,0,0,0,0,0,0,0,0,0,0,0,0,0,0,0,0,0,0,0,0,0,0,0,0,0,strafe_right
0,0,0,0,0,0,0,0,0,0,0,0,0,0,0,5,0,0,0,0,0,0,0,0,0,0,89,57,0,0,0,0,0,0,0,0,0,0,76,38,0,0,0,0,0,56,0,0,0,0,12,40,0,0,0,0,21,40,0,0,0,0,38,21,0,0,0,0,0,0,0,0,0,0,0,0,0,0,0,0,0,0,0,0,0,0,0,0,0,0,0,0,0,0,0,0,strafe_right
0,0,0,0,0,0,0,0,0,0,0,0,0,0,10,6,0,0,0,0,0,0,0,0,0,0,100,60,0,0,0,0,0,0,0,0,0,0,82,42,0,0,0,0,0,37,0,0,0,0,12,48,0,0,0,0,14,29,0,0,0,0,42,25,0,0,0,0,0,0,0,0,0,0,3,0,0,0,0,0,0,0,0,0,0,0,0,0,0,0,0,0,0,0,0,0,strafe_right
0,0,0,0,0,0,0,0,0,0,0,0,0,0,10,7,0,0,0,0,0,0,0,0,0,0,96,62,0,0,0,0,0,0,0,0,0,0,76,40,0,0,0,0,0,50,0,0,0,0,14,51,0,0,0,0,17,33,0,0,0,0,43,26,0,0,0,0,0,0,0,0,0,0,4,0,0,0,0,0,0,0,0,0,0,0,0,0,0,0,0,0,0,0,0,0,strafe_right
0,0,0,0,0,0,0,0,0,0,0,0,0,0,0,3,0,0,0,0,0,0,0,0,0,0,73,52,0,0,0,0,0,6,0,0,0,0,68,38,0,0,0,0,0,71,0,0,0,0,4,30,0,0,0,14,68,82,0,0,0,0,28,12,0,0,0,0,0,0,0,0,0,0,0,0,0,0,0,0,0,0,0,0,0,0,0,0,0,0,0,0,0,0,0,0,strafe_right
0,0,0,0,0,0,0,0,0,0,0,0,0,0,0,0,0,0,0,0,0,0,0,0,0,0,73,51,0,0,0,0,0,10,0,0,0,0,60,33,0,0,0,0,0,66,0,0,0,0,0,21,0,0,0,14,66,83,0,0,0,0,22,8,0,0,0,0,0,0,0,0,0,0,0,0,0,0,0,0,0,0,0,0,0,0,0,0,0,0,0,0,0,0,0,0,strafe_right
0,0,0,0,0,0,0,0,0,0,0,0,0,0,0,0,0,0,0,0,0,0,0,0,0,0,79,52,0,0,0,0,0,10,0,0,0,0,65,36,0,0,0,0,0,66,0,0,0,0,5,27,0,0,0,16,69,89,0,0,0,0,23,8,0,0,0,0,0,0,0,0,0,0,0,0,0,0,0,0,0,0,0,0,0,0,0,0,0,0,0,0,0,0,0,0,strafe_right
0,0,0,0,0,0,0,0,0,0,0,0,0,0,0,0,0,0,0,0,0,0,0,0,0,0,95,58,0,0,0,0,0,12,0,0,0,0,63,31,0,0,0,0,0,38,0,0,0,0,14,35,0,0,0,14,68,88,0,0,0,0,29,17,0,0,0,0,0,0,0,0,0,0,0,0,0,0,0,0,0,0,0,0,0,0,0,0,0,0,0,0,0,0,0,0,strafe_right
0,0,0,18,0,0,0,0,0,0,0,0,0,0,45,61,0,0,0,0,0,13,20,0,0,0,89,61,0,0,0,0,0,18,0,0,0,0,69,37,0,0,0,0,0,3,0,0,0,0,0,75,0,0,0,0,0,50,0,0,0,0,28,39,0,0,0,0,0,57,0,0,0,0,86,69,11,0,0,0,0,0,0,0,0,0,0,25,0,0,0,0,0,0,0,0,none
0,0,0,16,0,0,0,0,0,0,0,0,0,0,43,62,0,0,0,0,0,11,19,0,0,0,91,61,0,0,0,0,0,19,0,0,0,0,66,39,0,0,0,0,0,0,0,0,0,0,0,81,0,0,0,0,0,56,0,0,0,0,31,41,0,0,0,0,0,54,0,0,0,0,85,68,11,0,0,0,0,0,0,0,0,0,0,25,0,0,0,0,0,0,0,0,none
0,0,0,15,0,0,0,0,0,0,0,0,0,0,44,62,0,0,0,0,0,13,21,0,0,0,93,62,0,0,0,0,0,19,0,0,0,0,64,37,0,0,0,0,0,0,0,0,0,0,0,79,0,0,0,0,0,57,0,0,0,0,31,43,0,0,0,0,0,55,0,0,0,0,88,71,14,0,0,0,0,0,0,0,0,0,0,27,0,0,0,0,0,0,0,0,none
0,0,0,17,0,0,0,0,0,3,0,0,0,0,41,60,0,0,0,0,0,12,17,0,0,0,90,59,0,0,0,0,0,18,0,0,0,0,59,34,0,0,0,0,0,0,0,0,0,0,0,61,0,0,0,0,0,54,0,0,0,0,28,34,0,0,0,0,0,55,0,0,0,0,76,65,13,0,0,0,0,0,0,0,0,0,0,26,0,0,0,0,0,0,0,0,none
0,0,0,0,0,0,0,0,0,50,0,0,0,0,9,63,0,0,0,0,0,11,0,0,0,0,27,44,0,0,0,0,0,27,0,0,0,0,0,22,0,0,0,0,0,9,0,0,0,0,0,0,0,0,0,0,0,50,0,0,0,0,21,48,0,0,0,0,0,69,4,0,0,0,51,47,4,0,0,0,0,0,0,0,0,0,0,29,0,0,0,0,0,0,0,0,none
0,0,0,0,0,0,0,0,0,48,0,0,0,0,20,70,0,0,0,0,0,8,0,0,0,0,31,45,0,0,0,0,0,21,0,0,0,0,0,26,0,0,0,0,0,0,0,0,0,0,0,0,0,0,0,0,0,48,0,0,0,0,19,47,0,0,0,0,0,69,5,0,0,0,57,50,5,0,0,0,0,0,0,0,0,0,0,33,0,0,0,0,0,0,0,0,none
0,0,0,0,0,0,0,0,0,39,0,0,0,0,33,77,0,0,0,0,0,0,0,0,0,0,43,50,0,0,0,0,0,18,0,0,0,0,0,30,0,0,0,0,0,0,0,0,0,0,0,0,0,0,0,0,0,47,0,0,0,0,22,37,0,0,0,0,0,69,7,0,0,0,49,47,3,0,0,0,0,0,0,0,0,0,0,30,0,0,0,0,0,5,0,0,none
0,0,0,0,0,0,0,0,0,50,0,0,0,0,38,82,0,0,0,0,0,3,0,0,0,0,40,52,0,0,0,0,0,16,0,0,0,0,0,27,0,0,0,0,0,0,0,0,0,0,0,0,0,0,0,0,0,53,0,0,0,0,23,46,0,0,0,0,0,69,8,0,0,0,56,49,3,0,0,0,0,0,0,0,0,0,0,35,0,0,0,0,0,0,0,0,none
0,0,0,0,0,0,0,0,0,49,0,0,0,0,37,83,0,0,0,0,0,3,0,0,0,0,42,51,0,0,0,0,0,10,0,0,0,0,0,27,0,0,0,0,0,0,0,0,0,0,0,0,0,0,0,0,0,52,0,0,0,0,26,36,0,0,0,0,0,75,9,0,0,0,43,43,0,0,0,0,0,0,0,0,0,0,0,30,0,0,0,0,0,0,0,0,none
0,0,0,0,0,0,0,0,0,49,0,0,0,0,24,74,0,0,0,0,0,7,0,0,0,0,34,50,0,0,0,0,0,22,0,0,0,0,0,21,0,0,0,0,0,0,0,0,0,0,0,0,0,0,0,0,0,54,0,0,0,0,26,29,0,0,0,0,0,79,12,0,0,0,28,34,0,0,0,0,0,0,0,0,0,0,0,20,0,0,0,0,0,0,0,0,none
0,0,0,0,0,0,0,0,0,66,0,0,0,0,0,50,0,0,0,0,0,14,0,0,0,0,17,41,0,0,0,0,0,28,0,0,0,0,0,14,0,0,0,0,0,4,0,0,0,0,0,0,0,0,0,0,0,57,0,0,0,0,28,20,0,0,0,0,0,71,5,0,0,0,27,32,6,0,0,0,0,0,0,0,0,0,0,18,0,0,0,0,0,0,0,0,none
0,0,0,0,0,0,0,0,0,66,0,0,0,0,0,54,0,0,0,0,0,16,0,0,0,0,18,42,0,0,0,0,0,31,0,0,0,0,0,17,0,0,0,0,0,8,0,0,0,0,0,0,0,0,0,0,0,57,0,0,0,0,31,21,0,0,0,0,0,71,10,0,0,0,31,38,11,0,0,0,0,0,0,0,0,0,0,13,0,0,0,0,0,0,0,0,none
0,0,0,0,0,0,0,0,0,62,0,0,0,0,6,60,0,0,0,0,0,11,0,0,0,0,26,45,0,0,0,0,0,24,0,0,0,0,0,23,0,0,0,0,0,5,0,0,0,0,0,0,0,0,0,0,0,55,0,0,0,0,28,24,0,0,0,0,0,66,3,0,0,0,42,44,27,0,0,0,0,0,0,0,0,0,0,18,0,0,0,0,0,0,0,0,none
0,0,0,0,0,0,0,0,0,65,0,0,0,0,9,66,0,0,0,0,0,12,0,0,0,0,27,45,0,0,0,0,0,26,0,0,0,0,0,22,0,0,0,0,0,5,0,0,0,0,0,0,0,0,0,0,0,49,0,0,0,0,30,25,0,0,0,0,0,69,7,0,0,0,40,44,27,0,0,0,0,0,0,0,0,0,0,20,0,0,0,0,0,0,0,0,none
0,0,0,0,0,0,0,0,0,65,0,0,0,0,5,65,0,0,0,0,0,14,0,0,0,0,22,44,0,0,0,0,0,30,0,0,0,0,0,18,0,0,0,0,0,6,0,0,0,0,0,0,0,0,0,0,0,51,0,0,0,0,33,27,0,0,0,0,0,61,7,0,0,0,44,45,28,0,0,0,0,0,0,0,0,0,0,21,0,0,0,0,0,0,0,0,none
0,0,11,8,0,0,0,0,0,52,0,0,0,0,49,95,0,0,0,0,0,0,0,0,0,0,47,56,0,0,0,0,0,12,0,0,0,0,0,23,0,0,0,0,0,0,0,0,0,0,0,13,0,0,0,0,0,48,0,0,0,0,31,51,0,0,0,0,0,48,0,0,0,0,91,65,36,0,0,0,0,0,0,0,0,0,16,53,0,0,0,0,0,0,0,0,none
0,0,8,0,0,0,0,0,0,32,0,0,0,0,45,87,0,0,0,0,0,0,0,0,0,0,56,55,0,0,0,0,0,14,0,0,0,0,0,41,0,0,0,0,0,0,0,0,0,0,0,57,0,0,0,6,0,70,0,0,0,0,44,52,0,0,0,0,0,47,0,0,0,0,83,72,42,0,0,0,0,0,0,0,0,0,0,13,0,0,0,0,0,0,0,0,none
0,0,7,0,0,0,0,0,0,30,0,0,0,0,46,89,0,0,0,0,0,0,0,0,0,0,54,53,0,0,0,0,0,14,0,0,0,0,0,41,0,0,0,0,0,0,0,0,0,0,0,59,0,0,0,9,0,72,0,0,0,0,44,52,0,0,0,0,0,47,0,0,0,0,83,67,40,0,0,0,0,0,0,0,0,0,0,10,0,0,0,0,0,0,0,0,none
0,0,0,0,0,0,0,0,0,24,0,0,0,0,44,86,0,0,0,0,0,0,0,0,0,0,53,52,0,0,0,0,0,20,0,0,0,0,0,42,0,0,0,0,0,0,0,0,0,0,0,54,0,0,0,3,0,69,0,0,0,0,44,49,0,0,0,0,0,51,0,0,0,0,78,71,40,0,0,0,0,0,0,0,0,0,0,10,0,0,0,0,0,0,0,0,none
0,0,0,0,0,0,0,0,0,28,0,0,0,0,45,89,0,0,0,0,0,0,0,0,0,0,52,51,0,0,0,0,0,15,0,0,0,0,0,39,0,0,0,0,0,0,0,0,0,0,0,58,0,0,0,9,0,73,0,0,0,0,45,50,0,0,0,0,0,52,0,0,0,0,76,69,38,0,0,0,0,0,0,0,0,0,0,8,0,0,0,0,0,0,0,0,none
0,0,0,0,0,0,0,0,0,40,0,0,0,0,32,82,0,0,0,0,0,0,0,0,0,0,45,49,0,0,0,0,0,19,0,0,0,0,0,37,0,0,0,0,0,0,0,0,0,0,0,47,0,0,0,3,0,68,0,0,0,0,30,46,0,0,0,0,0,56,0,0,0,0,74,68,41,0,0,0,0,0,0,0,0,0,0,11,0,0,0,0,0,0,0,0,none
0,0,0,0,0,0,0,0,0,49,0,0,0,0,8,69,0,0,0,0,0,6,0,0,0,0,37,49,0,0,0,0,0,24,0,0,0,0,0,34,0,0,0,0,0,0,0,0,0,0,0,0,0,0,0,0,0,53,0,0,0,0,34,19,0,0,0,0,0,71,3,0,0,0,35,43,24,0,0,0,0,0,0,0,0,0,0,13,0,0,0,0,0,9,0,0,none
0,0,0,0,0,0,0,0,0,73,0,0,0,0,0,18,0,0,0,0,0,17,0,0,0,0,0,27,0,0,0,0,0,45,0,0,0,0,0,0,0,0,0,0,0,11,0,0,0,0,0,0,0,0,0,0,0,52,0,0,0,0,26,0,0,0,0,0,0,82,10,0,0,0,0,18,0,0,0,0,0,0,0,0,0,0,0,0,0,0,0,0,0,18,0,0,none
0,0,0,0,0,0,0,0,0,0,0,0,0,0,15,51,0,0,0,0,0,4,0,0,0,0,95,58,0,0,0,0,0,18,0,0,0,0,52,40,0,0,0,0,0,0,0,0,0,0,0,0,0,0,0,0,0,43,0,0,0,0,33,23,0,0,0,0,0,32,0,0,0,0,46,34,0,0,0,0,0,0,0,0,0,0,0,36,29,0,0,0,0,0,0,0,none
0,0,0,4,0,0,0,0,0,10,0,0,0,0,27,57,0,0,0,0,0,8,8,0,0,0,98,61,0,0,0,0,0,18,0,0,0,0,51,38,0,0,0,0,0,0,0,0,0,0,0,6,0,0,0,0,0,44,0,0,0,0,39,18,0,0,0,0,0,20,0,0,0,0,54,38,0,0,0,0,0,0,0,0,0,0,0,39,19,0,0,0,0,0,0,0,none
0,0,0,4,0,0,0,0,0,9,0,0,0,0,28,58,0,0,0,0,0,9,8,0,0,0,98,61,0,0,0,0,0,17,0,0,0,0,48,38,0,0,0,0,0,0,0,0,0,0,0,0,0,0,0,0,0,38,0,0,0,0,41,19,0,0,0,0,0,21,0,0,0,0,56,40,0,0,0,0,0,0,0,0,0,0,0,40,11,0,0,0,0,0,0,0,none
0,0,0,3,0,0,0,0,0,9,0,0,0,0,27,59,0,0,0,0,0,10,13,0,0,0,100,61,0,0,0,0,0,19,0,0,0,0,51,37,0,0,0,0,0,0,0,0,0,0,0,3,0,0,0,0,0,42,0,0,0,0,43,21,0,0,0,0,0,20,0,0,0,0,55,35,0,0,0,0,0,0,0,0,0,0,0,43,21,0,0,0,0,0,0,0,none
0,0,0,0,0,0,0,0,0,15,0,0,0,0,16,60,0,0,0,0,0,13,28,0,0,0,79,53,0,0,0,0,0,17,0,0,0,0,43,32,0,0,0,0,0,0,0,0,0,0,0,0,0,0,0,0,0,36,0,0,0,0,36,17,0,0,0,0,0,21,0,0,0,0,49,35,0,0,0,0,0,0,0,0,0,0,0,39,19,0,0,0,0,3,0,0,none
0,0,0,0,0,0,0,0,0,17,0,0,0,0,0,54,0,0,0,0,0,22,51,0,0,0,57,45,0,0,0,0,0,24,0,0,0,0,35,28,0,0,0,0,0,0,0,0,0,0,0,0,0,0,0,0,0,35,0,0,0,0,30,12,0,0,0,0,0,24,0,0,0,0,53,42,0,0,0,0,0,0,0,0,0,0,0,47,33,0,0,0,0,0,0,0,none
0,0,0,0,0,0,0,0,0,19,0,0,0,0,0,49,0,0,0,0,0,25,65,0,0,0,48,41,0,0,0,0,0,27,0,0,0,0,33,28,0,0,0,0,0,0,0,0,0,0,0,0,0,0,0,0,0,47,0,0,0,0,33,11,0,0,0,0,0,25,0,0,0,0,43,36,0,0,0,0,0,0,0,0,0,0,0,26,15,0,0,0,0,0,0,0,none
0,0,0,0,0,0,0,0,0,0,0,0,0,0,0,43,0,0,0,0,0,21,53,0,0,0,67,46,0,0,0,0,0,36,0,0,0,0,46,33,0,0,0,0,0,15,0,0,0,0,0,17,0,0,0,0,0,68,0,0,0,0,37,9,0,0,0,0,0,36,0,0,0,0,38,34,0,0,0,0,0,0,0,0,0,0,0,0,0,0,0,0,0,0,0,0,none
0,0,0,0,0,0,0,0,0,0,0,0,0,0,0,41,0,0,0,0,0,18,44,0,0,0,69,47,0,0,0,0,0,34,0,0,0,0,44,35,0,0,0,0,0,18,0,0,0,0,0,18,0,0,0,0,0,75,0,0,0,0,40,11,0,0,0,0,0,27,0,0,0,0,40,34,0,0,0,0,0,0,0,0,0,0,0,0,0,0,0,0,0,0,0,0,none
0,0,0,0,0,0,0,0,0,0,0,0,0,0,0,37,0,0,0,0,0,13,39,0,0,0,69,48,0,0,0,0,0,34,0,0,0,0,47,34,0,0,0,0,0,19,0,0,0,0,0,28,0,0,0,0,0,79,0,0,0,0,39,12,0,0,0,0,0,26,0,0,0,0,44,34,0,0,0,0,0,0,0,0,0,0,0,0,0,0,0,0,0,0,0,0,none
0,0,0,0,0,0,0,0,0,0,0,0,0,0,0,29,0,0,0,0,0,5,26,0,0,0,72,49,0,0,0,0,0,34,0,0,0,0,47,34,0,0,0,0,0,23,0,0,0,0,0,27,0,0,0,0,0,72,0,0,0,0,46,8,0,0,0,0,0,25,0,0,0,0,47,37,0,0,0,0,0,0,0,0,0,0,0,0,0,0,0,0,0,0,0,0,none
0,0,0,0,0,0,0,0,0,0,0,0,0,0,0,20,0,0,0,0,0,0,15,0,0,0,73,48,0,0,0,0,0,32,0,0,0,0,53,38,0,0,0,0,0,29,0,0,0,0,0,40,0,0,0,0,7,77,0,0,0,0,52,16,0,0,0,0,0,20,0,0,0,0,47,40,0,0,0,0,0,0,0,0,0,0,0,0,0,0,0,0,0,0,0,0,none
0,0,0,0,0,0,0,0,0,0,0,0,0,0,0,10,0,0,0,0,0,0,0,0,0,0,89,54,0,0,0,0,0,27,0,0,0,0,59,41,0,0,0,0,0,30,0,0,0,0,0,48,0,0,0,0,5,76,0,0,0,0,53,16,0,0,0,0,0,14,0,0,0,0,49,42,0,0,0,0,0,0,0,0,0,0,0,0,0,0,0,0,0,0,0,0,none
0,0,0,0,0,0,0,0,0,0,0,0,0,0,0,0,0,0,0,0,0,0,0,0,0,0,85,53,0,0,0,0,0,20,0,0,0,0,60,41,0,0,0,0,0,33,0,0,0,0,0,55,0,0,0,0,10,74,0,0,0,0,51,16,0,0,0,0,0,9,0,0,0,0,49,46,0,0,0,0,0,0,0,0,0,0,0,0,0,0,0,0,0,0,0,0,none
0,0,0,0,0,0,0,0,0,0,0,0,0,0,0,0,0,0,0,0,0,0,0,0,0,0,79,53,0,0,0,0,0,18,0,0,0,0,54,40,0,0,0,0,0,24,0,0,0,0,0,56,0,0,0,0,16,80,0,0,0,0,56,18,0,0,0,0,0,8,0,0,0,0,48,34,0,0,0,0,0,0,0,0,0,0,0,0,0,0,0,0,0,0,0,0,none
0,0,0,0,0,0,0,0,0,0,0,0,0,0,0,8,0,0,0,0,0,0,0,0,0,0,87,56,0,0,0,0,0,22,0,0,0,0,54,40,0,0,0,0,0,18,0,0,0,0,0,44,0,0,0,0,11,75,0,0,0,0,55,19,0,0,0,0,0,15,0,0,0,0,43,40,0,0,0,0,0,0,0,0,0,0,0,0,0,0,0,0,0,0,0,0,none
0,0,0,0,0,0,0,0,0,0,0,0,0,0,0,0,0,0,0,0,0,0,0,0,0,0,91,61,0,0,0,0,0,19,0,0,0,0,66,51,0,0,0,0,0,36,0,0,0,0,0,66,0,0,0,0,14,73,0,0,0,0,58,20,0,0,0,0,0,3,0,0,0,0,44,50,0,0,0,0,0,0,0,0,0,0,0,0,0,0,0,0,0,0,0,0,strafe_right
0,0,0,0,0,0,0,0,0,0,0,0,0,0,0,31,0,0,0,0,0,0,12,0,0,0,74,51,0,0,0,0,0,25,0,0,0,0,47,41,0,0,0,0,0,30,0,0,0,0,0,65,0,0,0,0,13,73,0,0,0,0,58,17,0,0,0,0,0,5,0,0,0,0,49,49,0,0,0,0,0,0,0,0,0,0,0,0,0,0,0,0,0,0,0,0,strafe_right
0,0,0,0,0,0,0,0,0,0,0,0,0,0,0,12,0,0,0,0,0,0,0,0,0,0,92,61,0,0,0,0,0,23,0,0,0,0,65,49,0,0,0,0,0,35,0,0,0,0,0,65,0,0,0,0,14,77,0,0,0,0,58,17,0,0,0,0,0,3,0,0,0,0,48,51,0,0,0,0,0,0,0,0,0,0,0,0,0,0,0,0,0,0,0,0,strafe_right
0,0,0,0,0,0,0,0,0,0,0,0,0,0,0,5,0,0,0,0,0,0,0,0,0,0,100,63,0,0,0,0,0,20,0,0,0,0,72,53,0,0,0,0,0,35,0,0,0,0,0,67,0,0,0,0,16,78,0,0,0,0,55,14,0,0,0,0,0,0,0,0,0,0,46,50,0,0,0,0,0,0,0,0,0,0,0,0,0,0,0,0,0,0,0,0,strafe_right
0,0,0,0,0,0,0,0,0,0,0,0,0,0,0,0,0,0,0,0,0,0,0,0,0,0,107,66,0,0,0,0,0,19,0,0,0,0,74,53,0,0,0,0,0,34,0,0,0,0,0,66,0,0,0,0,16,77,0,0,0,0,55,15,0,0,0,0,0,3,0,0,0,0,45,49,0,0,0,0,0,0,0,0,0,0,0,0,0,0,0,0,0,0,0,0,strafe_right
0,0,0,0,0,0,0,0,0,0,0,0,0,0,0,0,0,0,0,0,0,0,0,0,0,0,111,67,0,0,0,0,0,19,0,0,0,0,74,53,0,0,0,0,0,31,0,0,0,0,0,66,0,0,0,0,18,78,0,0,0,0,56,17,0,0,0,0,0,0,0,0,0,0,45,49,0,0,0,0,0,0,0,0,0,0,0,0,0,0,0,0,0,0,0,0,strafe_right
0,0,0,12,0,0,0,0,0,13,0,0,0,0,14,58,0,0,0,0,0,0,0,0,0,0,99,64,0,0,0,0,0,11,0,0,0,0,45,30,0,0,0,0,0,0,0,0,0,0,0,6,0,0,0,0,0,27,0,0,0,0,47,16,0,0,0,0,0,13,0,0,0,0,72,49,0,0,0,0,0,0,0,0,0,0,16,69,36,0,0,0,0,0,0,0,none
0,0,0,11,0,0,0,0,0,13,0,0,0,0,14,60,0,0,0,0,0,0,0,0,0,0,104,67,0,0,0,0,0,12,0,0,0,0,41,29,0,0,0,0,0,0,0,0,0,0,0,5,0,0,0,0,0,29,0,0,0,0,48,19,0,0,0,0,0,15,0,0,0,0,70,49,0,0,0,0,0,0,0,0,0,0,18,68,36,0,0,0,0,0,0,0,none
0,0,0,14,0,0,0,0,0,24,0,0,0,0,0,48,0,0,0,0,0,10,8,0,0,0,58,41,0,0,0,0,0,15,0,0,0,0,25,15,0,0,0,0,0,0,0,0,0,0,0,0,0,0,0,0,0,40,0,0,0,0,31,11,0,0,0,0,0,23,0,0,0,0,58,45,0,0,0,0,0,0,0,0,0,0,0,38,27,0,0,0,0,0,0,0,none
0,0,0,14,0,0,0,0,0,22,0,0,0,0,6,53,0,0,0,0,0,9,7,0,0,0,68,45,0,0,0,0,0,14,0,0,0,0,35,20,0,0,0,0,0,0,0,0,0,0,0,0,0,0,0,0,0,32,0,0,0,0,41,12,0,0,0,0,0,17,0,0,0,0,71,49,0,0,0,0,0,0,0,0,0,0,13,62,38,0,0,0,0,0,0,0,none
0,0,0,9,0,0,0,0,0,17,0,0,0,0,9,59,0,0,0,0,0,0,0,0,0,0,101,61,0,0,0,0,0,14,0,0,0,0,54,34,0,0,0,0,0,0,0,0,0,0,0,0,0,0,0,0,0,29,0,0,0,0,30,12,0,0,0,0,0,21,0,0,0,0,55,40,0,0,0,0,0,0,0,0,0,0,5,60,42,0,0,0,0,0,0,0,none
0,0,0,17,0,0,0,0,0,21,0,0,0,0,12,58,0,0,0,0,0,0,0,0,0,0,95,60,0,0,0,0,0,10,0,0,0,0,48,30,0,0,0,0,0,0,0,0,0,0,0,0,0,0,0,0,0,26,0,0,0,0,18,12,0,0,0,0,0,21,3,0,0,0,61,42,0,0,0,0,0,0,0,0,0,0,21,71,52,0,0,0,0,0,0,0,none
0,0,0,9,0,0,0,0,0,19,0,0,0,0,10,60,0,0,0,0,0,6,0,0,0,0,87,57,0,0,0,0,0,16,0,0,0,0,47,33,0,0,0,0,0,0,0,0,0,0,0,0,0,0,0,0,0,34,0,0,0,0,31,9,0,0,0,0,0,22,0,0,0,0,57,43,0,0,0,0,0,0,0,0,0,0,0,50,29,0,0,0,0,0,0,0,none
0,0,0,0,0,0,0,0,0,15,0,0,0,0,0,59,0,0,0,0,0,8,0,0,0,0,99,62,0,0,0,0,0,20,0,0,0,0,50,38,0,0,0,0,0,0,0,0,0,0,0,0,0,0,0,0,0,36,0,0,0,0,33,12,0,0,0,0,0,23,0,0,0,0,57,44,0,0,0,0,0,0,0,0,0,0,0,42,23,0,0,0,0,0,0,0,none
0,0,0,0,0,0,0,0,0,9,0,0,0,0,0,45,0,0,0,0,0,0,0,0,0,0,73,50,0,0,0,0,0,20,0,0,0,0,44,36,0,0,0,0,0,0,0,0,0,0,0,0,0,0,0,0,0,39,0,0,0,0,25,9,0,0,0,0,0,25,5,0,0,0,44,34,0,0,0,0,0,0,0,0,0,0,0,17,18,0,0,0,0,0,0,0,none
0,0,0,0,0,0,0,0,0,11,0,0,0,0,0,44,0,0,0,0,0,10,0,0,0,0,66,46,0,0,0,0,0,21,0,0,0,0,45,34,0,0,0,0,0,4,0,0,0,0,0,0,0,0,0,0,0,43,3,0,0,0,10,3,0,0,0,0,0,22,0,0,0,0,39,33,0,0,0,0,0,0,0,0,0,0,0,12,18,0,0,0,0,0,0,0,none
0,0,0,0,0,0,0,0,0,33,0,0,0,0,0,35,0,0,0,0,0,18,0,0,0,0,46,31,0,0,0,0,0,23,0,0,0,0,20,17,0,0,0,0,0,3,0,0,0,0,0,0,0,0,0,0,0,43,10,0,0,0,0,0,0,0,0,0,0,35,15,0,0,0,23,26,0,0,0,0,0,9,0,28,0,0,0,0,0,0,0,0,0,0,0,0,none
0,0,0,0,0,0,0,0,0,31,0,0,0,0,0,35,0,0,0,0,0,20,0,0,0,0,48,34,0,0,0,0,0,24,0,0,0,0,22,14,0,0,0,0,0,5,0,0,0,0,0,0,0,0,0,0,0,48,14,0,0,0,0,0,0,0,0,0,0,38,22,0,0,0,9,19,0,0,0,0,0,10,3,34,0,0,0,0,0,0,0,0,0,0,0,0,none
0,0,0,20,0,0,0,0,0,29,0,0,0,0,48,65,0,0,0,0,0,6,0,0,0,0,111,65,0,0,0,0,0,13,0,0,0,0,49,32,0,0,0,0,0,0,0,0,0,0,0,0,0,0,0,0,0,31,0,0,0,0,35,10,0,0,0,0,0,20,0,0,0,0,64,49,0,0,0,0,0,0,0,0,0,0,18,62,40,0,0,0,0,0,0,0,none
0,0,0,0,0,0,0,0,0,45,0,0,0,0,0,18,0,0,0,0,0,25,0,0,0,0,26,24,0,0,0,0,0,26,0,0,0,0,4,0,0,0,0,0,0,8,0,0,0,0,0,0,0,0,0,0,0,45,16,0,0,0,4,0,0,0,0,0,0,38,23,0,0,0,7,14,0,0,0,0,0,16,6,9,0,0,0,0,0,0,0,0,0,0,0,0,forward
0,0,0,0,0,0,0,0,0,50,0,0,0,0,0,0,0,0,0,0,3,47,26,0,0,0,0,0,0,0,0,0,0,51,0,0,0,0,0,0,0,0,0,0,0,15,0,0,0,0,0,0,0,0,0,0,0,46,20,0,0,0,0,0,0,0,0,0,0,51,37,0,0,0,0,0,0,0,0,0,0,23,14,8,0,0,0,0,0,0,0,0,0,0,0,0,forward
0,0,0,0,0,0,0,0,0,56,4,0,0,0,0,0,0,0,0,0,0,53,40,0,0,0,0,0,0,0,0,0,0,57,9,0,0,0,0,0,0,0,0,0,0,15,0,0,0,0,0,0,0,0,0,0,0,52,36,0,0,0,0,0,0,0,0,0,0,48,55,0,0,0,0,0,0,0,0,0,0,30,26,34,0,0,0,0,0,0,0,0,0,0,0,0,forward
0,0,0,0,0,0,0,0,0,24,0,0,0,0,0,0,0,0,0,0,0,44,39,0,0,0,0,0,0,0,0,0,0,83,49,0,0,0,0,0,0,0,0,0,0,50,0,0,0,0,0,0,0,0,0,0,0,41,42,0,0,0,0,0,0,0,0,0,0,46,57,0,0,0,0,0,0,0,0,0,0,26,32,42,0,0,0,0,0,0,0,0,0,0,0,0,forward
0,0,0,0,0,0,0,0,0,4,0,0,0,0,0,0,0,0,0,0,0,28,42,0,0,0,0,0,0,0,0,0,0,87,74,0,0,0,0,0,0,0,0,0,0,68,0,0,0,0,0,0,0,0,0,0,0,19,28,0,0,0,0,0,0,0,0,0,0,34,56,0,0,0,0,0,0,0,0,0,0,25,38,63,0,0,0,0,0,0,0,0,0,0,0,0,forward
0,0,0,0,0,0,0,0,0,0,0,0,0,0,0,0,0,0,0,0,0,13,47,0,0,0,0,0,0,0,0,0,0,94,100,0,0,0,0,0,0,0,0,0,0,85,0,0,0,0,0,0,0,0,0,0,0,0,12,0,0,0,0,0,0,0,0,0,0,32,62,0,0,0,0,0,0,0,0,0,0,46,45,34,0,0,0,0,0,0,0,0,0,14,7,0,forward
0,0,0,0,0,0,0,0,0,0,0,0,0,0,0,0,0,0,0,0,0,30,54,0,0,0,0,0,0,0,0,0,0,93,92,0,0,0,0,0,0,0,0,0,0,71,0,0,0,0,0,0,0,0,0,0,0,9,18,0,0,0,0,0,0,0,0,0,0,40,64,0,0,0,0,0,0,0,0,0,0,51,39,0,0,0,0,0,0,0,0,0,0,15,4,0,forward
0,0,0,0,0,0,0,0,0,0,0,0,0,0,0,0,0,0,0,0,0,8,58,0,0,0,0,0,0,0,0,0,0,78,101,7,0,0,0,0,0,0,0,0,0,54,0,0,0,0,0,0,0,0,0,0,0,13,21,0,0,0,0,0,0,0,0,0,0,41,70,0,0,0,0,0,0,0,0,0,0,44,41,26,0,0,0,0,0,0,0,0,0,8,7,0,forward
0,0,0,0,0,0,0,0,0,0,0,0,0,0,0,0,0,0,0,0,0,0,72,0,0,0,0,0,0,0,0,0,0,74,121,30,0,0,0,0,0,0,0,0,0,38,0,0,0,0,0,0,0,0,0,0,0,0,0,0,0,0,0,0,0,0,0,0,0,8,48,0,0,0,0,0,0,0,0,0,0,16,52,154,0,0,0,0,0,0,0,0,0,0,0,0,forward
0,0,0,0,0,0,0,0,0,25,33,0,0,0,0,0,0,0,0,0,0,51,132,0,0,0,0,0,0,0,0,0,0,95,94,0,0,0,0,0,0,0,0,0,0,25,0,0,0,0,0,0,0,0,0,0,0,0,5,0,0,0,0,0,0,0,0,0,0,11,52,0,0,0,0,0,0,0,0,0,0,19,50,80,0,0,0,0,0,0,0,0,0,0,0,0,forward
0,0,0,0,0,0,0,0,0,38,9,0,0,0,0,0,0,0,0,0,0,80,88,0,0,0,0,0,0,0,0,0,0,117,47,0,0,0,0,0,0,0,0,0,0,55,0,0,0,0,0,0,0,0,0,0,0,0,3,0,0,0,0,0,0,0,0,0,0,40,60,0,0,0,0,0,0,0,0,0,0,51,47,0,0,0,0,0,0,0,0,0,0,21,8,0,forward
0,0,0,0,0,0,0,0,0,46,0,0,0,0,0,0,0,0,0,0,0,105,22,0,0,0,0,0,0,0,0,0,0,133,0,0,0,0,0,0,0,0,0,0,0,49,0,0,0,0,0,0,0,0,0,0,0,29,14,0,0,0,0,0,0,0,0,0,0,53,58,0,0,0,0,0,0,0,0,0,0,54,35,0,0,0,0,0,0,0,0,0,0,18,3,0,forward
0,0,0,0,0,0,0,0,0,42,0,0,0,0,0,0,0,0,0,0,6,112,17,0,0,0,0,0,0,0,0,0,0,130,0,0,0,0,0,0,0,0,0,0,0,58,0,0,0,0,0,0,0,0,0,0,0,46,16,0,0,0,0,0,0,0,0,0,0,72,54,0,0,0,0,0,0,0,0,0,0,63,30,0,0,0,0,0,0,0,0,0,0,9,0,0,forward
0,0,0,0,0,0,0,0,0,70,0,0,0,0,0,0,0,0,0,0,28,136,18,0,0,0,0,0,0,0,0,0,0,83,0,0,0,0,0,0,0,0,0,0,0,13,0,0,0,0,0,0,0,0,0,0,0,62,30,0,0,0,0,0,0,0,0,0,0,75,50,0,0,0,0,0,0,0,0,0,0,41,6,0,0,0,0,0,0,0,0,0,0,0,0,0,forward
0,0,0,0,0,0,0,0,7,71,0,0,0,0,0,0,0,0,0,0,50,127,0,0,0,0,0,0,0,0,0,0,0,76,0,0,0,0,0,0,0,0,0,0,0,8,0,0,0,0,0,0,0,0,0,0,0,58,21,0,0,0,0,0,0,0,0,0,0,71,46,0,0,0,0,0,0,0,0,0,0,49,6,0,0,0,0,0,0,0,0,0,0,0,0,0,forward
0,0,0,0,0,0,0,0,16,58,0,0,0,0,0,0,0,0,0,0,65,112,0,0,0,0,0,0,0,0,0,0,0,78,0,0,0,0,0,0,0,0,0,0,0,22,0,0,0,0,0,0,0,0,0,0,0,56,21,0,0,0,0,0,0,0,0,0,0,69,44,0,0,0,0,0,0,0,0,0,0,49,14,0,0,0,0,0,0,0,0,0,0,0,0,0,forward
0,0,0,0,0,0,0,0,0,30,0,0,0,0,0,46,0,0,0,0,0,10,0,0,0,0,92,59,0,0,0,0,0,13,0,0,0,0,72,48,0,0,0,0,0,0,0,0,0,0,0,0,0,0,0,0,0,37,0,0,0,0,17,11,0,0,0,0,0,16,0,0,0,0,70,55,0,0,0,0,0,0,0,0,0,0,40,81,74,0,0,0,0,0,0,0,none
0,0,0,0,0,0,0,0,8,32,0,0,0,0,0,48,0,0,0,0,0,11,0,0,0,0,71,51,0,0,0,0,0,13,0,0,0,0,24,21,0,0,0,0,0,0,0,0,0,0,0,0,0,0,0,0,0,36,0,0,0,0,12,8,0,0,0,0,0,22,4,0,0,0,62,57,0,0,0,0,0,3,0,0,0,0,32,75,65,0,0,0,0,0,0,0,none
0,0,0,0,0,0,0,0,10,41,0,0,0,0,7,37,0,0,0,0,0,19,0,0,0,0,58,38,0,0,0,0,0,16,0,0,0,0,21,10,0,0,0,0,0,0,0,0,0,0,0,0,0,0,0,0,0,40,3,0,0,0,13,6,0,0,0,0,0,28,10,0,0,0,53,48,0,0,0,0,0,3,0,0,0,0,21,60,65,0,0,0,0,0,0,0,none
0,0,0,0,0,0,0,0,10,44,0,0,0,0,0,35,0,0,0,0,0,23,0,0,0,0,56,36,0,0,0,0,0,21,0,0,0,0,18,5,0,0,0,0,0,0,0,0,0,0,0,0,0,0,0,0,0,43,8,0,0,0,12,4,0,0,0,0,0,27,7,0,0,0,50,46,0,0,0,0,0,3,0,0,0,0,17,63,64,0,0,0,0,0,0,0,none
0,0,0,0,0,0,0,0,9,47,0,0,0,0,0,21,0,0,0,0,6,31,0,0,0,0,32,23,0,0,0,0,0,27,0,0,0,0,8,0,0,0,0,0,0,0,0,0,0,0,0,0,0,0,0,0,0,42,10,0,0,0,12,4,0,0,0,0,0,27,6,0,0,0,50,47,0,0,0,0,0,3,0,0,0,0,18,63,63,0,0,0,0,0,0,0,none
0,0,0,0,0,0,0,0,9,50,0,0,0,0,0,24,0,0,0,0,9,31,4,0,0,0,35,24,0,0,0,0,0,25,0,0,0,0,7,0,0,0,0,0,0,3,0,0,0,0,0,0,0,0,0,0,0,39,9,0,0,0,12,3,0,0,0,0,0,28,5,0,0,0,50,50,0,0,0,0,0,6,0,0,0,0,15,61,62,0,0,0,0,0,0,0,none
0,0,0,0,0,0,0,0,0,42,0,0,0,0,0,35,0,0,0,0,0,26,0,0,0,0,61,37,0,0,0,0,0,23,0,0,0,0,21,15,0,0,0,0,0,0,0,0,0,0,0,0,0,0,0,0,0,38,3,0,0,0,15,8,0,0,0,0,0,15,0,0,0,0,62,54,0,0,0,0,0,0,0,0,0,0,35,75,78,0,0,0,0,0,0,0,none
0,0,0,0,0,0,0,0,0,53,0,0,0,0,0,0,0,0,0,0,30,60,29,0,0,0,0,0,0,0,0,0,0,47,6,0,0,0,0,0,0,0,0,0,0,16,0,0,0,0,0,0,0,0,0,0,0,66,46,0,0,0,0,0,0,0,0,0,0,66,62,0,0,0,0,0,0,0,0,0,0,31,24,0,0,0,0,0,0,0,0,0,0,0,0,0,forward
0,0,0,0,0,0,0,0,0,48,0,0,0,0,0,0,0,0,0,0,23,54,18,0,0,0,0,3,0,0,0,0,0,43,3,0,0,0,0,0,0,0,0,0,0,9,0,0,0,0,0,0,0,0,0,0,0,55,36,0,0,0,0,0,0,0,0,0,0,54,46,0,0,0,0,0,0,0,0,0,0,24,20,16,0,0,0,0,0,0,0,0,0,0,0,0,forward
0,0,0,0,0,0,0,0,0,45,0,0,0,0,0,0,0,0,0,0,25,54,23,0,0,0,0,3,0,0,0,0,0,43,4,0,0,0,0,0,0,0,0,0,0,9,0,0,0,0,0,0,0,0,0,0,0,54,37,0,0,0,0,0,0,0,0,0,0,56,45,0,0,0,0,0,0,0,0,0,0,31,23,26,0,0,0,0,0,0,0,0,0,0,0,0,forward
0,0,0,0,0,0,0,0,0,45,0,0,0,0,0,0,0,0,0,0,23,57,32,0,0,0,0,0,0,0,0,0,0,48,11,0,0,0,0,0,0,0,0,0,0,7,0,0,0,0,0,0,0,0,0,0,0,55,44,0,0,0,0,0,0,0,0,0,0,59,52,0,0,0,0,0,0,0,0,0,0,30,24,35,0,0,0,0,0,0,0,0,0,0,0,0,forward
0,0,0,0,0,0,0,0,0,51,0,0,0,0,0,0,0,0,0,0,21,60,33,0,0,0,0,0,0,0,0,0,0,50,14,0,0,0,0,0,0,0,0,0,0,5,0,0,0,0,0,0,0,0,0,0,0,59,43,0,0,0,0,0,0,0,0,0,0,62,58,0,0,0,0,0,0,0,0,0,0,25,25,36,0,0,0,0,0,0,0,0,0,0,0,0,forward
0,0,0,0,0,0,0,0,0,50,0,0,0,0,0,0,0,0,0,0,24,62,38,0,0,0,0,0,0,0,0,0,0,51,15,0,0,0,0,0,0,0,0,0,0,6,0,0,0,0,0,0,0,0,0,0,0,64,49,0,0,0,0,0,0,0,0,0,0,65,56,0,0,0,0,0,0,0,0,0,0,29,25,26,0,0,0,0,0,0,0,0,0,0,0,0,forward
0,0,0,0,0,0,0,0,0,47,0,0,0,0,0,0,0,0,0,0,28,66,37,0,0,0,0,0,0,0,0,0,0,52,16,0,0,0,0,0,0,0,0,0,0,10,0,0,0,0,0,0,0,0,0,0,0,58,48,0,0,0,0,0,0,0,0,0,0,67,58,0,0,0,0,0,0,0,0,0,0,31,23,0,0,0,0,0,0,0,0,0,0,0,0,0,forward
0,0,0,0,0,0,0,0,0,52,0,0,0,0,0,0,0,0,0,0,26,63,34,0,0,0,0,0,0,0,0,0,0,52,18,0,0,0,0,0,0,0,0,0,0,12,0,0,0,0,0,0,0,0,0,0,0,61,51,0,0,0,0,0,0,0,0,0,0,68,60,0,0,0,0,0,0,0,0,0,0,30,24,0,0,0,0,0,0,0,0,0,0,0,0,0,forward
0,0,0,0,0,0,0,0,0,39,0,0,0,0,17,62,0,0,0,0,0,12,0,0,0,0,102,61,0,0,0,0,0,3,0,0,0,0,57,52,0,0,0,0,0,0,0,0,0,0,0,0,0,0,0,0,0,40,0,0,0,0,10,9,0,0,0,0,0,15,0,0,0,0,69,65,3,0,0,0,0,0,0,0,0,0,30,82,78,0,0,0,0,0,0,0,none
0,0,0,0,0,0,0,0,0,38,0,0,0,0,17,56,0,0,0,0,0,11,0,0,0,0,102,61,0,0,0,0,0,6,0,0,0,0,58,54,0,0,0,0,0,0,0,0,0,0,0,0,0,0,0,0,0,41,0,0,0,0,12,11,0,0,0,0,0,17,0,0,0,0,69,66,0,0,0,0,0,0,0,0,0,0,31,85,77,0,0,0,0,0,0,0,none
0,0,0,0,0,0,0,0,0,37,0,0,0,0,16,60,0,0,0,0,0,10,0,0,0,0,103,61,0,0,0,0,0,6,0,0,0,0,59,53,0,0,0,0,0,0,0,0,0,0,0,0,0,0,0,0,0,40,3,0,0,0,9,10,0,0,0,0,0,12,0,0,0,0,68,66,0,0,0,0,0,0,0,0,0,0,31,85,76,0,0,0,0,0,0,0,none
0,0,0,0,0,0,0,0,0,0,0,0,0,0,3,43,0,0,0,0,0,0,0,0,0,0,102,61,0,0,0,0,0,20,0,0,0,0,66,46,0,0,0,0,0,0,0,0,0,0,0,0,0,0,0,0,12,49,0,0,0,0,24,13,0,0,0,0,0,7,0,0,0,0,57,57,0,0,0,0,0,0,0,0,0,0,0,15,9,0,0,0,0,0,0,0,none
0,0,0,0,0,0,0,0,0,0,0,0,0,0,3,39,0,0,0,0,0,0,0,0,0,0,100,62,0,0,0,0,0,17,0,0,0,0,67,48,0,0,0,0,0,0,0,0,0,0,0,12,0,0,0,0,13,47,0,0,0,0,31,12,0,0,0,0,0,0,0,0,0,0,52,61,0,0,0,0,0,0,0,0,0,0,0,0,0,0,0,0,0,0,0,0,none
0,0,0,0,0,0,0,0,0,0,0,0,0,0,0,41,0,0,0,0,0,0,0,0,0,0,100,62,0,0,0,0,0,20,0,0,0,0,66,49,0,0,0,0,0,3,0,0,0,0,0,17,0,0,0,0,17,46,0,0,0,0,32,10,0,0,0,0,0,0,0,0,0,0,51,59,0,0,0,0,0,0,0,0,0,0,0,0,0,0,0,0,0,0,0,0,none
0,0,0,0,0,0,0,0,0,0,0,0,0,0,0,33,0,0,0,0,0,0,0,0,0,0,101,63,0,0,0,0,0,20,0,0,0,0,66,49,0,0,0,0,0,7,0,0,0,0,0,16,0,0,0,0,16,43,0,0,0,0,33,17,0,0,0,0,0,0,0,0,0,0,56,65,0,0,0,0,0,0,0,0,0,0,0,0,0,0,0,0,0,0,0,0,none
0,0,0,0,0,0,0,0,0,0,0,0,0,0,0,41,0,0,0,0,0,0,0,0,0,0,103,61,0,0,0,0,0,20,0,0,0,0,64,48,0,0,0,0,0,3,0,0,0,0,0,21,0,0,0,0,15,40,0,0,0,0,32,17,0,0,0,0,0,0,0,0,0,0,58,66,0,0,0,0,0,0,0,0,0,0,0,0,0,0,0,0,0,0,0,0,none
0,0,0,0,0,0,0,0,0,0,0,0,0,0,0,0,0,0,0,0,0,0,0,0,0,0,86,56,0,0,0,0,0,0,0,0,0,0,77,53,0,0,0,0,0,32,0,0,0,0,0,51,0,0,0,12,25,42,0,0,0,0,48,28,0,0,0,0,0,0,0,0,0,0,40,43,0,0,0,0,0,0,0,0,0,0,0,0,0,0,0,0,0,0,0,0,strafe_right
0,0,0,0,0,0,0,0,0,0,0,0,0,0,0,0,0,0,0,0,0,0,0,0,0,0,89,56,0,0,0,0,0,0,0,0,0,0,85,56,0,0,0,0,0,36,0,0,0,0,0,55,0,0,0,10,22,37,0,0,0,0,47,26,0,0,0,0,0,0,0,0,0,0,38,41,0,0,0,0,0,0,0,0,0,0,0,0,0,0,0,0,0,0,0,0,strafe_right
0,0,0,0,0,0,0,0,0,0,0,0,0,0,0,0,0,0,0,0,0,0,0,0,0,0,90,59,0,0,0,0,0,0,0,0,0,0,88,60,0,0,0,0,0,37,0,0,0,0,0,39,0,0,0,0,17,35,0,0,0,0,42,23,0,0,0,0,0,0,0,0,0,0,44,50,0,0,0,0,0,0,0,0,0,0,0,0,0,0,0,0,0,0,0,0,strafe_right
0,0,0,0,0,0,0,0,0,0,0,0,0,0,0,0,0,0,0,0,0,0,0,0,0,0,91,57,0,0,0,0,0,0,0,0,0,0,81,57,0,0,0,0,0,26,0,0,0,0,0,38,0,0,0,0,17,38,0,0,0,0,46,23,0,0,0,0,0,0,0,0,0,0,40,54,0,0,0,0,0,0,0,0,0,0,0,0,0,0,0,0,0,0,0,0,strafe_right
0,0,0,0,0,0,0,0,0,27,0,0,0,0,12,57,0,0,0,0,0,8,0,0,0,0,106,64,0,0,0,0,0,9,0,0,0,0,58,49,0,0,0,0,0,0,0,0,0,0,0,0,0,0,0,0,0,38,0,0,0,0,0,16,0,0,0,0,0,11,0,0,0,0,73,72,6,0,0,0,0,0,0,0,0,0,31,89,96,0,0,0,0,0,0,0,none
0,0,0,0,0,0,0,0,0,30,0,0,0,0,12,57,0,0,0,0,0,9,0,0,0,0,108,62,0,0,0,0,0,9,0,0,0,0,58,48,0,0,0,0,0,0,0,0,0,0,0,0,0,0,0,0,0,38,0,0,0,0,0,17,0,0,0,0,0,10,0,0,0,0,70,74,5,0,0,0,0,0,0,0,0,0,30,94,103,0,0,0,0,0,0,0,none
0,0,0,0,0,0,0,0,0,33,0,0,0,0,14,56,0,0,0,0,0,10,0,0,0,0,106,64,0,0,0,0,0,8,0,0,0,0,58,49,0,0,0,0,0,0,0,0,0,0,0,0,0,0,0,0,0,40,3,0,0,0,0,18,0,0,0,0,0,11,0,0,0,0,68,74,5,0,0,0,0,0,0,0,0,0,28,94,101,0,0,0,0,0,0,0,none
0,0,0,0,0,0,0,0,0,129,65,0,0,0,0,0,0,0,0,0,0,41,44,0,0,0,0,0,0,0,0,0,0,13,30,0,0,0,0,0,0,0,0,0,0,0,0,0,0,0,0,0,0,0,0,0,0,4,55,0,0,0,0,0,0,0,0,0,0,23,70,0,0,0,0,0,0,0,0,0,0,0,72,0,0,0,0,0,0,0,0,0,0,0,59,0,forward
0,0,0,0,0,0,0,0,0,42,16,0,0,0,0,0,0,0,0,0,0,16,48,0,0,0,0,0,0,0,0,0,0,38,119,0,0,0,0,0,0,0,0,0,0,0,0,0,0,0,0,0,0,0,0,0,0,0,36,0,0,0,0,0,0,0,0,0,0,12,68,0,0,0,0,0,0,0,0,0,0,0,74,0,0,0,0,0,0,0,0,0,0,0,68,0,forward
0,0,0,0,0,0,0,0,0,0,0,0,0,0,0,0,0,0,0,0,0,0,27,0,0,0,0,0,0,0,0,0,0,39,188,0,0,0,0,0,0,0,0,0,0,38,69,0,0,0,0,0,0,0,0,0,0,0,13,0,0,0,0,0,0,0,0,0,0,5,60,0,0,0,0,0,0,0,0,0,0,0,75,0,0,0,0,0,0,0,0,0,0,0,72,0,forward
0,0,0,0,0,0,0,0,0,0,0,0,0,0,0,0,0,0,0,0,0,0,19,0,0,0,0,0,0,0,0,0,0,31,204,0,0,0,0,0,0,0,0,0,0,45,98,0,0,0,0,0,0,0,0,0,0,0,27,0,0,0,0,0,0,0,0,0,0,8,66,0,0,0,0,0,0,0,0,0,0,0,69,0,0,0,0,0,0,0,0,0,0,0,74,0,forward
0,0,0,0,0,0,0,0,0,0,0,0,0,0,0,0,0,0,0,0,0,0,23,0,0,0,0,0,0,0,0,0,0,60,192,0,0,0,0,0,0,0,0,0,0,55,82,0,0,0,0,0,0,0,0,0,0,0,52,0,0,0,0,0,0,0,0,0,0,21,74,0,0,0,0,0,0,0,0,0,0,0,66,0,0,0,0,0,0,0,0,0,0,0,40,0,forward
0,0,0,0,0,0,0,0,0,0,0,0,0,0,0,0,0,0,0,0,0,32,19,0,0,0,0,0,0,0,0,0,0,89,108,0,0,0,0,0,0,0,0,0,0,70,36,0,0,0,0,0,0,0,0,0,0,16,64,0,0,0,0,0,0,0,0,0,0,33,72,0,0,0,0,0,0,0,0,0,0,0,61,0,0,0,0,0,0,0,0,0,0,0,23,0,forward
0,0,0,0,0,0,0,0,0,5,0,0,0,0,0,0,0,0,0,0,0,47,10,0,0,0,0,0,0,0,0,0,0,91,57,0,0,0,0,0,0,0,0,0,0,64,0,0,0,0,0,0,0,0,0,0,0,33,72,3,0,0,0,0,0,0,0,0,0,35,68,0,0,0,0,0,0,0,0,0,0,0,57,0,0,0,0,0,0,0,0,0,0,0,23,0,forward
0,0,0,0,0,0,0,0,0,0,0,0,0,0,0,0,0,0,0,0,0,11,28,0,0,0,0,0,0,0,0,0,0,64,138,0,0,0,0,0,0,0,0,0,0,34,36,0,0,0,0,0,0,0,0,0,0,0,45,0,0,0,0,0,0,0,0,0,0,18,72,0,0,0,0,0,0,0,0,0,0,0,68,0,0,0,0,0,0,0,0,0,0,0,67,0,forward
0,0,0,0,0,0,0,0,0,0,0,0,0,0,0,0,0,0,0,0,0,0,29,0,0,0,0,0,0,0,0,0,0,17,171,0,0,0,0,0,0,0,0,0,0,0,21,0,0,0,0,0,0,0,0,0,0,0,0,0,0,0,0,0,0,0,0,0,0,0,61,0,0,0,0,0,0,0,0,0,0,0,71,0,0,0,0,0,0,0,0,0,0,0,91,0,forward
0,0,0,0,0,0,0,0,0,0,0,0,0,0,0,0,0,0,0,0,0,0,33,0,0,0,0,0,0,0,0,0,0,44,155,0,0,0,0,0,0,0,0,0,0,12,27,0,0,0,0,0,0,0,0,0,0,0,7,0,0,0,0,0,0,0,0,0,0,8,62,0,0,0,0,0,0,0,0,0,0,0,70,0,0,0,0,0,0,0,0,0,0,0,69,0,forward
0,0,0,0,0,0,0,0,0,18,0,0,0,0,0,0,0,0,0,0,0,15,47,0,0,0,0,0,0,0,0,0,0,65,123,0,0,0,0,0,0,0,0,0,0,16,0,0,0,0,0,0,0,0,0,0,0,0,0,0,0,0,0,0,0,0,0,0,0,3,65,0,0,0,0,0,0,0,0,0,0,0,76,0,0,0,0,0,0,0,0,0,0,0,80,0,forward
0,0,0,0,0,0,0,0,0,163,18,0,0,0,0,0,0,0,0,0,0,61,13,0,0,0,0,0,0,0,0,0,0,15,0,0,0,0,0,0,0,0,0,0,0,0,0,0,0,0,0,0,0,0,0,0,0,0,29,0,0,0,0,0,0,0,0,0,0,17,83,0,0,0,0,0,0,0,0,0,0,0,73,0,0,0,0,0,0,0,0,0,0,0,75,0,forward
0,0,0,0,0,0,0,0,0,171,7,0,0,0,0,0,0,0,0,0,12,76,6,0,0,0,0,0,0,0,0,0,0,28,0,0,0,0,0,0,0,0,0,0,0,0,0,0,0,0,0,0,0,0,0,0,0,13,60,0,0,0,0,0,0,0,0,0,0,35,85,0,0,0,0,0,0,0,0,0,0,0,65,0,0,0,0,0,0,0,0,0,0,0,43,0,forward
0,0,0,0,0,0,0,0,0,122,3,0,0,0,0,0,0,0,0,0,31,82,17,0,0,0,0,0,0,0,0,0,0,54,0,0,0,0,0,0,0,0,0,0,0,0,0,0,0,0,0,0,0,0,0,0,0,30,68,0,0,0,0,0,0,0,0,0,0,39,82,0,0,0,0,0,0,0,0,0,0,0,62,0,0,0,0,0,0,0,0,0,0,0,41,0,forward
0,0,0,0,0,0,0,0,0,42,0,0,0,0,0,0,0,0,0,0,0,45,34,0,0,0,0,0,0,0,0,0,0,67,75,0,0,0,0,0,0,0,0,0,0,7,0,0,0,0,0,0,0,0,0,0,0,3,38,0,0,0,0,0,0,0,0,0,0,24,74,0,0,0,0,0,0,0,0,0,0,0,71,0,0,0,0,0,0,0,0,0,0,0,69,0,forward
0,0,0,0,0,0,0,0,0,43,0,0,0,0,0,0,0,0,0,0,0,55,27,0,0,0,0,0,0,0,0,0,0,76,41,0,0,0,0,0,0,0,0,0,0,25,0,0,0,0,0,0,0,0,0,0,0,5,50,0,0,0,0,0,0,0,0,0,0,32,82,0,0,0,0,0,0,0,0,0,0,0,69,0,0,0,0,0,0,0,0,0,0,0,51,0,forward
0,0,0,0,0,0,0,0,0,20,0,0,0,0,0,0,0,0,0,0,21,61,0,0,0,0,0,0,0,0,0,0,0,98,0,0,0,0,0,0,0,0,0,0,0,56,0,0,0,0,0,0,0,0,0,0,0,22,64,0,0,0,0,0,0,0,0,0,0,40,84,0,0,0,0,0,0,0,0,0,0,0,64,0,0,0,0,0,0,0,0,0,0,0,44,0,forward
0,0,0,0,0,0,0,0,0,15,0,0,0,0,0,0,0,0,0,0,41,57,0,0,0,0,0,0,0,0,0,0,0,95,0,0,0,0,0,0,0,0,0,0,0,59,0,0,0,0,0,0,0,0,0,0,0,37,75,4,0,0,0,0,0,0,0,0,0,44,82,0,0,0,0,0,0,0,0,0,0,0,62,0,0,0,0,0,0,0,0,0,0,0,31,0,forward
0,0,0,0,0,0,0,0,0,20,0,0,0,0,0,0,0,0,0,0,46,53,0,0,0,0,0,0,0,0,0,0,0,86,0,0,0,0,0,0,0,0,0,0,0,56,0,0,0,0,0,0,0,0,0,0,0,49,75,0,0,0,0,0,0,0,0,0,0,49,73,0,0,0,0,0,0,0,0,0,0,5,45,0,0,0,0,0,0,0,0,0,0,0,8,0,forward
0,0,0,14,25,0,0,0,11,0,0,0,0,0,0,114,10,0,0,0,0,0,0,0,0,0,23,30,0,0,0,0,0,0,0,0,0,0,0,0,0,0,0,0,0,0,0,0,0,0,0,0,0,0,0,0,0,0,0,0,0,0,15,4,0,0,0,0,0,0,0,0,0,0,12,53,0,0,0,0,0,0,0,0,0,0,0,68,121,0,0,0,0,3,127,0,strafe_left
0,0,0,110,168,18,20,0,0,0,0,0,0,0,0,71,0,0,0,0,0,0,0,0,0,0,0,0,0,0,0,0,0,0,0,0,0,0,0,0,0,0,0,0,0,0,0,0,0,0,0,0,0,0,0,0,0,0,0,0,0,0,21,0,0,0,0,0,0,0,0,0,0,0,28,65,0,0,0,0,0,0,0,0,0,0,19,88,166,0,0,0,0,0,56,0,strafe_left
0,0,0,110,169,19,21,0,0,0,0,0,0,0,0,70,0,0,0,0,0,0,0,0,0,0,0,0,0,0,0,0,0,0,0,0,0,0,0,0,0,0,0,0,0,0,0,0,0,0,0,0,0,0,0,0,0,0,0,0,0,0,15,0,0,0,0,0,0,0,0,0,0,0,18,54,0,0,0,0,0,0,0,0,0,0,21,87,154,0,0,0,0,0,99,0,strafe_left
0,0,0,0,0,0,0,0,12,10,0,0,0,0,0,0,0,0,0,0,0,0,0,0,0,0,0,0,0,0,0,0,0,0,0,0,0,0,0,0,0,0,0,0,0,0,0,0,0,0,0,0,0,0,0,0,0,0,0,0,0,0,15,0,0,0,0,0,0,0,0,0,0,0,23,60,0,0,0,0,0,0,0,0,0,0,23,96,176,0,0,0,0,0,76,0,strafe_left
0,0,0,5,67,5,13,0,25,45,0,0,0,0,0,69,0,0,0,0,0,0,0,0,0,0,0,0,0,0,0,0,0,0,0,0,0,0,0,0,0,0,0,0,0,0,0,0,0,0,0,0,0,0,0,0,0,0,0,0,0,0,18,23,0,0,0,0,0,0,0,0,0,0,29,75,3,0,0,0,0,0,0,0,0,0,0,101,166,0,0,0,0,0,60,0,strafe_left
0,0,0,6,74,6,14,0,22,45,0,0,0,0,0,81,7,0,0,0,0,0,0,0,0,0,0,3,0,0,0,0,0,0,0,0,0,0,0,0,0,0,0,0,0,0,0,0,0,0,0,0,0,0,0,0,0,0,0,0,0,0,16,16,0,0,0,0,0,0,0,0,0,0,29,75,0,0,0,0,0,0,0,0,0,0,0,110,172,0,0,0,0,0,60,0,strafe_left
0,0,0,16,80,4,5,0,14,26,0,0,0,0,0,102,12,0,0,0,0,0,0,0,0,0,6,25,0,0,0,0,0,0,0,0,0,0,0,0,0,0,0,0,0,0,0,0,0,0,0,0,0,0,0,0,0,0,0,0,0,0,18,14,0,0,0,0,0,0,0,0,0,0,34,78,0,0,0,0,0,0,0,0,0,0,0,109,177,0,0,0,0,0,62,0,strafe_left
0,0,0,25,100,11,10,0,12,13,0,0,0,0,0,112,12,0,0,0,0,0,0,0,0,0,12,28,0,0,0,0,0,0,0,0,0,0,0,0,0,0,0,0,0,0,0,0,0,0,0,0,0,0,0,0,0,0,0,0,0,0,17,8,0,0,0,0,0,0,0,0,0,0,28,79,0,0,0,0,0,0,0,0,0,0,4,120,191,0,0,0,0,7,71,0,strafe_left
0,0,0,30,99,12,19,0,0,0,0,0,0,0,0,98,0,0,0,0,0,0,0,0,0,0,0,13,0,0,0,0,0,0,0,0,0,0,0,0,0,0,0,0,0,0,0,0,0,0,0,0,0,0,0,0,0,0,0,0,0,0,21,33,0,0,0,0,0,0,0,0,0,0,51,100,12,0,0,0,0,0,0,0,0,0,20,138,243,0,0,0,0,8,80,0,strafe_left
0,0,0,29,100,13,20,0,0,0,0,0,0,0,0,93,0,0,0,0,0,0,0,0,0,0,0,10,0,0,0,0,0,0,0,0,0,0,0,0,0,0,0,0,0,0,0,0,0,0,0,0,0,0,0,0,0,0,0,0,0,0,26,28,0,0,0,0,0,0,0,0,0,0,51,101,11,0,0,0,0,0,0,0,0,0,21,138,240,0,0,0,0,13,82,0,strafe_left
0,0,0,0,31,0,21,0,22,8,0,0,0,0,0,37,0,0,0,0,0,0,0,0,0,0,0,0,0,0,0,0,0,0,0,0,0,0,0,0,0,0,0,0,0,0,0,0,0,0,0,0,0,0,0,0,0,0,0,0,0,0,23,0,0,0,0,0,0,0,0,0,0,0,18,68,0,0,0,0,0,0,0,0,0,0,0,94,177,0,0,0,0,22,87,3,strafe_left
0,0,0,0,27,0,16,0,19,4,0,0,0,0,0,37,0,0,0,0,0,0,0,0,0,0,0,0,0,0,0,0,0,0,0,0,0,0,0,0,0,0,0,0,0,0,0,0,0,0,0,0,0,0,0,0,0,0,0,0,0,0,22,0,0,0,0,0,0,0,0,0,0,0,23,71,0,0,0,0,0,0,0,0,0,0,6,98,184,0,0,0,0,23,84,3,strafe_left
0,0,0,0,44,0,22,0,16,0,0,0,0,0,0,47,0,0,0,0,0,0,0,0,0,0,0,0,0,0,0,0,0,0,0,0,0,0,0,0,0,0,0,0,0,0,0,0,0,0,0,0,0,0,0,0,0,0,0,0,0,0,25,15,0,0,0,0,0,0,0,0,0,0,45,86,0,0,0,0,0,0,0,0,0,0,17,127,214,0,0,0,0,14,66,0,strafe_left
0,0,0,18,75,0,22,0,0,0,0,0,0,0,0,73,0,0,0,0,0,0,0,0,0,0,0,0,0,0,0,0,0,0,0,0,0,0,0,0,0,0,0,0,0,0,0,0,0,0,0,0,0,0,0,0,0,0,0,0,0,0,30,42,0,0,0,0,0,0,0,0,0,0,43,89,10,0,0,0,0,0,0,0,0,0,7,131,244,0,0,0,0,8,99,0,strafe_left
0,0,0,20,79,0,22,0,0,0,0,0,0,0,0,76,0,0,0,0,0,0,0,0,0,0,0,0,0,0,0,0,0,0,0,0,0,0,0,0,0,0,0,0,0,0,0,0,0,0,0,0,0,0,0,0,0,0,0,0,0,0,30,42,0,0,0,0,0,0,0,0,0,0,45,90,10,0,0,0,0,0,0,0,0,0,11,135,250,0,0,0,0,9,96,0,strafe_left
0,0,0,0,0,0,0,0,0,0,0,0,0,0,0,0,0,0,0,0,0,29,0,0,0,0,47,101,38,0,0,0,0,0,0,0,0,0,42,128,33,0,0,0,0,0,0,0,0,0,0,0,0,0,0,0,0,23,34,0,0,0,0,115,263,0,0,0,0,18,28,0,0,0,0,58,11,0,0,0,0,0,0,0,0,0,0,0,0,0,0,0,0,0,0,0,none
0,0,0,0,0,0,0,0,0,0,0,0,0,0,0,0,0,0,0,0,0,30,0,0,0,0,50,106,41,0,0,0,0,0,0,0,0,0,41,132,35,0,0,0,0,0,0,0,0,0,0,0,0,0,0,0,0,14,19,0,0,0,6,130,281,0,0,0,0,19,21,0,0,0,0,79,23,0,0,0,0,0,0,0,0,0,0,0,0,0,0,0,0,0,0,0,none
0,0,0,0,0,0,0,0,0,0,0,0,0,0,0,0,0,0,0,0,0,21,0,0,0,0,55,112,45,0,0,0,0,0,0,0,0,0,52,155,42,0,0,0,0,0,0,0,0,0,0,0,3,0,0,0,0,19,19,0,0,0,22,167,318,3,0,0,0,18,10,0,0,0,0,94,31,0,0,0,0,0,0,0,0,0,0,0,0,0,0,0,0,0,0,0,none
0,0,0,0,0,0,0,0,0,0,0,0,0,0,0,0,0,0,0,0,0,4,0,0,0,0,71,127,50,0,0,0,0,0,0,0,0,0,67,158,42,0,0,0,0,0,0,0,0,0,0,25,10,0,0,0,0,16,8,0,0,0,34,197,365,9,0,0,0,12,0,0,0,0,0,109,40,0,0,0,0,0,0,0,0,0,0,0,0,0,0,0,0,0,0,0,none
0,0,0,0,0,0,0,0,0,0,0,0,0,0,0,0,0,0,0,0,0,0,0,0,0,0,94,146,51,0,0,0,0,0,0,0,0,0,92,180,41,0,0,0,0,0,0,0,0,0,0,30,12,0,0,0,0,11,0,0,0,0,39,208,380,4,0,0,0,11,0,0,0,0,0,113,44,0,0,0,0,0,0,0,0,0,0,0,0,0,0,0,0,0,0,0,none
0,0,0,0,0,0,0,0,0,0,0,0,0,0,0,0,0,0,0,0,0,0,0,0,0,0,118,161,48,0,0,0,0,0,0,0,0,0,101,189,33,0,0,0,0,0,0,0,0,0,0,48,13,0,0,0,0,10,0,0,0,0,42,216,396,0,0,0,0,5,0,0,0,0,0,120,37,0,0,0,0,0,0,0,0,0,0,0,0,0,0,0,0,0,0,0,none
0,0,0,0,0,0,0,0,0,0,0,0,0,0,0,0,0,0,0,0,0,0,0,0,0,0,103,153,50,0,0,0,0,0,0,0,0,0,96,182,39,0,0,0,0,0,0,0,0,0,0,61,21,0,0,0,0,0,0,0,0,0,48,224,394,0,0,0,0,0,0,0,0,0,0,125,42,0,0,0,0,0,0,0,0,0,0,0,0,0,0,0,0,0,0,0,none
0,0,0,0,0,0,0,0,0,34,0,0,0,0,0,0,5,7,0,0,0,31,0,0,0,0,38,105,50,0,0,0,0,0,0,0,0,0,0,73,7,0,0,0,0,0,0,0,0,0,0,0,0,0,0,0,0,0,0,0,0,0,14,141,280,0,0,0,0,16,19,0,0,0,0,106,43,0,0,0,0,0,12,0,0,0,0,20,0,0,0,0,0,0,0,0,none
0,0,0,0,0,0,0,0,0,32,0,0,0,0,0,0,6,8,0,0,0,29,0,0,0,0,44,111,50,0,0,0,0,0,0,0,0,0,0,82,8,0,0,0,0,0,0,0,0,0,0,0,0,0,0,0,0,0,0,0,0,0,14,141,280,0,0,0,0,16,16,0,0,0,0,107,47,0,0,0,0,0,13,0,0,0,0,26,0,0,0,0,0,0,0,0,none
0,0,0,0,0,0,0,0,0,26,0,0,0,0,0,0,5,7,0,0,0,30,0,0,0,0,46,113,51,0,0,0,0,0,0,0,0,0,6,86,11,0,0,0,0,0,0,0,0,0,0,0,0,0,0,0,0,0,0,0,0,0,18,146,291,0,0,0,0,15,18,0,0,0,0,106,46,0,0,0,0,0,10,0,0,0,0,22,0,0,0,0,0,0,0,0,none
0,0,0,0,0,0,0,0,0,34,0,0,0,0,0,12,19,35,0,0,0,43,0,0,0,0,33,46,29,0,0,0,0,0,0,0,0,0,0,82,0,0,0,0,0,0,0,0,0,0,0,0,0,0,0,0,0,0,5,0,0,0,20,169,305,0,0,0,0,19,18,0,0,0,0,110,54,0,0,0,0,0,13,0,0,0,0,25,0,0,0,0,0,0,0,0,none
0,0,0,0,0,0,0,0,0,41,0,0,0,0,0,21,31,46,0,0,0,37,0,0,0,0,32,45,29,0,0,0,0,0,0,0,0,0,0,72,0,0,0,0,0,0,0,0,0,0,0,0,0,0,0,0,0,0,0,0,0,0,18,167,300,0,0,0,0,19,18,0,0,0,0,111,57,0,0,0,0,0,14,0,0,0,0,27,0,0,0,0,0,0,0,0,none
0,0,0,0,0,0,0,0,0,45,0,0,0,0,0,22,40,48,0,0,0,27,0,0,0,0,33,50,27,0,0,0,0,0,0,0,0,0,0,69,0,0,0,0,0,0,0,0,0,0,0,0,0,0,0,0,0,0,0,0,0,0,17,151,261,0,0,0,0,10,14,0,0,0,0,106,54,0,0,0,0,0,17,0,0,0,0,46,8,0,0,0,0,0,0,0,none
0,0,0,0,0,0,0,0,0,50,0,0,0,0,0,22,39,43,0,0,0,22,0,0,0,0,31,49,25,0,0,0,0,0,0,0,0,0,0,63,0,0,0,0,0,0,0,0,0,0,0,0,0,0,0,0,0,0,0,0,0,0,17,150,264,0,0,0,0,12,16,0,0,0,0,112,55,0,0,0,0,0,19,0,0,0,0,48,7,0,0,0,0,0,0,0,none
0,0,0,0,0,0,0,0,0,0,0,0,0,0,0,0,0,0,0,0,0,0,0,0,0,0,112,98,0,0,0,0,0,0,0,0,0,0,9,47,0,0,0,0,0,0,0,0,0,0,7,10,0,0,0,0,0,0,0,0,0,0,185,308,165,0,0,0,0,0,0,0,0,0,79,185,0,0,0,0,0,0,0,0,0,0,0,102,0,0,0,0,0,0,0,0,backward
0,0,0,0,0,0,0,0,0,0,0,0,0,0,74,43,0,0,0,0,0,0,0,0,0,0,147,42,0,0,0,0,0,0,0,0,0,0,137,9,0,0,0,0,0,0,0,0,0,0,11,49,0,0,0,0,0,0,0,0,0,0,141,190,0,0,0,0,0,0,0,0,0,0,117,103,0,0,0,0,0,0,0,0,0,0,0,7,0,0,0,0,0,0,0,0,backward
0,0,0,0,0,0,0,0,0,0,0,0,0,0,76,43,0,0,0,0,0,0,0,0,0,0,147,43,0,0,0,0,0,0,0,0,0,0,134,7,0,0,0,0,0,0,0,0,0,0,9,44,0,0,0,0,0,0,0,0,0,0,143,195,0,0,0,0,0,0,0,0,0,0,117,103,0,0,0,0,0,0,0,0,0,0,0,9,0,0,0,0,0,0,0,0,backward
0,0,0,0,0,0,0,0,0,0,0,0,0,0,76,42,0,0,0,0,0,0,0,0,0,0,149,44,0,0,0,0,0,0,0,0,0,0,137,6,0,0,0,0,0,0,0,0,0,0,10,51,0,0,0,0,0,0,0,0,0,0,145,195,0,0,0,0,0,0,0,0,0,0,111,98,0,0,0,0,0,0,0,0,0,0,0,6,0,0,0,0,0,0,0,0,backward
0,0,0,0,0,0,0,0,0,0,0,0,0,0,79,44,0,0,0,0,0,0,0,0,0,0,147,47,0,0,0,0,0,0,0,0,0,0,124,6,0,0,0,0,0,0,0,0,0,0,12,62,0,0,0,0,0,0,0,0,0,0,159,206,0,0,0,0,0,0,0,0,0,0,116,104,0,0,0,0,0,0,0,0,0,0,0,6,0,0,0,0,0,0,0,0,backward
0,0,0,104,21,0,0,0,8,105,0,0,0,0,31,91,0,0,0,0,0,0,0,0,0,0,0,40,0,0,0,0,0,0,0,0,0,0,0,0,0,0,0,0,0,0,0,0,0,0,0,0,0,0,0,0,0,0,0,0,0,0,18,19,0,0,0,0,0,0,0,0,0,0,6,75,27,0,0,0,0,0,3,0,0,0,0,86,187,0,0,0,0,0,37,0,strafe_left
0,0,0,89,19,0,0,0,0,88,0,0,0,0,32,96,0,0,0,0,0,0,0,0,0,0,16,45,0,0,0,0,0,0,0,0,0,0,0,0,0,0,0,0,0,0,0,0,0,0,0,0,0,0,0,0,0,0,0,0,0,0,12,15,0,0,0,0,0,0,0,0,0,0,7,77,27,0,0,0,0,0,8,0,0,0,0,90,189,0,0,0,0,0,37,0,strafe_left
0,0,0,101,22,0,0,0,0,92,0,0,0,0,29,96,0,0,0,0,0,0,0,0,0,0,16,44,0,0,0,0,0,0,0,0,0,0,0,0,0,0,0,0,0,0,0,0,0,0,0,0,0,0,0,0,0,0,0,0,0,0,13,11,0,0,0,0,0,0,0,0,0,0,6,77,26,0,0,0,0,0,6,0,0,0,0,94,195,0,0,0,0,6,51,0,strafe_left
0,0,0,122,26,0,0,0,0,76,0,0,0,0,35,96,0,0,0,0,0,0,0,0,0,0,6,34,0,0,0,0,0,0,0,0,0,0,0,0,0,0,0,0,0,0,0,0,0,0,0,0,0,0,0,0,0,0,0,0,0,0,12,6,0,0,0,0,0,0,0,0,0,0,10,78,27,0,0,0,0,0,0,0,0,0,0,100,214,0,0,0,0,11,58,0,strafe_left
0,0,0,0,0,0,0,0,0,0,0,0,0,0,142,0,0,0,0,0,0,0,0,0,0,0,73,0,0,0,0,0,19,0,0,0,0,0,0,0,0,0,0,0,65,0,0,0,0,0,89,79,0,0,0,0,70,0,0,0,0,0,107,0,0,0,0,0,0,0,0,0,0,0,0,0,0,0,0,0,0,0,0,0,0,0,0,0,0,0,0,0,0,0,0,0,strafe_right
0,0,0,0,0,0,0,0,0,0,0,0,0,0,144,0,0,0,0,0,0,0,0,0,0,0,71,0,0,0,0,0,18,0,0,0,0,0,0,0,0,0,0,0,63,0,0,0,0,0,90,80,0,0,0,0,70,0,0,0,0,0,109,0,0,0,0,0,0,0,0,0,0,0,0,0,0,0,0,0,0,0,0,0,0,0,0,0,0,0,0,0,0,0,0,0,strafe_right
0,0,0,0,0,0,0,0,0,0,0,0,0,0,144,0,0,0,0,0,0,0,0,0,0,0,72,3,0,0,0,0,21,0,0,0,0,0,0,0,0,0,0,0,65,0,0,0,0,0,88,78,0,0,0,0,69,0,0,0,0,0,108,0,0,0,0,0,0,0,0,0,0,0,0,0,0,0,0,0,0,0,0,0,0,0,0,0,0,0,0,0,0,0,0,0,strafe_right
0,0,0,0,0,0,0,0,0,0,0,0,0,0,145,0,0,0,0,0,0,0,0,0,0,0,70,0,0,0,0,0,19,0,0,0,0,0,0,0,0,0,0,0,66,0,0,0,0,0,91,81,0,0,0,0,72,0,0,0,0,0,109,0,0,0,0,0,0,0,0,0,0,0,0,0,0,0,0,0,0,0,0,0,0,0,0,0,0,0,0,0,0,0,0,0,strafe_right
0,14,30,0,0,0,0,0,0,0,0,0,0,26,141,46,0,0,0,0,0,0,0,0,0,0,64,7,0,0,0,0,11,0,0,0,0,0,0,0,0,0,0,0,19,0,0,0,0,0,81,70,0,0,0,0,41,0,0,0,0,0,112,22,0,0,0,0,21,11,0,0,0,0,32,0,0,0,0,0,16,0,0,0,0,0,0,0,0,0,0,0,0,0,0,0,none
0,0,8,0,0,0,0,0,0,0,0,0,0,9,119,41,0,0,0,0,0,0,0,0,0,0,49,7,0,0,0,0,20,0,0,0,0,0,0,0,0,0,0,0,23,0,0,0,0,0,71,60,0,0,0,0,38,0,0,0,0,0,114,23,0,0,0,0,25,14,0,0,0,0,35,0,0,0,0,0,19,0,0,0,0,0,0,0,0,0,0,0,0,0,0,0,none
0,0,0,0,0,0,0,0,0,0,0,0,0,0,104,6,0,0,0,0,0,0,0,0,0,0,62,0,0,0,0,0,26,0,0,0,0,0,0,0,0,0,0,0,78,0,0,0,0,0,87,82,0,0,0,0,54,0,0,0,0,0,108,18,0,0,0,0,22,4,0,0,0,0,15,0,0,0,0,0,0,0,0,0,0,0,0,0,0,0,0,0,0,0,0,0,strafe_right
0,0,0,0,0,0,0,0,0,0,0,0,0,0,117,0,0,0,0,0,0,0,0,0,0,0,75,7,0,0,0,0,21,0,0,0,0,0,0,0,0,0,0,0,75,0,0,0,0,16,108,92,0,0,0,0,61,0,0,0,0,0,114,0,0,0,0,0,0,0,0,0,0,0,0,0,0,0,0,0,0,0,0,0,0,0,0,0,0,0,0,0,0,0,0,0,strafe_right
0,0,0,0,0,0,0,0,0,0,0,0,0,0,132,17,0,0,0,0,0,0,0,0,0,0,76,12,0,0,0,0,19,0,0,0,0,0,0,0,0,0,0,0,61,0,0,0,0,0,97,87,0,0,0,0,60,0,0,0,0,0,116,11,0,0,0,0,0,0,0,0,0,0,11,0,0,0,0,0,0,0,0,0,0,0,0,0,0,0,0,0,0,0,0,0,strafe_right
0,0,0,0,0,0,0,0,0,0,0,0,0,0,125,21,0,0,0,0,0,0,0,0,0,0,72,14,0,0,0,0,19,0,0,0,0,0,0,0,0,0,0,0,46,0,0,0,0,0,97,93,0,0,0,0,60,0,0,0,0,0,121,15,0,0,0,0,9,0,0,0,0,0,22,0,0,0,0,0,0,0,0,0,0,0,0,0,0,0,0,0,0,0,0,0,strafe_right
0,0,0,0,0,0,0,0,0,0,0,0,0,0,126,22,0,0,0,0,0,0,0,0,0,0,73,13,0,0,0,0,19,0,0,0,0,0,0,0,0,0,0,0,50,0,0,0,0,0,97,97,0,0,0,0,61,3,0,0,0,0,120,17,0,0,0,0,12,0,0,0,0,0,18,0,0,0,0,0,0,0,0,0,0,0,0,0,0,0,0,0,0,0,0,0,strafe_right
0,0,11,0,0,0,0,0,0,0,0,0,0,8,127,23,0,0,0,0,0,0,0,0,0,0,76,14,0,0,0,0,16,0,0,0,0,0,0,0,0,0,0,0,41,0,0,0,0,0,94,95,0,0,0,0,60,0,0,0,0,0,120,17,0,0,0,0,11,0,0,0,0,0,17,0,0,0,0,0,0,0,0,0,0,0,0,0,0,0,0,0,0,0,0,0,strafe_right
0,0,7,0,0,0,0,0,11,0,0,0,0,34,129,46,0,0,0,0,0,0,0,0,0,5,102,21,0,0,0,0,0,0,0,0,0,0,19,0,0,0,0,0,0,0,0,0,0,0,53,35,0,0,0,0,19,0,0,0,0,0,118,31,0,0,0,0,24,29,0,0,0,0,64,0,0,0,0,0,23,0,0,0,0,0,0,0,0,0,0,0,0,0,0,0,none
0,0,4,0,0,0,0,0,11,0,0,0,0,36,130,47,0,0,0,0,0,0,0,0,0,5,103,20,0,0,0,0,0,0,0,0,0,0,20,0,0,0,0,0,0,0,0,0,0,0,74,45,0,0,0,0,17,0,0,0,0,0,126,33,0,0,0,0,20,21,0,0,0,0,75,0,0,0,0,0,21,0,0,0,0,0,0,0,0,0,0,0,0,0,0,0,none
0,0,3,0,0,0,0,0,7,0,0,0,0,31,127,46,0,0,0,0,0,0,0,0,0,3,98,21,0,0,0,0,0,0,0,0,0,0,20,0,0,0,0,0,0,0,0,0,0,0,74,49,0,0,0,0,21,0,0,0,0,0,129,37,0,0,0,0,25,27,0,0,0,0,74,0,0,0,0,0,20,0,0,0,0,0,0,0,0,0,0,0,0,0,0,0,none
0,0,0,0,0,0,0,0,29,0,0,0,0,7,91,33,0,0,0,0,0,12,0,0,0,0,69,10,0,0,0,0,11,0,0,0,0,0,0,0,0,0,0,0,19,0,0,0,0,0,43,24,0,0,0,0,21,0,0,0,0,0,110,27,0,0,0,0,29,30,0,0,0,0,60,0,0,0,0,0,26,0,0,0,0,0,0,0,0,0,0,0,0,0,0,0,none
0,0,0,0,0,0,0,0,0,0,0,0,0,0,0,0,0,0,0,0,0,50,21,0,0,0,0,0,0,0,0,0,25,71,0,0,0,0,0,0,0,0,0,0,65,50,0,0,0,0,0,0,0,0,0,0,0,48,0,5,0,0,0,0,0,0,0,0,0,87,98,0,0,0,0,0,0,0,0,0,9,60,0,0,0,0,0,0,0,0,0,0,17,0,0,0,forward
0,0,0,0,0,0,0,0,0,0,0,0,0,0,0,0,0,0,0,0,0,59,33,0,0,0,0,0,0,0,0,0,15,75,0,0,0,0,0,0,0,0,0,0,39,38,0,5,0,0,0,0,0,0,0,0,0,40,0,9,0,0,0,0,0,0,0,0,0,84,96,0,0,0,0,0,0,0,0,0,7,62,0,0,0,0,0,0,0,0,0,0,21,0,0,0,forward
0,0,0,0,0,0,0,0,0,3,0,4,0,0,0,0,0,0,0,0,0,80,59,0,0,0,0,0,0,0,0,0,27,61,0,0,0,0,0,0,0,0,0,0,32,16,0,0,0,0,0,0,0,0,0,0,0,29,0,0,0,0,0,0,0,0,0,0,0,81,102,0,0,0,0,0,0,0,0,0,9,63,0,0,0,0,0,0,0,0,0,0,28,0,0,0,forward
0,0,0,0,0,0,0,0,97,51,0,10,0,0,0,0,0,0,0,0,33,92,41,0,0,0,0,0,0,0,0,0,13,33,0,0,0,0,0,0,0,0,0,0,7,0,0,0,0,0,0,0,0,0,0,0,0,46,0,0,0,0,0,0,0,0,0,0,19,79,90,0,0,0,0,0,0,0,0,0,22,64,0,0,0,0,0,0,0,0,0,0,31,0,0,0,forward
0,0,0,0,0,0,0,0,106,48,0,0,0,0,0,0,0,0,0,0,44,94,12,0,0,0,0,0,0,0,0,0,49,43,0,0,0,0,0,0,0,0,0,0,35,0,0,0,0,0,0,0,0,0,0,0,6,55,0,0,0,0,0,0,0,0,0,0,38,74,82,0,0,0,0,0,0,0,0,0,28,61,0,0,0,0,0,0,0,0,0,0,30,0,0,0,forward
0,0,0,0,0,0,0,0,107,44,0,0,0,0,0,0,0,0,0,0,56,94,0,0,0,0,0,0,0,0,0,0,60,36,0,0,0,0,0,0,0,0,0,0,44,0,0,0,0,0,0,0,0,0,0,0,22,67,0,0,0,0,0,0,0,0,0,0,41,71,66,0,0,0,0,0,0,0,0,0,28,56,0,0,0,0,0,0,0,0,0,0,36,0,0,0,forward
0,0,0,0,0,0,0,0,84,18,0,0,0,0,0,0,0,0,0,0,58,79,0,0,0,0,0,0,0,0,0,0,73,23,0,0,0,0,0,0,0,0,0,0,52,0,0,0,0,0,0,0,0,0,0,0,24,62,0,0,0,0,0,0,0,0,0,0,48,70,58,0,0,0,0,0,0,0,0,0,33,54,0,0,0,0,0,0,0,0,0,0,34,0,0,0,forward
0,0,0,0,0,0,0,0,70,6,0,0,0,0,0,0,0,0,0,0,52,61,0,0,0,0,0,0,0,0,0,0,78,18,0,0,0,0,0,0,0,0,0,0,65,0,0,0,0,0,0,0,0,0,0,0,35,78,0,0,0,0,0,0,0,0,0,0,52,72,59,0,0,0,0,0,0,0,0,0,33,50,0,0,0,0,0,0,0,0,0,0,35,0,0,0,forward
0,0,0,0,0,0,0,0,75,0,0,0,0,0,0,0,0,0,0,0,44,54,0,0,0,0,0,0,0,0,0,0,79,22,0,0,0,0,0,0,0,0,0,0,70,0,0,0,0,0,0,0,0,0,0,0,34,74,0,0,0,0,0,0,0,0,0,0,55,72,51,0,0,0,0,0,0,0,0,0,40,49,0,0,0,0,0,0,0,0,0,0,37,0,0,0,forward
0,0,0,0,0,0,0,0,69,19,0,0,0,0,0,0,0,0,0,0,31,79,4,0,0,0,0,0,0,0,0,0,48,57,0,0,0,0,0,0,0,0,0,0,63,15,0,0,0,0,0,0,0,0,0,0,27,81,0,0,0,0,0,0,0,0,0,0,42,76,68,0,0,0,0,0,0,0,0,0,32,60,0,0,0,0,0,0,0,0,0,0,35,0,0,0,forward
0,0,0,0,0,0,0,0,31,14,0,0,0,0,0,0,0,0,0,0,13,80,43,0,0,0,0,0,0,0,0,0,41,62,0,0,0,0,0,0,0,0,0,0,56,23,0,0,0,0,0,0,0,0,0,0,0,66,0,0,0,0,0,0,0,0,0,0,19,83,90,0,0,0,0,0,0,0,0,0,21,63,0,0,0,0,0,0,0,0,0,0,31,0,0,0,forward
0,0,0,0,0,0,0,0,0,0,0,0,0,0,0,0,0,0,0,0,0,71,42,0,0,0,0,0,0,0,0,0,26,70,0,0,0,0,0,0,0,0,0,0,57,41,0,0,0,0,0,0,0,0,0,0,0,24,0,0,0,0,0,0,0,0,0,0,0,71,82,0,0,0,0,0,0,0,0,0,8,60,0,0,0,0,0,0,0,0,0,0,33,5,0,5,forward
0,0,0,0,0,0,0,0,0,0,0,0,0,0,0,0,0,0,0,0,0,71,52,0,0,0,0,0,0,0,0,0,6,89,0,0,0,0,0,0,0,0,0,0,41,48,0,3,0,0,0,0,0,0,0,0,0,0,0,0,0,0,0,0,0,0,0,0,0,54,95,0,0,0,0,0,0,0,0,0,0,53,0,16,0,0,0,0,0,0,0,0,28,0,0,29,forward
0,0,0,0,0,0,0,0,0,0,0,28,0,0,0,0,0,0,0,0,0,80,76,0,0,0,0,0,0,0,0,0,0,98,0,7,0,0,0,0,0,0,0,0,11,34,0,8,0,0,0,0,0,0,0,0,0,0,7,0,0,0,0,0,0,0,0,0,0,46,42,0,0,0,0,0,0,0,0,0,0,60,0,27,0,0,0,0,0,0,0,0,31,5,0,20,forward
0,0,0,0,0,0,0,0,0,0,0,29,0,0,0,0,0,0,0,0,0,84,85,0,0,0,0,0,0,0,0,0,0,97,0,0,0,0,0,0,0,0,0,0,16,39,0,0,0,0,0,0,0,0,0,0,0,4,7,0,0,0,0,0,0,0,0,0,0,58,44,0,0,0,0,0,0,0,0,0,0,63,0,0,0,0,0,0,0,0,0,0,34,6,0,0,forward
0,0,0,0,0,0,0,0,0,0,0,0,0,0,0,0,0,0,0,0,0,71,0,0,0,0,0,0,0,0,0,0,71,73,0,0,0,0,0,0,0,0,0,0,119,41,0,0,0,0,0,0,0,0,0,0,0,28,0,0,0,0,0,0,0,0,0,0,0,69,46,0,0,0,0,0,0,0,0,0,12,67,0,0,0,0,0,0,0,0,0,0,43,9,0,0,forward
0,0,0,0,0,0,0,0,0,0,0,0,0,0,0,0,0,0,0,0,20,46,0,0,0,0,0,0,0,0,0,0,93,47,0,0,0,0,0,0,0,0,0,0,132,5,0,0,0,0,0,0,0,0,0,0,0,66,0,0,0,0,0,0,0,0,0,0,18,72,37,0,0,0,0,0,0,0,0,0,32,65,0,0,0,0,0,0,0,0,0,0,43,0,0,0,forward
0,0,0,0,0,0,0,0,0,0,0,0,0,0,0,0,0,0,0,0,30,32,0,0,0,0,0,0,0,0,0,0,105,31,0,0,0,0,0,0,0,0,0,0,128,0,0,0,0,0,0,0,0,0,0,0,0,70,0,0,0,0,0,0,0,0,0,0,25,73,33,0,0,0,0,0,0,0,0,0,31,64,0,0,0,0,0,0,0,0,0,0,47,0,0,0,forward
0,0,0,0,0,0,0,0,7,0,0,0,0,0,0,0,0,0,0,0,46,31,0,0,0,0,0,0,0,0,0,0,108,17,0,0,0,0,0,0,0,0,0,0,124,0,0,0,0,0,0,0,0,0,0,0,12,59,0,0,0,0,0,0,0,0,0,0,44,66,9,0,0,0,0,0,0,0,0,0,45,61,0,0,0,0,0,0,0,0,0,0,56,0,0,0,forward
0,0,0,0,0,0,0,0,6,0,0,0,0,0,0,0,0,0,0,0,49,17,0,0,0,0,0,0,0,0,0,0,105,15,0,0,0,0,0,0,0,0,0,0,132,0,0,0,0,0,0,0,0,0,0,0,26,51,0,0,0,0,0,0,0,0,0,0,49,57,0,0,0,0,0,0,0,0,0,0,51,47,0,0,0,0,0,0,0,0,0,0,59,0,0,0,forward
255,338,53,0,0,0,0,0,0,0,0,0,0,41,0,0,0,0,0,0,0,0,0,0,0,0,0,0,0,0,0,0,0,0,0,0,0,0,0,0,0,0,0,0,0,0,0,0,0,81,45,0,0,0,0,0,0,0,0,0,0,51,311,21,0,0,0,0,0,0,0,0,0,0,37,0,0,0,0,0,0,0,0,0,0,0,0,0,0,0,0,0,0,0,0,0,backward
259,330,50,0,0,0,0,0,0,0,0,0,0,42,0,0,0,0,0,0,0,0,0,0,0,0,0,0,0,0,0,0,0,0,0,0,0,0,0,0,0,0,0,0,0,0,0,0,0,75,42,0,0,0,0,0,0,0,0,0,0,59,302,19,0,0,0,0,0,0,0,0,0,0,36,0,0,0,0,0,0,0,0,0,0,0,0,0,0,0,0,0,0,0,0,0,backward
266,116,0,0,0,0,0,0,0,0,0,0,97,69,0,0,0,0,0,0,0,0,0,0,0,0,0,0,0,0,0,0,0,0,0,0,0,0,0,0,0,0,0,0,0,0,0,0,0,108,38,0,0,0,0,0,0,0,0,0,0,59,205,0,0,0,0,0,0,0,0,0,0,0,13,0,0,0,0,0,0,0,0,0,0,0,0,0,0,0,0,0,0,0,0,0,backward
196,66,0,0,0,0,0,0,0,0,0,0,122,77,0,0,0,0,0,0,0,0,0,0,0,0,0,0,0,0,0,0,0,0,0,0,0,0,0,0,0,0,0,0,0,0,0,0,0,128,43,0,0,0,0,0,0,0,0,0,0,58,189,0,0,0,0,0,0,0,0,0,0,0,8,0,0,0,0,0,0,0,0,0,0,0,0,0,0,0,0,0,0,0,0,0,backward
185,141,0,0,0,0,0,0,0,0,0,0,52,84,0,0,0,0,0,0,0,0,0,0,0,0,0,0,0,0,0,0,0,0,0,0,0,0,0,0,0,0,0,0,0,0,0,0,0,93,41,0,0,0,0,0,0,0,0,0,0,46,235,0,0,0,0,0,0,0,0,0,0,0,24,0,0,0,0,0,0,0,0,0,0,0,0,0,0,0,0,0,0,0,0,0,backward
191,213,24,0,0,0,0,0,0,0,0,0,18,79,3,0,0,0,0,0,0,0,0,0,0,0,0,0,0,0,0,0,0,0,0,0,0,0,0,0,0,0,0,0,0,0,0,0,0,93,46,0,0,0,0,0,0,0,0,0,0,48,283,7,0,0,0,0,0,0,0,0,0,0,30,0,0,0,0,0,0,0,0,0,0,0,0,0,0,0,0,0,0,0,0,0,backward
0,43,0,0,0,0,0,0,0,0,0,0,19,72,31,0,0,0,0,0,0,0,0,0,0,12,66,0,0,0,0,0,0,0,0,0,0,0,0,0,0,0,0,0,0,0,0,0,0,53,41,10,0,0,0,0,0,0,0,0,0,0,295,37,0,0,0,0,0,0,0,0,0,0,26,0,0,0,0,0,0,0,0,0,0,0,0,0,0,0,0,0,0,0,0,0,backward
0,52,17,0,0,0,0,0,0,0,0,0,0,67,49,0,0,0,0,0,0,0,0,0,0,13,108,0,0,0,0,0,0,0,0,0,0,0,0,0,0,0,0,0,0,0,0,0,0,58,46,19,0,0,0,0,0,0,0,0,0,14,350,75,0,0,0,0,0,0,0,0,0,0,52,0,0,0,0,0,0,0,0,0,0,0,0,0,0,0,0,0,0,0,0,0,backward
6,48,0,0,0,0,0,0,0,0,0,0,27,79,24,0,0,0,0,0,0,0,0,0,0,19,57,0,0,0,0,0,0,0,0,0,0,0,0,0,0,0,0,0,0,0,0,0,0,102,53,0,0,0,0,0,0,0,0,0,0,20,268,19,0,0,0,0,0,0,0,0,0,0,31,0,0,0,0,0,0,0,0,0,0,0,0,0,0,0,0,0,0,0,0,0,backward
33,113,44,0,0,0,0,0,0,0,0,0,0,92,51,0,0,0,0,0,0,0,0,0,0,0,65,0,0,0,0,0,0,0,0,0,0,0,0,0,0,0,0,0,0,0,0,0,0,83,55,14,0,0,0,0,0,0,0,0,0,25,328,53,0,0,0,0,0,0,0,0,0,0,40,0,0,0,0,0,0,0,0,0,0,0,0,0,0,0,0,0,0,0,0,0,backward
32,111,40,0,0,0,0,0,0,0,0,0,12,89,50,0,0,0,0,0,0,0,0,0,0,11,71,0,0,0,0,0,0,0,0,0,0,0,0,0,0,0,0,0,0,0,0,0,0,66,49,13,0,0,0,0,0,0,0,0,0,19,344,68,0,0,0,0,0,0,0,0,0,0,44,0,0,0,0,0,0,0,0,0,0,0,0,0,0,0,0,0,0,0,0,0,backward
13,78,26,0,0,0,0,0,0,0,0,0,0,79,49,0,0,0,0,0,0,0,0,0,0,19,65,0,0,0,0,0,0,0,0,0,0,0,0,0,0,0,0,0,0,0,0,0,0,53,48,16,0,0,0,0,0,0,0,0,0,11,338,70,0,0,0,0,0,0,0,0,0,0,45,0,0,0,0,0,0,0,0,0,0,0,0,0,0,0,0,0,0,0,0,0,backward
0,54,0,0,0,0,0,0,0,0,0,0,22,54,30,0,0,0,0,0,0,0,0,0,0,25,57,0,0,0,0,0,0,0,0,0,0,0,0,0,0,0,0,0,0,0,0,0,0,62,51,12,0,0,0,0,0,0,0,0,0,0,310,51,0,0,0,0,0,0,0,0,0,0,34,0,0,0,0,0,0,0,0,0,0,0,0,0,0,0,0,0,0,0,0,0,backward
0,54,0,0,0,0,0,0,0,0,0,0,27,57,27,0,0,0,0,0,0,0,0,0,0,17,59,0,0,0,0,0,0,0,0,0,0,0,0,0,0,0,0,0,0,0,0,0,0,79,52,8,0,0,0,0,0,0,0,0,0,13,262,24,0,0,0,0,0,0,0,0,0,0,24,0,0,0,0,0,0,0,0,0,0,0,0,0,0,0,0,0,0,0,0,0,backward
0,31,9,0,0,0,0,0,0,0,0,0,0,41,45,0,0,0,0,0,0,0,0,0,0,31,103,0,0,0,0,0,0,0,0,0,0,0,0,0,0,0,0,0,0,0,0,0,0,60,52,28,0,0,0,0,0,0,0,0,0,0,302,63,0,0,0,0,0,0,0,0,0,0,37,0,0,0,0,0,0,0,0,0,0,0,0,0,0,0,0,0,0,0,0,0,backward
52,76,3,0,0,0,0,0,0,0,0,0,57,71,38,0,0,0,0,0,0,0,0,0,0,4,0,0,0,0,0,0,0,0,0,0,0,0,0,0,0,0,0,0,0,0,0,0,0,26,46,0,0,0,0,0,0,0,0,0,0,10,241,44,0,0,0,0,0,0,0,0,0,0,47,0,0,0,0,0,0,0,0,0,0,0,0,0,0,0,0,0,0,0,0,0,backward
81,50,0,0,0,0,0,0,0,0,0,0,192,95,8,0,0,0,0,0,0,0,0,0,0,0,0,0,0,0,0,0,0,0,0,0,0,0,0,0,0,0,0,0,0,0,0,0,0,66,51,0,0,0,0,0,0,0,0,0,0,29,217,14,0,0,0,0,0,0,0,0,0,0,27,0,0,0,0,0,0,0,0,0,0,0,0,0,0,0,0,0,0,0,0,0,backward
0,19,0,0,0,0,0,0,0,0,0,0,51,62,11,0,0,0,0,0,0,0,0,0,0,3,0,0,0,0,0,0,0,0,0,0,0,0,0,0,0,0,0,0,0,0,0,0,0,94,51,0,0,0,0,0,0,0,0,0,0,56,197,0,0,0,0,0,0,0,0,0,0,0,11,0,0,0,0,0,0,0,0,0,0,0,0,0,0,0,0,0,0,0,0,0,backward
0,29,15,0,0,0,0,0,0,0,0,0,0,50,60,0,0,0,0,0,0,0,0,0,0,19,37,0,0,0,0,0,0,0,0,0,0,0,0,0,0,0,0,0,0,0,0,0,0,54,57,0,0,0,0,0,0,0,0,0,0,0,244,37,0,0,0,0,0,0,0,0,0,0,42,0,0,0,0,0,0,0,0,0,0,0,0,0,0,0,0,0,0,0,0,0,backward
0,26,9,0,0,0,0,0,0,0,0,0,0,45,57,0,0,0,0,0,0,0,0,0,0,18,34,0,0,0,0,0,0,0,0,0,0,0,0,0,0,0,0,0,0,0,0,0,0,97,71,0,0,0,0,0,0,0,0,0,0,44,255,25,0,0,0,0,0,0,0,0,0,0,33,0,0,0,0,0,0,0,0,0,0,0,0,0,0,0,0,0,0,0,0,0,backward
0,0,18,0,0,0,0,0,0,0,0,0,0,23,50,0,0,0,0,0,0,0,0,0,0,20,50,0,0,0,0,0,111,0,0,0,0,0,11,0,0,0,0,0,0,0,0,0,8,0,42,0,0,0,0,0,36,0,0,0,0,0,51,0,0,0,0,0,0,0,0,0,0,0,0,0,0,0,0,0,0,0,0,0,0,0,0,0,0,0,0,0,0,0,0,0,strafe_right
0,0,11,0,0,0,0,0,0,0,0,0,0,16,45,0,0,0,0,0,0,0,0,0,0,15,43,0,0,0,0,0,77,0,0,0,0,0,0,0,0,0,0,0,0,0,0,0,5,0,34,0,0,0,0,0,36,0,0,0,0,0,52,0,0,0,0,0,0,0,0,0,0,0,0,0,0,0,0,0,0,0,0,0,0,0,0,0,0,0,0,0,0,0,0,0,strafe_right
0,0,0,0,0,0,0,0,0,0,0,0,0,14,62,0,0,0,0,0,0,0,0,0,0,31,57,0,0,0,0,0,20,0,0,0,0,0,25,0,0,0,0,0,0,0,0,0,0,0,13,0,0,0,3,16,64,0,0,0,0,0,0,0,0,0,0,0,0,0,0,0,0,0,0,0,0,0,0,0,0,0,0,0,0,0,0,0,0,0,0,0,0,0,0,0,strafe_right
0,0,0,0,0,0,0,0,0,0,0,0,0,15,59,0,0,0,0,0,0,0,0,0,0,31,56,0,0,0,0,0,25,0,0,0,0,0,26,0,0,0,0,0,0,0,0,0,0,0,22,0,0,0,6,17,66,0,0,0,0,0,0,0,0,0,0,0,0,0,0,0,0,0,0,0,0,0,0,0,0,0,0,0,0,0,0,0,0,0,0,0,0,0,0,0,strafe_right
0,0,0,0,0,0,0,0,0,0,0,0,0,19,63,0,0,0,0,0,0,0,0,0,0,31,58,0,0,0,0,0,29,0,0,0,0,0,26,0,0,0,0,0,0,0,0,0,0,0,19,0,0,0,0,13,68,0,0,0,0,0,0,0,0,0,0,0,0,0,0,0,0,0,0,0,0,0,0,0,0,0,0,0,0,0,0,0,0,0,0,0,0,0,0,0,strafe_right
0,0,0,0,0,0,0,0,0,0,0,0,0,23,61,0,0,0,0,0,0,0,0,0,0,32,59,0,0,0,0,0,30,0,0,0,0,0,25,0,0,0,0,0,0,0,0,0,0,0,22,0,0,0,0,15,67,0,0,0,0,0,0,0,0,0,0,0,0,0,0,0,0,0,0,0,0,0,0,0,0,0,0,0,0,0,0,0,0,0,0,0,0,0,0,0,strafe_right
0,0,0,0,0,0,0,0,0,0,0,0,0,31,65,0,0,0,0,0,0,0,0,0,0,37,66,0,0,0,0,0,17,0,0,0,0,0,25,0,0,0,0,0,0,0,0,0,0,0,26,0,0,0,0,11,62,0,0,0,0,0,0,0,0,0,0,0,0,0,0,0,0,0,0,0,0,0,0,0,0,0,0,0,0,0,0,0,0,0,0,0,0,0,0,0,strafe_right
0,0,0,0,0,0,0,0,0,0,0,0,0,33,67,0,0,0,0,0,0,0,0,0,0,40,62,0,0,0,0,0,28,0,0,0,0,0,27,0,0,0,0,0,0,0,0,0,0,9,98,41,0,0,0,16,51,0,0,0,0,0,0,0,0,0,0,0,0,0,0,0,0,0,0,0,0,0,0,0,0,0,0,0,0,0,0,0,0,0,0,0,0,0,0,0,strafe_right
0,0,0,0,0,0,0,0,0,0,0,0,0,36,66,0,0,0,0,0,0,0,0,0,0,40,65,0,0,0,0,0,33,0,0,0,0,0,28,0,0,0,0,0,0,0,0,0,0,10,97,41,0,0,0,13,48,0,0,0,0,0,0,0,0,0,0,0,0,0,0,0,0,0,0,0,0,0,0,0,0,0,0,0,0,0,0,0,0,0,0,0,0,0,0,0,strafe_right
0,0,0,0,0,0,0,0,0,0,0,0,0,37,69,0,0,0,0,0,0,0,0,0,0,36,68,0,0,0,0,0,33,0,0,0,0,0,28,0,0,0,0,0,0,0,0,0,0,15,110,47,0,0,0,13,48,0,0,0,0,0,0,0,0,0,0,0,0,0,0,0,0,0,0,0,0,0,0,0,0,0,0,0,0,0,0,0,0,0,0,0,0,0,0,0,strafe_right
0,0,0,0,0,0,0,0,0,0,0,0,0,0,39,0,0,0,0,0,0,0,0,0,0,0,40,0,0,0,0,0,15,0,0,0,0,0,8,10,0,0,0,0,88,49,0,0,0,7,52,0,0,0,0,0,43,0,0,0,0,0,12,0,0,0,0,0,0,0,0,0,0,0,0,0,0,0,0,0,0,0,0,0,0,0,0,0,0,0,0,0,0,0,0,0,strafe_right
0,0,0,0,0,0,0,0,0,0,0,0,0,0,48,0,0,0,0,0,0,0,0,0,0,9,54,0,0,0,0,0,5,0,0,0,0,0,15,0,0,0,0,0,57,17,0,0,0,27,84,0,0,0,0,0,27,0,0,0,0,0,7,0,0,0,0,0,0,0,0,0,0,0,0,0,0,0,0,0,0,0,0,0,0,0,0,0,0,0,0,0,0,0,0,0,strafe_right
0,0,0,0,0,0,0,0,0,0,0,0,0,0,57,0,0,0,0,0,0,0,0,0,0,9,55,0,0,0,0,0,6,0,0,0,0,0,16,0,0,0,0,0,42,13,0,0,0,63,132,16,0,0,0,0,15,0,0,0,0,0,7,0,0,0,0,0,0,0,0,0,0,0,0,0,0,0,0,0,0,0,0,0,0,0,0,0,0,0,0,0,0,0,0,0,strafe_right
0,0,0,0,0,0,0,0,0,0,0,0,0,41,67,0,0,0,0,0,0,0,0,0,0,29,67,0,0,0,0,0,8,0,0,0,0,0,18,0,0,0,0,0,0,0,0,0,0,48,99,10,0,0,0,4,45,0,0,0,0,0,24,0,0,0,0,0,0,0,0,0,0,0,0,0,0,0,0,0,0,0,0,0,0,0,0,0,0,0,0,0,0,0,0,0,strafe_right
0,0,0,0,0,0,0,0,0,0,0,0,0,42,65,0,0,0,0,0,0,0,0,0,0,29,67,0,0,0,0,0,7,0,0,0,0,0,20,0,0,0,0,0,5,0,0,0,0,48,100,13,0,0,0,9,47,0,0,0,0,0,21,0,0,0,0,0,0,0,0,0,0,0,0,0,0,0,0,0,0,0,0,0,0,0,0,0,0,0,0,0,0,0,0,0,strafe_right
0,0,0,0,0,0,0,0,0,0,0,0,0,0,43,0,0,0,0,0,0,0,0,0,0,6,46,0,0,0,0,0,20,0,0,0,0,0,15,0,0,0,0,0,44,15,0,0,5,36,87,9,0,0,0,6,45,0,0,0,0,0,22,0,0,0,0,0,0,0,0,0,0,0,0,0,0,0,0,0,0,0,0,0,0,0,0,0,0,0,0,0,0,0,0,0,strafe_right
0,0,0,0,0,0,0,0,0,0,0,0,0,0,37,0,0,0,0,0,0,0,0,0,0,0,38,0,0,0,0,0,25,0,0,0,0,0,10,0,0,0,0,0,61,30,0,0,10,8,49,0,0,0,0,12,51,0,0,0,0,0,17,0,0,0,0,0,0,0,0,0,0,0,0,0,0,0,0,0,0,0,0,0,0,0,0,0,0,0,0,0,0,0,0,0,strafe_right
0,0,0,0,0,0,0,0,0,0,0,0,0,11,51,0,0,0,0,0,0,0,0,0,0,11,50,0,0,0,0,0,19,0,0,0,0,0,16,0,0,0,0,0,53,15,0,0,6,6,47,0,0,0,0,5,44,0,0,0,0,0,18,0,0,0,0,0,0,0,0,0,0,0,0,0,0,0,0,0,0,0,0,0,0,0,0,0,0,0,0,0,0,0,0,0,strafe_right
0,0,0,0,0,0,0,0,0,0,0,0,0,6,50,0,0,0,0,0,0,0,0,0,0,12,50,0,0,0,0,0,21,0,0,0,0,0,18,0,0,0,0,0,53,19,0,0,7,10,54,0,0,0,0,13,53,3,0,0,0,0,19,0,0,0,0,0,0,0,0,0,0,0,0,0,0,0,0,0,0,0,0,0,0,0,0,0,0,0,0,0,0,0,0,0,strafe_right
0,0,0,0,0,0,0,0,0,0,0,0,0,33,59,0,0,0,0,0,0,0,0,0,0,24,59,0,0,0,0,0,8,0,0,0,0,0,18,0,0,0,0,0,34,0,0,0,0,36,88,9,0,0,0,3,42,0,0,0,0,0,24,0,0,0,0,0,0,0,0,0,0,0,0,0,0,0,0,0,0,0,0,0,0,0,0,0,0,0,0,0,0,0,0,0,strafe_right
0,0,0,0,0,0,0,0,0,0,0,0,0,11,49,0,0,0,0,0,0,0,0,0,0,14,53,0,0,0,0,0,12,0,0,0,0,0,18,0,0,0,0,0,58,12,0,0,0,41,97,8,0,0,0,0,44,0,0,0,0,0,18,0,0,0,0,0,0,0,0,0,0,0,0,0,0,0,0,0,0,0,0,0,0,0,0,0,0,0,0,0,0,0,0,0,strafe_right
0,0,0,0,0,0,0,0,0,0,0,0,0,0,26,0,0,0,0,0,0,0,0,0,0,0,34,0,0,0,0,0,20,0,0,0,0,0,9,0,0,0,0,0,84,45,0,0,7,9,59,0,0,0,0,9,52,0,0,0,0,0,15,0,0,0,0,0,0,0,0,0,0,0,0,0,0,0,0,0,0,0,0,0,0,0,0,0,0,0,0,0,0,0,0,0,strafe_right
0,0,0,0,0,0,0,0,0,0,0,0,0,0,12,0,0,0,0,0,0,0,0,0,0,0,30,0,0,0,0,0,25,0,0,0,0,0,0,0,0,0,0,0,79,50,0,0,10,0,9,0,0,0,0,9,57,8,0,0,0,0,0,0,0,0,0,0,0,0,0,0,0,0,0,0,0,0,0,0,0,0,0,0,0,0,0,0,0,0,0,0,0,0,0,0,strafe_right
0,0,0,0,0,0,0,0,0,0,0,0,0,0,0,0,0,0,0,0,0,0,0,0,0,0,22,0,0,0,0,0,31,0,0,0,0,0,0,0,0,0,0,0,83,62,0,0,0,0,0,0,0,0,0,16,77,23,0,0,0,0,0,0,0,0,0,0,0,0,0,0,0,0,0,0,0,0,0,0,0,0,0,0,0,0,0,0,0,0,0,0,0,0,0,0,strafe_right
0,0,0,0,0,0,0,0,0,0,0,0,0,0,8,0,0,0,0,0,0,0,0,0,0,0,28,0,0,0,0,0,26,0,0,0,0,0,0,0,0,0,0,0,78,42,0,0,0,0,11,0,0,0,7,20,72,16,0,0,0,0,0,0,0,0,0,0,0,0,0,0,0,0,0,0,0,0,0,0,0,0,0,0,0,0,0,0,0,0,0,0,0,0,0,0,strafe_right
0,0,0,0,0,0,0,0,0,0,0,0,0,9,55,0,0,0,0,0,0,0,0,0,0,20,51,0,0,0,0,0,4,0,0,0,0,0,14,0,0,0,0,0,17,0,0,0,0,5,60,0,0,0,0,12,57,5,0,0,0,0,7,0,0,0,0,0,0,0,0,0,0,0,0,0,0,0,0,0,0,0,0,0,0,0,0,0,0,0,0,0,0,0,0,0,strafe_right
0,0,0,0,0,0,0,0,0,0,0,0,0,0,52,0,0,0,0,0,0,0,0,0,0,28,46,0,0,0,0,0,35,12,0,0,0,0,27,0,0,0,0,0,24,22,0,0,0,0,33,0,0,0,0,0,15,0,0,0,0,0,48,0,0,0,0,16,9,0,0,0,0,0,0,0,0,0,0,0,0,0,0,0,0,0,0,0,0,0,0,0,0,0,0,0,strafe_right
0,0,0,0,0,0,0,0,0,0,0,0,0,0,0,0,0,0,0,0,0,0,0,0,0,27,52,0,0,0,0,0,27,0,0,0,0,49,50,0,0,0,0,0,13,0,0,0,10,0,70,7,0,0,0,0,21,0,0,0,0,0,27,0,0,0,0,0,0,0,0,0,0,0,0,0,0,0,0,0,0,0,0,0,0,0,0,0,0,0,0,0,0,0,0,0,strafe_right
0,0,0,0,0,0,0,0,0,0,0,0,0,0,35,0,0,0,0,0,0,0,0,0,0,68,67,0,0,0,0,0,32,0,0,0,0,22,41,0,0,0,0,0,20,0,0,0,0,0,6,0,0,0,0,4,44,0,0,0,0,0,67,61,0,0,0,0,0,0,0,0,0,0,18,0,0,0,0,0,0,0,0,0,0,0,0,0,0,0,0,0,0,0,0,0,strafe_right
0,0,0,0,0,0,0,0,0,0,0,0,0,0,33,0,0,0,0,0,0,0,0,0,0,64,69,0,0,0,0,0,32,0,0,0,0,11,38,0,0,0,0,0,14,0,0,0,0,0,16,0,0,0,0,7,53,0,0,0,0,0,71,63,0,0,0,0,0,0,0,0,0,0,12,0,0,0,0,0,0,0,0,0,0,0,0,0,0,0,0,0,0,0,0,0,strafe_right
0,0,0,0,0,0,0,0,0,0,0,0,0,0,37,0,0,0,0,0,0,0,0,0,0,69,68,0,0,0,0,0,33,0,0,0,0,10,36,0,0,0,0,0,10,0,0,0,0,0,12,0,0,0,0,12,60,0,0,0,0,0,68,53,0,0,0,0,0,0,0,0,0,0,9,0,0,0,0,0,0,0,0,0,0,0,0,0,0,0,0,0,0,0,0,0,strafe_right
0,0,0,0,0,0,0,0,0,0,0,0,0,0,37,0,0,0,0,0,0,0,0,0,0,72,68,0,0,0,0,0,32,0,0,0,0,10,37,0,0,0,0,0,11,0,0,0,0,0,18,6,0,0,0,18,67,0,0,0,0,0,65,49,0,0,0,0,0,0,0,0,0,0,6,0,0,0,0,0,0,0,0,0,0,0,0,0,0,0,0,0,0,0,0,0,strafe_right
0,0,0,0,0,0,0,0,0,0,0,0,0,0,38,0,0,0,0,0,0,0,0,0,0,77,73,0,0,0,0,0,32,0,0,0,0,16,39,0,0,0,0,0,8,0,0,0,0,0,13,0,0,0,0,11,64,0,0,0,0,0,63,51,0,0,0,0,0,0,0,0,0,0,7,0,0,0,0,0,0,0,0,0,0,0,0,0,0,0,0,0,0,0,0,0,strafe_right
0,0,0,0,0,0,0,0,0,0,0,0,0,0,41,0,0,0,0,0,0,0,0,0,0,84,75,0,0,0,0,0,31,0,0,0,0,13,40,0,0,0,0,0,0,0,0,0,0,0,17,0,0,0,0,16,68,0,0,0,0,0,70,59,0,0,0,0,0,0,0,0,0,0,7,0,0,0,0,0,0,0,0,0,0,0,0,0,0,0,0,0,0,0,0,0,strafe_right
0,0,0,0,0,0,0,0,0,0,0,0,0,0,51,0,0,0,0,0,0,0,0,0,0,123,93,0,0,0,0,0,26,0,0,0,0,12,50,0,0,0,0,0,0,0,0,0,0,36,79,0,0,0,0,0,13,0,0,0,0,0,41,0,0,0,0,0,0,0,0,0,0,0,0,0,0,0,0,0,0,0,0,0,0,0,0,0,0,0,0,0,0,0,0,0,strafe_right
0,0,0,0,0,0,0,0,0,0,0,0,0,0,51,0,0,0,0,0,0,0,0,0,0,112,89,0,0,0,0,0,29,0,0,0,0,4,48,0,0,0,0,0,0,0,0,0,7,27,68,0,0,0,0,0,20,0,0,0,0,0,42,0,0,0,0,0,0,0,0,0,0,0,0,0,0,0,0,0,0,0,0,0,0,0,0,0,0,0,0,0,0,0,0,0,strafe_right
0,0,0,0,0,0,0,0,0,0,0,0,0,0,39,0,0,0,0,0,0,8,0,0,0,47,55,0,0,0,0,0,33,0,0,0,0,0,38,0,0,0,0,0,0,0,0,0,16,3,39,0,0,0,0,10,32,0,0,0,0,0,24,0,0,0,0,0,10,0,0,0,0,0,0,0,0,0,0,0,0,0,0,0,0,0,0,0,0,0,0,0,0,0,0,0,strafe_right
0,0,0,0,0,0,0,0,0,0,0,0,0,0,40,0,0,0,0,0,0,8,0,0,0,45,56,0,0,0,0,0,32,0,0,0,0,0,37,0,0,0,0,0,0,0,0,0,13,0,33,0,0,0,0,3,28,0,0,0,0,0,18,0,0,0,0,0,12,0,0,0,0,0,0,0,0,0,0,0,0,0,0,0,0,0,0,0,0,0,0,0,0,0,0,0,strafe_right
0,0,0,0,0,0,0,0,0,0,0,0,0,0,45,0,0,0,0,0,0,16,0,0,0,45,57,0,0,0,0,0,33,0,0,0,0,0,35,0,0,0,0,0,0,0,0,0,13,0,30,0,0,0,0,5,34,0,0,0,0,0,16,0,0,0,0,0,14,0,0,0,0,0,0,0,0,0,0,0,0,0,0,0,0,0,0,0,0,0,0,0,0,0,0,0,strafe_right
0,0,0,0,0,0,0,0,0,0,0,0,0,0,45,0,0,0,0,0,0,3,0,0,0,74,69,0,0,0,0,0,36,0,0,0,0,0,37,0,0,0,0,0,0,0,0,0,10,0,29,0,0,0,0,12,41,0,0,0,0,0,12,0,0,0,0,0,20,0,0,0,0,0,0,0,0,0,0,0,0,0,0,0,0,0,0,0,0,0,0,0,0,0,0,0,strafe_right
0,0,0,0,0,0,0,0,0,0,0,0,0,0,42,0,0,0,0,0,0,9,0,0,0,67,65,0,0,0,0,0,36,0,0,0,0,0,35,0,0,0,0,0,0,0,0,0,17,0,28,0,0,0,0,11,39,0,0,0,0,0,13,0,0,0,0,0,22,0,0,0,0,0,0,0,0,0,0,0,0,0,0,0,0,0,0,0,0,0,0,0,0,0,0,0,strafe_right
0,0,0,0,0,0,0,0,0,0,0,0,0,0,43,0,0,0,0,0,0,10,0,0,0,66,65,0,0,0,0,0,39,0,0,0,0,0,35,0,0,0,0,0,0,0,0,0,14,0,20,0,0,0,0,13,44,0,0,0,0,0,16,0,0,0,0,0,28,0,0,0,0,0,0,0,0,0,0,0,0,0,0,0,0,0,0,0,0,0,0,0,0,0,0,0,strafe_right
0,0,0,0,0,0,0,0,0,0,0,0,0,0,43,0,0,0,0,0,0,7,0,0,0,69,65,0,0,0,0,0,37,0,0,0,0,0,36,0,0,0,0,0,0,0,0,0,20,0,27,0,0,0,0,14,47,0,0,0,0,0,14,0,0,0,0,0,25,0,0,0,0,0,0,0,0,0,0,0,0,0,0,0,0,0,0,0,0,0,0,0,0,0,0,0,strafe_right
0,0,0,0,0,0,0,0,0,0,0,0,0,0,44,0,0,0,0,0,0,6,0,0,0,76,69,0,0,0,0,0,38,0,0,0,0,0,37,0,0,0,0,0,0,0,0,0,14,0,27,0,0,0,0,14,46,0,0,0,0,0,19,0,0,0,0,0,29,0,0,0,0,0,0,0,0,0,0,0,0,0,0,0,0,0,0,0,0,0,0,0,0,0,0,0,strafe_right
0,0,0,0,0,0,0,0,0,0,0,0,0,0,46,0,0,0,0,0,0,9,0,0,0,74,67,0,0,0,0,0,37,0,0,0,0,0,33,0,0,0,0,0,0,0,0,0,12,0,20,0,0,0,0,12,44,0,0,0,0,0,17,0,0,0,0,0,29,0,0,0,0,0,0,0,0,0,0,0,0,0,0,0,0,0,0,0,0,0,0,0,0,0,0,0,strafe_right
0,0,0,0,0,0,0,0,0,0,0,0,0,0,46,0,0,0,0,0,0,11,0,0,0,75,69,0,0,0,0,0,39,0,0,0,0,0,37,0,0,0,0,0,0,0,0,0,15,0,22,0,0,0,0,16,44,0,0,0,0,0,19,0,0,0,0,0,28,0,0,0,0,0,0,0,0,0,0,0,0,0,0,0,0,0,0,0,0,0,0,0,0,0,0,0,strafe_right
0,0,0,0,0,0,0,0,0,0,0,0,0,0,43,0,0,0,0,0,0,7,0,0,0,75,68,0,0,0,0,0,39,0,0,0,0,0,37,0,0,0,0,0,0,0,0,0,15,0,19,0,0,0,0,13,43,0,0,0,0,0,17,0,0,0,0,0,30,0,0,0,0,0,0,0,0,0,0,0,0,0,0,0,0,0,0,0,0,0,0,0,0,0,0,0,strafe_right
0,0,0,0,0,0,0,0,0,0,0,0,0,0,48,0,0,0,0,0,0,8,0,0,0,86,71,0,0,0,0,0,39,0,0,0,0,0,39,0,0,0,0,0,0,0,0,0,14,0,25,0,0,0,0,14,46,0,0,0,0,0,16,0,0,0,0,0,28,0,0,0,0,0,0,0,0,0,0,0,0,0,0,0,0,0,0,0,0,0,0,0,0,0,0,0,strafe_right
0,0,0,0,0,0,0,0,0,0,0,0,0,0,51,0,0,0,0,0,0,0,0,0,0,86,73,0,0,0,0,0,38,0,8,0,0,0,38,0,0,0,0,0,3,0,0,0,9,0,22,0,0,0,0,11,75,0,0,0,0,0,24,0,0,0,0,0,0,0,0,0,0,0,0,0,0,0,0,0,0,0,0,0,0,0,0,0,0,0,0,0,0,0,0,0,strafe_right
0,0,0,0,0,0,0,0,0,0,0,0,0,0,50,0,0,0,0,0,0,0,0,0,0,89,74,0,0,0,0,0,38,0,5,0,0,7,40,0,0,0,0,0,4,0,0,0,11,0,24,0,0,0,0,9,72,0,0,0,0,0,19,0,0,0,0,0,0,0,0,0,0,0,0,0,0,0,0,0,0,0,0,0,0,0,0,0,0,0,0,0,0,0,0,0,strafe_right
0,0,0,0,0,0,0,0,0,0,0,0,0,0,48,0,0,0,0,0,0,0,0,0,0,83,72,0,0,0,0,0,38,0,0,0,0,8,38,0,0,0,0,0,6,0,0,0,6,0,40,0,0,0,0,4,60,0,0,0,0,0,29,0,0,0,0,0,0,0,0,0,0,0,0,0,0,0,0,0,0,0,0,0,0,0,0,0,0,0,0,0,0,0,0,0,strafe_right
0,0,0,0,0,0,0,0,0,0,0,0,0,0,44,0,0,0,0,0,0,0,0,0,0,62,68,0,0,0,0,0,38,0,11,0,0,8,37,0,0,0,0,0,11,0,0,0,10,0,34,0,0,0,0,10,74,0,0,0,0,0,26,0,0,0,0,0,0,0,0,0,0,0,0,0,0,0,0,0,0,0,0,0,0,0,0,0,0,0,0,0,0,0,0,0,strafe_right
0,0,0,0,0,0,0,0,0,0,0,0,0,0,43,0,0,0,0,0,0,0,0,0,0,79,72,0,0,0,0,0,34,0,10,0,0,6,37,0,0,0,0,0,4,0,0,0,11,0,34,0,0,0,0,12,75,0,0,0,0,0,27,0,0,0,0,0,0,0,0,0,0,0,0,0,0,0,0,0,0,0,0,0,0,0,0,0,0,0,0,0,0,0,0,0,strafe_right
0,0,0,0,0,0,0,0,0,0,0,0,0,0,46,0,0,0,0,0,0,0,0,0,0,84,71,0,0,0,0,0,33,0,0,0,0,8,40,0,0,0,0,0,5,0,0,0,5,0,31,0,0,0,0,13,78,0,0,0,0,0,27,0,0,0,0,0,0,0,0,0,0,0,0,0,0,0,0,0,0,0,0,0,0,0,0,0,0,0,0,0,0,0,0,0,strafe_right
0,0,0,0,0,0,0,0,0,0,0,0,0,0,44,0,0,0,0,0,0,0,0,0,0,91,75,0,0,0,0,0,31,0,0,0,0,9,37,0,0,0,0,0,4,0,0,0,12,0,36,0,0,0,0,17,78,0,0,0,0,0,28,0,0,0,0,0,0,0,0,0,0,0,0,0,0,0,0,0,0,0,0,0,0,0,0,0,0,0,0,0,0,0,0,0,strafe_right
0,0,0,0,0,0,0,0,0,0,0,0,0,0,49,0,0,0,0,0,0,0,0,0,0,87,73,0,0,0,0,0,31,0,0,0,0,5,36,0,0,0,0,0,4,0,0,0,12,0,35,0,0,0,0,13,74,0,0,0,0,0,30,3,0,0,0,0,0,0,0,0,0,0,0,0,0,0,0,0,0,0,0,0,0,0,0,0,0,0,0,0,0,0,0,0,strafe_right
0,0,0,0,0,0,0,0,0,0,0,0,0,0,35,0,0,0,0,0,0,0,0,0,0,28,50,0,0,0,0,0,37,0,21,0,0,0,29,0,0,0,0,0,11,0,0,0,0,0,0,0,0,0,0,16,93,5,0,0,0,0,9,0,0,0,0,0,0,0,0,0,0,0,0,0,0,0,0,0,0,0,0,0,0,0,0,0,0,0,0,0,0,0,0,0,strafe_right
0,0,0,0,0,0,0,0,0,0,0,0,0,0,27,0,0,0,0,0,0,4,0,0,0,27,45,0,0,0,0,0,44,0,28,0,0,0,18,0,0,0,0,0,20,0,0,0,0,0,0,0,0,0,3,25,109,12,0,0,0,0,7,0,0,0,0,0,0,0,0,0,0,0,0,0,0,0,0,0,0,0,0,0,0,0,0,0,0,0,0,0,0,0,0,0,strafe_right
0,0,0,0,0,0,0,0,0,0,0,0,0,0,31,0,0,0,0,0,0,0,0,0,0,44,53,0,0,0,0,0,40,0,12,0,0,0,24,0,0,0,0,0,16,0,0,0,6,0,14,0,0,0,0,14,77,0,0,0,0,0,22,0,0,0,0,0,0,0,0,0,0,0,0,0,0,0,0,0,0,0,0,0,0,0,0,0,0,0,0,0,0,0,0,0,strafe_right
0,0,0,0,0,0,0,0,0,0,0,0,0,0,37,0,0,0,0,0,0,0,0,0,0,50,56,0,0,0,0,0,40,0,12,0,0,0,25,0,0,0,0,0,14,0,0,0,11,0,21,0,0,0,0,16,83,0,0,0,0,0,22,0,0,0,0,0,0,0,0,0,0,0,0,0,0,0,0,0,0,0,0,0,0,0,0,0,0,0,0,0,0,0,0,0,strafe_right
0,0,0,0,0,0,0,0,0,0,0,0,0,0,35,0,0,0,0,0,0,0,0,0,0,52,57,0,0,0,0,0,40,0,13,0,0,0,26,0,0,0,0,0,12,0,0,0,14,0,19,0,0,0,0,19,93,0,0,0,0,0,10,0,0,0,0,0,0,0,0,0,0,0,0,0,0,0,0,0,0,0,0,0,0,0,0,0,0,0,0,0,0,0,0,0,strafe_right
0,0,0,0,0,0,0,0,0,0,0,0,0,0,33,0,0,0,0,0,0,0,0,0,0,49,57,0,0,0,0,0,41,0,18,0,0,0,25,0,0,0,0,0,12,0,0,0,5,0,6,0,0,0,0,20,95,0,0,0,0,0,12,0,0,0,0,0,0,0,0,0,0,0,0,0,0,0,0,0,0,0,0,0,0,0,0,0,0,0,0,0,0,0,0,0,strafe_right
0,0,0,0,0,0,0,0,0,0,0,0,0,0,48,0,0,0,0,0,0,0,0,0,0,73,65,0,0,0,0,0,27,0,0,0,0,0,30,0,0,0,0,0,4,0,0,0,14,0,45,0,0,0,0,13,77,0,0,0,0,0,32,0,0,0,0,0,0,0,0,0,0,0,0,0,0,0,0,0,0,0,0,0,0,0,0,0,0,0,0,0,0,0,0,0,strafe_right
0,0,0,0,0,0,0,0,0,0,0,0,0,0,40,0,0,0,0,0,0,0,0,0,0,62,60,0,0,0,0,0,33,0,0,0,0,0,30,0,0,0,0,0,8,0,0,0,6,0,7,0,0,0,0,16,91,0,0,0,0,0,11,0,0,0,0,0,0,0,0,0,0,0,0,0,0,0,0,0,0,0,0,0,0,0,0,0,0,0,0,0,0,0,0,0,strafe_right
0,0,0,0,0,0,0,0,0,0,0,0,0,0,37,0,0,0,0,0,0,6,0,0,0,29,49,0,0,0,0,0,35,0,21,0,0,0,25,0,0,0,0,0,9,0,0,0,6,0,0,0,0,0,0,23,104,5,0,0,0,0,0,0,0,0,0,0,0,0,0,0,0,0,0,0,0,0,0,0,0,0,0,0,0,0,0,0,0,0,0,0,0,0,0,0,strafe_right
0,0,0,0,0,0,0,0,0,0,0,0,0,0,37,0,0,0,0,0,0,0,0,0,0,52,59,0,0,0,0,0,33,0,29,0,0,0,29,0,0,0,0,0,5,0,0,0,7,0,0,0,0,0,3,24,107,7,0,0,0,0,3,0,0,0,0,0,0,0,0,0,0,0,0,0,0,0,0,0,0,0,0,0,0,0,0,0,0,0,0,0,0,0,0,0,strafe_right
0,0,0,0,0,0,0,0,0,0,0,0,0,0,44,0,0,0,0,0,0,0,0,0,0,62,62,0,0,0,0,0,24,0,0,0,0,0,33,0,0,0,0,0,3,0,0,0,13,0,32,0,0,0,0,16,85,0,0,0,0,0,25,0,0,0,0,0,0,0,0,0,0,0,0,0,0,0,0,0,0,0,0,0,0,0,0,0,0,0,0,0,0,0,0,0,strafe_right
0,0,0,0,0,0,0,0,0,0,0,0,0,0,50,0,0,0,0,0,0,0,0,0,0,87,71,0,0,0,0,0,23,0,0,0,0,3,35,0,0,0,0,0,0,0,0,0,19,0,36,0,0,0,0,9,71,0,0,0,0,0,31,0,0,0,0,0,0,0,0,0,0,0,0,0,0,0,0,0,0,0,0,0,0,0,0,0,0,0,0,0,0,0,0,0,strafe_right
0,0,0,0,0,0,0,0,0,0,0,0,0,0,47,0,0,0,0,0,0,0,0,0,0,79,69,0,0,0,0,0,24,0,0,0,0,0,34,0,0,0,0,0,4,0,0,0,13,0,14,0,0,0,0,16,94,0,0,0,0,0,20,0,0,0,0,0,0,0,0,0,0,0,0,0,0,0,0,0,0,0,0,0,0,0,0,0,0,0,0,0,0,0,0,0,strafe_right
0,0,0,0,0,0,0,0,0,0,0,0,0,0,0,0,0,0,0,0,0,46,0,0,0,0,46,0,0,0,0,0,14,0,0,0,0,5,42,0,0,0,0,0,0,0,0,0,6,19,25,0,0,0,0,0,27,0,0,0,0,0,0,0,0,0,0,0,5,0,0,0,0,0,0,0,0,0,0,0,0,0,0,0,0,0,0,0,0,0,0,0,0,0,0,0,strafe_right
0,0,0,0,0,0,0,0,0,0,0,0,0,0,62,0,0,0,0,0,0,23,0,0,0,34,72,0,0,0,0,0,11,0,0,0,0,0,60,0,0,0,0,0,0,0,0,0,6,0,9,0,0,0,0,4,53,0,0,0,0,0,0,0,0,0,0,0,11,0,0,0,0,0,0,0,0,0,0,0,0,0,0,0,0,0,0,0,0,0,0,0,0,0,0,0,strafe_right
0,0,0,0,0,0,0,0,0,0,0,0,0,0,42,0,0,0,0,0,0,36,0,0,0,7,54,0,0,0,0,0,16,0,0,0,0,0,41,0,0,0,0,0,0,0,0,0,16,0,41,0,0,0,0,0,33,0,0,0,0,0,43,0,0,0,0,0,0,0,0,0,0,0,0,0,0,0,0,0,0,0,0,0,0,0,0,0,0,0,0,0,0,0,0,0,strafe_right
0,0,0,0,0,0,0,0,0,0,0,0,0,0,42,0,0,0,0,0,0,36,0,0,0,15,59,0,0,0,0,0,14,0,0,0,0,0,42,0,0,0,0,0,0,0,0,0,23,0,29,0,0,0,0,0,42,0,0,0,0,0,37,0,0,0,0,0,0,0,0,0,0,0,0,0,0,0,0,0,0,0,0,0,0,0,0,0,0,0,0,0,0,0,0,0,strafe_right
0,0,0,0,0,0,0,0,0,0,0,0,0,0,3,0,0,0,0,0,0,67,0,0,0,0,44,0,0,0,0,0,25,0,0,0,0,0,33,0,0,0,0,0,3,0,0,0,22,0,17,0,0,0,0,0,47,0,0,0,0,0,30,0,0,0,0,0,0,0,0,0,0,0,0,0,0,0,0,0,0,0,0,0,0,0,0,0,0,0,0,0,0,0,0,0,strafe_right
0,0,0,0,0,0,0,0,0,0,0,0,0,0,0,0,0,0,0,0,0,39,0,0,0,0,51,0,0,0,0,0,19,0,0,0,0,0,36,0,0,0,0,0,6,0,0,0,14,0,14,0,0,0,0,5,53,0,0,0,0,0,21,0,0,0,0,0,0,0,0,0,0,0,0,0,0,0,0,0,0,0,0,0,0,0,0,0,0,0,0,0,0,0,0,0,strafe_right
0,0,0,0,0,0,0,0,0,0,0,0,0,0,38,0,0,0,0,0,0,8,0,0,0,10,58,0,0,0,0,0,9,0,0,0,0,12,55,0,0,0,0,0,0,0,0,0,14,0,43,3,0,0,0,0,30,0,0,0,0,0,39,0,0,0,0,0,0,0,0,0,0,0,0,0,0,0,0,0,0,0,0,0,0,0,0,0,0,0,0,0,0,0,0,0,strafe_right
0,0,0,0,0,0,0,0,0,0,0,0,0,0,18,0,0,0,0,0,0,17,0,0,0,0,53,0,0,0,0,0,11,0,0,0,0,3,47,0,0,0,0,0,3,0,0,0,14,0,33,0,0,0,0,0,37,0,0,0,0,0,36,0,0,0,0,0,0,0,0,0,0,0,0,0,0,0,0,0,0,0,0,0,0,0,0,0,0,0,0,0,0,0,0,0,strafe_right
0,0,0,0,0,0,0,0,0,0,0,0,0,0,0,0,0,0,0,0,0,31,0,0,0,0,47,0,0,0,0,0,12,0,0,0,0,0,40,0,0,0,0,0,10,0,0,0,19,0,19,0,0,0,0,0,45,0,0,0,0,0,22,0,0,0,0,0,0,0,0,0,0,0,0,0,0,0,0,0,0,0,0,0,0,0,0,0,0,0,0,0,0,0,0,0,strafe_right
0,0,0,0,0,0,0,0,0,0,0,0,0,0,0,0,0,0,0,0,0,31,0,0,0,0,49,0,0,0,0,0,15,0,0,0,0,0,42,0,0,0,0,0,13,0,0,0,23,0,18,0,0,0,0,4,50,0,0,0,0,0,16,0,0,0,0,0,0,0,0,0,0,0,0,0,0,0,0,0,0,0,0,0,0,0,0,0,0,0,0,0,0,0,0,0,strafe_right
0,0,0,0,0,0,0,0,0,0,0,0,0,0,0,0,0,0,0,0,0,26,0,0,0,0,52,0,0,0,0,0,13,0,0,0,0,0,40,0,0,0,0,0,11,0,0,0,15,0,17,0,0,0,0,8,55,0,0,0,0,0,14,0,0,0,0,0,0,0,0,0,0,0,0,0,0,0,0,0,0,0,0,0,0,0,0,0,0,0,0,0,0,0,0,0,strafe_right
0,0,0,0,0,0,0,0,0,0,0,0,0,0,9,0,0,0,0,0,0,9,0,0,0,0,54,0,0,0,0,0,5,0,0,0,0,12,47,0,0,0,0,0,6,0,0,0,21,0,18,0,0,0,0,9,57,0,0,0,0,0,14,0,0,0,0,0,0,0,0,0,0,0,0,0,0,0,0,0,0,0,0,0,0,0,0,0,0,0,0,0,0,0,0,0,strafe_right
0,0,0,0,0,0,0,0,0,0,0,0,0,0,33,0,0,0,0,0,0,0,0,0,0,19,63,0,0,0,0,0,0,0,0,0,0,27,60,0,0,0,0,0,6,0,0,0,15,0,13,0,0,0,0,6,54,0,0,0,0,0,15,0,0,0,0,0,0,0,0,0,0,0,0,0,0,0,0,0,0,0,0,0,0,0,0,0,0,0,0,0,0,0,0,0,strafe_right
0,0,0,0,0,0,0,0,0,0,0,0,0,0,42,0,0,0,0,0,0,0,0,0,0,31,72,0,0,0,0,0,0,0,0,0,0,30,62,0,0,0,0,0,4,0,0,0,10,0,17,0,0,0,0,6,54,0,0,0,0,0,18,0,0,0,0,0,0,0,0,0,0,0,0,0,0,0,0,0,0,0,0,0,0,0,0,0,0,0,0,0,0,0,0,0,strafe_right
0,0,0,0,0,0,0,0,0,0,0,0,0,0,39,0,0,0,0,0,0,0,0,0,0,19,67,0,0,0,0,0,3,0,0,0,0,12,55,0,0,0,0,0,6,0,0,0,13,0,21,0,0,0,0,10,58,0,0,0,0,0,17,0,0,0,0,0,0,0,0,0,0,0,0,0,0,0,0,0,0,0,0,0,0,0,0,0,0,0,0,0,0,0,0,0,strafe_right
0,0,0,0,0,0,0,0,0,0,0,0,0,0,0,0,0,0,0,0,0,42,0,0,0,0,48,0,0,0,0,0,15,0,0,0,0,0,41,0,0,0,0,0,15,5,0,0,9,0,7,0,0,0,0,8,63,3,0,0,0,0,0,0,0,0,0,0,0,0,0,0,0,0,0,0,0,0,0,0,0,0,0,0,0,0,0,0,0,0,0,0,0,0,0,0,strafe_right
0,0,0,0,0,0,0,0,0,0,0,0,0,0,6,0,0,0,0,0,0,42,0,0,0,0,50,0,0,0,0,0,14,0,0,0,0,0,41,0,0,0,0,0,8,0,0,0,9,0,9,0,0,0,0,8,62,0,0,0,0,0,0,0,0,0,0,0,0,0,0,0,0,0,0,0,0,0,0,0,0,0,0,0,0,0,0,0,0,0,0,0,0,0,0,0,strafe_right
0,0,0,0,0,0,0,0,0,0,0,0,0,0,51,0,0,0,0,0,0,14,0,0,0,18,65,0,0,0,0,0,0,0,0,0,0,12,53,0,0,0,0,0,0,0,0,0,13,0,29,0,0,0,0,3,48,0,0,0,0,0,16,0,0,0,0,0,0,0,0,0,0,0,0,0,0,0,0,0,0,0,0,0,0,0,0,0,0,0,0,0,0,0,0,0,strafe_right
0,0,0,0,0,0,0,0,0,0,0,0,0,0,52,0,0,0,0,0,0,10,0,0,0,33,75,0,0,0,0,0,3,0,0,0,0,21,64,0,0,0,0,0,0,0,0,0,9,0,49,0,0,0,0,0,31,0,0,0,0,0,16,0,0,0,0,0,0,0,0,0,0,0,0,0,0,0,0,0,0,0,0,0,0,0,0,0,0,0,0,0,0,0,0,0,strafe_right
0,0,0,0,0,0,0,0,0,0,0,0,0,0,56,0,0,0,0,0,0,14,0,0,0,36,77,0,0,0,0,0,8,0,0,0,0,18,62,0,0,0,0,0,0,0,0,0,6,0,48,0,0,0,0,0,36,0,0,0,0,0,12,0,0,0,0,0,0,0,0,0,0,0,0,0,0,0,0,0,0,0,0,0,0,0,0,0,0,0,0,0,0,0,0,0,strafe_right
0,0,0,0,0,0,0,0,0,0,0,0,0,0,56,0,0,0,0,0,0,27,0,0,0,20,67,0,0,0,0,0,10,0,0,0,0,0,56,0,0,0,0,0,0,0,0,0,11,0,47,0,0,0,0,0,40,0,0,0,0,0,16,0,0,0,0,0,0,0,0,0,0,0,0,0,0,0,0,0,0,0,0,0,0,0,0,0,0,0,0,0,0,0,0,0,strafe_right
0,0,0,0,0,0,0,0,0,0,0,0,0,0,38,0,0,0,0,0,0,74,0,0,0,0,47,0,0,0,0,0,22,0,0,0,0,0,34,0,0,0,0,0,0,0,0,0,15,0,36,0,0,0,0,0,40,0,0,0,0,0,30,0,0,0,0,0,0,0,0,0,0,0,0,0,0,0,0,0,0,0,0,0,0,0,0,0,0,0,0,0,0,0,0,0,strafe_right
0,0,0,0,0,0,0,0,0,0,0,0,0,0,39,0,0,0,0,0,0,63,0,0,0,0,48,0,0,0,0,0,24,0,0,0,0,0,36,0,0,0,0,0,0,0,0,0,14,0,22,0,0,0,0,0,48,0,0,0,0,0,36,0,0,0,0,0,0,0,0,0,0,0,0,0,0,0,0,0,0,0,0,0,0,0,0,0,0,0,0,0,0,0,0,0,strafe_right
0,0,0,0,0,0,0,0,0,0,0,0,0,0,0,0,0,0,0,0,0,100,0,0,0,0,28,0,0,0,0,0,41,14,0,0,0,0,15,0,0,0,0,0,18,0,0,0,13,0,29,0,0,0,0,0,47,0,0,0,0,0,22,0,0,0,0,0,0,0,0,0,0,0,0,0,0,0,0,0,0,0,0,0,0,0,0,0,0,0,0,0,0,0,0,0,strafe_right
0,0,0,0,0,0,0,0,0,0,0,0,0,9,62,0,0,0,0,0,0,0,0,0,0,27,73,0,0,0,0,0,0,0,0,0,0,0,58,0,0,0,0,0,51,0,0,0,0,0,0,0,0,0,33,11,132,31,0,0,0,0,0,0,0,0,0,0,0,0,0,0,0,0,0,0,0,0,0,0,0,0,0,0,0,0,0,0,0,0,0,0,0,0,0,0,strafe_right
0,0,0,0,0,0,0,0,0,0,0,0,0,0,0,0,0,0,0,0,0,0,0,0,0,0,17,0,0,0,0,0,15,7,0,0,0,0,17,0,0,0,0,0,143,82,0,0,0,0,110,51,0,0,31,0,52,0,0,0,0,0,42,0,0,0,0,0,0,0,0,0,0,0,0,0,0,0,0,0,0,0,0,0,0,0,0,0,0,0,0,0,0,0,0,0,strafe_right
0,0,24,0,0,0,0,0,0,0,0,0,0,13,82,0,0,0,0,0,0,0,0,0,0,0,69,0,0,0,0,0,0,0,0,0,0,0,23,0,0,0,0,0,60,0,0,0,0,0,85,38,0,0,35,0,61,0,0,0,0,0,46,0,0,0,0,0,0,0,0,0,0,0,0,0,0,0,0,0,0,0,0,0,0,0,0,0,0,0,0,0,0,0,0,0,strafe_right
0,0,77,17,0,0,0,0,0,0,0,0,0,24,77,19,0,0,0,0,0,0,0,0,0,0,58,0,0,0,0,0,17,3,0,0,0,0,15,0,0,0,0,0,20,0,0,0,0,0,72,29,0,0,0,0,34,0,0,0,0,0,60,0,0,0,0,0,0,0,0,0,0,0,34,28,0,0,0,0,0,25,0,0,0,0,0,0,0,0,0,0,0,0,0,0,strafe_right
0,0,79,36,0,0,0,0,0,9,0,0,0,30,83,27,0,0,0,0,0,0,0,0,0,0,55,0,0,0,0,0,16,0,0,0,0,0,10,0,0,0,0,0,14,0,0,0,0,0,64,19,0,0,0,0,32,0,0,0,0,0,59,5,0,0,0,0,0,0,0,0,0,0,42,29,0,0,0,0,0,29,0,0,0,0,0,0,0,0,0,0,0,0,0,0,strafe_right
0,0,0,0,0,0,0,0,0,0,0,0,0,0,61,0,0,0,0,0,0,0,0,0,0,0,53,0,0,0,0,0,13,4,0,0,0,0,21,0,0,0,0,0,58,14,0,0,0,0,76,33,0,0,14,0,51,7,0,0,0,0,58,0,0,0,0,0,0,0,0,0,0,0,21,8,0,0,0,0,0,0,0,0,0,0,0,0,0,0,0,0,0,0,0,0,strafe_right
0,0,10,0,0,0,0,0,0,0,0,0,0,0,71,0,0,0,0,0,0,0,0,0,0,0,67,4,0,0,0,0,6,0,0,0,0,0,22,0,0,0,0,0,51,0,0,0,0,0,75,34,0,0,16,0,52,9,0,0,0,0,58,0,0,0,0,0,0,0,0,0,0,0,18,6,0,0,0,0,0,0,0,0,0,0,0,0,0,0,0,0,0,0,0,0,strafe_right
0,0,9,0,0,0,0,0,0,0,0,0,0,11,82,0,0,0,0,0,0,0,0,0,0,5,78,5,0,0,0,0,0,0,0,0,0,0,32,0,0,0,0,0,51,0,0,0,0,0,72,30,0,0,15,0,49,5,0,0,0,0,52,0,0,0,0,0,0,0,0,0,0,0,16,4,0,0,0,0,0,0,0,0,0,0,0,0,0,0,0,0,0,0,0,0,strafe_right
0,0,6,0,0,0,0,0,0,0,0,0,0,18,85,0,0,0,0,0,0,0,0,0,0,7,86,7,0,0,0,0,0,0,0,0,0,0,30,0,0,0,0,0,54,0,0,0,0,0,79,38,0,0,20,0,50,4,0,0,0,0,57,0,0,0,0,0,0,0,0,0,0,0,8,0,0,0,0,0,0,0,0,0,0,0,0,0,0,0,0,0,0,0,0,0,strafe_right
0,0,0,0,0,0,0,0,0,0,0,0,0,0,77,0,0,0,0,0,0,0,0,0,0,0,75,5,0,0,0,0,0,0,0,0,0,0,32,0,0,0,0,0,72,10,0,0,0,0,77,35,0,0,24,0,53,7,0,0,0,0,59,0,0,0,0,0,0,0,0,0,0,0,0,0,0,0,0,0,0,0,0,0,0,0,0,0,0,0,0,0,0,0,0,0,strafe_right
0,0,0,0,0,0,0,0,0,0,0,0,0,0,66,0,0,0,0,0,0,0,0,0,0,0,54,0,0,0,0,0,0,0,0,0,0,0,30,0,0,0,0,0,92,40,0,0,0,0,70,31,0,0,27,0,51,0,0,0,0,0,55,0,0,0,0,0,0,0,0,0,0,0,0,0,0,0,0,0,0,0,0,0,0,0,0,0,0,0,0,0,0,0,0,0,strafe_right
0,0,0,0,0,0,0,0,0,0,0,0,0,0,59,0,0,0,0,0,0,0,0,0,0,0,46,0,0,0,0,0,5,0,0,0,0,0,21,0,0,0,0,0,90,44,0,0,0,0,64,25,0,0,24,0,53,0,0,0,0,0,56,0,0,0,0,0,0,0,0,0,0,0,0,0,0,0,0,0,0,0,0,0,0,0,0,0,0,0,0,0,0,0,0,0,strafe_right
0,0,0,0,0,0,0,0,0,0,0,0,0,0,74,0,0,0,0,0,0,0,0,0,0,0,63,0,0,0,0,0,0,0,0,0,0,0,26,0,0,0,0,0,66,4,0,0,0,0,74,31,0,0,26,0,56,3,0,0,0,0,57,0,0,0,0,0,0,0,0,0,0,0,0,0,0,0,0,0,0,0,0,0,0,0,0,0,0,0,0,0,0,0,0,0,strafe_right
0,0,0,0,0,0,0,0,0,0,0,0,0,8,81,0,0,0,0,0,0,0,0,0,0,0,78,4,0,0,0,0,0,0,0,0,0,0,34,0,0,0,0,0,84,0,0,0,0,0,77,35,0,0,21,0,44,0,0,0,0,0,60,0,0,0,0,0,0,0,0,0,0,0,0,0,0,0,0,0,0,0,0,0,0,0,0,0,0,0,0,0,0,0,0,0,strafe_right
0,0,0,0,0,0,0,0,0,0,0,0,0,12,76,0,0,0,0,0,0,0,0,0,0,4,81,5,0,0,0,0,0,0,0,0,0,0,33,0,0,0,0,0,81,0,0,0,0,0,86,44,0,0,23,0,45,0,0,0,0,0,58,0,0,0,0,0,0,0,0,0,0,0,0,0,0,0,0,0,0,0,0,0,0,0,0,0,0,0,0,0,0,0,0,0,strafe_right
0,0,7,0,0,0,0,0,0,0,0,0,0,32,83,0,0,0,0,0,0,0,0,0,0,11,85,5,0,0,0,0,0,0,0,0,0,0,30,0,0,0,0,0,69,0,0,0,0,9,103,47,0,0,9,0,33,0,0,0,0,0,61,0,0,0,0,0,0,0,0,0,0,0,0,0,0,0,0,0,0,0,0,0,0,0,0,0,0,0,0,0,0,0,0,0,strafe_right
0,0,10,0,0,0,0,0,0,0,0,0,0,38,85,0,0,0,0,0,0,0,0,0,0,16,88,7,0,0,0,0,0,0,0,0,0,0,28,0,0,0,0,0,64,0,0,0,0,13,115,53,0,0,4,0,22,0,0,0,0,0,65,0,0,0,0,0,0,0,0,0,0,0,0,0,0,0,0,0,0,0,0,0,0,0,0,0,0,0,0,0,0,0,0,0,strafe_right
0,0,6,0,0,0,0,0,0,0,0,0,0,44,85,0,0,0,0,0,0,0,0,0,0,20,94,5,0,0,0,0,0,0,0,0,0,0,25,0,0,0,0,0,47,0,0,0,0,17,120,51,0,0,0,0,19,0,0,0,0,0,67,0,0,0,0,0,0,0,0,0,0,0,0,0,0,0,0,0,0,0,0,0,0,0,0,0,0,0,0,0,0,0,0,0,strafe_right
0,0,0,0,0,0,0,0,0,0,0,0,0,43,83,0,0,0,0,0,0,0,0,0,0,17,91,4,0,0,0,0,0,0,0,0,0,0,29,0,0,0,0,0,81,0,0,0,0,3,112,48,0,0,18,0,33,0,0,0,0,0,64,0,0,0,0,0,0,0,0,0,0,0,0,0,0,0,0,0,0,0,0,0,0,0,0,0,0,0,0,0,0,0,0,0,strafe_right
0,0,0,0,0,0,0,0,0,0,0,0,0,0,66,0,0,0,0,0,0,0,0,0,0,0,60,0,0,0,0,0,0,0,0,0,0,0,25,0,0,0,0,0,76,24,0,0,0,0,91,39,0,0,29,0,40,0,0,0,0,0,61,0,0,0,0,0,0,0,0,0,0,0,0,0,0,0,0,0,0,0,0,0,0,0,0,0,0,0,0,0,0,0,0,0,strafe_right
0,0,0,0,0,0,0,0,0,0,0,0,0,0,64,0,0,0,0,0,0,0,0,0,0,0,54,0,0,0,0,0,0,0,0,0,0,0,25,0,0,0,0,0,81,37,0,0,0,0,85,37,0,0,28,0,39,0,0,0,0,0,60,0,0,0,0,0,0,0,0,0,0,0,0,0,0,0,0,0,0,0,0,0,0,0,0,0,0,0,0,0,0,0,0,0,strafe_right
0,0,0,0,0,0,0,0,0,0,0,0,0,0,45,0,0,0,0,0,0,0,0,0,0,0,34,0,0,0,0,0,13,5,0,0,0,0,16,0,0,0,0,0,86,60,0,0,0,0,78,33,0,0,36,0,43,0,0,0,0,0,53,0,0,0,0,0,0,0,0,0,0,0,0,0,0,0,0,0,0,0,0,0,0,0,0,0,0,0,0,0,0,0,0,0,strafe_right
0,0,89,76,0,0,0,3,36,32,0,0,0,11,63,21,0,0,0,0,6,0,0,0,0,0,43,0,0,0,0,0,5,0,0,0,0,0,0,0,0,0,0,0,0,0,0,0,0,0,151,26,0,0,0,0,0,0,0,0,0,0,55,19,0,0,0,0,0,0,0,0,0,0,17,0,0,0,0,0,18,88,0,0,0,0,0,0,0,0,0,0,25,8,0,0,none
0,0,61,17,0,0,0,0,19,28,0,0,0,4,53,17,0,0,0,0,5,0,0,0,0,0,49,0,0,0,0,0,12,0,0,0,0,0,11,0,0,0,0,0,0,0,0,0,0,0,145,5,0,0,0,0,0,0,0,0,0,0,59,16,0,0,0,0,6,0,0,0,0,0,68,11,0,0,0,0,0,45,0,0,0,0,0,0,0,0,0,0,6,0,0,0,none
0,0,31,6,0,0,0,0,20,34,0,0,0,0,39,9,0,0,0,0,4,0,0,0,0,0,43,0,0,0,0,0,13,0,0,0,0,0,14,0,0,0,0,0,0,0,0,0,0,0,94,0,0,0,0,0,0,0,0,0,0,0,46,5,0,0,0,0,11,0,0,0,0,0,53,9,0,0,0,0,12,88,0,0,0,0,0,0,0,0,0,0,26,0,0,0,none
0,0,59,12,0,0,0,0,5,18,0,0,0,13,52,10,0,0,0,0,0,0,0,0,0,0,49,0,0,0,0,0,10,0,0,0,0,0,24,0,0,0,0,0,0,0,0,0,0,0,125,0,0,0,0,0,0,0,0,0,0,0,41,6,0,0,0,0,24,6,0,0,0,0,40,0,0,0,0,0,13,64,0,0,0,0,0,0,0,0,0,0,48,0,0,0,none
0,0,61,0,0,0,0,0,0,3,0,0,0,20,59,12,0,0,0,0,0,0,0,0,0,0,54,0,0,0,0,0,7,0,0,0,0,0,33,0,0,0,0,0,0,0,0,0,0,0,201,16,0,0,0,0,0,0,0,0,0,0,54,14,0,0,0,0,9,0,0,0,0,0,63,9,0,0,0,0,0,31,0,0,0,0,0,0,0,0,0,0,29,0,0,0,none
0,0,68,16,0,0,0,0,10,19,0,0,0,20,60,15,0,0,0,0,0,0,0,0,0,0,53,0,0,0,0,0,7,0,0,0,0,0,26,0,0,0,0,0,0,0,0,0,0,0,173,12,0,0,0,0,0,0,0,0,0,0,52,14,0,0,0,0,22,3,0,0,0,0,56,8,0,0,0,0,3,61,0,0,0,0,0,0,0,0,0,0,35,0,0,0,none
0,0,45,17,0,0,0,0,21,36,0,0,0,0,45,11,0,0,0,0,7,0,0,0,0,0,46,0,0,0,0,0,12,3,0,0,0,0,13,0,0,0,0,0,0,0,0,0,0,0,124,0,0,0,0,0,0,0,0,0,0,0,45,3,0,0,0,0,21,9,0,0,0,0,51,4,0,0,0,0,10,70,0,0,0,0,0,0,0,0,0,0,50,0,0,0,none
0,9,107,21,0,0,0,0,0,0,0,0,0,85,87,15,0,0,0,0,0,0,0,0,0,0,73,0,0,0,0,0,0,0,0,0,0,0,10,0,0,0,0,0,0,0,0,0,0,76,289,40,0,0,0,0,0,0,0,0,0,8,81,27,0,0,0,0,0,0,0,0,0,0,77,0,0,0,0,0,0,0,0,0,0,0,0,0,0,0,0,0,0,0,0,0,backward
0,37,88,0,0,0,0,0,0,0,0,0,0,147,103,0,0,0,0,0,0,0,0,0,0,16,71,0,0,0,0,0,0,0,0,0,0,0,0,0,0,0,0,0,0,0,0,0,0,239,318,23,0,0,0,0,0,0,0,0,0,56,86,0,0,0,0,0,0,0,0,0,0,0,40,0,0,0,0,0,0,0,0,0,0,0,0,0,0,0,0,0,0,0,0,0,backward
0,0,0,0,0,0,0,0,0,0,0,0,0,189,90,0,0,0,0,0,0,0,0,0,0,116,87,0,0,0,0,0,0,0,0,0,0,0,0,0,0,0,0,0,0,0,0,0,0,285,338,28,0,0,0,0,0,0,0,0,0,53,80,0,0,0,0,0,0,0,0,0,0,0,0,0,0,0,0,0,0,0,0,0,0,0,0,0,0,0,0,0,0,0,0,0,backward
0,0,0,0,0,0,0,0,0,0,0,0,0,132,77,0,0,0,0,0,0,0,0,0,0,109,92,0,0,0,0,0,0,0,0,0,0,0,20,0,0,0,0,0,0,0,0,0,0,232,331,18,0,0,0,0,0,0,0,0,0,9,73,0,0,0,0,0,0,0,0,0,0,0,0,0,0,0,0,0,0,0,0,0,0,0,0,0,0,0,0,0,0,0,0,0,backward
0,0,0,0,0,0,0,0,0,132,0,0,0,0,0,0,0,0,0,0,0,83,0,0,0,0,0,0,0,0,0,0,0,50,0,0,0,0,0,0,0,0,0,0,0,0,0,0,0,0,0,0,0,0,0,0,0,0,0,0,0,0,0,0,0,0,0,0,0,57,0,0,0,0,0,0,0,0,0,0,0,215,0,0,0,0,0,0,0,0,0,0,0,74,0,15,forward
0,0,0,0,0,0,0,0,0,60,0,0,0,0,0,0,0,0,0,0,0,52,0,0,0,0,0,0,0,0,0,0,0,90,0,0,0,0,0,0,0,0,0,0,0,0,0,0,0,0,0,0,0,0,0,0,0,0,0,0,0,0,0,0,0,0,0,0,0,36,0,0,0,0,0,0,0,0,0,0,17,157,0,0,0,0,0,0,0,0,0,0,7,119,33,90,forward
0,0,0,0,0,0,0,0,0,87,0,0,0,0,0,0,0,0,0,0,0,59,5,0,0,0,0,0,0,0,0,0,0,97,0,0,0,0,0,0,0,0,0,0,0,0,0,0,0,0,0,0,0,0,0,0,0,0,0,0,0,0,0,0,0,0,0,0,0,11,0,0,0,0,0,0,0,0,0,0,0,158,0,0,0,0,0,0,0,0,0,0,3,153,47,65,forward
0,0,0,0,0,0,0,0,0,68,15,0,0,0,0,0,0,0,0,0,0,36,46,0,0,0,0,0,0,0,0,0,0,118,0,76,0,0,0,0,0,0,0,0,0,0,0,0,0,0,0,0,0,0,0,0,0,0,0,0,0,0,0,0,0,0,0,0,0,0,0,0,0,0,0,0,0,0,0,0,0,124,0,0,0,0,0,0,0,0,0,0,0,155,86,183,forward
0,0,0,0,0,0,0,0,0,171,9,0,0,0,0,0,0,0,0,0,0,98,0,0,0,0,0,0,0,0,0,0,0,188,0,0,0,0,0,0,0,0,0,0,0,0,0,0,0,0,0,0,0,0,0,0,0,0,0,0,0,0,0,0,0,0,0,0,0,81,0,0,0,0,0,0,0,0,0,0,0,174,0,0,0,0,0,0,0,0,0,0,14,7,0,0,forward
0,0,0,0,0,0,0,0,16,124,0,0,0,0,0,0,0,0,0,0,0,88,0,0,0,0,0,0,0,0,0,0,44,176,0,0,0,0,0,0,0,0,0,0,0,0,0,0,0,0,0,0,0,0,0,0,0,10,0,0,0,0,0,0,0,0,0,0,0,89,0,0,0,0,0,0,0,0,0,0,0,174,0,0,0,0,0,0,0,0,0,0,10,8,0,0,forward
0,0,0,0,0,0,0,0,27,68,0,0,0,0,0,0,0,0,0,0,0,70,0,0,0,0,0,0,0,0,0,0,53,167,0,0,0,0,0,0,0,0,0,0,0,0,0,0,0,0,0,0,0,0,0,0,0,26,0,0,0,0,0,0,0,0,0,0,0,89,0,0,0,0,0,0,0,0,0,0,0,169,0,0,0,0,0,0,0,0,0,0,10,10,0,0,forward
0,0,0,0,0,0,0,0,28,32,0,0,0,0,0,0,0,0,0,0,23,50,0,0,0,0,0,0,0,0,0,0,99,162,0,0,0,0,0,0,0,0,0,0,0,0,0,0,0,0,0,0,0,0,0,0,0,42,0,0,0,0,0,0,0,0,0,0,0,87,0,0,0,0,0,0,0,0,0,0,0,132,0,0,0,0,0,0,0,0,0,0,0,0,0,0,forward
0,0,52,0,0,0,0,0,11,10,0,0,0,0,59,24,0,0,0,0,0,7,0,0,0,0,75,18,0,0,0,0,0,0,0,0,0,0,45,0,0,0,0,0,0,0,0,0,0,0,46,10,0,0,0,0,0,0,0,0,0,0,65,4,0,0,0,0,15,34,0,0,0,0,56,178,0,0,0,0,0,0,0,0,0,0,0,0,0,0,0,0,3,0,0,0,none
0,0,51,0,0,0,0,0,12,7,0,0,0,0,59,24,0,0,0,0,0,7,0,0,0,0,74,18,0,0,0,0,0,0,0,0,0,0,43,0,0,0,0,0,0,0,0,0,0,0,45,8,0,0,0,0,0,0,0,0,0,0,65,3,0,0,0,0,14,37,0,0,0,0,58,173,0,0,0,0,0,5,0,0,0,0,0,0,0,0,0,0,4,0,0,0,none
0,0,54,0,0,0,0,0,14,9,0,0,0,0,62,25,0,0,0,0,0,6,0,0,0,0,69,17,0,0,0,0,0,0,0,0,0,0,43,0,0,0,0,0,0,0,0,0,0,0,45,8,0,0,0,0,0,0,0,0,0,0,66,4,0,0,0,0,14,38,0,0,0,0,59,174,0,0,0,0,0,7,0,0,0,0,0,0,0,0,0,0,4,0,0,0,none
0,0,54,0,0,0,0,0,14,9,0,0,0,0,62,25,0,0,0,0,0,6,0,0,0,0,69,17,0,0,0,0,0,0,0,0,0,0,43,0,0,0,0,0,0,0,0,0,0,0,47,5,0,0,0,0,0,5,0,0,0,0,67,4,0,0,0,0,13,37,0,0,0,0,56,173,0,0,0,0,0,5,0,0,0,0,0,0,0,0,0,0,5,0,0,0,none
0,0,54,0,0,0,0,0,14,11,0,0,0,0,62,24,0,0,0,0,0,6,0,0,0,0,73,17,0,0,0,0,0,0,0,0,0,0,44,0,0,0,0,0,0,0,0,0,0,0,42,7,0,0,0,0,0,0,0,0,0,0,66,4,0,0,0,0,14,38,0,0,0,0,59,174,0,0,0,0,0,8,0,0,0,0,0,0,0,0,0,0,3,0,0,0,none
0,0,54,0,0,0,0,0,13,9,0,0,0,0,62,24,0,0,0,0,0,7,0,0,0,0,74,18,0,0,0,0,0,0,0,0,0,0,42,0,0,0,0,0,0,0,0,0,0,0,49,13,0,0,0,0,0,5,0,0,0,0,64,0,0,0,0,0,11,36,0,0,0,0,57,172,0,0,0,0,0,4,0,0,0,0,0,0,0,0,0,0,5,0,0,0,none
0,0,52,0,0,0,0,0,13,7,0,0,0,0,62,25,0,0,0,0,0,5,0,0,0,0,74,19,0,0,0,0,0,0,0,0,0,0,43,0,0,0,0,0,0,0,0,0,0,0,46,11,0,0,0,0,0,4,0,0,0,0,63,4,0,0,0,0,15,39,0,0,0,0,60,175,0,0,0,0,0,7,0,0,0,0,0,0,0,0,0,0,3,0,0,0,none
0,0,55,0,0,0,0,0,13,7,0,0,0,0,60,23,0,0,0,0,0,5,0,0,0,0,73,18,0,0,0,0,0,0,0,0,0,0,40,0,0,0,0,0,0,0,0,0,0,0,47,11,0,0,0,0,0,0,0,0,0,0,64,0,0,0,0,0,13,38,0,0,0,0,58,177,0,0,0,0,0,7,0,0,0,0,0,0,0,0,0,0,5,0,0,0,none
0,0,55,0,0,0,0,0,15,10,0,0,0,0,61,24,0,0,0,0,0,5,0,0,0,0,73,18,0,0,0,0,0,0,0,0,0,0,43,0,0,0,0,0,0,0,0,0,0,0,45,12,0,0,0,0,0,3,0,0,0,0,65,3,0,0,0,0,12,37,0,0,0,0,57,175,0,0,0,0,0,8,0,0,0,0,0,0,0,0,0,0,7,0,0,0,none
0,0,54,0,0,0,0,0,13,9,0,0,0,0,61,24,0,0,0,0,0,6,0,0,0,0,72,16,0,0,0,0,0,0,0,0,0,0,41,0,0,0,0,0,0,0,0,0,0,0,47,11,0,0,0,0,0,0,0,0,0,0,64,0,0,0,0,0,12,36,0,0,0,0,58,176,0,0,0,0,0,8,0,0,0,0,0,0,0,0,0,0,8,0,0,0,none
0,0,55,0,0,0,0,0,13,11,0,0,0,0,61,23,0,0,0,0,0,4,0,0,0,0,73,17,0,0,0,0,0,0,0,0,0,0,40,0,0,0,0,0,0,0,0,0,0,0,46,10,0,0,0,0,0,0,0,0,0,0,65,0,0,0,0,0,13,37,0,0,0,0,59,183,0,0,0,0,0,7,0,0,0,0,0,0,0,0,0,0,12,5,0,0,none
0,0,18,0,0,0,0,0,14,0,0,0,0,0,60,16,0,0,0,0,0,5,0,0,0,0,76,21,0,0,0,0,0,0,0,0,0,0,74,9,0,0,0,0,0,0,0,0,0,0,42,10,0,0,0,0,0,15,0,0,0,0,65,3,0,0,0,0,18,49,0,0,0,0,51,165,0,0,0,0,0,10,0,0,0,0,0,0,0,0,0,0,4,0,0,0,none
0,0,17,0,0,0,0,0,13,0,0,0,0,0,59,15,0,0,0,0,0,4,0,0,0,0,77,20,0,0,0,0,0,0,0,0,0,0,75,9,0,0,0,0,0,0,0,0,0,0,40,10,0,0,0,0,0,12,0,0,0,0,66,4,0,0,0,0,21,53,0,0,0,0,52,165,0,0,0,0,0,10,0,0,0,0,0,0,0,0,0,0,0,0,0,0,none
0,0,15,0,0,0,0,0,15,4,0,0,0,0,58,15,0,0,0,0,0,7,0,0,0,0,76,21,0,0,0,0,0,0,0,0,0,0,70,6,0,0,0,0,0,0,0,0,0,0,41,12,0,0,0,0,0,14,0,0,0,0,66,4,0,0,0,0,20,51,0,0,0,0,50,161,0,0,0,0,0,9,0,0,0,0,0,0,0,0,0,0,5,0,0,0,none
0,0,48,0,0,0,0,0,14,10,0,0,0,0,56,20,0,0,0,0,0,8,0,0,0,0,72,20,0,0,0,0,0,0,0,0,0,0,29,0,0,0,0,0,0,0,0,0,0,0,25,8,0,0,0,0,0,23,0,0,0,0,49,3,0,0,0,0,15,64,0,0,0,0,0,7,0,0,0,0,0,24,0,0,0,0,0,0,0,0,0,0,17,13,0,0,none
0,0,59,0,0,0,0,0,15,0,0,0,0,0,63,26,0,0,0,0,0,6,0,0,0,0,81,21,0,0,0,0,0,0,0,0,0,0,40,0,0,0,0,0,0,0,0,0,0,0,53,21,0,0,0,0,0,7,0,0,0,0,58,7,0,0,0,0,0,18,0,0,0,0,0,8,0,0,0,0,0,0,0,0,0,0,0,0,0,0,0,0,0,4,0,0,none
0,0,0,8,0,0,0,0,0,3,0,0,0,0,27,24,0,0,0,0,0,7,0,0,0,0,47,36,0,0,0,0,3,0,0,0,0,0,0,0,0,0,0,0,0,0,0,0,0,0,51,3,0,0,0,0,0,0,0,0,0,0,64,18,0,0,0,0,0,12,12,0,0,0,44,0,0,0,0,0,0,5,0,0,0,0,0,0,0,0,0,0,35,16,0,0,none
0,0,0,7,0,0,0,0,0,12,0,0,0,0,20,21,0,0,0,0,0,12,0,0,0,0,35,30,0,0,0,0,7,0,0,0,0,0,0,0,0,0,0,0,0,0,0,0,0,0,48,3,0,0,0,0,0,8,0,0,0,0,65,21,0,0,0,0,3,18,28,0,0,0,42,0,0,0,0,0,0,10,0,0,0,0,0,0,0,0,0,0,36,21,0,0,none
0,0,42,60,0,0,0,0,22,0,0,0,0,0,0,24,0,0,0,0,0,0,0,0,0,0,0,0,0,0,0,0,0,0,0,0,0,0,0,0,0,0,0,0,0,0,0,0,0,0,39,0,0,0,0,0,0,0,0,0,0,0,74,25,0,0,0,0,0,0,0,0,0,0,61,13,0,0,0,0,0,0,0,0,0,0,0,0,0,0,0,0,43,28,0,0,strafe_left
0,0,44,62,0,0,0,0,30,0,0,0,0,0,0,27,0,0,0,0,0,0,0,0,0,0,0,0,0,0,0,0,0,0,0,0,0,0,0,0,0,0,0,0,0,0,0,0,0,0,44,0,0,0,0,0,0,0,0,0,0,0,76,29,0,0,0,0,0,0,0,0,0,0,60,9,0,0,0,0,0,0,0,0,0,0,0,0,0,0,0,0,40,18,0,0,strafe_left
0,0,44,60,0,0,0,0,30,0,0,0,0,0,3,26,0,0,0,0,0,0,0,0,0,0,0,0,0,0,0,0,0,0,0,0,0,0,0,0,0,0,0,0,0,0,0,0,0,0,50,0,0,0,0,0,0,0,0,0,0,0,73,27,0,0,0,0,0,0,0,0,0,0,60,11,0,0,0,0,0,0,0,0,0,0,0,0,0,0,0,0,41,19,0,0,strafe_left
0,0,44,54,0,0,0,0,34,0,0,0,0,0,33,30,0,0,0,0,0,0,0,0,0,0,0,0,0,0,0,0,0,0,0,0,0,0,0,0,0,0,0,0,0,0,0,0,0,0,60,4,0,0,0,0,0,0,0,0,0,0,75,30,0,0,0,0,0,3,0,0,0,0,58,11,0,0,0,0,0,0,0,0,0,0,0,0,0,0,0,0,34,10,0,0,strafe_left
0,0,0,0,0,0,0,0,0,0,0,0,0,0,17,20,0,0,0,0,0,0,0,0,0,0,41,28,0,0,0,0,22,20,0,0,0,0,0,17,0,0,0,0,0,0,0,0,0,0,93,26,0,0,0,0,31,61,0,0,0,0,27,0,0,0,0,0,0,0,0,0,0,0,0,0,0,0,0,0,0,0,0,0,0,0,0,0,0,0,0,0,0,0,0,0,strafe_right
0,0,0,0,0,0,0,0,0,0,0,0,0,0,26,20,0,0,0,0,0,0,0,0,0,0,49,35,0,0,0,0,20,16,0,0,0,0,0,20,0,0,0,0,0,0,0,0,0,0,99,31,0,0,0,0,33,58,0,0,0,0,30,0,0,0,0,0,0,0,0,0,0,0,0,0,0,0,0,0,0,0,0,0,0,0,0,0,0,0,0,0,0,0,0,0,strafe_right
0,0,0,0,0,0,0,0,0,0,0,0,0,0,29,24,0,0,0,0,0,0,0,0,0,0,52,39,0,0,0,0,16,10,0,0,0,0,0,22,0,0,0,0,0,0,0,0,0,0,107,35,0,0,0,0,25,30,0,0,0,0,36,0,0,0,0,0,0,0,0,0,0,0,0,0,0,0,0,0,0,0,0,0,0,0,0,0,0,0,0,0,0,0,0,0,strafe_right
0,0,0,0,0,0,0,0,0,0,0,0,0,0,32,21,0,0,0,0,0,0,0,0,0,0,55,41,0,0,0,0,14,9,0,0,0,0,0,22,0,0,0,0,0,0,0,0,0,0,116,35,0,0,0,0,21,19,0,0,0,0,33,0,0,0,0,0,0,0,0,0,0,0,0,0,0,0,0,0,0,0,0,0,0,0,0,0,0,0,0,0,0,0,0,0,strafe_right
0,0,0,0,0,0,0,0,0,0,0,0,0,0,24,11,0,0,0,0,0,0,0,0,0,0,57,40,0,0,0,0,21,16,0,0,0,0,4,23,0,0,0,0,0,0,0,0,0,0,118,37,0,0,0,0,26,27,0,0,0,0,34,0,0,0,0,0,0,0,0,0,0,0,0,0,0,0,0,0,0,0,0,0,0,0,0,0,0,0,0,0,0,0,0,0,strafe_right
0,0,0,0,0,0,0,0,0,0,0,0,0,0,27,12,0,0,0,0,0,0,0,0,0,0,59,37,0,0,0,0,16,12,0,0,0,0,7,23,0,0,0,0,0,0,0,0,0,0,118,39,0,0,0,0,29,33,0,0,0,0,33,0,0,0,0,0,0,0,0,0,0,0,0,0,0,0,0,0,0,0,0,0,0,0,0,0,0,0,0,0,0,0,0,0,strafe_right
0,0,0,0,0,0,0,0,0,0,0,0,0,0,32,17,0,0,0,0,0,0,0,0,0,0,58,39,0,0,0,0,16,10,0,0,0,0,0,23,0,0,0,0,0,0,0,0,0,0,108,34,0,0,0,0,32,39,0,0,0,0,29,0,0,0,0,0,0,0,0,0,0,0,0,0,0,0,0,0,0,0,0,0,0,0,0,0,0,0,0,0,0,0,0,0,strafe_right
0,0,0,0,0,0,0,0,0,0,0,0,0,0,6,15,0,0,0,0,0,0,0,0,0,0,42,33,0,0,0,0,27,23,0,0,0,0,0,21,0,0,0,0,0,0,0,0,0,0,110,36,0,0,0,0,38,51,0,0,0,0,32,0,0,0,0,0,0,0,0,0,0,0,0,0,0,0,0,0,0,0,0,0,0,0,0,0,0,0,0,0,0,0,0,0,strafe_right
0,0,0,0,0,0,0,0,0,0,0,0,0,0,0,11,0,0,0,0,0,0,0,0,0,0,33,28,0,0,0,0,30,26,0,0,0,0,0,19,0,0,0,0,0,0,0,0,0,0,110,35,0,0,0,0,35,42,0,0,0,0,36,0,0,0,0,0,0,0,0,0,0,0,0,0,0,0,0,0,0,0,0,0,0,0,0,0,0,0,0,0,0,0,0,0,strafe_right
0,0,0,0,0,0,0,0,0,0,0,0,0,0,0,10,0,0,0,0,0,3,0,0,0,0,28,26,0,0,0,0,31,26,0,9,0,0,0,17,0,0,0,0,0,0,0,0,0,0,112,36,0,0,0,0,36,39,0,0,0,0,36,0,0,0,0,0,0,0,0,0,0,0,0,0,0,0,0,0,0,0,0,0,0,0,0,0,0,0,0,0,0,0,0,0,strafe_right
0,0,0,0,0,0,0,0,0,0,0,0,0,0,25,20,0,0,0,0,0,0,0,0,0,0,50,35,0,0,0,0,23,11,0,0,0,0,0,18,0,0,0,0,0,0,0,0,0,0,116,37,0,0,0,0,37,47,0,0,0,0,40,0,0,0,0,0,0,0,0,0,0,0,0,0,0,0,0,0,0,0,0,0,0,0,0,0,0,0,0,0,0,0,0,0,strafe_right
0,0,37,50,0,0,0,0,7,0,0,0,0,0,101,44,0,0,0,0,0,0,0,0,0,0,88,33,0,0,0,0,0,0,0,0,0,0,26,0,0,0,0,0,0,0,0,0,0,0,42,4,0,0,0,0,0,26,0,0,0,0,72,26,0,0,0,0,12,15,5,0,0,0,66,16,0,0,0,0,0,0,0,0,0,0,0,0,0,0,0,0,5,0,0,0,none
0,0,42,58,0,0,0,0,10,0,0,0,0,0,97,43,0,0,0,0,0,0,0,0,0,0,85,27,0,0,0,0,0,0,0,0,0,0,16,0,0,0,0,0,0,0,0,0,0,0,42,3,0,0,0,0,0,24,0,0,0,0,73,24,0,0,0,0,11,15,3,0,0,0,68,17,0,0,0,0,0,0,0,0,0,0,0,0,0,0,0,0,3,0,0,0,none
0,0,0,0,0,0,0,0,0,0,0,0,0,0,81,28,0,0,0,0,0,0,0,0,0,0,73,23,0,0,0,0,0,0,0,0,0,0,54,0,0,0,0,0,0,19,0,0,0,0,46,0,0,0,0,0,0,3,0,0,0,0,59,17,0,0,0,0,0,15,10,0,0,0,42,0,0,0,0,0,0,10,0,0,0,0,0,0,0,0,0,0,41,21,0,0,none
0,0,0,0,0,0,0,0,17,0,0,0,0,0,72,27,0,0,0,0,0,0,0,0,0,0,77,23,0,0,0,0,0,0,0,0,0,0,68,0,0,0,0,0,0,0,0,0,0,0,46,0,0,0,0,0,0,3,0,0,0,0,58,19,0,0,0,0,0,22,28,0,0,0,24,0,0,0,0,0,0,17,0,0,0,0,0,0,0,0,0,0,45,33,0,0,none
0,0,0,0,0,0,0,0,26,0,0,0,0,0,75,34,0,0,0,0,3,0,0,0,0,0,80,26,0,0,0,0,0,0,0,0,0,0,67,0,0,0,0,0,0,0,0,0,0,0,47,0,0,0,0,0,0,0,0,0,0,0,60,21,0,0,0,0,0,21,28,0,0,0,27,0,0,0,0,0,0,17,0,0,0,0,0,0,0,0,0,0,43,32,0,0,none
0,0,0,0,0,0,0,0,28,0,0,0,0,0,76,33,0,0,0,0,0,0,0,0,0,0,81,27,0,0,0,0,0,0,0,0,0,0,67,0,0,0,0,0,0,0,0,0,0,0,55,6,0,0,0,0,0,0,0,0,0,0,64,24,0,0,0,0,0,23,31,0,0,0,29,0,0,0,0,0,0,15,0,0,0,0,0,0,0,0,0,0,44,30,0,0,none
0,0,0,0,0,0,0,0,24,0,0,0,0,0,78,34,0,0,0,0,0,0,0,0,0,0,81,26,0,0,0,0,0,0,0,0,0,0,73,0,0,0,0,0,0,0,0,0,0,0,56,12,0,0,0,0,0,10,0,0,0,0,66,28,0,0,0,0,0,22,34,0,0,0,31,0,0,0,0,0,0,11,0,0,0,0,0,0,0,0,0,0,39,23,0,0,none
0,0,0,0,0,0,0,0,24,0,0,0,0,0,80,35,0,0,0,0,0,0,0,0,0,0,82,29,0,0,0,0,0,0,0,0,0,0,68,0,0,0,0,0,0,0,0,0,0,0,66,12,0,0,0,0,0,0,0,0,0,0,71,32,0,0,0,0,0,16,14,0,0,0,40,0,0,0,0,0,0,3,0,0,0,0,0,0,0,0,0,0,31,8,0,0,none
0,0,0,0,0,0,0,0,13,0,0,0,0,0,75,31,0,0,0,0,0,0,0,0,0,0,79,25,0,0,0,0,0,0,0,0,0,0,78,0,0,0,0,0,0,0,0,0,0,0,60,12,0,0,0,0,0,8,0,0,0,0,63,27,0,0,0,0,0,23,32,0,0,0,24,0,0,0,0,0,0,9,0,0,0,0,0,0,0,0,0,0,35,13,0,0,none
0,0,0,0,0,0,0,0,22,0,0,0,0,0,84,38,0,0,0,0,0,0,0,0,0,0,87,30,0,0,0,0,0,0,0,0,0,0,71,0,0,0,0,0,0,0,0,0,0,0,74,20,0,0,0,0,0,20,0,0,0,0,71,34,0,0,0,0,0,22,18,0,0,0,30,0,0,0,0,0,0,0,0,0,0,0,0,0,0,0,0,0,19,0,0,0,none
0,0,34,26,0,0,0,0,0,0,0,0,0,0,80,37,0,0,0,0,0,0,0,0,0,0,85,27,0,0,0,0,0,0,0,0,0,0,38,0,0,0,0,0,0,0,0,0,0,0,68,13,0,0,0,0,0,16,0,0,0,0,70,31,0,0,0,0,0,17,8,0,0,0,47,8,0,0,0,0,0,0,0,0,0,0,0,0,0,0,0,0,12,0,0,0,none
0,0,31,21,0,0,0,0,0,0,0,0,0,0,84,37,0,0,0,0,0,0,0,0,0,0,84,28,0,0,0,0,0,0,0,0,0,0,39,0,0,0,0,0,0,0,0,0,0,0,65,9,0,0,0,0,0,23,0,0,0,0,71,31,0,0,0,0,0,19,12,0,0,0,48,9,0,0,0,0,0,0,0,0,0,0,0,0,0,0,0,0,0,0,0,0,none
0,0,33,24,0,0,0,0,0,0,0,0,0,0,83,38,0,0,0,0,0,0,0,0,0,0,84,27,0,0,0,0,0,0,0,0,0,0,44,0,0,0,0,0,0,7,0,0,0,0,68,10,0,0,0,0,0,26,0,0,0,0,69,29,0,0,0,0,0,17,9,0,0,0,47,7,0,0,0,0,0,0,0,0,0,0,0,0,0,0,0,0,6,0,0,0,none
0,0,103,29,0,0,0,0,82,0,0,0,0,0,52,6,0,0,0,0,11,0,0,0,0,0,0,0,0,0,0,0,32,0,0,0,0,0,0,0,0,0,0,0,0,0,0,0,0,0,0,0,0,0,0,0,0,0,0,0,0,17,28,0,0,0,0,0,32,0,0,0,0,0,24,0,0,0,0,0,29,0,0,0,0,0,0,0,0,0,0,0,69,0,0,0,strafe_left
0,0,109,33,0,0,0,0,112,0,0,0,0,0,61,0,0,0,0,0,0,0,0,0,0,0,0,0,0,0,0,0,0,0,0,0,0,0,0,0,0,0,0,0,0,0,0,0,0,0,0,0,0,0,0,0,0,0,0,0,0,29,41,0,0,0,0,0,0,0,0,0,0,70,61,0,0,0,0,0,7,0,0,0,0,0,0,0,0,0,0,0,88,0,0,0,strafe_left
0,0,112,35,0,0,0,0,117,0,0,0,0,0,66,0,0,0,0,0,0,0,0,0,0,0,0,0,0,0,0,0,0,0,0,0,0,0,0,0,0,0,0,0,0,0,0,0,0,0,0,0,0,0,0,0,0,0,0,0,0,30,40,0,0,0,0,0,0,0,0,0,0,80,64,0,0,0,0,0,9,0,0,0,0,0,0,0,0,0,0,0,93,0,0,0,strafe_left
0,0,111,36,0,0,0,0,123,0,0,0,0,0,57,0,0,0,0,0,0,0,0,0,0,0,0,0,0,0,0,0,0,0,0,0,0,0,0,0,0,0,0,0,0,0,0,0,0,0,0,0,0,0,0,0,0,0,0,0,0,22,34,0,0,0,0,0,0,0,0,0,0,63,53,0,0,0,0,0,9,0,0,0,0,0,0,0,0,0,0,0,94,0,0,0,strafe_left
4,0,102,32,0,0,0,0,104,0,0,0,0,0,54,0,0,0,0,0,0,0,0,0,0,0,0,0,0,0,0,0,0,0,0,0,0,0,0,0,0,0,0,0,0,0,0,0,0,0,0,0,0,0,0,0,0,0,0,0,0,0,28,0,0,0,0,0,0,0,0,0,0,52,55,0,0,0,0,0,0,0,0,0,0,0,0,0,0,0,0,0,126,0,0,0,strafe_left
0,0,71,18,0,0,0,0,132,0,0,0,0,0,43,0,0,0,0,0,0,0,0,0,0,0,0,0,0,0,0,0,0,0,0,0,0,0,0,0,0,0,0,0,0,0,0,0,0,0,0,0,0,0,0,0,0,0,0,0,0,0,20,0,0,0,0,0,0,0,0,0,0,0,33,0,0,0,0,0,0,0,0,0,0,0,0,0,0,0,0,0,167,0,0,0,strafe_left
0,0,21,0,0,0,0,6,179,0,0,0,0,0,0,0,0,0,0,0,0,0,0,0,0,0,0,0,0,0,0,0,0,0,0,0,0,0,0,0,0,0,0,0,0,0,0,0,0,0,0,0,0,0,0,0,0,0,0,0,0,0,0,0,0,0,0,0,0,0,0,0,0,0,0,0,0,0,0,0,0,0,0,0,0,0,0,0,0,0,0,0,235,0,0,0,strafe_left
3,0,76,18,0,0,0,0,89,0,0,0,0,0,35,0,0,0,0,0,0,0,0,0,0,0,0,0,0,0,0,0,0,0,0,0,0,0,0,0,0,0,0,0,0,0,0,0,0,0,0,0,0,0,0,0,0,0,0,0,0,0,31,0,0,0,0,0,0,0,0,0,0,0,36,0,0,0,0,0,0,0,0,0,0,0,0,0,0,0,0,0,182,0,0,0,strafe_left
18,0,75,20,0,0,0,0,48,0,0,0,0,0,42,0,0,0,0,0,0,0,0,0,0,0,0,0,0,0,0,0,0,0,0,0,0,0,0,0,0,0,0,0,0,0,0,0,0,0,0,0,0,0,0,0,0,0,0,0,0,0,0,0,0,0,0,0,0,0,0,0,0,78,50,0,0,0,0,0,0,0,0,0,0,37,57,0,0,0,0,0,120,0,0,0,strafe_left
16,0,59,13,0,0,0,0,62,0,0,0,0,0,14,0,0,0,0,0,0,0,0,0,0,0,0,0,0,0,0,0,0,0,0,0,0,0,0,0,0,0,0,0,0,0,0,0,0,0,0,0,0,0,0,0,0,0,0,0,0,0,0,0,0,0,0,0,0,0,0,0,0,87,53,0,0,0,0,0,0,0,0,0,0,38,59,0,0,0,0,0,120,0,0,0,strafe_left
4,0,47,5,0,0,0,0,109,0,0,0,0,0,0,0,0,0,0,0,0,0,0,0,0,0,0,0,0,0,0,0,0,0,0,0,0,0,0,0,0,0,0,0,0,0,0,0,0,0,0,0,0,0,0,0,0,0,0,0,0,0,0,0,0,0,0,0,0,0,0,0,0,33,37,0,0,0,0,0,0,0,0,0,0,19,50,0,0,0,0,0,137,0,0,0,strafe_left
0,0,48,0,0,0,0,0,111,0,0,0,0,0,0,0,0,0,0,0,0,0,0,0,0,0,0,0,0,0,0,0,0,0,0,0,0,0,0,0,0,0,0,0,0,0,0,0,0,0,0,0,0,0,0,0,0,0,0,0,0,0,0,0,0,0,0,0,0,0,0,0,0,22,24,0,0,0,0,0,0,0,0,0,0,0,45,0,0,0,0,0,155,0,0,0,strafe_left
0,0,34,0,0,0,0,0,125,0,0,0,0,0,0,0,0,0,0,0,0,0,0,0,0,0,0,0,0,0,0,0,0,0,0,0,0,0,0,0,0,0,0,0,0,0,0,0,0,0,0,0,0,0,0,0,0,0,0,0,0,0,0,0,0,0,0,0,0,0,0,0,0,31,27,0,0,0,0,0,0,0,0,0,0,0,42,0,0,0,0,0,133,0,0,0,strafe_left
4,0,104,38,0,0,0,0,62,0,0,0,0,0,64,0,0,0,0,0,0,0,0,0,0,0,0,0,0,0,0,0,0,0,0,0,0,0,0,0,0,0,0,0,0,0,0,0,0,0,0,0,0,0,0,0,0,0,0,0,0,0,0,0,0,0,0,0,0,0,0,0,0,118,59,0,0,0,0,0,0,0,0,0,0,11,49,0,0,0,0,0,94,0,0,0,strafe_left
0,0,0,0,0,0,0,0,185,40,32,0,0,0,0,0,0,0,0,0,0,0,0,0,0,0,0,0,0,0,0,0,0,0,0,0,0,0,0,0,0,0,0,0,0,0,0,0,0,0,0,0,0,0,0,0,0,0,0,0,0,0,0,0,0,0,0,0,0,0,0,0,0,112,60,0,0,0,0,0,0,0,0,0,0,14,52,0,0,0,0,0,81,0,0,0,strafe_left
10,0,89,30,0,0,0,0,53,0,0,0,0,0,67,0,0,0,0,0,0,0,0,0,0,0,0,0,0,0,0,0,0,0,0,0,0,0,0,0,0,0,0,0,0,0,0,0,0,0,0,0,0,0,0,0,0,0,0,0,0,0,0,0,0,0,0,0,0,0,0,0,0,151,76,0,0,0,0,0,5,0,0,0,0,28,61,0,0,0,0,0,81,0,0,0,strafe_left
3,0,110,35,0,0,0,0,31,0,0,0,0,0,66,0,0,0,0,0,0,0,0,0,0,0,0,0,0,0,0,0,0,0,0,0,0,0,0,0,0,0,0,0,0,0,0,0,0,0,0,0,0,0,0,0,0,0,0,0,0,0,0,0,0,0,0,0,0,0,0,0,0,149,74,0,0,0,0,0,0,0,0,0,0,34,67,0,0,0,0,0,92,0,0,0,strafe_left
0,0,145,42,0,0,0,0,0,0,0,0,0,0,68,0,0,0,0,0,0,0,0,0,0,0,0,0,0,0,0,0,0,0,0,0,0,0,0,0,0,0,0,0,0,0,0,0,0,0,0,0,0,0,0,0,0,0,0,0,0,0,0,0,0,0,0,0,0,0,0,0,0,151,76,0,0,0,0,0,0,0,0,0,0,35,64,0,0,0,0,0,91,0,0,0,strafe_left
19,0,52,11,0,0,0,0,57,0,0,0,0,0,49,4,0,0,0,0,0,0,0,0,0,0,0,0,0,0,0,0,0,0,0,0,0,0,0,0,0,0,0,0,0,0,0,0,0,0,0,0,0,0,0,0,0,0,0,0,0,0,0,0,0,0,0,0,0,0,0,0,0,11,28,0,0,0,0,0,12,0,17,0,0,0,7,0,0,0,0,0,114,0,0,0,strafe_left
22,0,55,14,0,0,0,0,58,0,0,0,0,0,52,8,0,0,0,0,0,0,0,0,0,0,7,0,0,0,0,0,0,0,0,0,0,0,0,0,0,0,0,0,0,0,0,0,0,0,0,0,0,0,0,0,0,0,0,0,0,0,0,0,0,0,0,0,0,0,0,0,0,12,33,0,0,0,0,0,24,0,31,0,0,0,5,0,0,0,0,0,93,0,0,0,strafe_left
9,0,80,26,0,0,0,0,45,0,0,0,0,0,59,7,0,0,0,0,0,0,0,0,0,0,13,0,0,0,0,0,0,0,0,0,0,0,0,0,0,0,0,0,0,0,0,0,0,0,0,0,0,0,0,0,0,0,0,0,0,0,0,0,0,0,0,0,0,0,0,0,0,75,49,0,0,0,0,0,3,0,0,0,0,3,36,0,0,0,0,0,86,0,0,0,strafe_left
9,0,81,27,0,0,0,0,51,0,0,0,0,0,59,9,0,0,0,0,0,0,0,0,0,0,27,0,0,0,0,0,0,0,0,0,0,0,0,0,0,0,0,0,0,0,0,0,0,0,0,0,0,0,0,0,0,0,0,0,0,0,0,0,0,0,0,0,0,0,0,0,0,103,60,0,0,0,0,0,0,0,0,0,0,8,41,0,0,0,0,0,77,0,0,0,strafe_left
19,0,53,13,0,0,0,0,43,0,0,0,5,0,39,8,0,0,0,0,0,0,0,0,0,0,37,0,0,0,0,0,0,0,0,0,0,0,0,0,0,0,0,0,0,0,0,0,0,0,0,0,0,0,0,0,0,0,0,0,0,0,0,0,0,0,0,0,0,0,0,0,0,26,39,0,0,0,0,0,13,0,11,0,0,0,15,0,0,0,0,0,75,0,0,0,strafe_left
21,0,47,8,0,0,0,0,48,0,0,0,3,0,39,8,0,0,0,0,0,0,0,0,0,0,27,0,0,0,0,0,0,0,0,0,0,0,0,0,0,0,0,0,0,0,0,0,0,0,0,0,0,0,0,0,0,0,0,0,0,0,0,0,0,0,0,0,0,0,0,0,0,18,35,0,0,0,0,0,17,0,13,0,0,0,12,0,0,0,0,0,75,0,0,0,strafe_left
24,0,46,8,0,0,0,0,53,0,0,0,0,0,36,5,0,0,0,0,0,0,0,0,0,0,23,0,0,0,0,0,0,0,0,0,0,0,0,0,0,0,0,0,0,0,0,0,0,0,0,0,0,0,0,0,0,0,0,0,0,0,0,0,0,0,0,0,0,0,0,0,0,9,32,0,0,0,0,0,13,0,12,0,0,0,6,0,0,0,0,0,84,0,0,0,strafe_left
28,0,51,10,0,0,0,0,72,0,0,0,0,0,38,3,0,0,0,0,0,0,0,0,0,0,0,0,0,0,0,0,0,0,0,0,0,0,0,0,0,0,0,0,0,0,0,0,0,0,0,0,0,0,0,0,0,0,0,0,0,0,0,0,0,0,0,0,0,0,0,0,0,0,24,0,0,0,0,0,14,0,11,0,0,0,6,0,0,0,0,0,88,0,0,0,strafe_left
24,0,53,12,0,0,0,0,80,0,0,0,0,0,40,4,0,0,0,0,0,0,0,0,0,0,0,0,0,0,0,0,0,0,0,0,0,0,0,0,0,0,0,0,0,0,0,0,0,0,0,0,0,0,0,0,0,0,0,0,0,0,0,0,0,0,0,0,0,0,0,0,0,10,27,0,0,0,0,0,13,0,10,0,0,0,9,0,0,0,0,0,84,0,0,0,strafe_left
27,0,60,14,0,0,0,0,80,0,0,0,0,0,42,5,0,0,0,0,0,0,0,0,0,0,0,0,0,0,0,0,0,0,0,0,0,0,0,0,0,0,0,0,0,0,0,0,0,0,0,0,0,0,0,0,0,0,0,0,0,0,0,0,0,0,0,0,0,0,0,0,0,5,29,0,0,0,0,0,15,0,12,0,0,0,11,0,0,0,0,0,89,0,0,0,strafe_left
24,0,61,17,0,0,0,0,74,0,0,0,0,0,43,0,0,0,0,0,0,0,0,0,0,0,0,0,0,0,0,0,0,0,0,0,0,0,0,0,0,0,0,0,0,0,0,0,0,0,0,0,0,0,0,0,0,0,0,0,0,0,0,0,0,0,0,0,0,0,0,0,0,7,27,0,0,0,0,0,11,0,0,0,0,0,15,0,0,0,0,0,92,0,0,0,strafe_left
23,0,67,20,0,0,0,0,73,0,0,0,0,0,44,0,0,0,0,0,0,0,0,0,0,0,0,0,0,0,0,0,0,0,0,0,0,0,0,0,0,0,0,0,0,0,0,0,0,0,0,0,0,0,0,0,0,0,0,0,0,0,0,0,0,0,0,0,0,0,0,0,0,15,30,0,0,0,0,0,14,0,3,0,0,0,19,0,0,0,0,0,91,0,0,0,strafe_left
20,0,66,19,0,0,0,0,72,0,0,0,0,0,48,0,0,0,0,0,0,0,0,0,0,0,0,0,0,0,0,0,0,0,0,0,0,0,0,0,0,0,0,0,0,0,0,0,0,0,0,0,0,0,0,0,0,0,0,0,0,0,0,0,0,0,0,0,0,0,0,0,0,29,37,0,0,0,0,0,14,0,0,0,0,0,18,0,0,0,0,0,92,0,0,0,strafe_left
19,0,64,19,0,0,0,0,34,0,0,0,0,0,55,20,0,0,0,0,0,0,0,0,0,0,66,0,0,0,0,0,0,0,0,0,0,0,0,0,0,0,0,0,0,0,0,0,0,0,0,0,0,0,0,0,0,0,0,0,0,0,0,0,0,0,0,0,0,0,0,0,0,34,42,0,0,0,0,0,18,0,5,0,0,0,24,0,0,0,0,0,90,0,0,0,strafe_left
0,0,0,0,0,0,0,0,18,0,0,0,0,0,0,0,0,0,0,0,0,58,0,0,0,0,0,0,0,0,0,0,26,62,0,0,0,0,0,0,0,0,0,0,0,14,0,0,0,0,0,0,0,0,0,0,0,0,0,0,0,0,0,0,0,0,0,0,40,9,0,0,0,0,0,0,0,0,0,0,55,0,27,0,0,0,0,0,0,0,0,0,89,0,0,0,forward
0,0,0,0,0,0,0,0,0,0,8,0,0,0,0,0,0,0,0,0,0,58,0,0,0,0,0,0,0,0,0,0,15,68,0,0,0,0,0,0,0,0,0,0,0,38,0,0,0,0,0,0,0,0,0,0,0,0,0,0,0,0,0,0,0,0,0,0,22,13,0,0,0,0,0,0,0,0,0,0,56,0,22,0,0,0,0,0,0,0,0,0,105,0,0,0,forward
0,0,0,0,0,0,0,0,0,0,14,0,0,0,0,0,0,0,0,0,0,66,0,0,0,0,0,0,0,0,0,0,18,69,0,0,0,0,0,0,0,0,0,0,0,0,0,41,0,0,0,0,0,0,0,0,0,0,0,0,0,0,0,0,0,0,0,0,0,11,0,0,0,0,0,0,0,0,0,0,51,7,89,0,0,0,0,0,0,0,0,0,61,0,0,0,forward
0,0,0,0,0,0,0,0,0,0,32,0,0,0,0,0,0,0,0,0,0,62,0,0,0,0,0,0,0,0,0,0,0,72,0,0,0,0,0,0,0,0,0,0,0,0,0,42,0,0,0,0,0,0,0,0,0,0,0,0,0,0,0,0,0,0,0,0,0,18,0,0,0,0,0,0,0,0,0,0,39,7,78,0,0,0,0,0,0,0,0,0,43,0,0,0,forward
0,0,0,0,0,0,0,0,0,0,46,0,0,0,0,0,0,0,0,0,0,72,0,0,0,0,0,0,0,0,0,0,0,72,0,0,0,0,0,0,0,0,0,0,0,0,0,25,0,0,0,0,0,0,0,0,0,0,0,0,0,0,0,0,0,0,0,0,0,20,0,0,0,0,0,0,0,0,0,0,30,0,74,0,0,0,0,0,0,0,0,0,32,0,0,0,forward
0,0,0,0,0,0,0,0,0,0,53,0,0,0,0,0,0,0,0,0,0,82,0,0,0,0,0,0,0,0,0,0,0,76,0,0,0,0,0,0,0,0,0,0,0,0,0,0,0,0,0,0,0,0,0,0,0,0,0,0,0,0,0,0,0,0,0,0,6,34,0,0,0,0,0,0,0,0,0,0,45,4,60,0,0,0,0,0,0,0,0,0,44,0,0,0,forward
0,0,0,0,0,0,0,0,0,14,43,0,0,0,0,0,0,0,0,0,0,104,0,0,0,0,0,0,0,0,0,0,0,82,0,0,0,0,0,0,0,0,0,0,0,0,0,0,0,0,0,0,0,0,0,0,0,0,0,0,0,0,0,0,0,0,0,0,27,46,0,0,0,0,0,0,0,0,0,0,42,4,44,0,0,0,0,0,0,0,0,0,46,0,0,0,forward
0,0,0,0,0,0,0,0,0,0,0,0,0,0,0,0,0,0,0,0,0,73,0,0,0,0,0,0,0,0,0,0,23,79,0,0,0,0,0,0,0,0,0,0,12,44,0,0,0,0,0,0,0,0,0,0,0,19,0,0,0,0,0,0,0,0,0,0,64,57,0,0,0,0,0,0,0,0,0,0,51,0,0,0,0,0,0,0,0,0,0,0,52,0,0,0,forward
0,0,0,0,0,0,0,0,49,12,0,0,0,0,0,0,0,0,0,0,57,71,0,0,0,0,0,0,0,0,0,0,52,32,0,0,0,0,0,0,0,0,0,0,0,0,0,0,0,0,0,0,0,0,0,0,88,24,0,0,0,0,0,0,0,0,0,0,77,0,0,0,0,0,0,0,0,0,0,0,7,0,0,0,0,0,0,0,0,0,0,0,0,0,0,0,forward
0,0,0,0,0,0,0,0,56,8,0,0,0,0,0,0,0,0,0,0,66,71,0,0,0,0,0,0,0,0,0,0,59,27,0,0,0,0,0,0,0,0,0,0,0,0,0,0,0,0,0,0,0,0,0,5,76,18,0,0,0,0,0,0,0,0,0,0,80,3,0,0,0,0,0,0,0,0,0,0,25,0,0,0,0,0,0,0,0,0,0,0,0,0,0,0,forward
0,0,0,0,0,0,0,0,55,25,0,0,0,0,0,0,0,0,0,0,39,79,0,0,0,0,0,0,0,0,0,0,39,47,0,0,0,0,0,0,0,0,0,0,0,0,0,0,0,0,0,0,0,0,0,0,68,37,0,0,0,0,0,0,0,0,0,0,80,46,0,0,0,0,0,0,0,0,0,0,38,0,0,0,0,0,0,0,0,0,0,0,0,0,0,0,forward
0,0,0,0,0,0,0,0,0,0,0,0,0,0,0,0,0,0,0,0,0,65,0,0,0,0,0,0,0,0,0,0,10,78,0,0,0,0,0,0,0,0,0,0,0,39,0,0,0,0,0,0,0,0,0,0,48,36,0,0,0,0,0,0,0,0,0,0,79,71,0,0,0,0,0,0,0,0,0,0,44,0,22,0,0,0,0,0,0,0,0,0,0,0,0,0,forward
0,0,0,0,0,0,0,0,0,0,20,13,0,0,0,0,0,0,0,0,0,29,0,0,0,0,0,0,0,0,0,0,0,74,0,0,0,0,0,0,0,0,0,0,0,22,0,0,0,0,0,0,0,0,0,0,17,22,0,0,0,0,0,0,0,0,0,0,45,54,0,0,0,0,0,0,0,0,0,0,40,0,116,0,0,0,0,0,0,0,0,0,0,0,0,0,forward
0,0,0,0,0,0,0,0,0,0,13,30,0,0,0,0,0,0,0,0,0,28,0,0,0,0,0,0,0,0,0,0,0,66,0,28,0,0,0,0,0,0,0,0,0,0,0,0,0,0,0,0,0,0,0,0,0,7,0,0,0,0,0,0,0,0,0,0,33,54,0,0,0,0,0,0,0,0,0,0,32,0,106,0,0,0,0,0,0,0,0,0,6,0,0,0,forward
0,0,0,0,0,0,0,0,0,0,11,33,0,0,0,0,0,0,0,0,0,46,0,0,0,0,0,0,0,0,0,0,0,70,0,0,0,0,0,0,0,0,0,0,0,0,0,0,0,0,0,0,0,0,0,0,9,0,0,0,0,0,0,0,0,0,0,0,70,57,0,0,0,0,0,0,0,0,0,0,55,4,0,0,0,0,0,0,0,0,0,0,44,0,0,0,forward
0,0,0,0,0,0,0,0,0,0,0,0,0,0,0,0,0,0,0,0,0,80,0,0,0,0,0,0,0,0,0,0,25,70,0,0,0,0,0,0,0,0,0,0,0,0,0,0,0,0,0,0,0,0,0,0,21,0,0,0,0,0,0,0,0,0,0,0,78,48,0,0,0,0,0,0,0,0,0,0,64,0,0,0,0,0,0,0,0,0,0,0,48,0,0,0,forward
0,0,0,0,0,0,0,0,18,16,0,0,0,0,0,0,0,0,0,0,21,86,0,0,0,0,0,0,0,0,0,0,46,52,0,0,0,0,0,0,0,0,0,0,7,0,0,0,0,0,0,0,0,0,0,0,34,0,0,0,0,0,0,0,0,0,0,0,79,21,0,0,0,0,0,0,0,0,0,0,63,0,0,0,0,0,0,0,0,0,0,0,31,0,0,0,forward
0,0,0,0,0,0,0,0,43,15,0,0,0,0,0,0,0,0,0,0,44,81,0,0,0,0,0,0,0,0,0,0,65,37,0,0,0,0,0,0,0,0,0,0,8,0,0,0,0,0,0,0,0,0,0,0,35,0,0,0,0,0,0,0,0,0,0,0,76,18,0,0,0,0,0,0,0,0,0,0,63,0,0,0,0,0,0,0,0,0,0,0,28,0,0,0,forward
0,0,0,0,0,0,0,0,42,4,0,0,0,0,0,0,0,0,0,0,49,62,0,0,0,0,0,0,0,0,0,0,75,34,0,0,0,0,0,0,0,0,0,0,21,0,0,0,0,0,0,0,0,0,0,0,29,0,0,0,0,0,0,0,0,0,0,0,69,18,0,0,0,0,0,0,0,0,0,0,65,0,0,0,0,0,0,0,0,0,0,0,39,0,0,0,forward
0,0,0,0,0,0,0,0,41,3,0,0,0,0,0,0,0,0,0,0,48,60,0,0,0,0,0,0,0,0,0,0,75,34,0,0,0,0,0,0,0,0,0,0,29,0,0,0,0,0,0,0,0,0,0,0,31,0,0,0,0,0,0,0,0,0,0,0,72,22,0,0,0,0,0,0,0,0,0,0,62,0,0,0,0,0,0,0,0,0,0,0,40,0,0,0,forward
14,0,65,19,0,0,0,0,53,0,0,0,0,0,63,8,0,0,0,0,0,0,0,0,0,0,0,0,0,0,0,0,0,0,0,0,0,0,0,0,0,0,0,0,0,0,0,0,0,0,0,0,0,0,0,0,0,0,0,0,0,0,26,0,0,0,0,0,0,0,0,0,0,23,37,0,0,0,0,0,18,0,0,0,0,0,0,0,0,0,0,0,90,0,0,0,strafe_left
10,0,68,19,0,0,0,0,43,0,0,0,0,0,68,11,0,0,0,0,0,0,0,0,0,0,9,0,0,0,0,0,0,0,0,0,0,0,0,0,0,0,0,0,0,0,0,0,0,0,0,0,0,0,0,0,0,0,0,0,0,9,31,0,0,0,0,0,0,0,0,0,0,40,51,0,0,0,0,0,10,0,0,0,0,0,0,0,0,0,0,0,48,0,0,0,strafe_left
0,0,90,16,0,0,0,0,8,0,0,0,0,0,62,23,0,0,0,0,0,0,0,0,0,0,63,15,0,0,0,0,0,0,0,0,0,0,0,0,0,0,0,0,0,0,0,0,0,5,3,0,0,0,0,0,0,0,0,0,0,39,42,0,0,0,0,0,22,0,0,0,0,0,31,0,0,0,0,0,18,0,0,0,0,0,0,0,0,0,0,0,14,0,0,0,none
0,0,64,0,0,0,0,0,5,0,0,0,0,0,57,17,0,0,0,0,0,6,0,0,0,0,61,16,0,0,0,0,0,13,0,0,0,0,0,0,0,0,0,0,0,0,0,0,0,0,0,0,0,0,0,0,3,0,0,0,0,26,35,0,0,0,0,0,21,0,0,0,0,0,20,0,0,0,0,0,20,0,0,0,0,0,0,0,0,0,0,0,20,0,0,0,none
0,0,59,0,0,0,0,0,0,0,0,0,0,0,56,14,0,0,0,0,0,9,0,0,0,0,64,19,0,0,0,0,3,16,0,0,0,0,0,0,0,0,0,0,0,0,0,0,0,0,0,0,0,0,0,0,4,0,0,0,0,21,35,0,0,0,0,0,25,0,0,0,0,0,20,0,0,0,0,0,22,0,0,0,0,0,0,0,0,0,0,0,14,0,0,0,none
0,0,70,0,0,0,0,0,0,0,0,0,0,0,65,20,0,0,0,0,0,0,0,0,0,0,68,20,0,0,0,0,0,5,0,0,0,0,0,0,0,0,0,0,0,0,0,0,0,0,0,0,0,0,0,0,5,0,0,0,0,36,41,0,0,0,0,0,26,0,0,0,0,0,24,0,0,0,0,0,19,0,0,0,0,0,0,0,0,0,0,0,7,0,0,0,none
0,0,71,0,0,0,0,0,0,0,0,0,0,0,66,21,0,0,0,0,0,0,0,0,0,0,70,22,0,0,0,0,0,0,0,0,0,0,0,0,0,0,0,0,0,0,0,0,0,4,7,0,0,0,0,0,3,0,0,0,0,48,48,0,0,0,0,0,25,0,0,0,0,0,21,0,0,0,0,0,12,0,0,0,0,0,0,0,0,0,0,0,0,0,0,0,none
0,0,71,0,0,0,0,0,0,0,0,0,0,0,68,23,0,0,0,0,0,0,0,0,0,0,69,21,0,0,0,0,0,0,0,0,0,0,3,0,0,0,0,0,0,0,0,0,0,13,12,0,0,0,0,0,7,0,0,0,0,49,50,0,0,0,0,0,25,0,0,0,0,0,19,0,0,0,0,0,10,0,0,0,0,0,0,0,0,0,0,0,0,0,0,0,none
0,0,70,0,0,0,0,0,0,0,0,0,0,0,61,18,0,0,0,0,0,0,0,0,0,0,66,20,0,0,0,0,0,7,0,0,0,0,0,0,0,0,0,0,0,0,0,0,0,0,0,0,0,0,0,0,5,0,0,0,0,36,42,0,0,0,0,0,27,0,0,0,0,0,19,0,0,0,0,0,19,0,0,0,0,0,0,0,0,0,0,0,0,0,0,0,none
0,0,56,0,0,0,0,0,0,0,0,0,0,0,48,10,0,0,0,0,0,3,0,0,0,0,54,14,0,0,0,0,8,14,0,0,0,0,0,0,0,0,0,0,0,11,0,0,0,0,0,0,0,0,0,0,6,0,0,0,0,27,39,0,0,0,0,0,27,0,0,0,0,0,18,0,0,0,0,0,20,0,0,0,0,0,0,0,0,0,0,0,17,0,0,0,none
0,0,19,0,0,0,0,0,4,0,0,0,0,0,17,0,0,0,0,0,0,24,0,0,0,0,22,0,0,0,0,0,18,29,0,0,0,0,0,0,0,0,0,0,0,29,0,0,0,0,0,0,0,0,0,4,10,0,0,0,0,20,34,0,0,0,0,0,25,0,0,0,0,0,14,0,0,0,0,0,19,0,0,0,0,0,0,0,0,0,0,0,26,0,0,0,none
0,0,0,0,0,0,0,0,7,0,0,0,0,0,0,0,0,0,0,0,3,41,0,0,0,0,0,0,0,0,0,0,31,50,0,0,0,0,0,0,0,0,0,0,0,43,0,0,0,0,0,0,0,0,0,0,7,0,0,0,0,17,32,0,0,0,0,0,25,0,0,0,0,0,11,0,0,0,0,0,19,0,0,0,0,0,0,0,0,0,0,0,29,0,0,0,none
0,0,29,0,0,0,0,0,0,0,0,0,0,0,30,0,0,0,0,0,0,12,0,0,0,0,44,6,0,0,0,0,18,24,0,0,0,0,0,0,0,0,0,0,0,27,0,0,0,0,0,0,0,0,0,0,4,0,0,0,0,19,32,0,0,0,0,0,25,0,0,0,0,0,18,0,0,0,0,0,21,0,0,0,0,0,0,0,0,0,0,0,35,0,0,0,none
0,0,75,0,0,0,0,0,0,0,0,0,0,0,61,20,0,0,0,0,0,0,0,0,0,0,65,17,0,0,0,0,0,0,0,0,0,0,0,0,0,0,0,0,0,0,0,0,0,3,8,0,0,0,0,0,3,0,0,0,0,58,54,0,0,0,0,0,27,0,0,0,0,12,42,11,0,0,0,0,21,0,0,0,0,0,0,0,0,0,0,0,21,0,0,0,none
0,0,51,0,0,0,0,0,8,0,0,0,0,0,46,14,0,0,0,0,0,19,0,0,0,0,54,13,0,0,0,0,7,18,0,0,0,0,0,0,0,0,0,0,0,0,0,0,0,0,0,0,0,0,0,0,5,0,0,0,0,29,38,0,0,0,0,0,27,0,0,0,0,3,34,18,0,0,0,0,32,0,0,0,0,0,0,0,0,0,0,0,39,0,0,0,none
0,0,56,0,0,0,0,0,9,0,0,0,0,0,50,17,0,0,0,0,0,17,0,0,0,0,59,16,0,0,0,0,4,14,0,0,0,0,0,0,0,0,0,0,0,0,0,0,0,0,0,0,0,0,0,0,0,0,0,0,0,21,35,0,0,0,0,0,28,0,0,0,0,3,35,19,0,0,0,0,35,0,0,0,0,0,0,0,0,0,0,0,47,0,0,0,none
0,0,74,6,0,0,0,0,4,0,0,0,0,0,60,21,0,0,0,0,0,0,0,0,0,0,68,19,0,0,0,0,0,3,0,0,0,0,0,0,0,0,0,0,0,0,0,0,0,0,0,0,0,0,0,0,8,0,0,0,0,29,40,0,0,0,0,0,30,0,0,0,0,7,38,21,0,0,0,0,32,0,0,0,0,0,0,0,0,0,0,0,47,0,0,0,none
0,0,77,11,0,0,0,0,4,0,0,0,0,0,63,26,0,0,0,0,0,0,0,0,0,0,69,17,0,0,0,0,0,0,0,0,0,0,0,0,0,0,0,0,0,0,0,0,0,9,3,0,0,0,0,0,3,0,0,0,0,62,53,0,0,0,0,0,22,0,0,0,0,22,49,22,0,0,0,0,25,0,0,0,0,0,0,0,0,0,0,0,33,0,0,0,none
0,0,79,12,0,0,0,0,7,0,0,0,0,0,62,26,0,0,0,0,0,0,0,0,0,0,70,18,0,0,0,0,0,0,0,0,0,0,0,0,0,0,0,0,0,0,0,0,0,7,0,0,0,0,0,0,0,0,0,0,0,57,52,0,0,0,0,0,21,0,0,0,0,22,52,25,0,0,0,0,26,0,0,0,0,0,0,0,0,0,0,0,30,0,0,0,none
0,0,79,13,0,0,0,0,7,0,0,0,0,0,61,23,0,0,0,0,0,0,0,0,0,0,69,18,0,0,0,0,0,0,0,0,0,0,0,0,0,0,0,0,0,0,0,0,0,11,5,0,0,0,0,0,0,0,0,0,0,61,52,0,0,0,0,0,23,0,0,0,0,17,48,22,0,0,0,0,23,0,0,0,0,0,0,0,0,0,0,0,29,0,0,0,none
0,0,77,10,0,0,0,0,4,0,0,0,0,0,63,26,0,0,0,0,0,0,0,0,0,0,70,18,0,0,0,0,0,0,0,0,0,0,0,0,0,0,0,0,0,0,0,0,0,11,8,0,0,0,0,0,0,0,0,0,0,63,54,0,0,0,0,0,23,0,0,0,0,22,51,22,0,0,0,0,23,0,0,0,0,0,0,0,0,0,0,0,27,0,0,0,none
0,0,82,16,0,0,0,0,8,0,0,0,0,0,62,26,0,0,0,0,0,0,0,0,0,0,70,18,0,0,0,0,0,0,0,0,0,0,0,0,0,0,0,0,0,0,0,0,0,0,0,0,0,0,0,0,5,0,0,0,0,43,47,0,0,0,0,0,28,0,0,0,0,19,46,26,0,0,0,0,29,0,0,0,0,0,0,0,0,0,0,0,38,0,0,0,none
0,0,81,18,0,0,0,0,13,0,0,0,0,0,63,28,0,0,0,0,0,0,0,0,0,0,67,17,0,0,0,0,0,0,0,0,0,0,0,0,0,0,0,0,0,0,0,0,0,0,0,0,0,0,0,0,9,0,0,0,0,40,43,0,0,0,0,0,27,0,0,0,0,9,42,21,0,0,0,0,28,0,0,0,0,0,0,0,0,0,0,0,40,0,0,0,none
0,0,52,0,0,0,0,0,15,0,0,0,0,0,46,13,0,0,0,0,0,18,0,0,0,0,54,9,0,0,0,0,4,12,0,0,0,0,0,0,0,0,0,0,0,0,0,0,0,0,0,0,0,0,0,0,9,0,0,0,0,22,38,0,0,0,0,0,32,3,0,0,0,0,27,8,0,0,0,0,32,0,0,0,0,0,0,0,0,0,0,0,50,0,0,0,none
0,0,54,0,0,0,0,0,11,0,0,0,0,0,45,13,0,0,0,0,0,15,0,0,0,0,56,13,0,0,0,0,5,13,0,0,0,0,0,0,0,0,0,0,0,0,0,0,0,0,0,0,0,0,0,0,4,0,0,0,0,17,33,0,0,0,0,0,33,4,0,0,0,0,30,13,0,0,0,0,36,0,0,0,0,0,0,0,0,0,0,0,52,0,0,0,none
0,0,59,3,0,0,0,0,12,0,0,0,0,0,47,14,0,0,0,0,0,15,0,0,0,0,57,13,0,0,0,0,4,12,0,0,0,0,0,0,0,0,0,0,0,0,0,0,0,0,0,0,0,0,0,0,9,0,0,0,0,16,34,0,0,0,0,0,35,4,0,0,0,0,29,11,0,0,0,0,33,0,0,0,0,0,0,0,0,0,0,0,52,0,0,0,none
0,0,60,3,0,0,0,0,11,0,0,0,3,0,49,16,0,0,0,0,0,13,0,0,0,0,58,12,0,0,0,0,3,11,0,0,0,0,0,0,0,0,0,0,0,0,0,0,0,0,0,0,0,0,0,0,7,0,0,0,0,20,36,0,0,0,0,0,33,4,0,0,0,0,30,9,0,0,0,0,34,0,0,0,0,0,0,0,0,0,0,0,53,0,0,0,none
0,0,66,7,0,0,0,0,13,0,0,0,0,0,50,16,0,0,0,0,0,12,0,0,0,0,58,13,0,0,0,0,0,8,0,0,0,0,0,0,0,0,0,0,0,0,0,0,0,0,0,0,0,0,0,0,7,0,0,0,0,19,35,0,0,0,0,0,34,0,0,0,0,0,31,11,0,0,0,0,33,0,0,0,0,0,0,0,0,0,0,0,50,0,0,0,none
0,0,71,8,0,0,0,0,9,0,0,0,0,0,54,19,0,0,0,0,0,6,0,0,0,0,62,16,0,0,0,0,0,4,0,0,0,0,0,0,0,0,0,0,0,0,0,0,0,0,0,0,0,0,0,0,6,0,0,0,0,24,35,0,0,0,0,0,30,0,0,0,0,0,34,13,0,0,0,0,32,0,0,0,0,0,0,0,0,0,0,0,58,0,0,0,none
0,0,72,9,0,0,0,0,7,0,0,0,0,0,54,20,0,0,0,0,0,7,0,0,0,0,61,15,0,0,0,0,0,3,0,0,0,0,0,0,0,0,0,0,0,0,0,0,0,0,0,0,0,0,0,0,6,0,0,0,0,28,38,0,0,0,0,0,31,0,0,0,0,0,35,18,0,0,0,0,32,0,0,0,0,0,0,0,0,0,0,0,49,0,0,0,none
0,0,71,21,0,0,0,0,19,0,0,0,0,0,61,26,0,0,0,0,0,0,0,0,0,0,64,0,0,0,0,0,0,0,0,0,0,0,0,0,0,0,0,0,0,0,0,0,0,0,0,0,0,0,0,0,0,0,0,0,0,70,60,0,0,0,0,0,17,0,0,0,0,55,61,30,0,0,0,0,27,0,0,0,0,0,0,0,0,0,0,0,45,0,0,0,none
0,0,69,20,0,0,0,0,17,0,0,0,0,0,60,25,0,0,0,0,0,0,0,0,0,0,66,0,0,0,0,0,0,0,0,0,0,0,0,0,0,0,0,0,0,0,0,0,0,0,0,0,0,0,0,0,0,0,0,0,0,68,58,0,0,0,0,0,14,0,0,0,0,56,61,31,0,0,0,0,28,0,0,0,0,0,0,0,0,0,0,0,48,0,0,0,none
0,0,76,21,0,0,0,0,8,0,0,0,0,0,61,27,0,0,0,0,0,0,0,0,0,0,70,7,0,0,0,0,0,0,0,0,0,0,0,0,0,0,0,0,0,0,0,0,0,0,0,0,0,0,0,0,0,0,0,0,0,69,62,0,0,0,0,0,15,0,0,0,0,55,61,32,0,0,0,0,28,0,0,0,0,0,0,0,0,0,0,0,46,0,0,0,none
0,0,77,21,0,0,0,0,10,0,0,0,0,0,62,28,0,0,0,0,0,0,0,0,0,0,68,8,0,0,0,0,0,0,0,0,0,0,0,0,0,0,0,0,0,0,0,0,0,0,0,0,0,0,0,0,0,0,0,0,0,72,57,0,0,0,0,0,19,0,0,0,0,58,63,36,0,0,0,0,29,0,0,0,0,0,0,0,0,0,0,0,44,0,0,0,none
0,0,76,19,0,0,0,0,10,0,0,0,0,0,61,27,0,0,0,0,0,0,0,0,0,0,73,9,0,0,0,0,0,0,0,0,0,0,0,0,0,0,0,0,0,0,0,0,0,0,0,0,0,0,0,0,0,0,0,0,0,73,62,0,0,0,0,0,20,0,0,0,0,54,61,35,0,0,0,0,29,0,0,0,0,0,0,0,0,0,0,0,43,0,0,0,none
0,0,77,20,0,0,0,0,8,0,0,0,0,0,63,28,0,0,0,0,0,0,0,0,0,0,73,10,0,0,0,0,0,0,0,0,0,0,0,0,0,0,0,0,0,0,0,0,0,0,0,0,0,0,0,0,0,0,0,0,0,76,63,0,0,0,0,0,22,0,0,0,0,49,59,32,0,0,0,0,24,0,0,0,0,0,0,0,0,0,0,0,40,0,0,0,none
0,0,79,22,0,0,0,0,11,0,0,0,0,0,63,28,0,0,0,0,0,0,0,0,0,0,72,10,0,0,0,0,0,0,0,0,0,0,0,0,0,0,0,0,0,0,0,0,0,0,0,0,0,0,0,0,0,0,0,0,0,75,63,0,0,0,0,0,22,0,0,0,0,48,57,32,0,0,0,0,27,0,0,0,0,0,0,0,0,0,0,0,38,0,0,0,none
0,0,80,0,0,0,0,0,0,0,0,0,0,0,70,21,0,0,0,0,0,0,0,0,0,0,71,25,0,0,0,0,0,0,0,0,0,0,5,0,0,0,0,0,0,0,0,0,0,27,21,0,0,0,0,8,14,0,0,0,0,73,57,0,0,0,0,0,30,0,0,0,0,0,30,4,0,0,0,0,18,0,0,0,0,0,0,0,0,0,0,0,0,0,0,0,none
0,0,33,0,0,0,0,0,0,0,0,0,0,0,85,16,0,0,0,0,0,0,0,0,0,0,72,23,0,0,0,0,0,0,0,0,0,0,16,0,0,0,0,0,5,3,0,0,0,102,47,0,0,0,0,20,26,0,0,0,0,30,48,0,0,0,0,0,10,0,0,0,0,0,21,0,0,0,0,0,0,0,0,0,0,0,0,0,0,0,0,0,0,0,0,0,strafe_right
0,0,32,0,0,0,0,0,0,0,0,0,0,0,90,16,0,0,0,0,0,0,0,0,0,0,72,22,0,0,0,0,0,0,0,0,0,0,16,0,0,0,0,0,5,4,0,0,0,103,45,0,0,0,0,17,25,0,0,0,0,26,46,0,0,0,0,0,8,0,0,0,0,0,18,0,0,0,0,0,0,0,0,0,0,0,0,0,0,0,0,0,0,0,0,0,strafe_right
0,0,31,0,0,0,0,0,0,0,0,0,0,0,89,16,0,0,0,0,0,0,0,0,0,0,72,23,0,0,0,0,0,0,0,0,0,0,16,0,0,0,0,0,3,0,0,0,0,113,52,0,0,0,0,26,30,0,0,0,0,28,47,0,0,0,0,0,7,0,0,0,0,0,13,0,0,0,0,0,0,0,0,0,0,0,0,0,0,0,0,0,0,0,0,0,strafe_right
0,0,24,0,0,0,0,0,0,0,0,0,0,0,86,15,0,0,0,0,0,0,0,0,0,0,71,22,0,0,0,0,0,0,0,0,0,0,13,0,0,0,0,0,6,15,0,0,0,99,46,0,0,0,0,25,30,0,0,0,0,24,44,0,0,0,0,0,16,0,0,0,0,0,19,0,0,0,0,0,0,0,0,0,0,0,0,0,0,0,0,0,0,0,0,0,strafe_right
0,0,13,0,0,0,0,0,0,0,0,0,0,0,76,9,0,0,0,0,0,0,0,0,0,0,62,16,0,0,0,0,0,0,0,0,0,0,9,0,0,0,0,0,12,41,0,0,7,65,29,0,0,0,0,22,28,0,0,0,0,11,38,0,0,0,0,0,23,0,0,0,0,0,16,0,0,0,0,0,0,0,0,0,0,0,0,0,0,0,0,0,0,0,0,0,strafe_right
0,0,6,0,0,0,0,0,0,0,0,0,0,0,68,0,0,0,0,0,0,0,0,0,0,0,55,11,0,0,0,0,0,3,0,0,0,0,7,0,0,0,0,0,14,54,0,9,6,56,22,0,0,0,0,23,29,0,0,0,0,0,32,0,0,0,0,0,25,0,0,0,0,0,10,0,0,0,0,0,0,0,0,0,0,0,0,0,0,0,0,0,0,0,0,0,strafe_right
0,0,9,0,0,0,0,0,0,0,0,0,0,0,67,0,0,0,0,0,0,0,0,0,0,0,57,12,0,0,0,0,0,3,0,0,0,0,7,0,0,0,0,0,17,56,0,10,6,61,24,0,0,0,0,24,31,0,0,0,0,7,32,0,0,0,0,0,25,0,0,0,0,0,10,0,0,0,0,0,0,0,0,0,0,0,0,0,0,0,0,0,0,0,0,0,strafe_right
0,0,44,0,0,0,0,0,0,0,0,0,0,0,83,15,0,0,0,0,0,0,0,0,0,0,70,22,0,0,0,0,0,0,0,0,0,0,10,0,0,0,0,0,0,0,0,0,0,118,57,0,0,0,0,24,30,0,0,0,0,26,44,0,0,0,0,0,10,0,0,0,0,0,18,0,0,0,0,0,0,0,0,0,0,0,0,0,0,0,0,0,0,0,0,0,strafe_right
0,0,47,0,0,0,0,0,0,0,0,0,0,0,83,13,0,0,0,0,0,0,0,0,0,0,71,23,0,0,0,0,0,0,0,0,0,0,13,0,0,0,0,0,0,0,0,0,0,122,56,0,0,0,0,21,27,0,0,0,0,26,45,0,0,0,0,0,11,0,0,0,0,0,21,0,0,0,0,0,0,0,0,0,0,0,0,0,0,0,0,0,0,0,0,0,strafe_right
0,0,37,0,0,0,0,0,0,0,0,0,0,0,83,10,0,0,0,0,0,0,0,0,0,0,72,21,0,0,0,0,0,0,0,0,0,0,13,0,0,0,0,0,6,4,0,0,0,118,56,0,0,0,0,25,31,0,0,0,0,24,45,0,0,0,0,0,15,0,0,0,0,0,20,0,0,0,0,0,0,0,0,0,0,0,0,0,0,0,0,0,0,0,0,0,strafe_right
0,0,85,18,0,0,0,0,0,0,0,0,0,0,63,25,0,0,0,0,0,0,0,0,0,0,69,15,0,0,0,0,0,0,0,0,0,0,0,0,0,0,0,0,0,0,0,0,0,0,0,0,0,0,0,0,0,0,0,0,0,80,63,0,0,0,0,0,24,0,0,0,0,24,50,19,0,0,0,0,21,0,0,0,0,0,0,0,0,0,0,0,35,0,0,0,none
0,0,86,21,0,0,0,0,6,0,0,0,0,0,62,25,0,0,0,0,0,0,0,0,0,0,69,14,0,0,0,0,3,0,0,0,0,0,0,0,0,0,0,0,0,0,0,0,0,0,0,0,0,0,0,0,0,0,0,0,0,78,61,0,0,0,0,0,22,0,0,0,0,27,51,21,0,0,0,0,23,0,0,0,0,0,0,0,0,0,0,0,35,0,0,0,none
0,0,81,19,0,0,0,0,4,0,0,0,0,0,63,26,0,0,0,0,0,0,0,0,0,0,70,14,0,0,0,0,4,0,0,0,0,0,0,0,0,0,0,0,0,0,0,0,0,0,0,0,0,0,0,0,0,0,0,0,0,75,59,0,0,0,0,0,20,0,0,0,0,25,48,21,0,0,0,0,22,0,0,0,0,0,0,0,0,0,0,0,38,0,0,0,none
0,0,79,21,0,0,0,0,8,0,0,0,0,0,60,24,0,0,0,0,0,0,0,0,0,0,68,10,0,0,0,0,4,0,0,0,0,0,0,0,0,0,0,0,0,0,0,0,0,0,0,0,0,0,0,0,0,0,0,0,0,68,58,0,0,0,0,0,19,0,0,0,0,44,56,24,0,0,0,0,26,0,0,0,0,0,0,0,0,0,0,0,52,0,0,0,none
0,0,72,13,0,0,0,0,5,0,0,0,0,0,59,21,0,0,0,0,0,5,0,0,0,0,66,18,0,0,0,0,3,3,0,0,0,0,0,0,0,0,0,0,0,0,0,0,0,0,0,0,0,0,0,0,0,0,0,0,0,65,57,0,0,0,0,0,23,0,0,0,0,17,49,38,0,0,0,0,28,0,0,0,0,0,0,0,0,0,0,0,43,0,0,0,none
0,0,53,0,0,0,0,0,0,0,0,0,0,0,54,16,0,0,0,0,0,15,0,0,0,0,60,20,0,0,0,0,5,10,0,0,0,0,0,0,0,0,0,0,0,0,0,0,0,0,0,0,0,0,0,0,0,0,0,0,0,31,40,0,0,0,0,0,28,0,0,0,0,0,35,23,0,0,0,0,29,0,0,0,0,0,0,0,0,0,0,0,51,0,0,0,none
0,0,43,0,0,0,0,0,0,0,0,0,0,0,48,12,0,0,0,0,0,15,0,0,0,0,57,17,0,0,0,0,7,14,0,0,0,0,0,0,0,0,0,0,0,0,0,0,0,0,0,0,0,0,0,0,4,0,0,0,0,25,38,0,0,0,0,0,33,0,0,0,0,0,33,20,0,0,0,0,29,0,0,0,0,0,0,0,0,0,0,0,52,0,0,0,none
0,0,34,0,0,0,0,0,3,0,0,0,0,0,41,7,0,0,0,0,0,19,0,0,0,0,52,14,0,0,0,0,9,18,0,0,0,0,0,0,0,0,0,0,0,0,0,0,0,0,0,0,0,0,0,0,6,0,0,0,0,20,33,0,0,0,0,0,30,0,0,0,0,0,29,18,0,0,0,0,30,0,0,0,0,0,0,0,0,0,0,0,55,0,0,0,none
0,0,44,0,0,0,0,0,0,0,0,0,0,0,46,9,0,0,0,0,0,16,0,0,0,0,56,16,0,0,0,0,8,16,0,0,0,0,0,0,0,0,0,0,0,0,0,0,0,0,0,0,0,0,0,0,5,0,0,0,0,24,36,0,0,0,0,0,27,0,0,0,0,0,31,17,0,0,0,0,28,0,0,0,0,0,0,0,0,0,0,0,53,0,0,0,none
0,0,43,3,0,0,0,0,25,0,0,0,0,0,28,6,0,0,0,0,0,10,0,0,0,0,4,0,0,0,0,0,33,30,0,0,0,0,0,0,0,0,0,0,0,0,0,0,0,0,0,0,0,0,0,0,12,0,0,0,0,20,31,0,0,0,0,0,19,0,0,0,0,0,35,0,0,0,0,0,12,0,0,0,0,0,0,0,0,0,0,0,8,0,0,0,none
0,0,40,0,0,0,0,0,27,0,0,0,0,0,26,6,0,0,0,0,0,14,0,0,0,0,0,0,0,0,0,0,31,32,0,0,0,0,0,0,0,0,0,0,0,0,0,0,0,0,0,0,0,0,0,3,19,8,0,0,0,30,39,0,0,0,0,0,25,0,0,0,0,6,43,0,0,0,0,0,19,0,0,0,0,0,0,0,0,0,0,0,12,0,0,0,none
0,0,39,0,0,0,0,0,26,0,0,0,0,0,27,7,0,0,0,0,0,15,0,0,0,0,0,0,0,0,0,0,32,31,0,0,0,0,0,0,0,0,0,0,0,0,0,0,0,0,0,0,0,0,0,0,15,0,0,0,0,36,44,0,0,0,0,0,25,0,0,0,0,7,44,0,0,0,0,0,19,0,0,0,0,0,0,0,0,0,0,0,15,0,0,0,none
0,0,40,0,0,0,0,0,24,0,0,0,0,0,24,6,0,0,0,0,5,17,0,0,0,0,0,0,0,0,0,0,33,31,0,0,0,0,0,0,0,0,0,0,0,0,0,0,0,0,0,0,0,0,0,0,19,8,0,0,0,35,47,0,0,0,0,0,27,0,0,0,0,9,46,0,0,0,0,0,18,0,0,0,0,0,0,0,0,0,0,0,11,0,0,0,none
0,0,47,0,0,0,0,0,0,0,0,0,0,0,42,9,0,0,0,0,0,17,0,0,0,0,40,0,0,0,0,0,18,0,0,0,0,0,0,0,0,0,0,0,9,0,0,0,0,0,0,0,0,0,0,23,54,89,0,0,0,0,5,0,0,0,0,0,47,0,0,0,0,0,0,0,0,0,0,0,52,10,0,0,0,0,0,0,0,0,0,0,43,0,0,0,none
0,0,0,0,0,0,0,0,0,0,0,0,0,0,40,0,0,0,0,0,0,15,0,0,0,0,53,0,0,0,0,0,7,0,0,0,0,0,62,0,0,0,0,0,0,0,0,0,0,0,0,0,0,0,0,12,43,54,0,0,0,0,16,0,0,0,0,0,44,0,0,0,0,0,0,0,0,0,0,0,46,0,0,0,0,0,0,0,0,0,0,0,40,0,0,0,none
0,0,0,0,0,0,0,0,0,0,0,0,0,0,41,4,0,0,0,0,0,0,0,0,0,0,64,5,0,0,0,0,0,0,0,0,0,0,70,0,0,0,0,0,0,0,0,0,0,0,0,0,0,0,0,25,37,0,0,0,0,0,29,0,0,0,0,0,46,0,0,0,0,0,0,0,0,0,0,0,46,0,0,0,0,0,0,0,0,0,0,0,41,0,0,0,none
0,0,0,0,0,0,0,0,0,0,0,0,0,0,33,3,0,0,0,0,0,11,0,0,0,0,58,3,0,0,0,0,5,0,0,0,0,0,58,0,0,0,0,0,0,0,0,0,0,0,8,0,0,0,0,17,31,0,0,0,0,0,18,0,0,0,0,0,44,0,0,0,0,0,0,0,0,0,0,0,43,0,0,0,0,0,0,0,0,0,0,0,46,0,0,0,none
0,0,0,0,0,0,0,0,0,0,0,0,0,0,37,5,0,0,0,0,0,12,0,0,0,0,57,0,0,0,0,0,5,0,0,0,0,0,58,0,0,0,0,0,0,0,0,0,0,0,13,0,0,0,0,21,32,0,0,0,0,0,20,0,0,0,0,0,45,0,0,0,0,0,0,0,0,0,0,0,45,0,0,0,0,0,0,0,0,0,0,0,49,0,0,0,none
0,0,0,0,0,0,0,0,32,0,0,0,0,0,39,0,0,0,0,0,0,4,0,0,0,0,63,13,0,0,0,0,11,0,0,0,0,0,59,6,0,0,0,0,0,0,0,0,0,0,14,0,0,0,0,31,40,0,0,0,0,0,25,0,0,0,0,0,49,0,0,0,0,0,0,0,0,0,0,0,48,0,0,0,0,0,0,0,0,0,0,0,46,0,0,0,none
0,0,0,0,0,0,0,0,48,0,0,0,0,0,51,0,0,0,0,0,6,21,0,0,0,0,69,14,0,0,0,0,13,0,0,0,0,0,73,6,0,0,0,0,0,0,0,0,0,0,18,0,0,0,0,39,40,0,0,0,0,0,35,0,0,0,0,0,43,0,0,0,0,0,0,0,0,0,0,0,33,0,0,0,0,0,0,0,0,0,0,0,18,0,0,0,none
0,0,0,0,0,0,0,0,32,0,0,0,0,0,47,0,0,0,0,0,3,24,0,0,0,0,73,14,0,0,0,0,15,0,0,0,0,0,84,16,0,0,0,0,0,0,0,0,0,0,0,0,0,0,0,18,38,0,0,0,0,0,0,0,0,0,0,0,53,0,0,0,0,0,0,0,0,0,0,0,53,0,0,0,0,0,0,0,0,0,0,0,44,0,0,0,none
0,0,0,0,0,0,0,0,34,0,0,0,0,0,48,0,0,0,0,0,4,25,0,0,0,0,71,14,0,0,0,0,15,0,0,0,0,0,81,14,0,0,0,0,0,0,0,0,0,0,0,0,0,0,0,25,38,0,0,0,0,0,6,0,0,0,0,0,51,0,0,0,0,0,0,0,0,0,0,0,49,0,0,0,0,0,0,0,0,0,0,0,39,0,0,0,none
0,0,0,0,0,0,0,0,35,0,0,0,0,0,47,0,0,0,0,0,4,26,0,0,0,0,74,15,0,0,0,0,16,0,0,0,0,0,81,14,0,0,0,0,0,0,0,0,0,0,4,0,0,0,0,27,38,0,0,0,0,0,12,0,0,0,0,0,46,0,0,0,0,0,0,0,0,0,0,0,43,0,0,0,0,0,0,0,0,0,0,0,24,0,0,0,none
0,0,0,0,0,0,0,0,35,0,0,0,0,0,49,0,0,0,0,0,3,25,0,0,0,0,74,15,0,0,0,0,15,0,0,0,0,0,84,16,0,0,0,0,0,0,0,0,0,0,0,0,0,0,0,23,38,0,0,0,0,0,12,0,0,0,0,0,48,0,0,0,0,0,0,0,0,0,0,0,48,0,0,0,0,0,0,0,0,0,0,0,38,0,0,0,none
0,0,0,0,0,0,0,0,0,0,0,0,0,0,0,0,0,0,0,0,0,0,0,0,0,0,49,0,0,0,0,0,0,0,0,0,0,21,54,0,0,0,0,0,18,6,0,0,0,0,46,58,0,0,0,72,65,0,0,0,0,0,0,0,0,0,0,0,0,0,0,0,0,0,0,0,0,0,0,0,0,0,0,0,0,0,0,0,0,0,0,0,0,0,0,0,strafe_right
0,0,0,0,0,0,0,0,0,0,0,0,0,0,0,0,0,0,0,0,0,0,0,0,0,0,50,0,0,0,0,0,0,0,0,0,0,16,51,0,0,0,0,0,19,6,0,0,0,0,50,64,0,0,0,75,70,0,0,0,0,0,0,0,0,0,0,0,0,0,0,0,0,0,0,0,0,0,0,0,0,0,0,0,0,0,0,0,0,0,0,0,0,0,0,0,strafe_right
0,0,0,0,0,0,0,0,0,0,0,0,0,0,0,0,0,0,0,0,0,0,0,0,0,0,54,0,0,0,0,0,0,0,0,0,0,0,45,0,0,0,0,0,24,11,0,0,0,0,42,57,0,0,0,79,76,0,0,0,0,0,0,0,0,0,0,0,0,0,0,0,0,0,0,0,0,0,0,0,0,0,0,0,0,0,0,0,0,0,0,0,0,0,0,0,strafe_right
0,0,11,0,0,0,0,10,37,0,0,0,0,0,37,5,0,0,0,0,10,29,0,0,0,0,36,0,0,0,0,0,15,0,0,0,0,0,0,0,0,0,0,0,0,0,0,0,0,0,25,0,0,0,0,0,7,0,0,0,0,62,65,0,0,0,0,0,25,13,0,0,0,0,16,0,0,0,0,0,17,0,0,0,0,0,0,0,0,0,0,0,21,0,0,0,none
0,0,11,0,0,0,0,6,35,0,0,0,0,0,36,5,0,0,0,0,10,29,0,0,0,0,38,0,0,0,0,0,15,0,0,0,0,0,0,0,0,0,0,0,0,0,0,0,0,0,27,0,0,0,0,0,11,0,0,0,0,64,64,0,0,0,0,0,18,8,0,0,0,0,13,0,0,0,0,0,14,0,0,0,0,0,0,0,0,0,0,0,23,0,0,0,none
74,26,36,0,0,0,0,0,0,0,0,0,0,0,0,0,0,0,32,14,0,0,0,0,0,0,0,0,0,0,0,0,0,3,0,0,0,0,0,0,0,0,0,0,0,0,0,0,0,0,0,0,0,0,0,0,0,0,0,0,0,0,44,0,0,0,0,0,0,0,0,0,0,0,41,0,0,0,0,0,38,0,0,0,0,0,0,0,0,0,0,0,72,0,0,0,strafe_left
77,29,39,0,0,0,0,0,0,0,0,0,0,0,0,0,0,0,34,14,0,0,0,0,0,0,0,0,0,0,0,0,0,0,0,0,0,0,0,0,0,0,0,0,0,0,0,0,0,0,0,0,0,0,0,0,0,0,0,0,0,0,39,0,0,0,0,0,0,0,0,0,0,0,41,0,0,0,0,0,40,0,0,0,0,0,0,0,0,0,0,0,73,0,0,0,strafe_left
67,23,37,0,0,0,0,0,0,0,0,0,0,0,0,0,0,0,32,19,0,0,0,0,0,0,0,0,0,0,0,0,0,5,0,0,0,0,0,0,0,0,0,0,0,0,0,0,0,0,0,0,0,0,0,0,0,0,0,0,0,0,43,0,0,0,0,0,0,0,0,0,0,0,40,0,0,0,0,0,36,0,0,0,0,0,0,0,0,0,0,0,77,0,0,0,strafe_left
64,14,31,0,0,0,0,0,0,0,0,0,0,0,0,0,0,0,32,19,0,0,0,0,0,0,0,0,0,0,0,0,0,5,0,0,0,0,0,0,0,0,0,0,0,0,0,0,0,0,0,0,0,0,0,0,0,0,0,0,0,0,41,0,0,0,0,0,0,0,0,0,0,0,42,0,0,0,0,0,28,0,0,0,0,0,0,0,0,0,0,0,78,0,0,0,strafe_left
64,23,34,0,7,0,0,0,0,0,0,0,0,0,0,0,0,0,31,0,0,0,0,0,0,0,0,0,0,0,0,0,0,0,0,0,0,0,0,0,0,0,0,0,0,0,0,0,0,0,0,0,0,0,0,0,0,0,0,0,0,0,52,0,0,0,0,0,0,0,0,0,0,0,48,0,0,0,0,0,8,0,0,0,0,0,0,0,0,0,0,0,92,0,0,0,strafe_left
49,7,24,0,9,0,0,0,0,0,0,0,0,0,0,0,0,0,31,0,0,0,0,0,0,0,0,0,0,0,0,0,0,3,0,0,0,0,0,0,0,0,0,0,0,0,0,0,0,0,0,0,0,0,0,0,0,0,0,0,0,0,50,0,0,0,0,0,0,0,0,0,0,0,49,0,0,0,0,0,8,0,0,0,0,0,0,0,0,0,0,0,98,0,0,0,strafe_left
69,22,22,0,0,0,0,13,0,0,0,0,0,0,0,0,0,0,0,0,0,0,0,0,0,0,0,0,0,0,0,0,0,0,0,0,0,0,0,0,0,0,0,0,0,0,0,0,0,0,0,0,0,0,0,0,0,0,0,0,0,0,51,0,0,0,0,0,0,0,0,0,0,0,45,0,0,0,0,0,12,0,0,0,0,0,0,0,0,0,0,0,98,0,0,0,strafe_left
91,29,22,0,0,0,0,0,0,0,0,0,0,0,0,0,0,0,0,0,0,0,0,0,0,0,0,0,0,0,0,0,0,0,0,0,0,0,0,0,0,0,0,0,0,0,0,0,0,0,0,0,0,0,0,0,0,0,0,0,0,0,55,0,0,0,0,0,0,0,0,0,0,0,44,0,0,0,0,0,12,0,0,0,0,0,0,0,0,0,0,0,91,0,0,0,strafe_left
104,35,23,0,0,0,0,0,0,0,0,0,0,0,0,0,0,0,0,0,0,0,0,0,0,0,0,0,0,0,0,0,0,0,0,0,0,0,0,0,0,0,0,0,0,0,0,0,0,0,0,0,0,0,0,0,0,0,0,0,0,0,55,0,0,0,0,0,0,0,0,0,0,0,48,0,0,0,0,0,15,0,0,0,0,0,0,0,0,0,0,0,89,0,0,0,strafe_left
139,52,32,0,0,0,0,0,0,0,0,0,0,0,0,0,0,0,0,0,0,0,0,0,0,0,0,0,0,0,0,0,0,0,0,0,0,0,0,0,0,0,0,0,0,0,0,0,0,0,0,0,0,0,0,0,0,0,0,0,0,0,55,0,0,0,0,0,0,0,0,0,0,0,47,0,0,0,0,0,20,0,0,0,0,0,0,0,0,0,0,0,84,0,0,0,strafe_left
65,8,19,0,0,0,0,0,0,0,0,0,0,0,0,0,0,0,22,0,0,0,0,0,0,0,0,0,0,0,0,0,0,3,0,0,0,0,0,0,0,0,0,0,0,0,0,0,0,0,0,0,0,0,0,0,0,0,0,0,0,0,51,0,0,0,0,0,0,0,0,0,0,0,47,0,0,0,0,0,18,0,0,0,0,0,0,0,0,0,0,0,89,0,0,0,strafe_left
38,6,18,0,11,0,0,0,0,0,0,0,0,0,0,0,0,0,26,0,0,0,0,0,0,0,0,0,0,0,0,0,0,0,0,0,0,0,0,0,0,0,0,0,0,0,0,0,0,0,0,0,0,0,0,0,0,0,0,0,0,0,51,0,0,0,0,0,0,0,0,0,0,0,47,0,0,0,0,0,17,0,0,0,0,0,0,0,0,0,0,0,94,0,0,0,strafe_left
42,4,17,0,11,0,0,0,0,0,0,0,0,0,0,0,0,0,26,0,0,0,0,0,0,0,0,0,0,0,0,0,0,0,0,0,0,0,0,0,0,0,0,0,0,0,0,0,0,0,0,0,0,0,0,0,0,0,0,0,0,0,53,0,0,0,0,0,0,0,0,0,0,0,45,0,0,0,0,0,14,0,0,0,0,0,0,0,0,0,0,0,94,0,0,0,strafe_left
25,0,8,0,6,0,0,0,0,0,0,0,0,0,0,0,0,0,30,4,0,0,0,0,0,0,0,0,0,0,0,0,0,0,0,0,0,0,0,0,0,0,0,0,0,0,0,0,0,0,0,0,0,0,0,0,0,0,0,0,0,0,47,0,0,0,0,0,0,0,0,0,0,0,46,0,0,0,0,0,15,0,0,0,0,0,0,0,0,0,0,0,94,0,0,0,strafe_left
23,0,11,0,11,0,0,0,0,0,0,0,0,0,0,0,0,0,32,10,0,0,0,0,0,0,0,0,0,0,0,0,0,0,0,0,0,0,0,0,0,0,0,0,0,0,0,0,0,0,0,0,0,0,0,0,0,0,0,0,0,0,53,0,0,0,0,0,0,0,0,0,0,0,46,0,0,0,0,0,13,0,0,0,0,0,0,0,0,0,0,0,94,0,0,0,strafe_left
20,0,11,0,10,0,0,0,0,0,0,0,0,0,0,0,0,0,31,9,0,0,0,0,0,0,0,0,0,0,0,0,0,0,0,0,0,0,0,0,0,0,0,0,0,0,0,0,0,0,0,0,0,0,0,0,0,0,0,0,0,0,51,0,0,0,0,0,0,0,0,0,0,0,46,0,0,0,0,0,14,0,0,0,0,0,0,0,0,0,0,0,97,0,0,0,strafe_left
0,0,0,0,0,0,0,0,0,0,0,0,17,0,0,0,0,0,0,0,0,0,0,0,0,0,0,0,0,0,0,44,0,0,0,0,0,0,0,0,0,0,3,57,0,0,0,0,0,0,18,0,0,0,0,0,28,0,0,0,0,0,0,0,0,0,0,0,0,0,0,0,0,0,0,0,0,0,0,0,0,0,0,0,0,0,0,0,0,0,0,0,0,0,0,0,strafe_right
0,0,0,0,0,0,0,0,0,0,0,0,15,0,0,0,0,0,0,0,0,0,0,0,0,0,0,0,0,0,0,46,0,0,0,0,0,0,0,0,0,0,3,57,0,0,0,0,0,0,21,0,0,0,0,0,31,0,0,0,0,0,0,0,0,0,0,0,0,0,0,0,0,0,0,0,0,0,0,0,0,0,0,0,0,0,0,0,0,0,0,0,0,0,0,0,strafe_right
0,0,0,0,0,0,0,0,0,0,0,0,16,0,0,0,0,0,0,0,0,0,0,0,0,0,0,0,0,0,0,46,0,0,0,0,0,0,0,0,0,0,0,56,0,0,0,0,0,0,21,0,0,0,0,0,33,0,0,0,0,0,0,0,0,0,0,0,0,0,0,0,0,0,0,0,0,0,0,0,0,0,0,0,0,0,0,0,0,0,0,0,0,0,0,0,strafe_right
0,0,0,0,0,0,0,0,0,0,0,0,15,0,0,0,0,0,0,0,0,0,0,0,0,0,0,0,0,0,0,46,0,0,0,0,0,0,0,0,0,0,0,57,0,0,0,0,0,0,14,0,0,0,0,0,33,0,0,0,0,0,0,0,0,0,0,0,0,0,0,0,0,0,0,0,0,0,0,0,0,0,0,0,0,0,0,0,0,0,0,0,0,0,0,0,strafe_right
0,0,0,0,0,0,0,0,0,0,0,0,0,0,0,0,0,0,0,0,0,0,0,0,0,0,0,0,0,0,0,51,0,0,0,0,0,0,0,0,0,0,40,276,19,0,0,0,0,0,62,0,0,0,0,0,0,0,0,0,0,0,33,0,0,0,0,0,0,0,0,0,0,0,0,0,0,0,0,0,0,0,0,0,0,0,0,0,0,0,0,0,0,0,0,0,strafe_right
0,0,0,0,0,0,0,21,0,0,0,0,0,0,65,37,0,0,0,0,0,0,0,0,0,0,78,0,0,0,0,0,0,0,0,0,0,0,0,0,0,0,0,0,0,0,0,0,0,0,0,0,0,0,0,0,0,0,0,0,0,0,32,5,0,0,0,0,0,0,0,0,0,0,113,45,0,0,0,0,12,93,0,0,0,0,76,16,4,0,0,0,11,0,0,0,strafe_left
0,0,0,0,0,0,0,19,0,0,0,0,0,0,68,38,0,0,0,0,0,0,0,0,0,0,76,0,0,0,0,0,0,0,0,0,0,0,0,0,0,0,0,0,0,0,0,0,0,0,0,0,0,0,0,0,0,0,0,0,0,0,33,6,0,0,0,0,0,0,0,0,0,0,111,45,0,0,0,0,7,89,0,0,0,0,83,21,11,0,0,0,14,0,0,0,strafe_left
0,0,0,0,0,0,0,19,0,0,0,0,0,0,66,34,0,0,0,0,0,0,0,0,0,0,74,0,0,0,0,0,0,0,0,0,0,0,0,0,0,0,0,0,0,0,0,0,0,0,0,0,0,0,0,0,0,0,0,0,0,0,29,0,0,0,0,0,0,0,0,0,0,0,112,46,0,0,0,0,8,91,0,0,0,0,85,21,11,0,0,0,17,0,0,0,strafe_left
0,0,0,0,0,0,0,18,0,0,0,0,0,0,65,34,0,0,0,0,0,0,0,0,0,0,71,0,0,0,0,0,0,0,0,0,0,0,0,0,0,0,0,0,0,0,0,0,0,0,0,0,0,0,0,0,0,0,0,0,0,0,29,0,0,0,0,0,0,0,0,0,0,0,112,42,0,0,0,0,9,93,0,0,0,0,85,21,12,0,0,0,15,0,0,0,strafe_left
0,0,0,0,0,0,0,21,0,0,0,0,0,0,67,35,0,0,0,0,0,0,0,0,0,0,73,0,0,0,0,0,0,0,0,0,0,0,0,0,0,0,0,0,0,0,0,0,0,0,0,0,0,0,0,0,0,0,0,0,0,0,31,3,0,0,0,0,0,0,0,0,0,0,111,42,0,0,0,0,5,90,0,0,0,0,84,21,12,0,0,0,13,0,0,0,strafe_left
0,0,0,0,0,0,0,18,0,0,0,0,0,0,66,33,0,0,0,0,0,0,0,0,0,0,73,0,0,0,0,0,0,0,0,0,0,0,0,0,0,0,0,0,0,0,0,0,0,0,0,0,0,0,0,0,0,0,0,0,0,0,28,0,0,0,0,0,0,0,0,0,0,0,113,45,0,0,0,0,7,94,0,0,0,0,86,24,15,0,0,0,18,0,0,0,strafe_left
0,0,0,0,0,0,0,55,0,0,0,0,0,0,91,39,0,0,0,0,0,0,0,0,0,122,115,0,0,0,0,0,0,0,0,0,0,0,5,0,0,0,0,0,0,0,0,0,0,0,0,0,0,0,0,0,0,0,0,0,0,0,30,6,0,0,0,0,0,0,0,0,0,0,107,41,0,0,0,0,7,97,0,0,0,0,86,25,16,0,0,0,17,0,0,0,strafe_left
0,0,0,0,0,0,0,63,0,0,0,0,0,0,93,40,0,0,0,0,0,0,0,0,0,59,93,0,0,0,0,0,0,0,0,0,0,0,13,0,0,0,0,0,0,0,0,0,0,0,0,0,0,0,0,0,0,0,0,0,0,0,23,3,0,0,0,0,0,0,0,0,0,0,109,42,0,0,0,0,0,96,0,0,0,0,91,29,15,0,0,0,22,0,0,0,strafe_left
0,0,0,0,0,0,0,72,0,0,0,0,0,0,96,45,0,0,0,0,0,0,0,0,0,55,90,0,0,0,0,0,0,0,0,0,0,0,5,0,0,0,0,0,0,0,0,0,0,0,0,0,0,0,0,0,0,0,0,0,0,0,29,0,0,0,0,0,0,0,0,0,0,0,110,40,0,0,0,0,0,92,0,0,0,0,97,29,16,0,0,0,25,0,0,0,strafe_left
0,0,0,0,0,0,0,72,9,0,0,0,0,0,89,39,0,0,0,0,0,0,0,0,0,0,73,0,0,0,0,0,0,0,0,0,0,0,0,0,0,0,0,0,0,0,0,0,0,0,0,0,0,0,0,0,0,0,0,0,0,0,8,0,0,0,0,0,0,0,0,0,0,0,105,24,0,0,0,0,0,90,0,0,0,0,112,38,8,0,0,0,44,10,0,0,strafe_left
0,0,0,0,0,3,0,80,27,0,0,0,0,0,81,36,0,0,0,0,0,0,0,0,0,0,63,0,0,0,0,0,0,0,0,0,0,0,0,0,0,0,0,0,0,0,0,0,0,0,0,0,0,0,0,0,0,0,0,0,0,0,10,0,0,0,0,0,0,0,0,0,0,0,96,20,0,0,0,0,0,92,0,0,0,0,93,32,5,0,0,0,43,7,0,0,strafe_left
0,0,0,0,0,0,0,81,27,0,0,0,0,0,71,33,0,0,0,0,0,0,0,0,0,0,62,0,0,0,0,0,0,0,0,0,0,0,0,0,0,0,0,0,0,0,0,0,0,0,0,0,0,0,0,0,0,0,0,0,0,0,14,0,0,0,0,0,0,0,0,0,0,0,99,19,0,0,0,0,0,90,0,0,0,0,89,26,4,0,0,0,39,4,0,0,strafe_left
0,0,41,98,12,9,0,81,42,0,0,0,0,0,66,15,0,0,0,0,0,0,0,0,0,0,43,0,0,0,0,0,0,0,0,0,0,0,0,0,0,0,0,0,0,0,0,0,0,0,0,0,0,0,0,0,0,0,0,0,0,0,0,0,0,0,0,0,0,0,0,0,0,0,71,0,0,0,0,0,0,80,0,0,0,0,94,38,0,0,0,0,35,10,0,0,strafe_left
0,0,30,76,3,9,0,97,46,0,0,0,0,0,63,14,0,0,0,0,0,0,0,0,0,0,43,0,0,0,0,0,0,0,0,0,0,0,0,0,0,0,0,0,0,0,0,0,0,0,0,0,0,0,0,0,0,0,0,0,0,0,0,0,0,0,0,0,0,0,0,0,0,0,68,0,0,0,0,0,0,69,0,0,0,0,92,40,0,0,0,0,36,15,0,0,strafe_left
0,0,20,168,30,0,0,0,43,0,0,0,0,0,86,60,0,0,0,0,0,0,0,0,0,0,31,0,0,0,0,0,0,0,0,0,0,0,0,0,0,0,0,0,0,0,0,0,0,0,0,0,0,0,0,0,0,0,0,0,0,0,0,0,0,0,0,0,0,0,0,24,0,0,79,0,0,0,0,0,0,115,0,0,0,0,126,64,33,0,0,0,18,0,0,0,strafe_left
0,0,20,165,29,0,0,0,42,0,0,0,0,0,84,58,0,0,0,0,0,0,0,0,0,0,32,0,0,0,0,0,0,0,0,0,0,0,0,0,0,0,0,0,0,0,0,0,0,0,0,0,0,0,0,0,0,0,0,0,0,0,0,0,0,0,0,0,0,0,0,21,0,0,77,0,0,0,0,0,0,112,0,0,0,0,129,63,32,0,0,0,21,5,0,0,strafe_left
0,0,20,165,29,0,0,0,41,0,0,0,0,0,82,59,0,0,0,0,0,0,0,0,0,0,27,0,0,0,0,0,0,0,0,0,0,0,0,0,0,0,0,0,0,0,0,0,0,0,0,0,0,0,0,0,0,0,0,0,0,0,3,0,0,0,0,0,0,0,0,21,0,0,78,0,0,0,0,0,0,108,0,0,0,0,130,64,31,0,0,0,23,6,0,0,strafe_left
0,0,41,207,37,0,0,0,26,0,0,0,0,0,102,64,0,0,0,0,0,0,0,0,0,0,35,0,0,0,0,0,0,0,0,0,0,0,0,0,0,0,0,0,0,0,0,0,0,0,0,0,0,0,0,0,0,0,0,0,0,0,0,0,0,0,0,0,0,0,0,14,0,0,79,0,0,0,0,0,0,98,0,0,0,0,134,65,31,0,0,0,27,6,0,0,strafe_left
0,0,54,220,35,0,0,0,28,0,0,0,0,0,117,74,0,0,0,0,0,0,0,0,0,0,41,0,0,0,0,0,0,0,0,0,0,0,0,0,0,0,0,0,0,0,0,0,0,0,0,0,0,0,0,0,0,0,0,0,0,0,11,0,0,0,0,0,0,0,0,9,0,0,88,8,0,0,0,0,0,70,0,0,0,0,154,74,36,0,0,0,26,0,0,0,strafe_left
0,0,58,242,41,0,0,0,28,0,0,0,0,0,127,78,0,0,0,0,0,0,0,0,0,0,45,0,0,0,0,0,0,0,0,0,0,0,0,0,0,0,0,0,0,0,0,0,0,0,0,0,0,0,0,0,0,0,0,0,0,0,14,0,0,0,0,0,0,0,0,0,0,0,94,9,0,0,0,0,0,65,0,0,0,0,163,82,41,0,0,0,29,0,0,0,strafe_left
0,0,45,241,49,0,0,0,32,0,0,0,0,0,123,84,0,0,0,0,0,0,0,0,0,0,44,0,0,0,0,0,0,0,0,0,0,0,0,0,0,0,0,0,0,0,0,0,0,0,0,0,0,0,0,0,0,0,0,0,0,0,5,0,0,0,0,0,0,0,0,0,0,0,71,0,0,0,0,0,0,83,0,0,0,0,136,65,12,0,0,0,38,14,0,0,strafe_left
0,0,10,163,34,0,0,0,36,0,0,0,0,0,64,46,0,0,0,0,0,0,0,0,0,0,12,0,0,0,0,0,0,0,0,0,0,0,0,0,0,0,0,0,0,0,0,0,0,0,0,0,0,0,0,0,0,0,0,0,0,0,33,0,0,0,0,0,0,0,0,15,0,0,107,34,0,0,0,0,0,120,0,0,0,0,135,64,51,0,0,0,8,8,0,0,strafe_left
0,0,0,157,26,0,0,0,29,0,0,0,0,0,60,45,0,0,0,0,0,0,0,0,0,0,18,0,0,0,0,0,0,0,0,0,0,0,0,0,0,0,0,0,0,0,0,0,0,0,0,0,0,0,0,0,0,0,0,0,0,0,32,0,0,0,0,0,0,0,0,15,0,0,107,32,0,0,0,0,0,121,0,0,0,0,136,64,50,0,0,0,9,8,0,0,strafe_left
0,0,0,0,0,0,0,0,156,4,0,0,0,0,55,34,0,0,0,0,0,0,0,0,0,0,81,0,0,0,0,0,0,0,0,0,0,0,0,0,0,0,0,0,0,0,0,0,0,0,0,0,0,0,0,0,0,0,0,0,0,0,15,0,0,0,0,0,0,0,0,19,0,0,95,16,0,0,0,0,0,84,4,0,0,0,142,64,38,0,0,0,51,21,0,0,strafe_left
0,0,0,0,0,0,0,0,160,13,0,0,0,0,48,27,0,0,0,0,0,0,0,0,0,0,61,0,0,0,0,0,0,0,0,0,0,0,0,0,0,0,0,0,0,0,0,0,0,0,0,0,0,0,0,0,0,0,0,0,0,0,19,0,0,0,0,0,0,0,0,19,0,0,100,18,0,0,0,0,0,87,4,0,0,0,138,65,37,0,0,0,49,16,0,0,strafe_left
0,0,0,0,0,0,0,0,163,14,0,0,0,0,46,25,0,0,0,0,0,0,0,0,0,0,60,0,0,0,0,0,0,0,0,0,0,0,0,0,0,0,0,0,0,0,0,0,0,0,0,0,0,0,0,0,0,0,0,0,0,0,23,0,0,0,0,0,0,0,0,20,0,0,100,20,0,0,0,0,0,87,3,0,0,0,140,65,36,0,0,0,46,12,0,0,strafe_left
0,0,0,0,0,0,0,0,171,18,0,0,0,0,47,25,0,0,0,0,0,0,0,0,0,0,57,0,0,0,0,0,0,0,0,0,0,0,0,0,0,0,0,0,0,0,0,0,0,0,0,0,0,0,0,0,0,0,0,0,0,0,22,0,0,0,0,0,0,0,0,16,0,0,105,29,0,0,0,0,0,98,0,0,0,0,140,63,34,0,0,0,42,9,0,0,strafe_left
0,0,0,0,0,0,0,0,172,20,0,0,0,0,46,22,0,0,0,0,0,0,0,0,0,0,60,0,0,0,0,0,0,0,0,0,0,0,0,0,0,0,0,0,0,0,0,0,0,0,0,0,0,0,0,0,0,0,0,0,0,0,29,0,0,0,0,0,0,0,0,19,0,0,107,30,0,0,0,0,0,101,0,0,0,0,131,60,32,0,0,0,37,0,0,0,strafe_left
0,0,0,0,0,0,0,0,183,32,0,0,0,0,27,16,0,0,0,0,0,0,0,0,0,0,30,0,0,0,0,0,0,0,0,0,0,0,0,0,0,0,0,0,0,0,0,0,0,0,0,0,0,0,0,0,0,0,0,0,0,0,29,0,0,0,0,0,0,0,0,30,0,0,103,28,0,0,0,0,0,102,3,0,0,0,124,55,28,0,0,0,32,0,0,0,strafe_left
0,0,38,201,0,0,0,64,89,0,0,0,0,0,146,40,0,0,0,0,0,0,0,0,0,0,58,0,0,0,0,0,0,0,0,0,0,0,0,0,0,0,0,0,0,0,0,0,0,0,0,0,0,0,0,0,0,0,0,0,0,0,32,0,0,0,0,0,0,0,0,12,0,0,97,26,0,0,0,0,0,48,0,0,0,0,119,57,26,0,0,0,34,0,0,0,strafe_left
0,0,34,189,0,0,0,76,99,0,0,0,0,0,130,34,0,0,0,0,0,0,0,0,0,0,50,0,0,0,0,0,0,0,0,0,0,0,0,0,0,0,0,0,0,0,0,0,0,0,0,0,0,0,0,0,0,0,0,0,0,0,28,0,0,0,0,0,0,0,0,11,0,0,102,27,0,0,0,0,0,53,0,0,0,0,122,58,29,0,0,0,37,0,0,0,strafe_left
0,0,24,173,0,0,0,75,105,4,0,0,0,0,118,28,0,0,0,0,0,0,0,0,0,0,50,0,0,0,0,0,0,0,0,0,0,0,0,0,0,0,0,0,0,0,0,0,0,0,0,0,0,0,0,0,0,0,0,0,0,0,35,0,0,0,0,0,0,0,0,13,0,0,99,27,0,0,0,0,0,51,0,0,0,0,110,52,30,0,0,0,33,0,0,0,strafe_left
0,0,0,118,0,0,0,90,127,38,0,0,0,0,76,23,0,0,0,0,0,0,0,0,0,0,70,19,0,0,0,0,0,0,0,0,0,0,26,0,0,0,0,0,0,0,0,0,0,0,0,0,0,0,0,0,0,0,0,0,0,0,59,7,0,0,0,0,0,0,0,0,0,0,120,51,0,0,0,0,7,52,0,18,0,0,96,42,12,0,0,0,41,13,0,0,strafe_left
0,0,0,12,0,0,0,36,61,10,0,0,0,0,127,219,11,0,0,0,0,0,0,0,0,0,103,39,0,0,0,0,0,0,0,0,0,0,30,0,0,0,0,0,0,0,0,0,0,0,0,0,0,0,0,0,0,0,0,0,0,0,23,0,0,0,0,0,0,0,0,0,0,0,95,22,0,0,0,0,0,61,0,0,0,0,107,60,21,0,0,0,19,9,0,0,strafe_left
0,0,0,12,0,0,0,39,59,7,0,0,0,0,131,215,4,0,0,0,0,0,0,0,0,0,101,32,0,0,0,0,0,0,0,0,0,0,26,0,0,0,0,0,0,0,0,0,0,0,0,0,0,0,0,0,0,0,0,0,0,0,14,0,0,0,0,0,0,0,0,0,0,0,91,12,0,0,0,0,0,66,0,0,0,0,96,56,15,0,0,0,20,20,0,0,strafe_left
0,0,0,15,0,0,0,48,62,6,0,0,0,0,136,211,0,0,0,0,0,0,0,0,0,0,98,22,0,0,0,0,0,0,0,0,0,0,25,0,0,0,0,0,0,0,0,0,0,0,0,0,0,0,0,0,0,0,0,0,0,0,9,0,0,0,0,0,0,0,0,0,0,0,73,0,0,0,0,0,0,47,0,0,0,0,98,46,0,0,0,0,32,28,0,0,strafe_left
0,0,0,30,0,0,0,42,59,5,0,0,0,0,158,212,0,0,0,0,0,0,0,0,0,0,95,10,0,0,0,0,0,0,0,0,0,0,17,0,0,0,0,0,0,0,0,0,0,0,0,0,0,0,0,0,0,0,0,0,0,0,0,0,0,0,0,0,0,0,0,0,0,0,60,0,0,0,0,0,0,44,0,0,0,0,96,32,0,0,0,0,49,40,0,0,strafe_left
0,0,0,36,0,0,0,30,53,0,0,0,0,0,170,224,0,0,0,0,0,0,0,0,0,0,92,8,0,0,0,0,0,0,0,0,0,0,13,0,0,0,0,0,0,0,0,0,0,0,0,0,0,0,0,0,0,0,0,0,0,0,0,0,0,0,0,0,0,0,0,0,0,0,66,0,0,0,0,0,0,39,0,0,0,0,96,35,0,0,0,0,46,38,0,0,strafe_left
0,0,0,39,0,0,0,38,59,0,0,0,0,0,166,228,0,0,0,0,0,0,0,0,0,0,98,6,0,0,0,0,0,0,0,0,0,0,14,0,0,0,0,0,0,0,0,0,0,0,0,0,0,0,0,0,0,0,0,0,0,0,0,0,0,0,0,0,0,0,0,0,0,0,66,0,0,0,0,0,0,44,0,0,0,0,97,46,0,0,0,0,46,35,0,0,strafe_left
0,0,0,35,0,0,0,46,61,4,0,0,0,0,131,193,0,0,0,0,0,0,0,0,0,0,85,3,0,0,0,0,0,0,0,0,0,0,4,0,0,0,0,0,0,0,0,0,0,0,0,0,0,0,0,0,0,0,0,0,0,0,0,0,0,0,0,0,0,0,0,0,0,0,67,0,0,0,0,0,0,47,0,0,0,0,99,46,0,0,0,0,45,32,0,0,strafe_left
0,0,0,37,0,0,0,37,60,6,0,0,0,0,149,202,0,0,0,0,0,0,0,0,0,0,87,0,0,0,0,0,0,0,0,0,0,0,6,0,0,0,0,0,0,0,0,0,0,0,0,0,0,0,0,0,0,0,0,0,0,0,6,0,0,0,0,0,0,0,0,0,0,0,66,0,0,0,0,0,0,44,0,0,0,0,100,44,0,0,0,0,41,29,0,0,strafe_left
0,0,0,33,0,0,0,30,57,0,0,0,0,0,149,202,0,0,0,0,0,0,0,0,0,0,86,0,0,0,0,0,0,0,0,0,0,0,3,0,0,0,0,0,0,0,0,0,0,0,0,0,0,0,0,0,0,0,0,0,0,0,7,0,0,0,0,0,0,0,0,0,0,0,69,0,0,0,0,0,0,46,0,0,0,0,105,51,4,0,0,0,36,22,0,0,strafe_left
0,0,0,36,0,0,0,36,59,5,0,0,0,0,150,203,0,0,0,0,0,0,0,0,0,0,87,0,0,0,0,0,0,0,0,0,0,0,3,0,0,0,0,0,0,0,0,0,0,0,0,0,0,0,0,0,0,0,0,0,0,0,8,0,0,0,0,0,0,0,0,0,0,0,70,0,0,0,0,0,0,44,0,0,0,0,101,51,0,0,0,0,38,18,0,0,strafe_left
0,0,0,23,0,0,0,42,63,15,0,0,0,0,126,196,0,0,0,0,0,0,0,0,0,0,86,11,0,0,0,0,0,0,0,0,0,0,10,0,0,0,0,0,0,0,0,0,0,0,0,0,0,0,0,0,0,0,0,0,0,0,8,0,0,0,0,0,0,0,0,0,0,0,62,0,0,0,0,0,0,50,0,14,0,0,77,38,3,0,0,0,39,22,0,0,strafe_left
0,0,0,6,0,0,0,63,82,37,0,0,0,0,46,97,0,0,0,0,0,0,0,0,0,0,49,0,0,0,0,0,0,0,0,0,0,0,0,0,0,0,0,0,0,0,0,0,0,0,0,0,0,0,0,0,0,0,0,0,0,0,0,0,0,0,0,0,0,0,0,12,0,0,54,0,0,0,0,0,0,59,0,27,0,0,62,26,0,0,0,0,38,19,0,0,strafe_left
0,0,0,14,0,0,0,39,63,18,0,0,0,0,93,183,7,0,0,0,0,0,0,0,0,0,94,29,0,0,0,0,0,0,0,0,0,0,32,0,0,0,0,0,0,0,0,0,0,0,0,0,0,0,0,0,0,0,0,0,0,0,15,0,0,0,0,0,0,0,0,0,0,0,71,0,0,0,0,0,0,50,0,0,0,0,103,51,7,0,0,0,32,11,0,0,strafe_left
0,0,0,18,0,0,0,39,65,17,0,0,0,0,100,194,7,0,0,0,0,0,0,0,0,0,95,32,0,0,0,0,0,0,0,0,0,0,34,0,0,0,0,0,0,0,0,0,0,0,0,0,0,0,0,0,0,0,0,0,0,0,13,0,0,0,0,0,0,0,0,0,0,0,72,0,0,0,0,0,0,52,0,0,0,0,104,52,6,0,0,0,37,20,0,0,strafe_left
0,0,0,26,0,0,0,20,49,0,0,0,0,0,152,229,3,0,0,0,0,0,0,0,0,0,104,33,0,0,0,0,0,0,0,0,0,0,35,0,0,0,0,0,0,0,0,0,0,0,0,0,0,0,0,0,0,0,0,0,0,0,15,0,0,0,0,0,0,0,0,0,0,0,86,7,0,0,0,0,0,50,0,0,0,0,107,64,12,0,0,0,33,19,0,0,strafe_left
0,0,0,36,0,0,0,28,53,0,0,0,0,0,155,230,0,0,0,0,0,0,0,0,0,0,96,20,0,0,0,0,0,0,0,0,0,0,23,0,0,0,0,0,0,0,0,0,0,0,0,0,0,0,0,0,0,0,0,0,0,0,12,0,0,0,0,0,0,0,0,0,0,0,81,0,0,0,0,0,0,46,0,0,0,0,112,60,6,0,0,0,40,32,0,0,strafe_left
0,0,0,32,0,0,0,49,71,12,0,0,0,0,118,186,0,0,0,0,0,0,0,0,0,0,80,6,0,0,0,0,0,0,0,0,0,0,9,0,0,0,0,0,0,0,0,0,0,0,0,0,0,0,0,0,0,0,0,0,0,0,0,0,0,0,0,0,0,0,0,0,0,0,53,0,0,0,0,0,0,57,0,0,0,0,72,32,0,0,0,0,41,43,0,0,strafe_left
0,0,30,62,0,0,0,41,63,0,0,0,0,0,120,84,0,0,0,0,0,0,0,0,0,0,43,0,0,0,0,0,0,0,0,0,0,0,0,0,0,0,0,0,0,0,0,0,0,0,0,0,0,0,0,0,0,0,0,0,0,0,0,0,0,0,0,0,0,0,0,0,0,0,71,0,0,0,0,0,0,53,0,0,0,0,120,68,25,0,0,0,42,43,0,0,strafe_left
0,0,0,20,0,0,0,66,101,31,0,0,0,0,51,30,0,0,0,0,0,0,0,0,0,0,4,0,0,0,0,0,0,0,0,0,0,0,0,0,0,0,0,0,0,0,0,0,0,0,0,0,0,0,0,0,0,0,0,0,0,0,7,0,0,0,0,0,0,0,0,0,0,0,3,0,0,0,0,0,0,71,0,14,0,0,10,0,0,0,0,0,43,106,0,0,strafe_left
0,0,13,82,0,0,0,46,69,20,0,0,0,0,118,102,0,0,0,0,0,0,0,0,0,0,60,0,0,0,0,0,0,0,0,0,0,0,0,0,0,0,0,0,0,0,0,0,0,0,0,0,0,0,0,0,0,0,0,0,0,0,29,0,0,0,0,0,0,0,0,0,0,0,114,35,0,0,0,0,0,16,0,0,0,0,160,92,24,0,0,0,27,0,0,0,strafe_left
0,0,20,86,0,0,0,46,70,20,0,0,0,0,109,83,0,0,0,0,0,0,0,0,0,0,45,0,0,0,0,0,0,0,0,0,0,0,0,0,0,0,0,0,0,0,0,0,0,0,0,0,0,0,0,0,0,0,0,0,0,0,33,0,0,0,0,0,0,0,0,0,0,0,111,36,0,0,0,0,0,18,0,0,0,0,162,95,26,0,0,0,30,4,0,0,strafe_left
0,0,0,49,0,0,0,55,78,32,0,0,0,0,70,50,0,0,0,0,0,0,0,0,0,0,28,0,0,0,0,0,0,0,0,0,0,0,0,0,0,0,0,0,0,0,0,0,0,0,0,0,0,0,0,0,0,0,0,0,0,0,24,0,0,0,0,0,0,0,0,0,0,0,91,17,0,0,0,0,0,49,0,0,0,0,118,71,25,0,0,0,39,36,0,0,strafe_left
0,0,0,47,0,0,0,58,90,41,0,0,0,0,59,45,0,0,0,0,0,0,0,0,0,0,12,0,0,0,0,0,0,0,0,0,0,0,0,0,0,0,0,0,0,0,0,0,0,0,0,0,0,0,0,0,0,0,0,0,0,0,18,0,0,0,0,0,0,0,0,0,0,0,86,10,0,0,0,0,0,48,0,0,0,0,109,65,14,0,0,0,35,20,0,0,strafe_left
0,0,0,67,0,0,0,43,68,27,0,0,0,0,102,77,0,0,0,0,0,0,0,0,0,0,40,0,0,0,0,0,0,0,0,0,0,0,0,0,0,0,0,0,0,0,0,0,0,0,0,0,0,0,0,0,0,0,0,0,0,0,30,0,0,0,0,0,0,0,0,0,0,0,95,24,0,0,0,0,0,55,0,0,0,0,109,61,4,0,0,0,25,7,0,0,strafe_left
0,0,16,82,0,0,0,55,84,40,0,0,0,0,163,201,13,0,0,0,0,0,0,0,0,0,108,30,0,0,0,0,0,0,0,0,0,0,14,0,0,0,0,0,0,0,0,0,0,0,0,0,0,0,0,0,0,0,0,0,0,0,33,0,0,0,0,0,0,0,0,0,0,0,105,37,0,0,0,0,5,72,0,0,0,0,133,74,20,0,0,0,7,0,0,0,strafe_left
0,0,25,85,0,0,0,52,82,31,0,0,0,0,165,202,8,0,0,0,0,0,0,0,0,0,107,22,0,0,0,0,0,0,0,0,0,0,16,0,0,0,0,0,0,0,0,0,0,0,0,0,0,0,0,0,0,0,0,0,0,0,25,0,0,0,0,0,0,0,0,0,0,0,103,33,0,0,0,0,0,63,0,0,0,0,135,77,22,0,0,0,15,7,0,0,strafe_left
0,0,32,88,4,0,0,51,81,28,0,0,0,0,167,195,4,0,0,0,0,0,0,0,0,0,105,9,0,0,0,0,0,0,0,0,0,0,8,0,0,0,0,0,0,0,0,0,0,0,0,0,0,0,0,0,0,0,0,0,0,0,18,0,0,0,0,0,0,0,0,0,0,0,102,30,0,0,0,0,0,64,0,0,0,0,138,82,24,0,0,0,20,8,0,0,strafe_left
0,0,7,66,0,0,5,68,92,37,0,0,0,0,123,130,0,0,0,0,0,0,0,0,0,0,67,0,0,0,0,0,0,0,0,0,0,0,0,0,0,0,0,0,0,0,0,0,0,0,0,0,0,0,0,0,0,0,0,0,0,0,13,0,0,0,0,0,0,0,0,4,0,0,87,21,0,0,0,0,0,67,0,0,0,0,117,67,27,0,0,0,17,16,0,0,strafe_left
0,0,14,83,0,0,0,54,80,37,0,0,0,0,146,172,0,0,0,0,0,0,0,0,0,0,86,0,0,0,0,0,0,0,0,0,0,0,0,0,0,0,0,0,0,0,0,0,0,0,0,0,0,0,0,0,0,0,0,0,0,0,20,0,0,0,0,0,0,0,0,9,0,0,99,32,0,0,0,0,0,70,0,0,0,0,130,76,26,0,0,0,20,15,0,0,strafe_left
0,0,17,82,0,0,0,34,63,13,0,0,0,0,162,185,0,0,0,0,0,0,0,0,0,0,98,0,0,0,0,0,0,0,0,0,0,0,0,0,0,0,0,0,0,0,0,0,0,0,0,0,0,0,0,0,0,0,0,0,0,0,27,0,0,0,0,0,0,0,0,6,0,0,100,33,0,0,0,0,0,67,0,0,0,0,134,78,26,0,0,0,14,9,0,0,strafe_left
0,0,38,101,4,0,0,28,52,0,0,0,0,0,187,204,0,0,0,0,0,0,0,0,0,0,108,0,0,0,0,0,0,0,0,0,0,0,0,0,0,0,0,0,0,0,0,0,0,0,0,0,0,0,0,0,0,0,0,0,0,0,30,0,0,0,0,0,0,0,0,3,0,0,105,37,0,0,0,0,0,71,0,0,0,0,145,86,33,0,0,0,13,8,0,0,strafe_left
0,0,45,107,7,0,0,25,55,0,0,0,0,0,194,211,0,0,0,0,0,0,0,0,0,0,109,0,0,0,0,0,0,0,0,0,0,0,0,0,0,0,0,0,0,0,0,0,0,0,0,0,0,0,0,0,0,0,0,0,0,0,31,0,0,0,0,0,0,0,0,0,0,0,106,35,0,0,0,0,0,64,0,0,0,0,144,83,32,0,0,0,14,9,0,0,strafe_left
0,0,47,107,6,0,0,22,51,0,0,0,0,0,202,213,0,0,0,0,0,0,0,0,0,0,111,0,0,0,0,0,0,0,0,0,0,0,0,0,0,0,0,0,0,0,0,0,0,0,0,0,0,0,0,0,0,0,0,0,0,0,28,0,0,0,0,0,0,0,0,0,0,0,110,39,0,0,0,0,0,67,0,0,0,0,144,81,31,0,0,0,16,8,0,0,strafe_left
0,0,50,110,6,0,0,16,43,0,0,0,0,0,209,206,0,0,0,0,0,0,0,0,0,0,117,0,0,0,0,0,0,0,0,0,0,0,0,0,0,0,0,0,0,0,0,0,0,0,0,0,0,0,0,0,0,0,0,0,0,0,30,0,0,0,0,0,0,0,0,0,0,0,110,38,0,0,0,0,0,69,0,0,0,0,146,85,32,0,0,0,20,12,0,0,strafe_left
0,0,49,115,9,0,0,23,47,0,0,0,0,0,208,211,0,0,0,0,0,0,0,0,0,0,117,0,0,0,0,0,0,0,0,0,0,0,0,0,0,0,0,0,0,0,0,0,0,0,0,0,0,0,0,0,0,0,0,0,0,0,26,0,0,0,0,0,0,0,0,0,0,0,110,38,0,0,0,0,0,71,0,0,0,0,144,86,31,0,0,0,23,14,0,0,strafe_left
0,0,55,124,10,0,0,28,47,0,0,0,0,0,213,215,0,0,0,0,0,0,0,0,0,0,115,0,0,0,0,0,0,0,0,0,0,0,0,0,0,0,0,0,0,0,0,0,0,0,0,0,0,0,0,0,0,0,0,0,0,0,24,0,0,0,0,0,0,0,0,0,0,0,107,36,0,0,0,0,0,68,0,0,0,0,145,86,32,0,0,0,26,19,0,0,strafe_left
0,0,56,126,16,0,0,22,41,0,0,0,0,0,209,204,0,0,0,0,0,0,0,0,0,0,111,0,0,0,0,0,0,0,0,0,0,0,0,0,0,0,0,0,0,0,0,0,0,0,0,0,0,0,0,0,0,0,0,0,0,0,14,0,0,0,0,0,0,0,0,0,0,0,102,20,0,0,0,0,0,65,0,0,0,0,142,85,24,0,0,0,28,24,0,0,strafe_left
0,0,62,145,28,0,0,40,65,0,0,0,0,0,199,194,0,0,0,0,0,0,0,0,0,0,108,0,0,0,0,0,0,0,0,0,0,0,0,0,0,0,0,0,0,0,0,0,0,0,0,0,0,0,0,0,0,0,0,0,0,0,17,0,0,0,0,0,0,0,0,0,0,0,102,25,0,0,0,0,0,64,0,0,0,0,143,84,27,0,0,0,28,28,0,0,strafe_left
0,0,64,145,29,0,0,47,72,10,0,0,0,0,190,194,0,0,0,0,0,0,0,0,0,0,101,0,0,0,0,0,0,0,0,0,0,0,0,0,0,0,0,0,0,0,0,0,0,0,0,0,0,0,0,0,0,0,0,0,0,0,13,0,0,0,0,0,0,0,0,0,0,0,102,24,0,0,0,0,0,60,0,0,0,0,140,80,23,0,0,0,28,26,0,0,strafe_left
0,0,58,130,27,0,0,50,73,15,0,0,0,0,185,184,0,0,0,0,0,0,0,0,0,0,104,0,0,0,0,0,0,0,0,0,0,0,0,0,0,0,0,0,0,0,0,0,0,0,0,0,0,0,0,0,0,0,0,0,0,0,21,0,0,0,0,0,0,0,0,0,0,0,104,26,0,0,0,0,0,67,0,0,0,0,146,80,21,0,0,0,28,21,0,0,strafe_left
0,0,41,107,16,0,0,53,78,23,0,0,0,0,168,182,0,0,0,0,0,0,0,0,0,0,107,0,0,0,0,0,0,0,0,0,0,0,0,0,0,0,0,0,0,0,0,0,0,0,0,0,0,0,0,0,0,0,0,0,0,0,24,0,0,0,0,0,0,0,0,0,0,0,112,34,0,0,0,0,0,75,0,0,0,0,140,80,19,0,0,0,14,0,0,0,strafe_left
0,0,23,87,0,0,0,56,79,33,0,0,0,0,160,175,0,0,0,0,0,0,0,0,0,0,111,0,0,0,0,0,0,0,0,0,0,0,0,0,0,0,0,0,0,0,0,0,0,0,0,0,0,0,0,0,0,0,0,0,0,0,26,0,0,0,0,0,0,0,0,0,0,0,114,40,0,0,0,0,3,88,0,0,0,0,145,82,23,0,0,0,5,0,0,0,strafe_left
0,0,19,97,3,0,0,58,84,36,0,0,0,0,155,178,0,0,0,0,0,0,0,0,0,0,107,6,0,0,0,0,0,0,0,0,0,0,0,0,0,0,0,0,0,0,0,0,0,0,0,0,0,0,0,0,0,0,0,0,0,0,22,0,0,0,0,0,0,0,0,0,0,0,112,36,0,0,0,0,3,90,0,0,0,0,146,87,33,0,0,0,20,10,0,0,strafe_left
0,0,19,99,5,0,0,62,86,35,0,0,0,0,156,178,0,0,0,0,0,0,0,0,0,0,105,5,0,0,0,0,0,0,0,0,0,0,0,0,0,0,0,0,0,0,0,0,0,0,0,0,0,0,0,0,0,0,0,0,0,0,15,0,0,0,0,0,0,0,0,6,0,0,96,24,0,0,0,0,0,94,0,0,0,0,119,77,35,0,0,0,20,19,0,0,strafe_left
0,0,12,85,5,0,4,68,90,40,0,0,0,0,131,155,0,0,0,0,0,0,0,0,0,0,89,0,0,0,0,0,0,0,0,0,0,0,0,0,0,0,0,0,0,0,0,0,0,0,0,0,0,0,0,0,0,0,0,0,0,0,12,0,0,0,0,0,0,0,0,10,0,0,85,18,0,0,0,0,0,104,0,0,0,0,114,73,37,0,0,0,20,23,0,0,strafe_left
0,0,0,64,0,0,10,77,96,47,0,0,0,0,101,121,0,0,0,0,0,0,0,0,0,0,68,0,0,0,0,0,0,0,0,0,0,0,0,0,0,0,0,0,0,0,0,0,0,0,0,0,0,0,0,0,0,0,0,0,0,0,15,0,0,0,0,0,0,0,0,13,0,0,76,12,0,0,0,0,0,103,0,6,0,0,99,61,30,0,0,0,13,22,0,0,strafe_left
0,0,0,57,0,0,13,81,104,57,0,0,0,0,88,106,0,0,0,0,0,0,0,0,0,0,56,0,0,0,0,0,0,0,0,0,0,0,0,0,0,0,0,0,0,0,0,0,0,0,0,0,0,0,0,0,0,0,0,0,0,0,13,0,0,0,0,0,0,0,0,11,0,0,79,14,0,0,0,0,0,102,0,9,0,0,104,65,33,0,0,0,18,24,0,0,strafe_left
0,0,0,54,0,0,15,82,105,55,0,0,0,0,86,104,0,0,0,0,0,0,0,0,0,0,43,0,0,0,0,0,0,0,0,0,0,0,0,0,0,0,0,0,0,0,0,0,0,0,0,0,0,0,0,0,0,0,0,0,0,0,12,0,0,0,0,0,0,0,0,12,0,0,81,13,0,0,0,0,0,103,0,9,0,0,107,65,33,0,0,0,22,28,0,0,strafe_left
0,0,0,69,0,3,16,82,106,50,0,0,0,0,105,119,0,0,0,0,0,0,0,0,0,0,51,0,0,0,0,0,0,0,0,0,0,0,0,0,0,0,0,0,0,0,0,0,0,0,0,0,0,0,0,0,0,0,0,0,0,0,14,0,0,0,0,0,0,0,0,6,0,0,89,17,0,0,0,0,0,100,0,4,0,0,112,67,33,0,0,0,21,25,0,0,strafe_left
0,0,18,93,5,0,3,64,85,24,0,0,0,0,139,148,0,0,0,0,0,0,0,0,0,0,80,0,0,0,0,0,0,0,0,0,0,0,0,0,0,0,0,0,0,0,0,0,0,0,0,0,0,0,0,0,0,0,0,0,0,0,16,0,0,0,0,0,0,0,0,0,0,0,96,23,0,0,0,0,0,92,0,0,0,0,134,78,36,0,0,0,27,23,0,0,strafe_left
0,0,70,142,22,0,0,36,69,0,0,0,0,0,196,185,0,0,0,0,0,0,0,0,0,0,98,0,0,0,0,0,0,0,0,0,0,0,0,0,0,0,0,0,0,0,0,0,0,0,0,0,0,0,0,0,0,0,0,0,0,0,32,0,0,0,0,0,0,0,0,0,0,0,113,43,0,0,0,0,0,48,0,0,0,0,144,81,27,0,0,0,22,0,0,0,strafe_left
0,0,78,153,20,0,0,32,58,0,0,0,0,0,235,207,0,0,0,0,0,0,0,0,0,0,111,0,0,0,0,0,0,0,0,0,0,0,0,0,0,0,0,0,0,0,0,0,0,0,0,0,0,0,0,0,0,0,0,0,0,0,45,0,0,0,0,0,0,0,0,0,0,0,127,48,0,0,0,0,0,35,0,0,0,0,155,97,26,0,0,0,12,0,0,0,strafe_left
0,0,74,151,16,0,0,26,53,0,0,0,0,0,257,223,0,0,0,0,0,0,0,0,0,0,116,0,0,0,0,0,0,0,0,0,0,0,0,0,0,0,0,0,0,0,0,0,0,0,0,0,0,0,0,0,0,0,0,0,0,0,51,0,0,0,0,0,0,0,0,0,0,0,146,61,0,0,0,0,0,21,0,0,0,0,160,98,17,0,0,0,3,0,0,0,strafe_left
0,0,0,0,0,0,0,0,21,36,32,0,0,0,39,46,0,0,0,0,0,11,0,0,0,0,92,57,20,0,0,0,0,0,0,0,0,0,87,63,0,0,0,0,0,0,0,0,0,0,10,0,0,0,0,0,0,95,0,0,0,0,120,33,0,0,0,0,0,26,0,0,0,0,68,17,0,0,0,0,0,6,0,0,0,0,36,159,0,0,0,0,0,22,0,0,none
0,0,0,0,0,0,0,0,22,36,29,0,0,0,37,45,0,0,0,0,0,10,0,0,0,0,90,58,22,0,0,0,0,0,0,0,0,0,88,63,0,0,0,0,0,0,0,0,0,0,17,0,0,0,0,0,0,101,0,0,0,0,122,35,0,0,0,0,0,26,0,0,0,0,70,17,0,0,0,0,0,6,0,0,0,0,32,156,0,0,0,0,0,20,0,0,none
0,0,0,0,0,0,0,0,19,34,28,0,0,0,37,44,0,0,0,0,0,10,0,0,0,0,93,58,22,0,0,0,0,0,0,0,0,0,88,64,0,0,0,0,0,0,0,0,0,0,18,0,0,0,0,0,0,102,0,0,0,0,121,35,0,0,0,0,0,29,0,0,0,0,68,17,0,0,0,0,0,6,0,0,0,0,33,155,0,0,0,0,0,21,0,0,none
0,0,0,0,0,0,0,0,15,13,0,0,0,0,71,59,0,0,0,0,0,0,0,0,0,0,105,70,26,0,0,0,0,0,0,0,0,0,92,67,0,0,0,0,0,0,0,0,0,0,32,0,0,0,0,0,0,84,0,0,0,0,140,45,0,0,0,0,0,19,0,0,0,0,79,25,0,0,0,0,0,0,0,0,0,0,39,170,0,0,0,0,0,0,0,0,none
0,0,0,0,0,0,0,0,12,11,0,0,0,0,72,60,0,0,0,0,0,0,0,0,0,0,106,71,26,0,0,0,0,0,0,0,0,0,93,67,0,0,0,0,0,0,0,0,0,0,36,0,0,0,0,0,0,81,0,0,0,0,139,45,0,0,0,0,0,16,0,0,0,0,77,24,0,0,0,0,0,0,0,0,0,0,42,174,0,0,0,0,0,0,0,0,none
0,0,0,0,0,0,0,0,16,12,0,0,0,0,72,60,0,0,0,0,0,0,0,0,0,0,104,70,27,0,0,0,0,0,0,0,0,0,93,67,0,0,0,0,0,0,0,0,0,0,30,0,0,0,0,0,0,82,0,0,0,0,140,47,0,0,0,0,0,19,0,0,0,0,78,25,0,0,0,0,0,0,0,0,0,0,41,171,0,0,0,0,0,0,0,0,none
0,0,0,0,0,0,0,0,17,17,0,0,0,0,69,60,0,0,0,0,0,0,0,0,0,0,105,70,26,0,0,0,0,0,0,0,0,0,95,67,0,0,0,0,0,0,0,0,0,0,33,0,0,0,0,0,0,91,0,0,0,0,140,49,0,0,0,0,0,20,0,0,0,0,76,22,0,0,0,0,0,0,0,0,0,0,40,173,0,0,0,0,0,0,0,0,none
0,0,0,0,0,0,0,0,11,7,0,0,0,0,77,62,0,0,0,0,0,0,0,0,0,0,109,75,29,0,0,0,0,0,0,0,0,0,95,68,0,0,0,0,0,0,0,0,0,0,34,0,0,0,0,0,0,65,0,0,0,0,144,48,0,0,0,0,0,16,0,0,0,0,78,25,0,0,0,0,0,0,0,0,0,0,40,182,0,0,0,0,0,0,0,0,none
0,0,0,0,0,0,0,0,4,23,8,0,0,0,39,42,0,0,0,0,0,9,0,0,0,0,102,61,37,0,0,0,0,5,0,0,0,0,92,63,0,0,0,0,0,0,0,0,0,0,22,0,0,0,0,0,0,97,0,0,0,0,180,68,0,0,0,0,0,33,0,0,0,0,74,23,0,0,0,0,7,5,0,0,0,0,28,131,0,0,0,0,0,3,0,0,none
0,0,0,0,0,0,0,0,0,20,7,0,0,0,36,42,0,0,0,0,0,9,0,0,0,0,102,62,37,0,0,0,0,6,0,0,0,0,94,63,0,0,0,0,0,0,0,0,0,0,22,0,0,0,0,0,0,96,0,0,0,0,179,68,0,0,0,0,0,33,0,0,0,0,75,22,0,0,0,0,6,4,0,0,0,0,31,133,0,0,0,0,0,6,0,0,none
0,0,0,0,0,0,0,0,5,23,11,0,0,0,38,43,0,0,0,0,0,9,0,0,0,0,101,61,37,0,0,0,0,4,0,0,0,0,93,63,0,0,0,0,0,0,0,0,0,0,26,0,0,0,0,0,0,101,0,0,0,0,183,70,0,0,0,0,0,33,0,0,0,0,72,21,0,0,0,0,4,0,0,0,0,0,26,135,0,0,0,0,0,6,0,0,none
0,0,0,0,0,0,0,0,5,22,11,0,0,0,36,43,0,0,0,0,0,11,0,0,0,0,100,62,37,0,0,0,0,6,0,0,0,0,91,61,0,0,0,0,0,0,0,0,0,0,24,0,0,0,0,0,0,94,0,0,0,0,183,69,0,0,0,0,0,33,0,0,0,0,76,24,0,0,0,0,7,6,0,0,0,0,29,135,0,0,0,0,0,7,0,0,none
0,0,0,0,0,0,0,0,10,22,4,0,0,0,58,48,0,0,0,0,0,10,0,0,0,0,100,61,42,0,0,0,0,0,0,0,0,0,79,55,0,0,0,0,0,0,0,0,0,0,9,0,0,0,0,0,0,54,0,0,0,0,170,56,0,0,0,0,0,32,0,0,0,0,72,19,0,0,0,0,6,5,0,0,0,0,41,148,0,0,0,0,0,29,0,0,none
0,0,0,0,0,0,0,0,7,18,3,0,0,0,57,52,0,0,0,0,0,8,0,0,0,0,103,64,44,0,0,0,0,0,0,0,0,0,85,60,0,0,0,0,0,0,0,0,0,0,10,0,0,0,0,0,0,64,0,0,0,0,174,61,0,0,0,0,0,34,0,0,0,0,74,19,0,0,0,0,7,6,0,0,0,0,35,146,0,0,0,0,0,23,0,0,none
0,0,0,0,0,0,0,0,6,18,3,0,0,0,56,49,0,0,0,0,0,6,0,0,0,0,103,63,45,0,0,0,0,0,0,0,0,0,87,63,0,0,0,0,0,0,0,0,0,0,25,0,0,0,0,0,0,94,0,0,0,0,173,68,0,0,0,0,0,33,0,0,0,0,72,19,0,0,0,0,9,8,0,0,0,0,20,121,0,0,0,0,0,14,0,0,none
0,0,0,0,0,0,0,0,0,18,15,0,0,0,32,38,0,0,0,0,0,14,0,0,0,0,94,53,22,0,0,0,0,29,0,0,0,0,94,66,0,0,0,0,0,0,0,0,0,0,43,0,0,0,0,0,16,127,0,0,0,0,159,65,0,0,0,0,0,28,0,0,0,0,76,23,0,0,0,0,12,6,0,0,0,0,6,101,0,0,0,0,0,0,0,0,none
0,0,0,0,0,0,0,0,0,18,19,0,0,0,24,36,0,0,0,0,0,13,0,0,0,0,93,54,22,0,0,0,0,26,0,0,0,0,95,67,0,0,0,0,0,0,0,0,0,0,48,0,0,0,0,0,18,135,0,0,0,0,158,66,0,0,0,0,0,27,0,0,0,0,68,20,0,0,0,0,10,4,0,0,0,0,6,97,0,0,0,0,0,0,0,0,none
0,0,0,0,0,0,0,0,0,16,18,0,0,0,27,36,0,0,0,0,0,14,0,0,0,0,94,56,22,0,0,0,0,22,0,0,0,0,96,68,0,0,0,0,0,0,0,0,0,0,52,0,0,0,0,0,26,136,0,0,0,0,158,65,0,0,0,0,0,26,0,0,0,0,72,22,0,0,0,0,11,5,0,0,0,0,0,87,0,0,0,0,0,0,0,0,none
0,0,0,0,0,0,0,0,0,15,13,0,0,0,32,33,0,0,0,0,0,13,0,0,0,0,94,53,19,0,0,0,0,19,0,0,0,0,98,68,0,0,0,0,0,0,0,0,0,0,67,0,0,0,0,0,40,153,0,0,0,0,157,67,0,0,0,0,0,24,0,0,0,0,66,17,0,0,0,0,9,0,0,0,0,0,0,78,0,0,0,0,0,0,0,0,none
0,0,0,0,0,0,0,0,0,15,23,0,0,0,10,24,0,0,0,0,0,19,0,0,0,0,87,51,19,0,0,0,0,32,0,0,0,0,89,66,0,0,0,0,0,0,0,0,0,0,59,0,0,0,0,0,39,166,0,0,0,0,156,66,0,0,0,0,0,27,0,0,0,0,65,16,0,0,0,0,8,0,0,0,0,0,0,73,0,0,0,0,0,0,0,0,none
0,0,0,0,0,0,0,0,0,15,22,0,0,0,8,24,0,0,0,0,0,19,0,0,0,0,91,54,24,0,0,0,0,31,0,0,0,0,94,65,0,0,0,0,0,0,0,0,0,0,58,0,0,0,0,0,44,169,0,0,0,0,156,65,0,0,0,0,0,30,0,0,0,0,62,17,0,0,0,0,6,0,0,0,0,0,0,75,0,0,0,0,0,0,0,0,none
0,0,0,0,0,0,0,0,0,0,0,0,0,0,53,51,0,0,0,0,0,0,0,0,0,0,106,66,26,0,0,0,0,0,0,0,0,0,104,71,0,0,0,0,0,0,0,0,0,0,44,0,0,0,0,0,22,124,0,0,0,0,190,73,0,0,0,0,0,35,0,0,0,0,76,21,0,0,0,0,0,0,0,0,0,0,9,107,0,0,0,0,0,0,0,0,none
0,0,0,0,0,0,0,0,0,3,0,0,0,0,46,45,0,0,0,0,0,6,0,0,0,0,100,63,26,0,0,0,0,0,0,0,0,0,102,71,0,0,0,0,0,0,0,0,0,0,50,0,0,0,0,0,21,120,0,0,0,0,194,75,0,0,0,0,0,32,0,0,0,0,80,22,0,0,0,0,0,0,0,0,0,0,16,112,0,0,0,0,0,0,0,0,none
0,0,0,0,0,0,0,0,0,9,0,0,0,0,35,40,0,0,0,0,0,10,0,0,0,0,97,62,26,0,0,0,0,10,0,0,0,0,102,70,0,0,0,0,0,0,0,0,0,0,48,0,0,0,0,0,11,109,0,0,0,0,196,78,0,0,0,0,0,35,0,0,0,0,81,24,0,0,0,0,0,0,0,0,0,0,17,119,0,0,0,0,0,0,0,0,none
0,0,0,0,0,0,0,0,0,7,0,0,0,0,35,41,0,0,0,0,0,11,0,0,0,0,99,64,27,0,0,0,0,9,0,0,0,0,101,69,0,0,0,0,0,0,0,0,0,0,47,0,0,0,0,0,15,111,0,0,0,0,199,79,0,0,0,0,0,37,0,0,0,0,82,24,0,0,0,0,0,0,0,0,0,0,15,116,0,0,0,0,0,0,0,0,none
0,0,0,0,0,0,0,0,16,38,52,0,0,0,14,38,0,0,0,0,0,21,0,0,0,0,86,50,36,0,0,0,0,16,0,0,0,0,71,53,0,0,0,0,0,0,0,0,0,0,13,0,0,0,0,0,0,107,0,0,0,0,136,44,0,0,0,0,0,39,0,0,0,0,66,16,0,0,0,0,11,11,0,0,0,0,5,108,0,0,0,0,0,15,0,0,none
0,0,0,0,0,0,0,0,17,39,56,0,0,0,14,39,0,0,0,0,0,20,0,0,0,0,86,50,40,0,0,0,0,18,0,0,0,0,73,54,0,0,0,0,0,0,0,0,0,0,13,0,0,0,0,0,0,105,0,0,0,0,132,46,0,0,0,0,0,40,0,0,0,0,66,15,0,0,0,0,11,11,0,0,0,0,6,108,0,0,0,0,0,14,0,0,none
0,0,0,0,0,0,0,0,19,40,57,0,0,0,13,38,0,0,0,0,0,20,0,0,0,0,85,47,40,0,0,0,0,17,0,0,0,0,71,53,0,0,0,0,0,0,0,0,0,0,14,0,0,0,0,0,0,103,0,0,0,0,132,43,0,0,0,0,0,35,0,0,0,0,66,16,0,0,0,0,13,14,0,0,0,0,9,111,0,0,0,0,0,18,0,0,none
0,0,0,0,0,0,0,0,18,39,55,0,0,0,14,40,0,0,0,0,0,22,0,0,0,0,86,50,44,0,0,0,0,16,0,0,0,0,70,53,0,0,0,0,0,0,0,0,0,0,12,0,0,0,0,0,0,108,0,0,0,0,127,42,0,0,0,0,0,40,0,0,0,0,64,16,0,0,0,0,12,12,0,0,0,0,4,108,0,0,0,0,0,17,0,0,none
0,0,0,0,0,0,0,0,16,37,53,0,0,0,10,38,0,0,0,0,0,23,0,0,0,0,85,50,43,0,0,0,0,19,0,0,0,0,71,53,0,0,0,0,0,0,0,0,0,0,10,0,0,0,0,0,0,116,0,0,0,0,104,28,0,0,0,0,0,36,0,0,0,0,55,12,0,0,0,0,15,17,0,0,0,0,0,94,0,0,0,0,0,23,0,0,none
0,0,0,0,0,0,0,0,18,39,55,0,0,0,5,31,0,0,0,0,0,27,0,0,0,0,75,42,35,0,0,0,0,24,0,0,0,0,57,46,0,0,0,0,0,0,0,0,0,0,0,0,0,0,0,0,8,129,0,0,0,0,75,15,0,0,0,0,0,37,0,0,0,0,53,11,0,0,0,0,14,18,0,0,0,0,0,83,0,0,0,0,0,21,0,0,none
0,0,0,0,0,0,0,0,20,42,74,0,0,0,0,17,0,0,0,0,0,26,0,0,0,0,63,38,30,0,0,0,0,30,0,0,0,0,44,37,0,0,0,0,0,0,0,0,0,0,6,0,0,0,0,0,10,134,0,0,0,0,68,6,0,0,0,0,0,34,0,0,0,0,49,8,0,0,0,0,14,19,0,0,0,0,0,68,0,0,0,0,0,23,0,0,none
0,0,0,0,0,0,0,0,25,48,96,0,0,0,0,8,0,0,0,0,0,33,0,0,0,0,42,28,13,0,0,0,0,33,0,0,0,0,32,24,0,0,0,0,0,0,0,0,0,0,0,0,0,0,0,0,8,132,0,0,0,0,51,0,0,0,0,0,0,35,0,0,0,0,40,4,0,0,0,0,17,23,0,0,0,0,0,48,0,0,0,0,0,23,0,0,none
0,0,0,0,0,0,0,0,25,48,101,0,0,0,0,3,0,0,0,0,0,36,0,0,0,0,31,25,7,0,0,0,0,35,0,0,0,0,23,23,0,0,0,0,0,0,0,0,0,0,0,0,0,0,0,0,10,139,0,0,0,0,31,0,0,0,0,0,0,37,0,0,0,0,21,0,0,0,0,0,21,26,0,0,0,0,0,20,0,0,0,0,0,19,0,0,none
0,0,0,0,0,0,0,0,27,50,107,0,0,0,0,9,0,0,0,0,0,33,0,0,0,0,53,33,22,0,0,0,0,31,0,0,0,0,33,32,0,0,0,0,0,0,0,0,0,0,0,0,0,0,0,0,15,149,0,0,0,0,50,0,0,0,0,0,0,36,0,0,0,0,38,0,0,0,0,0,22,28,0,0,0,0,0,42,0,0,0,0,0,28,0,0,none
0,0,0,0,0,0,0,0,28,51,99,0,0,0,0,16,0,0,0,0,0,30,0,0,0,0,59,33,23,0,0,0,0,30,0,0,0,0,41,38,0,0,0,0,0,0,0,0,0,0,9,0,0,0,0,0,12,141,0,0,0,0,70,7,0,0,0,0,0,31,0,0,0,0,50,6,0,0,0,0,19,23,0,0,0,0,0,62,0,0,0,0,0,20,0,0,none
0,0,0,0,0,0,0,0,26,59,140,0,0,0,0,0,0,0,0,0,0,49,12,0,0,0,0,10,0,0,0,0,0,38,0,0,0,0,0,0,0,0,0,0,0,0,0,0,0,0,0,0,0,0,0,0,14,151,0,0,0,0,10,0,0,0,0,0,0,52,11,0,0,0,0,0,0,0,0,0,31,47,0,0,0,0,0,0,0,0,0,0,0,35,0,0,forward
0,0,0,0,0,0,0,0,26,56,139,0,0,0,0,0,0,0,0,0,0,51,13,0,0,0,0,6,0,0,0,0,0,42,0,0,0,0,0,0,0,0,0,0,0,0,0,0,0,0,0,0,0,0,0,0,10,149,0,0,0,0,0,0,0,0,0,0,0,51,12,0,0,0,0,0,0,0,0,0,36,60,0,0,0,0,0,0,0,0,0,0,0,34,0,0,forward
0,0,0,0,0,0,0,0,25,61,144,0,0,0,0,0,0,0,0,0,0,53,14,0,0,0,0,0,0,0,0,0,0,43,0,0,0,0,0,0,0,0,0,0,0,0,0,0,0,0,0,0,0,0,0,0,9,152,0,0,0,0,0,0,0,0,0,0,0,56,18,0,0,0,0,0,0,0,0,0,38,63,0,0,0,0,0,0,0,0,0,0,0,35,0,0,forward
0,0,0,0,0,0,0,0,0,0,103,7,0,0,0,0,0,0,0,0,0,0,68,0,0,0,0,0,0,0,0,0,0,8,44,0,0,0,0,0,0,0,0,0,0,0,0,0,0,0,0,0,0,0,0,0,0,0,0,0,0,0,0,0,0,0,0,0,0,44,4,0,0,0,0,0,0,0,0,0,0,97,10,98,0,0,0,0,0,0,0,0,0,81,0,0,forward
0,0,0,0,0,0,0,0,0,0,107,8,0,0,0,0,0,0,0,0,0,14,72,0,0,0,0,0,0,0,0,0,0,30,39,0,0,0,0,0,0,0,0,0,0,0,0,0,0,0,0,0,0,0,0,0,0,5,5,0,0,0,0,0,0,0,0,0,0,48,4,0,0,0,0,0,0,0,0,0,0,104,12,40,0,0,0,0,0,0,0,0,0,83,0,0,forward
0,0,0,0,0,0,0,0,0,49,109,0,0,0,0,0,0,0,0,0,0,60,84,0,0,0,0,0,0,0,0,0,0,64,19,0,0,0,0,0,0,0,0,0,0,0,0,0,0,0,0,0,0,0,0,0,0,24,18,0,0,0,0,0,0,0,0,0,0,63,5,0,0,0,0,0,0,0,0,0,9,103,0,0,0,0,0,0,0,0,0,0,0,59,0,0,forward
0,0,0,0,0,0,0,0,0,70,89,0,0,0,0,0,0,0,0,0,0,92,74,0,0,0,0,0,0,0,0,0,0,66,0,0,0,0,0,0,0,0,0,0,0,0,0,0,0,0,0,0,0,0,0,0,0,64,25,0,0,0,0,0,0,0,0,0,0,68,0,0,0,0,0,0,0,0,0,0,19,84,0,0,0,0,0,0,0,0,0,0,0,24,0,0,forward
0,0,0,0,0,0,0,0,0,47,19,0,0,0,10,47,0,0,0,0,0,16,0,0,0,0,88,64,0,0,0,0,0,3,0,0,0,0,66,67,0,0,0,0,0,0,0,0,0,0,0,8,0,0,0,0,0,30,9,0,0,0,42,3,0,0,0,0,0,25,0,0,0,0,44,8,0,0,0,0,16,21,0,0,0,0,0,0,0,0,0,0,0,57,0,0,none
0,0,0,0,0,0,0,0,4,47,31,0,0,0,7,46,0,0,0,0,0,18,0,0,0,0,75,57,0,0,0,0,0,0,0,0,0,0,59,68,0,0,0,0,0,0,0,0,0,0,0,5,0,0,0,0,0,22,0,0,0,0,44,6,0,0,0,0,0,25,0,0,0,0,48,11,0,0,0,0,17,21,0,0,0,0,0,0,0,0,0,0,0,53,0,0,none
0,0,0,0,0,0,0,0,0,51,48,0,0,0,0,39,0,0,0,0,0,20,0,0,0,0,69,54,0,0,0,0,0,7,0,0,0,0,52,67,0,0,0,0,0,0,0,0,0,0,0,18,0,0,0,0,0,27,5,0,0,0,43,7,0,0,0,0,0,26,0,0,0,0,47,10,0,0,0,0,13,17,0,0,0,0,0,0,0,0,0,0,0,44,0,0,none
0,0,0,0,0,0,0,0,0,43,25,0,0,0,17,49,0,0,0,0,0,16,0,0,0,0,98,67,0,0,0,0,0,3,0,0,0,0,68,79,0,0,0,0,0,0,0,0,0,0,44,47,0,0,0,0,0,23,0,0,0,0,59,20,0,0,0,0,0,19,0,0,0,0,60,17,0,0,0,0,6,5,0,0,0,0,0,0,0,0,0,0,0,21,0,0,none
0,0,0,0,0,0,0,0,8,27,79,0,0,0,12,47,0,0,0,0,0,8,0,0,0,0,97,71,0,0,0,0,0,0,0,0,0,0,93,71,0,0,0,0,0,0,0,0,0,0,47,14,0,0,0,0,0,14,0,0,0,0,59,40,0,0,0,0,0,18,0,0,0,0,44,24,0,0,0,0,0,5,0,0,0,0,0,11,0,0,0,0,0,18,0,0,none
0,0,0,0,0,0,0,0,7,24,75,0,0,0,12,47,0,0,0,0,0,8,0,0,0,0,98,71,0,0,0,0,0,0,0,0,0,0,91,61,0,0,0,0,0,0,0,0,0,0,46,12,0,0,0,0,0,13,0,0,0,0,58,40,0,0,0,0,0,19,0,0,0,0,47,31,0,0,0,0,0,6,0,0,0,0,0,5,0,0,0,0,0,12,0,0,none
0,0,0,0,0,0,0,0,4,18,74,0,0,0,12,47,0,0,0,0,0,9,0,0,0,0,96,71,0,0,0,0,0,0,0,0,0,0,93,71,0,0,0,0,0,0,0,0,0,0,46,15,0,0,0,0,7,12,0,0,0,0,55,37,0,0,0,0,0,17,0,0,0,0,43,30,0,0,0,0,0,4,0,0,0,0,0,6,0,0,0,0,0,0,0,0,none
0,0,0,0,0,0,0,0,4,20,73,0,0,0,12,45,0,0,0,0,0,9,0,0,0,0,97,71,0,0,0,0,0,0,0,0,0,0,92,69,0,0,0,0,0,0,0,0,0,0,61,30,0,0,0,0,18,20,0,0,0,0,56,39,0,0,0,0,0,16,0,0,0,0,43,30,0,0,0,0,0,0,0,0,0,0,0,0,0,0,0,0,0,0,0,0,none
0,0,0,0,0,0,0,0,9,16,60,0,0,0,15,52,0,0,0,0,0,9,0,0,0,0,101,75,0,0,0,0,0,0,0,0,0,0,87,69,0,0,0,0,0,0,0,0,0,0,47,17,0,0,0,0,0,9,0,0,0,0,52,32,0,0,0,0,0,15,0,0,0,0,48,34,0,0,0,0,0,4,0,0,0,0,0,21,0,0,0,0,0,18,0,0,none
0,0,0,0,0,0,0,0,9,18,61,0,0,0,16,53,0,0,0,0,0,11,0,0,0,0,102,76,0,0,0,0,0,0,0,0,0,0,88,70,0,0,0,0,0,0,0,0,0,0,45,14,0,0,0,0,0,11,0,0,0,0,50,32,0,0,0,0,0,17,0,0,0,0,48,34,0,0,0,0,0,6,0,0,0,0,0,23,0,0,0,0,0,16,0,0,none
0,0,0,0,0,0,0,0,9,18,60,0,0,0,17,54,0,0,0,0,0,13,0,0,0,0,100,76,0,0,0,0,0,0,0,0,0,0,86,69,0,0,0,0,0,0,0,0,0,0,42,11,0,0,0,0,0,11,0,0,0,0,56,34,0,0,0,0,0,19,0,0,0,0,45,32,0,0,0,0,0,5,0,0,0,0,0,22,0,0,0,0,0,15,0,0,none
0,0,0,0,0,0,0,0,8,19,61,0,0,0,15,53,0,0,0,0,0,12,0,0,0,0,101,76,0,0,0,0,0,0,0,0,0,0,83,70,0,0,0,0,0,0,0,0,0,0,40,12,0,0,0,0,0,10,0,0,0,0,53,31,0,0,0,0,0,19,0,0,0,0,49,34,0,0,0,0,0,7,0,0,0,0,0,22,0,0,0,0,0,24,0,0,none
0,0,0,0,0,0,0,0,9,22,60,0,0,0,13,51,0,0,0,0,0,10,0,0,0,0,94,71,0,0,0,0,0,0,0,0,0,0,82,67,0,0,0,0,0,0,0,0,0,0,42,14,0,0,0,0,0,8,0,0,0,0,49,29,0,0,0,0,0,15,0,0,0,0,48,34,0,0,0,0,0,8,0,0,0,0,0,26,0,0,0,0,0,28,0,0,none
0,0,0,0,0,0,0,0,0,0,0,0,0,0,12,0,0,0,0,0,0,0,0,0,0,0,82,63,0,0,0,0,0,0,0,6,0,0,91,73,27,0,0,0,0,161,23,0,0,0,89,21,0,0,7,0,37,30,0,0,0,0,0,0,0,0,0,0,0,0,0,0,0,0,0,0,0,0,0,0,0,0,0,0,0,0,0,0,0,0,0,0,0,0,0,0,strafe_right
0,0,0,0,0,0,0,0,0,0,0,0,0,0,13,0,0,0,0,0,0,0,0,0,0,0,74,61,0,0,0,0,0,0,0,0,0,0,91,73,27,0,0,0,0,157,22,0,0,0,88,21,0,0,7,0,35,28,0,0,0,0,0,0,0,0,0,0,0,0,0,0,0,0,0,0,0,0,0,0,0,0,0,0,0,0,0,0,0,0,0,0,0,0,0,0,strafe_right
0,0,0,0,0,0,0,0,0,0,0,0,0,0,11,0,0,0,0,0,0,0,0,0,0,0,82,61,0,0,0,0,0,0,0,0,0,0,94,73,21,0,0,0,0,154,19,0,0,0,89,20,0,0,7,0,36,28,0,0,0,0,0,0,0,0,0,0,0,0,0,0,0,0,0,0,0,0,0,0,0,0,0,0,0,0,0,0,0,0,0,0,0,0,0,0,strafe_right
0,0,0,0,0,0,0,0,0,0,0,0,0,0,24,0,0,0,0,0,0,0,0,0,0,0,101,68,0,0,0,0,0,0,0,0,0,0,108,77,0,0,0,0,0,117,0,0,0,0,84,6,0,0,0,0,22,0,0,0,0,0,0,0,0,0,0,0,0,0,0,0,0,0,0,0,0,0,0,0,0,0,0,0,0,0,0,0,0,0,0,0,0,0,0,0,strafe_right
0,0,0,0,0,0,0,0,0,0,0,0,0,0,25,0,0,0,0,0,0,0,0,0,0,0,101,69,0,0,0,0,0,0,0,0,0,0,110,80,0,0,0,0,0,127,0,0,0,0,86,9,0,0,0,0,21,0,0,0,0,0,0,0,0,0,0,0,0,0,0,0,0,0,0,0,0,0,0,0,0,0,0,0,0,0,0,0,0,0,0,0,0,0,0,0,strafe_right
0,0,0,0,0,0,0,0,0,0,0,0,0,0,14,0,0,0,0,0,0,0,0,0,0,0,80,58,0,0,0,0,0,0,0,0,0,0,102,78,13,0,0,0,0,166,24,0,0,0,73,6,0,0,5,0,33,21,0,0,0,0,0,0,0,0,0,0,0,0,0,0,0,0,0,0,0,0,0,0,0,0,0,0,0,0,0,0,0,0,0,0,0,0,0,0,strafe_right
0,0,0,0,0,0,0,0,0,0,0,0,0,0,0,0,0,0,0,0,0,0,0,0,0,0,61,48,0,0,0,0,0,0,0,0,0,0,86,68,15,0,0,0,0,194,50,0,0,0,75,6,0,0,4,0,29,16,0,0,0,0,0,0,0,0,0,0,0,0,0,0,0,0,0,0,0,0,0,0,0,0,0,0,0,0,0,0,0,0,0,0,0,0,0,0,strafe_right
0,0,0,0,0,0,0,0,0,0,0,0,0,0,0,0,0,0,0,0,0,0,0,0,0,0,57,37,0,0,0,0,0,0,0,0,0,0,68,58,3,0,0,0,0,193,60,0,0,0,58,0,0,0,3,0,29,28,0,0,0,0,0,0,0,0,0,0,0,0,0,0,0,0,0,0,0,0,0,0,0,0,0,0,0,0,0,0,0,0,0,0,0,0,0,0,strafe_right
0,0,0,0,0,0,0,0,0,0,0,0,0,0,8,3,0,0,0,0,0,0,0,0,0,0,78,63,0,0,0,0,0,0,0,0,0,0,98,94,33,0,0,0,0,152,48,0,8,0,90,28,0,0,20,0,40,57,0,0,0,0,0,0,0,0,0,0,0,0,0,0,0,0,8,0,0,0,0,0,0,0,0,0,0,0,0,0,0,0,0,0,0,0,0,0,strafe_right
0,0,0,0,0,0,0,0,0,0,0,0,0,0,10,5,0,0,0,0,0,0,0,0,0,0,81,63,0,0,0,0,0,0,0,0,0,0,100,97,32,0,0,0,0,158,45,0,10,0,100,36,0,0,23,0,43,52,0,0,0,0,0,0,0,0,0,0,0,0,0,0,0,0,7,0,0,0,0,0,0,0,0,0,0,0,0,0,0,0,0,0,0,0,0,0,strafe_right
0,0,0,0,0,0,0,0,0,0,0,0,0,0,7,0,0,0,0,0,0,0,0,0,0,0,70,55,0,0,0,0,0,0,0,0,0,0,93,84,21,0,0,0,0,174,43,0,12,0,93,33,0,0,25,4,49,60,0,0,0,0,0,0,0,0,0,0,0,0,0,0,0,0,0,0,0,0,0,0,0,0,0,0,0,0,0,0,0,0,0,0,0,0,0,0,strafe_right
0,0,0,0,0,0,0,0,0,0,0,0,0,0,4,0,0,0,0,0,0,0,0,0,0,0,61,48,0,0,0,0,0,0,0,0,0,0,74,65,6,0,0,0,0,165,32,0,7,0,62,15,0,0,47,13,59,83,0,0,0,0,0,0,0,0,0,0,0,0,0,0,0,0,5,0,0,0,0,0,0,0,0,0,0,0,0,0,0,0,0,0,0,0,0,0,strafe_right
0,0,0,0,0,0,0,0,0,0,0,0,0,0,3,0,0,0,0,0,0,0,0,0,0,0,62,50,0,0,0,0,0,0,0,0,0,0,79,69,6,0,0,0,0,172,33,0,14,0,68,19,0,0,44,12,59,75,0,0,0,0,0,0,0,0,0,0,0,0,0,0,0,0,6,0,0,0,0,0,0,0,0,0,0,0,0,0,0,0,0,0,0,0,0,0,strafe_right
0,0,0,0,0,0,0,0,0,0,0,0,0,0,7,0,0,0,0,0,0,0,0,0,0,0,73,55,0,0,0,0,0,0,0,0,0,0,86,76,14,0,0,0,0,150,16,0,7,0,71,18,0,0,35,6,57,74,0,0,0,0,0,0,0,0,0,0,0,0,0,0,0,0,4,0,0,0,0,0,0,0,0,0,0,0,0,0,0,0,0,0,0,0,0,0,strafe_right
0,0,0,0,0,0,0,0,0,0,0,0,0,0,16,0,0,0,0,0,0,0,0,0,0,0,91,63,0,0,0,0,0,0,0,0,0,0,110,93,24,0,0,0,0,171,14,0,10,0,76,21,0,0,19,0,47,40,0,0,0,0,3,0,0,0,0,0,0,0,0,0,0,0,0,0,0,0,0,0,0,0,0,0,0,0,0,0,0,0,0,0,0,0,0,0,strafe_right
0,0,0,0,0,0,0,0,0,0,0,0,0,0,5,0,0,0,0,0,0,0,0,0,0,0,59,49,0,0,0,0,0,0,0,0,0,0,85,80,23,0,0,0,0,222,50,0,18,0,62,14,0,0,24,0,47,48,0,0,0,0,0,0,0,0,0,0,0,0,0,0,0,0,4,0,0,0,0,0,0,0,0,0,0,0,0,0,0,0,0,0,0,0,0,0,strafe_right
0,0,0,0,0,0,0,0,0,0,0,0,0,0,0,0,0,0,0,0,0,0,0,0,0,0,55,49,0,0,0,0,0,0,0,0,0,0,72,75,23,0,0,0,0,224,66,0,9,0,53,11,0,0,41,13,58,75,0,0,0,0,0,0,0,0,0,0,0,0,0,0,0,0,6,0,0,0,0,0,0,0,0,0,0,0,0,0,0,0,0,0,0,0,0,0,strafe_right
0,0,0,0,0,0,0,0,0,0,0,0,0,0,0,0,0,0,0,0,0,0,0,0,0,0,55,50,0,0,0,0,0,0,0,0,0,0,73,74,22,0,0,0,0,220,67,0,11,0,65,15,0,0,39,9,54,69,0,0,0,0,0,0,0,0,0,0,0,0,0,0,0,0,4,0,0,0,0,0,0,0,0,0,0,0,0,0,0,0,0,0,0,0,0,0,strafe_right
0,0,0,0,0,0,0,0,0,0,0,0,0,0,7,0,0,0,0,0,0,0,0,0,0,0,68,58,0,0,0,0,0,0,0,0,0,0,86,83,26,0,0,0,0,209,57,0,7,0,95,30,0,0,18,0,44,39,0,0,0,0,0,0,0,0,0,0,0,0,0,0,0,0,3,0,0,0,0,0,0,0,0,0,0,0,0,0,0,0,0,0,0,0,0,0,strafe_right
0,0,0,0,0,0,0,0,0,0,0,0,0,0,7,0,0,0,0,0,0,0,0,0,0,0,74,63,0,0,0,0,0,0,0,0,0,0,90,82,24,0,0,0,0,202,57,0,9,0,97,35,0,0,27,0,48,45,0,0,0,0,0,0,0,0,0,0,0,0,0,0,0,0,0,0,0,0,0,0,0,0,0,0,0,0,0,0,0,0,0,0,0,0,0,0,strafe_right
0,0,0,0,0,0,0,0,0,0,0,0,0,0,3,0,0,0,0,0,0,0,0,0,0,0,73,61,0,0,0,0,0,0,0,0,0,0,92,84,23,0,0,0,0,208,55,0,9,0,70,19,0,0,36,8,52,65,0,0,0,0,0,0,0,0,0,0,0,0,0,0,0,0,3,0,0,0,0,0,0,0,0,0,0,0,0,0,0,0,0,0,0,0,0,0,strafe_right
0,0,0,0,0,0,0,0,0,0,0,0,0,0,10,0,0,0,0,0,0,0,0,0,0,0,72,60,0,0,0,0,0,0,0,0,0,0,86,82,18,0,0,0,0,230,55,0,12,0,78,26,0,0,40,11,57,75,0,0,0,0,0,0,0,0,0,0,0,0,0,0,0,0,0,0,0,0,0,0,0,0,0,0,0,0,0,0,0,0,0,0,0,0,0,0,strafe_right
0,0,0,0,0,0,0,0,0,0,0,0,0,0,19,19,0,0,0,0,0,0,0,0,0,0,75,58,0,0,0,0,0,0,0,0,0,0,80,76,16,0,0,0,0,208,51,0,11,0,70,19,0,0,34,5,50,66,0,0,0,0,0,0,0,0,0,0,0,0,0,0,0,0,0,0,0,0,0,0,0,0,0,0,0,0,0,0,0,0,0,0,0,0,0,0,strafe_right
0,0,0,0,0,0,0,0,0,0,0,0,0,0,29,43,0,0,0,0,0,0,0,0,0,0,88,71,0,0,0,0,0,0,0,0,0,0,83,79,33,0,0,0,0,101,12,0,20,0,53,15,0,0,22,0,40,61,0,0,0,0,58,0,0,0,0,0,0,0,0,0,0,0,0,0,0,0,0,0,0,0,0,0,0,0,0,0,0,0,0,0,0,0,0,0,strafe_right
0,0,0,0,0,0,0,0,0,0,0,0,0,0,37,58,0,0,0,0,0,0,0,0,0,0,97,78,0,0,0,0,0,0,0,0,0,0,82,82,31,0,0,0,0,76,0,0,26,0,57,16,0,0,15,0,33,49,0,0,0,0,59,0,0,0,0,0,0,0,0,0,0,0,0,17,0,0,0,0,0,0,0,0,0,0,0,0,0,0,0,0,0,0,0,0,strafe_right
0,0,0,0,0,0,0,0,0,0,0,0,0,0,36,64,0,0,0,0,0,0,0,0,0,0,99,92,0,0,0,0,0,9,0,0,0,0,89,93,52,0,0,0,0,90,11,0,11,0,38,13,0,0,3,0,29,38,0,0,0,0,52,0,0,0,0,0,0,0,0,0,0,0,12,25,0,0,0,0,0,0,0,0,0,0,0,0,0,0,0,0,0,0,0,0,strafe_right
0,0,0,0,0,0,0,0,0,0,0,0,0,0,38,63,0,0,0,0,0,0,0,0,0,0,110,101,0,0,0,0,0,0,0,0,0,0,100,97,50,0,0,0,0,71,0,0,15,0,65,19,0,0,19,0,35,47,0,0,0,0,59,0,0,0,0,0,0,0,0,0,0,0,0,0,0,0,0,0,0,0,0,0,0,0,0,0,0,0,0,0,0,0,0,0,strafe_right
0,0,0,0,0,0,0,0,0,0,0,0,0,0,15,34,0,0,0,0,0,0,0,0,0,0,92,89,0,0,0,0,0,0,0,0,0,0,102,99,44,0,0,0,0,181,50,0,18,0,73,20,0,0,11,0,26,32,0,0,0,0,66,0,0,0,0,0,0,0,0,0,0,0,0,0,0,0,0,0,0,0,0,0,0,0,0,0,0,0,0,0,0,0,0,0,strafe_right
0,0,0,0,0,0,0,0,0,0,0,0,0,0,6,27,0,0,0,0,0,0,0,0,0,0,75,72,0,0,0,0,0,3,0,0,0,0,93,92,44,0,0,0,0,196,67,0,22,0,72,23,0,0,13,0,29,37,0,0,0,0,60,0,0,0,0,0,0,0,0,0,0,0,0,0,0,0,0,0,0,0,0,0,0,0,0,0,0,0,0,0,0,0,0,0,strafe_right
0,0,0,0,0,0,0,0,0,0,0,0,0,0,9,33,0,0,0,0,0,0,0,0,0,0,70,69,0,0,0,0,0,8,0,0,0,0,80,83,50,0,0,0,0,180,59,0,16,0,69,21,0,0,18,0,34,38,0,0,0,0,58,0,0,0,0,0,0,0,0,0,0,0,0,0,0,0,0,0,0,0,0,0,0,0,0,0,0,0,0,0,0,0,0,0,strafe_right
0,0,0,0,0,0,0,0,0,0,0,0,0,0,16,44,0,0,0,0,0,0,0,0,0,0,81,81,0,0,0,0,0,9,0,0,0,0,83,85,52,0,0,0,0,155,39,0,16,0,66,18,0,0,14,0,36,34,0,0,0,0,60,0,0,0,0,0,0,0,0,0,0,0,0,0,0,0,0,0,0,0,0,0,0,0,0,0,0,0,0,0,0,0,0,0,strafe_right
0,0,0,0,0,0,0,0,0,0,0,0,0,0,19,39,0,0,0,0,0,0,0,0,0,0,90,81,0,0,0,0,0,11,0,0,0,0,94,89,46,0,0,0,0,183,48,0,13,0,67,19,0,0,16,0,37,37,0,0,0,0,58,0,0,0,0,0,0,0,0,0,0,0,0,0,0,0,0,0,0,0,0,0,0,0,0,0,0,0,0,0,0,0,0,0,strafe_right
0,0,0,0,0,0,0,0,0,0,0,0,0,0,12,12,0,0,0,0,0,0,0,0,0,0,87,75,0,0,0,0,0,12,0,0,0,0,110,97,32,0,0,0,0,246,64,0,13,0,68,20,0,0,20,0,37,36,0,0,0,0,59,0,0,0,0,0,0,0,0,0,0,0,0,0,0,0,0,0,0,0,0,0,0,0,0,0,0,0,0,0,0,0,0,0,strafe_right
0,0,0,0,0,0,0,0,0,0,0,0,0,0,18,0,0,0,0,0,0,0,0,0,0,0,99,81,0,0,0,0,0,0,0,0,0,0,117,99,27,0,0,0,0,178,33,0,8,0,97,32,0,0,18,0,31,30,0,0,0,0,62,0,0,0,0,0,0,0,0,0,0,0,0,0,0,0,0,0,0,0,0,0,0,0,0,0,0,0,0,0,0,0,0,0,strafe_right
0,0,0,0,0,0,0,0,0,0,0,0,0,0,14,4,0,0,0,0,0,0,0,0,0,0,102,90,0,0,0,0,0,0,0,0,0,0,119,112,39,0,0,0,0,199,57,0,16,0,99,38,0,0,22,0,33,31,0,0,0,0,58,0,0,0,0,0,0,0,0,0,0,0,0,0,0,0,0,0,0,0,0,0,0,0,0,0,0,0,0,0,0,0,0,0,strafe_right
0,0,0,0,0,0,0,0,0,0,0,0,0,0,19,8,0,0,0,0,0,0,0,0,0,0,92,76,0,0,0,0,0,0,0,0,0,0,106,92,38,0,0,0,0,219,64,0,5,0,76,22,0,0,10,0,35,31,0,0,0,0,66,0,0,0,0,0,0,0,0,0,0,0,0,0,0,0,0,0,0,0,0,0,0,0,0,0,0,0,0,0,0,0,0,0,strafe_right
0,0,0,0,0,0,0,0,0,0,0,0,0,0,0,12,0,0,0,0,0,0,0,0,0,0,53,47,0,0,0,0,0,0,0,0,0,0,72,70,38,0,0,0,0,239,93,0,15,0,63,19,0,0,13,0,36,37,0,0,0,0,68,0,0,0,0,0,0,0,0,0,0,0,0,0,0,0,0,0,0,0,0,0,0,0,0,0,0,0,0,0,0,0,0,0,strafe_right
0,0,0,0,0,0,0,0,0,0,0,0,0,0,0,0,0,0,0,0,0,0,0,0,0,0,39,38,0,0,0,0,0,7,0,0,0,0,57,62,35,0,0,0,0,267,113,0,13,0,67,20,0,0,11,0,32,33,0,0,0,0,65,0,0,0,0,0,0,0,0,0,0,0,0,0,0,0,0,0,0,0,0,0,0,0,0,0,0,0,0,0,0,0,0,0,strafe_right
0,0,0,0,0,0,0,0,0,0,0,0,0,0,6,29,0,0,0,0,0,0,0,0,0,0,51,45,0,0,0,0,0,12,0,0,0,0,58,64,31,0,0,0,0,240,91,0,17,0,65,17,0,0,9,0,32,34,0,0,0,0,64,0,0,0,0,0,0,0,0,0,0,0,0,0,0,0,0,0,0,0,0,0,0,0,0,0,0,0,0,0,0,0,0,0,strafe_right
0,0,0,0,0,0,0,0,0,0,0,0,0,0,7,33,0,0,0,0,0,0,0,0,0,0,55,45,0,0,0,0,0,12,0,0,0,0,61,64,33,0,0,0,0,223,81,0,18,0,65,19,0,0,14,0,33,39,0,0,0,0,64,0,0,0,0,0,0,0,0,0,0,0,0,0,0,0,0,0,0,0,0,0,0,0,0,0,0,0,0,0,0,0,0,0,strafe_right
0,0,0,0,0,0,0,0,0,0,0,0,0,0,21,32,0,0,0,0,0,0,0,0,0,0,70,52,0,0,0,0,0,0,0,0,0,0,87,83,42,0,0,0,0,228,77,0,17,0,73,19,0,0,15,0,33,37,0,0,0,0,61,0,0,0,0,0,0,0,0,0,0,0,0,0,0,0,0,0,0,0,0,0,0,0,0,0,0,0,0,0,0,0,0,0,strafe_right
0,0,0,0,0,0,0,0,0,0,0,0,0,0,17,26,0,0,0,0,0,0,0,0,0,0,71,58,0,0,0,0,0,3,0,0,0,0,93,94,48,0,0,0,0,255,111,0,11,0,75,24,0,0,11,0,30,32,0,0,0,0,65,0,0,0,0,0,0,0,0,0,0,0,0,0,0,0,0,0,0,0,0,0,0,0,0,0,0,0,0,0,0,0,0,0,strafe_right
0,0,0,0,0,0,0,0,0,0,0,0,0,0,0,33,0,0,0,0,0,0,0,0,0,0,50,48,0,0,0,0,0,17,0,0,0,0,63,77,33,0,0,0,0,283,141,0,12,0,62,13,0,0,14,0,32,37,0,0,0,0,49,0,0,0,0,0,0,0,0,0,0,0,0,0,0,0,0,0,0,0,0,0,0,0,0,0,0,0,0,0,0,0,0,0,strafe_right
0,0,0,0,0,0,0,0,0,0,0,0,0,0,16,46,0,0,0,0,0,0,0,0,0,0,56,52,0,0,0,0,0,29,6,0,0,0,57,72,17,0,0,0,0,248,96,0,10,0,68,21,0,0,17,0,36,40,0,0,0,0,65,0,0,0,0,0,0,0,0,0,0,0,0,0,0,0,0,0,0,0,0,0,0,0,0,0,0,0,0,0,0,0,0,0,strafe_right
0,0,0,0,0,0,0,0,0,0,0,0,0,0,18,0,0,0,0,0,0,0,0,0,0,0,89,60,0,0,0,0,0,0,0,0,0,0,118,93,0,0,0,0,0,318,85,0,0,0,89,24,0,0,0,0,31,0,0,0,0,0,35,0,0,0,0,0,0,0,0,0,0,0,0,0,0,0,0,0,0,0,0,0,0,0,0,0,0,0,0,0,0,0,0,0,strafe_right
0,0,0,0,0,0,0,0,0,0,0,0,0,0,19,0,0,0,0,0,0,0,0,0,0,0,99,78,0,0,0,0,0,0,0,0,0,0,113,100,17,0,0,0,0,246,72,0,0,0,102,32,0,0,0,0,33,4,0,0,0,0,47,0,0,0,0,0,0,0,0,0,0,0,0,0,0,0,0,0,0,0,0,0,0,0,0,0,0,0,0,0,0,0,0,0,strafe_right
57,27,0,0,0,0,19,38,0,0,0,0,43,20,50,0,0,0,0,3,0,0,0,0,0,0,0,0,0,0,0,0,0,0,0,0,0,0,0,0,0,0,0,0,0,0,0,0,0,0,0,0,0,0,0,0,0,0,0,0,0,0,29,0,0,0,0,0,9,0,0,0,0,249,119,20,0,0,0,0,46,0,0,0,0,0,0,0,0,0,0,4,62,0,0,0,strafe_left
58,28,0,0,0,0,26,45,0,0,0,0,40,19,45,0,0,0,0,0,0,0,0,0,0,0,0,0,0,0,0,0,0,0,0,0,0,0,0,0,0,0,0,0,0,0,0,0,0,0,0,0,0,0,0,0,0,0,0,0,0,0,29,0,0,0,0,0,8,0,0,0,0,258,120,20,0,0,0,0,45,0,0,0,0,0,0,0,0,0,0,8,70,0,0,0,strafe_left
56,28,0,0,0,0,31,50,0,0,0,0,38,20,47,0,0,0,0,5,0,0,0,0,0,0,0,0,0,0,0,0,0,0,0,0,0,0,0,0,0,0,0,0,0,0,0,0,0,0,0,0,0,0,0,0,0,0,0,0,0,0,31,0,0,0,0,0,9,0,0,0,0,256,121,20,0,0,0,0,45,0,0,0,0,0,0,0,0,0,0,7,70,0,0,0,strafe_left
51,12,0,0,0,0,58,80,0,0,0,0,9,3,36,0,0,0,0,16,0,0,0,0,0,0,0,0,0,0,0,0,0,0,0,0,0,0,0,0,0,0,0,0,0,0,0,0,0,0,0,0,0,0,0,0,0,0,0,0,0,0,24,0,0,0,0,0,9,0,0,0,0,246,117,19,0,0,0,0,45,0,0,0,0,0,0,0,0,0,0,8,67,0,0,0,strafe_left
51,9,0,0,0,0,59,84,0,0,0,0,4,3,35,0,0,0,0,16,0,0,0,0,0,0,0,0,0,0,0,0,0,0,0,0,0,0,0,0,0,0,0,0,0,0,0,0,0,0,0,0,0,0,0,0,0,0,0,0,0,0,28,0,0,0,0,0,6,0,0,0,0,245,116,17,0,0,0,0,44,0,0,0,0,0,0,0,0,0,0,7,65,0,0,0,strafe_left
58,11,3,0,0,0,58,79,0,0,0,0,9,4,34,0,0,0,0,15,0,0,0,0,0,0,0,0,0,0,0,0,0,0,0,0,0,0,0,0,0,0,0,0,0,0,0,0,0,0,0,0,0,0,0,0,0,0,0,0,0,0,30,0,0,0,0,0,9,0,0,0,0,250,117,21,0,0,0,0,44,0,0,0,0,0,0,0,0,0,0,3,66,0,0,0,strafe_left
61,13,3,0,0,0,56,76,0,0,0,0,14,0,38,0,0,0,0,12,0,0,0,0,0,0,0,0,0,0,0,0,0,0,0,0,0,0,0,0,0,0,0,0,0,0,0,0,0,0,0,0,0,0,0,0,0,0,0,0,0,0,32,0,0,0,0,0,6,0,0,0,0,251,117,19,0,0,0,0,42,0,0,0,0,0,0,0,0,0,0,7,69,0,0,0,strafe_left
65,20,5,0,0,0,56,75,0,0,0,0,13,10,41,0,0,0,0,11,0,0,0,0,0,0,0,0,0,0,0,0,0,0,0,0,0,0,0,0,0,0,0,0,0,0,0,0,0,0,0,0,0,0,0,0,0,0,0,0,0,0,31,0,0,0,0,0,9,0,0,0,0,251,117,17,0,0,0,0,43,0,0,0,0,0,0,0,0,0,0,6,68,0,0,0,strafe_left
67,27,6,0,0,0,45,61,0,0,0,0,28,12,42,0,0,0,0,5,0,0,0,0,0,0,0,0,0,0,0,0,0,0,0,0,0,0,0,0,0,0,0,0,0,0,0,0,0,0,0,0,0,0,0,0,0,0,0,0,0,0,29,0,0,0,0,0,10,0,0,0,0,255,119,19,0,0,0,0,43,0,0,0,0,0,0,0,0,0,0,4,68,0,0,0,strafe_left
69,29,0,0,0,0,28,46,0,0,0,0,40,18,46,0,0,0,0,3,0,0,0,0,0,0,0,0,0,0,0,0,0,0,0,0,0,0,0,0,0,0,0,0,0,0,0,0,0,0,0,0,0,0,0,0,0,0,0,0,0,0,28,0,0,0,0,0,9,0,0,0,0,261,123,22,0,0,0,0,48,0,0,0,0,0,0,0,0,0,0,4,70,0,0,0,strafe_left
64,28,0,0,0,0,26,44,0,0,0,0,42,19,45,0,0,0,0,0,0,0,0,0,0,0,0,0,0,0,0,0,0,0,0,0,0,0,0,0,0,0,0,0,0,0,0,0,0,0,0,0,0,0,0,0,0,0,0,0,0,0,29,0,0,0,0,0,9,0,0,0,0,264,123,23,0,0,0,0,46,0,0,0,0,0,0,0,0,0,0,10,69,0,0,0,strafe_left
63,28,0,0,0,0,26,45,0,0,0,0,42,20,44,0,0,0,0,0,0,0,0,0,0,0,0,0,0,0,0,0,0,0,0,0,0,0,0,0,0,0,0,0,0,0,0,0,0,0,0,0,0,0,0,0,0,0,0,0,0,0,31,0,0,0,0,0,11,0,0,0,0,263,125,24,0,0,0,0,46,0,0,0,0,0,0,0,0,0,0,5,66,0,0,0,strafe_left
0,0,0,0,0,0,0,0,0,0,0,0,0,0,0,0,0,0,0,0,0,0,0,0,9,20,19,0,0,0,0,0,0,0,0,0,58,53,42,0,0,0,0,0,10,0,0,0,0,13,59,16,0,0,0,0,12,0,0,0,0,0,31,4,0,0,0,0,7,0,0,0,0,0,0,0,0,0,0,0,0,0,0,0,0,0,0,0,0,0,0,0,0,0,0,0,strafe_right
0,0,0,0,0,0,0,0,0,0,0,0,0,0,0,0,0,0,0,0,0,0,0,0,0,15,17,0,0,0,0,0,0,0,0,0,36,42,38,0,0,0,0,0,7,0,0,0,0,0,49,13,0,0,0,0,15,12,0,0,0,0,24,0,0,0,0,0,6,0,0,0,0,0,0,0,0,0,0,0,0,0,0,0,0,0,0,0,0,0,0,0,0,0,0,0,strafe_right
0,0,0,0,0,0,0,0,0,0,0,0,0,0,0,0,0,0,0,0,0,0,0,0,0,13,15,0,0,0,0,0,0,0,0,0,20,36,34,0,0,0,0,0,9,0,0,0,0,0,38,5,0,0,0,0,12,18,0,0,0,0,18,0,0,0,0,0,0,12,0,0,0,0,0,0,0,0,0,0,0,28,0,0,0,0,0,0,0,0,0,0,0,0,0,0,strafe_right
0,0,0,0,0,0,0,0,0,0,0,0,0,0,0,0,0,0,0,0,0,0,0,0,0,12,12,0,0,0,0,0,0,0,0,0,27,33,29,0,0,0,0,0,13,0,0,0,0,0,35,4,0,0,0,0,9,22,0,0,0,0,15,3,0,0,0,0,5,18,0,0,0,0,0,0,0,0,0,0,0,31,0,0,0,0,0,0,0,0,0,0,0,0,0,0,strafe_right
0,0,0,0,0,0,0,0,0,0,0,0,0,0,0,0,0,0,0,0,3,0,0,0,0,11,13,0,0,0,0,0,0,0,0,0,30,33,31,0,0,0,0,0,13,0,0,0,0,0,38,6,0,0,0,0,15,26,0,0,0,0,16,0,0,0,0,0,0,15,0,0,0,0,0,0,0,0,0,0,0,27,0,0,0,0,0,0,0,0,0,0,0,0,0,0,strafe_right
0,0,0,0,0,0,0,0,0,0,0,0,0,0,0,0,0,0,0,0,5,0,0,0,0,11,13,0,0,0,0,0,0,0,0,0,33,33,29,0,0,0,0,0,12,0,0,0,0,0,34,0,0,0,0,0,14,25,0,0,0,0,17,3,0,0,0,0,5,18,0,0,0,0,0,0,0,0,0,0,0,32,0,0,0,0,0,0,0,0,0,0,0,0,0,0,strafe_right
0,0,0,0,0,0,0,0,0,0,0,0,0,0,0,0,0,0,0,0,8,0,0,0,0,13,15,0,0,0,0,0,0,0,0,0,39,42,33,0,0,0,0,0,8,0,0,0,0,0,37,6,0,0,0,0,13,23,0,0,0,0,20,4,0,0,0,0,4,14,0,0,0,0,0,0,0,0,0,0,0,20,0,0,0,0,0,0,0,0,0,0,0,0,0,0,strafe_right
0,0,0,0,0,0,0,0,0,0,0,0,0,0,0,0,0,0,0,0,8,0,0,0,0,0,7,0,0,0,0,0,0,0,0,0,24,20,23,0,0,0,0,0,21,0,0,0,0,0,41,11,0,0,0,0,20,31,0,0,0,0,16,3,0,0,0,0,4,13,0,0,0,0,0,0,0,0,0,0,0,14,0,0,0,0,0,0,0,0,0,0,0,0,0,0,strafe_right
0,0,0,0,0,0,0,0,0,0,0,0,0,0,0,0,0,0,0,0,5,0,0,0,0,0,4,0,0,0,0,0,8,0,0,0,19,12,18,0,0,0,0,0,27,0,0,0,0,0,36,4,0,0,0,0,16,28,0,0,0,0,15,3,0,0,0,0,7,16,0,0,0,0,0,0,0,0,0,0,0,18,0,0,0,0,0,0,0,0,0,0,0,0,0,0,strafe_right
0,0,0,0,0,0,0,0,0,0,0,0,0,0,0,0,0,0,0,0,7,0,0,0,0,0,3,0,0,0,0,0,11,0,0,0,17,15,17,0,0,0,0,0,26,0,0,0,0,0,38,5,0,0,0,0,18,30,0,0,0,0,18,7,0,0,0,0,9,17,0,0,0,0,0,0,0,0,0,0,0,10,0,0,0,0,0,0,0,0,0,0,0,0,0,0,strafe_right
0,0,0,0,0,0,0,0,0,0,0,0,0,0,0,0,0,0,0,0,9,0,0,0,0,0,4,0,0,0,0,0,13,0,0,0,13,16,18,0,0,0,0,0,26,0,0,0,0,0,39,6,0,0,0,0,18,30,0,0,0,0,16,3,0,0,0,0,9,17,0,0,0,0,0,0,0,0,0,0,0,13,0,0,0,0,0,0,0,0,0,0,0,0,0,0,strafe_right
0,0,0,0,0,0,0,0,0,0,0,0,0,0,0,0,0,0,0,0,6,0,0,0,0,0,4,0,0,0,0,0,13,0,0,0,17,17,19,0,0,0,0,0,26,0,0,0,4,0,42,10,0,0,0,0,18,28,0,0,0,0,15,0,0,0,0,0,7,15,0,0,0,0,0,0,0,0,0,0,0,11,0,0,0,0,0,0,0,0,0,0,0,0,0,0,strafe_right
0,0,0,0,0,0,0,0,0,0,0,0,0,0,0,0,0,0,0,0,8,0,0,0,0,0,6,0,0,0,0,0,12,0,0,0,21,19,20,0,0,0,0,0,23,0,0,0,0,0,40,9,0,0,0,0,16,21,0,0,0,0,19,3,0,0,0,0,7,15,0,0,0,0,0,0,0,0,0,0,0,17,0,0,0,0,0,0,0,0,0,0,0,0,0,0,strafe_right
0,0,0,0,0,0,0,0,0,0,0,0,0,0,0,0,0,0,0,0,0,0,0,0,0,13,13,0,0,0,0,0,0,0,0,0,80,63,43,0,0,0,0,0,23,0,0,0,0,0,46,12,0,0,0,0,41,28,0,0,0,0,17,0,0,0,0,0,18,0,0,0,0,0,0,0,0,0,0,0,0,0,0,0,0,0,0,0,0,0,0,0,0,0,0,0,strafe_right
0,0,0,0,0,0,0,29,0,0,0,0,0,18,12,0,0,0,0,0,19,0,0,0,0,15,42,0,0,0,0,0,0,0,0,0,3,25,31,0,0,0,0,0,0,0,0,0,0,0,54,19,0,0,0,0,0,0,0,0,0,0,62,30,0,0,0,0,20,14,0,0,0,0,59,3,0,0,0,0,0,25,0,0,0,0,0,0,0,0,0,0,0,0,0,0,none
0,0,0,0,0,0,0,26,0,0,0,0,0,17,12,0,0,0,0,0,21,0,0,0,0,17,44,0,0,0,0,0,0,0,0,0,3,25,32,0,0,0,0,0,0,0,0,0,0,0,54,24,0,0,0,0,0,0,0,0,0,0,64,33,0,0,0,0,22,16,0,0,0,0,57,0,0,0,0,0,0,24,0,0,0,0,0,0,0,0,0,0,0,4,0,0,none
0,0,0,0,0,0,0,30,0,0,0,0,0,17,13,0,0,0,0,0,19,0,0,0,0,14,42,0,0,0,0,0,0,0,0,0,4,25,33,0,0,0,0,0,0,0,0,0,0,0,55,24,0,0,0,0,0,0,0,0,0,0,65,33,0,0,0,0,22,16,0,0,0,0,56,4,0,0,0,0,0,24,0,0,0,0,0,0,0,0,0,0,0,3,0,0,none
0,0,0,0,0,0,0,0,0,0,0,0,0,3,0,0,0,0,0,0,0,0,0,0,313,67,0,0,0,0,0,0,0,0,0,0,296,88,0,0,0,0,0,0,0,0,0,0,0,480,185,0,0,0,0,0,0,0,0,0,0,15,89,0,0,0,0,0,0,0,0,0,0,0,35,0,0,0,0,0,0,0,0,0,0,0,0,0,0,0,0,0,0,0,0,0,forward
0,0,0,0,0,0,0,0,0,0,0,0,0,0,0,0,0,0,0,0,0,0,0,0,308,58,0,0,0,0,0,0,0,0,0,0,432,105,0,0,0,0,0,0,0,0,0,0,0,466,204,11,0,0,0,0,0,0,0,0,0,0,78,0,0,0,0,0,0,0,0,0,0,0,21,0,0,0,0,0,0,0,0,0,0,0,0,0,0,0,0,0,0,0,0,0,forward
0,0,0,0,0,0,0,0,0,0,0,0,0,0,0,0,0,0,0,0,0,0,0,0,267,38,0,0,0,0,0,0,0,0,0,0,489,92,0,0,0,0,0,0,0,0,0,0,0,497,210,11,0,0,0,0,0,0,0,0,0,0,75,0,0,0,0,0,0,0,0,0,0,0,15,0,0,0,0,0,0,0,0,0,0,0,0,0,0,0,0,0,0,0,0,0,forward
0,0,0,0,0,0,0,0,0,0,0,0,0,0,0,0,0,0,0,0,0,0,0,0,318,41,0,0,0,0,0,0,0,0,0,0,532,90,0,0,0,0,0,0,0,0,0,0,0,521,209,9,0,0,0,0,0,0,0,0,0,0,82,0,0,0,0,0,0,0,0,0,0,0,17,0,0,0,0,0,0,0,0,0,0,0,0,0,0,0,0,0,0,0,0,0,forward
0,0,0,0,0,0,0,0,0,0,0,0,0,0,0,0,0,0,0,0,0,0,0,0,328,46,0,0,0,0,0,0,0,0,0,0,644,92,0,0,0,0,0,0,0,0,0,0,0,517,235,32,0,0,0,0,0,0,0,0,0,0,88,0,0,0,0,0,0,0,0,0,0,0,14,0,0,0,0,0,0,0,0,0,0,0,0,0,0,0,0,0,0,0,0,0,forward
0,0,0,0,0,0,0,0,0,0,0,0,0,0,0,0,0,0,0,0,0,0,0,0,372,48,0,0,0,0,0,0,0,0,0,0,606,78,0,0,0,0,0,0,0,0,0,0,0,569,214,5,0,0,0,0,0,0,0,0,0,0,71,0,0,0,0,0,0,0,0,0,0,0,3,0,0,0,0,0,0,0,0,0,0,0,0,0,0,0,0,0,0,0,0,0,forward
0,0,0,0,0,0,0,0,0,0,0,0,0,0,0,0,0,0,0,0,0,0,0,0,403,36,0,0,0,0,0,0,0,0,0,0,585,52,0,0,0,0,0,0,0,0,0,0,0,648,200,0,0,0,0,0,0,0,0,0,0,0,49,0,0,0,0,0,0,0,0,0,0,0,0,0,0,0,0,0,0,0,0,0,0,0,0,0,0,0,0,0,0,0,0,0,forward
0,0,0,0,0,0,0,0,0,0,0,0,0,0,0,0,0,0,0,0,0,0,0,0,440,5,0,0,0,0,0,0,0,0,0,0,221,0,0,0,0,0,0,0,0,0,0,0,0,604,98,0,0,0,0,0,0,0,0,0,0,56,0,0,0,0,0,0,0,0,0,0,0,0,0,0,0,0,0,0,0,0,0,0,0,0,0,0,0,0,0,0,0,0,0,0,forward
0,0,0,0,0,0,0,0,0,0,0,0,0,0,0,0,0,0,0,0,0,0,0,0,419,9,0,0,0,0,0,0,0,0,0,0,140,0,0,0,0,0,0,0,0,0,0,0,0,566,75,0,0,0,0,0,0,0,0,0,0,68,0,0,0,0,0,0,0,0,0,0,0,0,0,0,0,0,0,0,0,0,0,0,0,0,0,0,0,0,0,0,0,0,0,0,forward
0,0,0,0,0,0,0,0,0,0,0,0,0,0,0,0,0,0,0,0,0,0,0,0,384,12,0,0,0,0,0,0,0,0,0,0,94,0,0,0,0,0,0,0,0,0,0,0,0,586,81,0,0,0,0,0,0,0,0,0,0,84,0,0,0,0,0,0,0,0,0,0,0,0,0,0,0,0,0,0,0,0,0,0,0,0,0,0,0,0,0,0,0,0,0,0,forward
0,0,0,0,0,0,0,0,0,0,0,0,0,0,0,0,0,0,0,0,0,0,0,0,363,14,0,0,0,0,0,0,0,0,0,0,31,0,0,0,0,0,0,0,0,0,0,0,0,586,76,0,0,0,0,0,0,0,0,0,0,103,3,0,0,0,0,0,0,0,0,0,0,0,0,0,0,0,0,0,0,0,0,0,0,0,0,0,0,0,0,0,0,0,0,0,forward
0,0,0,0,0,0,0,0,0,0,0,0,0,9,0,0,0,0,0,0,0,0,0,0,319,13,0,0,0,0,0,0,0,0,0,0,0,0,0,0,0,0,0,0,0,0,0,0,0,477,54,0,0,0,0,0,0,0,0,0,0,130,15,0,0,0,0,0,0,0,0,0,0,0,0,0,0,0,0,0,0,0,0,0,0,0,0,0,0,0,0,0,0,0,0,0,forward
0,0,0,0,0,0,0,0,0,0,0,0,0,40,0,0,0,0,0,0,0,0,0,0,210,7,0,0,0,0,0,0,0,0,0,0,0,0,0,0,0,0,0,0,0,0,0,0,0,377,30,0,0,0,0,0,0,0,0,0,0,142,25,0,0,0,0,0,0,0,0,0,0,0,0,0,0,0,0,0,0,0,0,0,0,0,0,0,0,0,0,0,0,0,0,0,forward
0,37,0,0,0,0,0,0,0,0,0,0,0,60,0,0,0,0,0,0,0,0,0,0,0,0,0,0,0,0,0,0,0,0,0,0,0,0,0,0,0,0,0,0,0,0,0,0,0,331,18,0,0,0,0,0,0,0,0,0,0,119,21,0,0,0,0,0,0,0,0,0,0,7,0,0,0,0,0,0,0,0,0,0,0,0,0,0,0,0,0,0,0,0,0,0,forward
39,52,0,0,0,0,0,0,0,0,0,0,0,58,0,0,0,0,0,0,0,0,0,0,0,0,0,0,0,0,0,0,0,0,0,0,0,0,0,0,0,0,0,0,0,0,0,0,0,283,12,0,0,0,0,0,0,0,0,0,0,112,24,0,0,0,0,0,0,0,0,0,0,21,0,0,0,0,0,0,0,0,0,0,0,0,0,0,0,0,0,0,0,0,0,0,forward
33,13,0,0,0,0,0,0,0,0,0,0,0,44,0,0,0,0,0,0,0,0,0,0,0,0,0,0,0,0,0,0,0,0,0,0,0,0,0,0,0,0,0,0,0,0,0,0,0,238,0,0,0,0,0,0,0,0,0,0,0,134,28,0,0,0,0,0,0,0,0,0,0,38,4,0,0,0,0,0,0,0,0,0,0,0,0,0,0,0,0,0,0,0,0,0,forward
0,53,0,0,0,0,0,0,0,0,0,0,12,85,0,0,0,0,0,0,0,0,0,0,3,0,0,0,0,0,0,0,0,0,0,0,0,0,0,0,0,0,0,0,0,0,0,0,0,163,0,0,0,0,0,0,0,0,0,0,0,139,0,0,0,0,0,0,0,0,0,0,0,92,0,0,0,0,0,0,0,0,0,0,0,0,0,0,0,0,0,0,0,0,0,0,forward
0,106,0,0,0,0,0,0,0,0,0,0,26,104,0,0,0,0,0,0,0,0,0,0,0,0,0,0,0,0,0,0,0,0,0,0,0,0,0,0,0,0,0,0,0,0,0,0,0,139,0,0,0,0,0,0,0,0,0,0,0,133,0,0,0,0,0,0,0,0,0,0,0,91,0,0,0,0,0,0,0,0,0,0,0,0,0,0,0,0,0,0,0,0,0,0,forward
0,0,0,0,0,0,0,0,0,0,0,0,0,18,0,0,0,0,0,0,0,0,0,0,413,23,0,0,0,0,0,0,0,0,0,0,14,0,0,0,0,0,0,0,0,0,0,0,0,240,0,0,0,0,0,0,0,0,0,0,0,126,3,0,0,0,0,0,0,0,0,0,0,17,0,0,0,0,0,0,0,0,0,0,0,0,0,0,0,0,0,0,0,0,0,0,forward
0,0,0,0,0,0,0,0,0,0,0,0,0,0,0,0,0,0,0,0,0,0,0,0,598,24,0,0,0,0,0,0,0,0,0,0,99,0,0,0,0,0,0,0,0,0,0,0,0,390,27,0,0,0,0,0,0,0,0,0,0,103,11,0,0,0,0,0,0,0,0,0,0,0,0,0,0,0,0,0,0,0,0,0,0,0,0,0,0,0,0,0,0,0,0,0,forward
0,0,0,0,0,0,0,0,0,0,0,0,0,0,0,0,0,0,0,0,0,0,0,0,606,11,0,0,0,0,0,0,0,0,0,0,189,0,0,0,0,0,0,0,0,0,0,0,0,551,85,0,0,0,0,0,0,0,0,0,0,46,0,0,0,0,0,0,0,0,0,0,0,0,0,0,0,0,0,0,0,0,0,0,0,0,0,0,0,0,0,0,0,0,0,0,forward
0,0,0,0,0,0,0,0,0,0,0,0,0,0,0,0,0,0,0,0,0,0,0,0,520,0,0,0,0,0,0,0,0,0,0,0,203,0,0,0,0,0,0,0,0,0,0,0,0,600,143,0,0,0,0,0,0,0,0,0,0,28,22,0,0,0,0,0,0,0,0,0,0,0,0,0,0,0,0,0,0,0,0,0,0,0,0,0,0,0,0,0,0,0,0,0,forward
0,0,0,0,0,0,0,0,0,0,0,0,0,0,0,0,0,0,0,0,0,0,0,0,393,3,0,0,0,0,0,0,0,0,0,0,305,0,0,0,0,0,0,0,0,0,0,0,0,593,158,0,0,0,0,0,0,0,0,0,0,0,5,0,0,0,0,0,0,0,0,0,0,0,0,0,0,0,0,0,0,0,0,0,0,0,0,0,0,0,0,0,0,0,0,0,forward
0,0,0,0,0,0,0,0,0,0,0,0,0,0,0,0,0,0,0,0,0,0,0,0,69,14,0,0,0,0,0,0,0,0,0,0,217,35,0,0,0,0,0,0,0,0,0,0,0,463,182,0,0,0,0,0,0,0,0,0,0,0,0,0,0,0,0,0,0,0,0,0,0,0,0,0,0,0,0,0,0,0,0,0,0,0,0,0,0,0,0,0,0,0,0,0,forward
0,0,0,0,0,0,0,0,0,0,0,0,0,0,0,0,0,0,0,0,0,0,0,0,0,0,0,0,0,0,0,0,0,0,0,0,95,34,0,0,0,0,0,0,0,0,0,0,0,308,148,0,0,0,0,0,0,0,0,0,0,0,0,0,0,0,0,0,0,0,0,0,0,0,0,0,0,0,0,0,0,0,0,0,0,0,0,0,0,0,0,0,0,0,0,0,forward
0,0,0,0,0,0,0,0,0,0,0,0,0,0,0,0,0,0,0,0,0,0,0,0,0,0,0,0,0,0,0,0,0,0,0,0,83,30,12,0,0,0,0,0,0,0,0,0,0,274,150,0,0,0,0,0,0,0,0,0,0,0,4,0,0,0,0,0,0,0,0,0,0,0,0,0,0,0,0,0,0,0,0,0,0,0,0,0,0,0,0,0,0,0,0,0,forward
0,0,0,0,0,0,0,0,0,0,0,0,0,0,0,0,0,0,0,0,0,0,0,0,0,5,0,0,0,0,0,0,0,0,0,0,95,43,27,0,0,0,0,0,0,0,0,0,0,194,143,16,0,0,0,0,0,0,0,0,0,0,0,0,0,0,0,0,0,0,0,0,0,0,0,0,0,0,0,0,0,0,0,0,0,0,0,0,0,0,0,0,0,0,0,0,forward
0,0,0,0,0,0,0,0,0,0,0,0,0,0,0,0,0,0,0,0,0,0,0,0,7,7,0,0,0,0,0,0,0,0,0,0,146,48,7,0,0,0,0,0,0,0,0,0,0,176,137,20,0,0,0,0,0,0,0,0,0,0,0,0,0,0,0,0,0,0,0,0,0,0,0,0,0,0,0,0,0,0,0,0,0,0,0,0,0,0,0,0,0,0,0,0,forward
0,0,0,0,0,0,0,0,0,0,0,0,0,0,0,0,0,0,0,0,0,0,0,0,0,3,0,0,0,0,0,0,0,0,0,0,86,58,26,0,0,0,0,0,0,0,0,0,0,113,126,28,0,0,0,0,0,0,0,0,0,0,0,0,0,0,0,0,0,0,0,0,0,0,0,0,0,0,0,0,0,0,0,0,0,0,0,0,0,0,0,0,0,0,0,0,forward
0,0,0,0,0,0,0,0,0,0,0,0,0,0,0,0,0,0,0,0,0,0,0,0,24,9,0,0,0,0,0,0,0,0,0,0,180,49,0,0,0,0,0,0,0,0,0,0,0,250,147,0,0,0,0,0,0,0,0,0,0,0,0,0,0,0,0,0,0,0,0,0,0,0,0,0,0,0,0,0,0,0,0,0,0,0,0,0,0,0,0,0,0,0,0,0,forward
0,0,0,0,0,0,0,0,0,0,0,0,0,0,0,0,0,0,0,0,0,0,0,0,0,8,0,0,0,0,0,0,0,0,0,0,137,37,0,0,0,0,0,0,0,0,0,0,0,290,161,0,0,0,0,0,0,0,0,0,0,0,0,0,0,0,0,0,0,0,0,0,0,0,0,0,0,0,0,0,0,0,0,0,0,0,0,0,0,0,0,0,0,0,0,0,forward
0,0,0,0,0,0,0,0,0,0,0,0,0,18,0,0,0,0,0,0,0,0,0,0,204,40,0,0,0,0,0,0,0,0,0,0,17,0,0,0,0,0,0,0,0,0,0,0,0,443,194,8,0,0,0,0,0,0,0,0,0,0,58,0,0,0,0,0,0,0,0,0,0,0,0,0,0,0,0,0,0,0,0,0,0,0,0,0,0,0,0,0,0,0,0,0,forward
0,0,0,0,0,0,0,0,0,0,0,0,0,43,0,0,0,0,0,0,0,0,0,0,8,25,0,0,0,0,0,0,0,0,0,0,0,0,0,0,0,0,0,0,0,0,0,0,0,310,160,17,0,0,0,0,0,0,0,0,0,0,90,0,0,0,0,0,0,0,0,0,0,0,38,0,0,0,0,0,0,0,0,0,0,0,0,0,0,0,0,0,0,0,0,0,forward
0,0,0,0,0,0,0,0,0,0,0,0,0,25,0,0,0,0,0,0,0,0,0,0,0,14,0,0,0,0,0,0,0,0,0,0,0,0,0,0,0,0,0,0,0,0,0,0,0,319,137,0,0,0,0,0,0,0,0,0,0,0,82,0,0,0,0,0,0,0,0,0,0,0,29,0,0,0,0,0,0,0,0,0,0,0,0,0,0,0,0,0,0,0,0,0,forward
0,39,0,0,0,0,0,0,0,0,0,0,0,77,13,0,0,0,0,0,0,0,0,0,13,46,0,0,0,0,0,0,0,0,0,0,0,0,0,0,0,0,0,0,0,0,0,0,0,195,76,0,0,0,0,0,0,0,0,0,0,51,100,0,0,0,0,0,0,0,0,0,0,0,82,0,0,0,0,0,0,0,0,0,0,0,17,0,0,0,0,0,0,0,0,0,forward
0,0,0,0,0,0,0,0,0,0,0,0,57,105,0,0,0,0,0,0,0,0,0,0,149,77,0,0,0,0,0,0,0,0,0,0,0,0,0,0,0,0,0,0,0,0,0,0,0,279,125,0,0,0,0,0,0,0,0,0,0,51,112,0,0,0,0,0,0,0,0,0,0,0,79,0,0,0,0,0,0,0,0,0,0,0,0,0,0,0,0,0,0,0,0,0,forward
0,0,0,0,0,0,0,0,0,0,0,0,80,33,0,0,0,0,0,0,0,0,0,0,363,55,0,0,0,0,0,0,0,0,0,0,7,0,0,0,0,0,0,0,0,0,0,0,0,556,151,0,0,0,0,0,0,0,0,0,0,100,87,0,0,0,0,0,0,0,0,0,0,0,34,0,0,0,0,0,0,0,0,0,0,0,0,0,0,0,0,0,0,0,0,0,forward
0,0,0,0,0,0,0,0,0,0,0,0,77,4,0,0,0,0,0,0,0,0,0,0,483,33,0,0,0,0,0,0,0,0,0,0,22,0,0,0,0,0,0,0,0,0,0,0,0,592,171,0,0,0,0,0,0,0,0,0,0,56,78,0,0,0,0,0,0,0,0,0,0,0,19,0,0,0,0,0,0,0,0,0,0,0,0,0,0,0,0,0,0,0,0,0,forward
0,0,0,0,0,0,0,0,0,0,0,0,103,0,0,0,0,0,0,0,0,0,0,0,568,9,0,0,0,0,0,0,0,0,0,0,0,0,0,0,0,0,0,0,0,0,0,0,0,555,144,0,0,0,0,0,0,0,0,0,0,82,48,0,0,0,0,0,0,0,0,0,0,0,0,0,0,0,0,0,0,0,0,0,0,0,0,0,0,0,0,0,0,0,0,0,forward
0,0,0,0,0,0,0,0,0,0,0,0,120,30,0,0,0,0,0,0,0,0,0,0,413,11,0,0,0,0,0,0,0,0,0,0,0,0,0,0,0,0,0,0,0,0,0,0,0,490,135,0,0,0,0,0,0,0,0,0,0,109,63,0,0,0,0,0,0,0,0,0,0,0,0,0,0,0,0,0,0,0,0,0,0,0,0,0,0,0,0,0,0,0,0,0,forward
0,0,0,0,0,0,0,0,0,0,0,0,131,68,0,0,0,0,0,0,0,0,0,0,283,13,0,0,0,0,0,0,0,0,0,0,0,0,0,0,0,0,0,0,0,0,0,0,0,368,65,0,0,0,0,0,0,0,0,0,0,193,69,0,0,0,0,0,0,0,0,0,0,14,9,0,0,0,0,0,0,0,0,0,0,0,0,0,0,0,0,0,0,0,0,0,forward
0,0,0,0,0,0,0,0,0,0,0,0,195,48,0,0,0,0,0,0,0,0,0,0,235,0,0,0,0,0,0,0,0,0,0,0,0,0,0,0,0,0,0,0,0,0,0,0,0,288,32,0,0,0,0,0,0,0,0,0,0,211,35,0,0,0,0,0,0,0,0,0,0,0,0,0,0,0,0,0,0,0,0,0,0,0,0,0,0,0,0,0,0,0,0,0,forward
0,0,0,0,0,0,0,0,0,0,0,0,186,25,0,0,0,0,0,0,0,0,0,0,242,0,0,0,0,0,0,0,0,0,0,0,0,0,0,0,0,0,0,0,0,0,0,0,5,393,39,0,0,0,0,0,0,0,0,0,0,163,12,0,0,0,0,0,0,0,0,0,0,0,0,0,0,0,0,0,0,0,0,0,0,0,0,0,0,0,0,0,0,0,0,0,forward
0,0,0,0,0,0,0,0,0,0,0,0,152,12,0,0,0,0,0,0,0,0,0,0,224,0,0,0,0,0,0,0,0,0,0,0,0,0,0,0,0,0,0,0,0,0,0,0,25,413,55,0,0,0,0,0,0,0,0,0,0,98,0,0,0,0,0,0,0,0,0,0,0,0,0,0,0,0,0,0,0,0,0,0,0,0,0,0,0,0,0,0,0,0,0,0,forward
0,0,0,0,0,0,0,0,0,0,0,0,14,52,0,0,0,0,0,0,0,0,0,0,140,9,0,0,0,0,0,0,0,0,0,0,0,0,0,0,0,0,0,0,0,0,0,0,0,424,150,0,0,0,0,0,0,0,0,0,0,24,26,0,0,0,0,0,0,0,0,0,0,0,0,0,0,0,0,0,0,0,0,0,0,0,0,0,0,0,0,0,0,0,0,0,forward
0,0,0,0,0,0,0,0,0,0,0,0,0,19,0,0,0,0,0,0,0,0,0,0,250,80,0,0,0,0,0,0,0,0,0,0,75,35,0,0,0,0,0,0,0,0,0,0,0,305,183,43,0,0,0,0,0,0,0,0,0,8,104,11,0,0,0,0,0,0,0,0,0,0,34,0,0,0,0,0,0,0,0,0,0,0,0,0,0,0,0,0,0,0,0,0,backward
0,0,0,0,0,0,0,0,0,0,0,0,80,0,0,0,0,0,0,0,0,0,0,0,455,3,0,0,0,0,0,0,0,0,0,0,6,0,0,0,0,0,0,0,0,0,0,0,0,323,113,0,0,0,0,0,0,0,0,0,0,95,35,0,0,0,0,0,0,0,0,0,0,0,0,0,0,0,0,0,0,0,0,0,0,0,0,0,0,0,0,0,0,0,0,0,backward
0,0,0,0,0,0,0,0,0,0,0,0,133,0,0,0,0,0,0,0,0,0,0,0,304,0,0,0,0,0,0,0,0,0,0,0,0,0,0,0,0,0,0,0,0,0,0,0,53,273,58,0,0,0,0,0,0,0,0,0,0,58,0,0,0,0,0,0,0,0,0,0,0,0,0,0,0,0,0,0,0,0,0,0,0,0,0,0,0,0,0,0,0,0,0,0,backward
0,0,0,0,0,0,0,0,0,0,0,0,148,0,0,0,0,0,0,0,0,0,0,0,264,0,0,0,0,0,0,0,0,0,0,0,0,0,0,0,0,0,0,0,0,0,0,0,88,262,47,0,0,0,0,0,0,0,0,0,0,67,0,0,0,0,0,0,0,0,0,0,0,0,0,0,0,0,0,0,0,0,0,0,0,0,0,0,0,0,0,0,0,0,0,0,backward
4,0,0,0,0,0,0,0,0,0,0,0,158,78,0,0,0,0,0,0,0,0,0,0,140,0,0,0,0,0,0,0,0,0,0,0,0,0,0,0,0,0,0,0,0,0,0,0,113,231,78,0,0,0,0,0,0,0,0,0,0,46,0,0,0,0,0,0,0,0,0,0,0,0,0,0,0,0,0,0,0,0,0,0,0,0,0,0,0,0,0,0,0,0,0,0,backward
0,0,0,0,0,0,0,0,0,0,0,0,59,39,0,0,0,0,0,0,0,0,0,0,9,0,0,0,0,0,0,0,0,0,0,0,0,0,0,0,0,0,0,0,0,0,0,0,0,264,127,0,0,0,0,0,0,0,0,0,0,32,49,0,0,0,0,0,0,0,0,0,0,0,0,0,0,0,0,0,0,0,0,0,0,0,0,0,0,0,0,0,0,0,0,0,backward
0,0,0,0,0,0,0,0,0,0,0,0,42,83,0,0,0,0,0,0,0,0,0,0,4,22,0,0,0,0,0,0,0,0,0,0,0,0,0,0,0,0,0,0,0,0,0,0,0,351,158,0,0,0,0,0,0,0,0,0,0,71,89,0,0,0,0,0,0,0,0,0,0,0,3,0,0,0,0,0,0,0,0,0,0,0,0,0,0,0,0,0,0,0,0,0,backward
0,0,0,0,0,0,0,0,0,0,0,0,0,94,0,0,0,0,0,0,0,0,0,0,0,54,0,0,0,0,0,0,0,0,0,0,7,70,0,0,0,0,0,0,0,0,0,0,0,181,126,0,0,0,0,0,0,0,0,0,0,39,118,25,0,0,0,0,0,0,0,0,0,0,89,0,0,0,0,0,0,0,0,0,0,0,0,0,0,0,0,0,0,0,0,0,backward
0,0,0,0,0,0,0,0,0,0,0,0,0,12,0,0,0,0,0,0,0,0,0,0,14,58,8,0,0,0,0,0,0,0,0,0,36,129,0,0,0,0,0,0,0,0,0,0,0,167,129,24,0,0,0,0,0,0,0,0,0,25,123,66,0,0,0,0,0,0,0,0,0,0,109,0,0,0,0,0,0,0,0,0,0,0,0,0,0,0,0,0,0,0,0,0,backward
0,0,0,0,0,0,0,0,0,0,0,0,0,48,0,0,0,0,0,0,0,0,0,0,68,92,34,0,0,0,0,0,0,0,0,0,66,104,7,0,0,0,0,0,0,0,0,0,0,178,151,26,0,0,0,0,0,0,0,0,0,56,160,71,0,0,0,0,0,0,0,0,0,0,123,27,0,0,0,0,0,0,0,0,0,0,0,0,0,0,0,0,0,0,0,0,backward
0,0,0,0,0,0,0,0,0,0,0,0,145,0,0,0,0,0,0,0,0,0,0,0,88,0,0,0,0,0,0,0,0,0,0,0,0,0,0,0,0,0,0,0,0,0,0,0,138,107,0,0,0,0,0,0,0,0,0,0,0,0,0,0,0,0,0,0,0,0,0,0,0,0,0,0,0,0,0,0,0,0,0,0,0,0,0,0,0,0,0,0,0,0,0,0,backward
0,0,0,0,0,0,0,0,0,0,0,0,228,0,0,0,0,0,0,0,0,0,0,0,104,0,0,0,0,0,0,0,0,0,0,0,0,0,0,0,0,0,0,0,0,0,0,0,233,148,0,0,0,0,0,0,0,0,0,0,0,0,0,0,0,0,0,0,0,0,0,0,0,0,0,0,0,0,0,0,0,0,0,0,0,0,0,0,0,0,0,0,0,0,0,0,backward
226,0,0,0,0,0,0,0,0,0,0,0,243,110,0,0,0,0,0,0,0,0,0,0,0,0,0,0,0,0,0,0,0,0,0,0,0,0,0,0,0,0,0,0,0,0,0,0,113,103,0,0,0,0,0,0,0,0,0,0,0,77,0,0,0,0,0,0,0,0,0,0,0,0,0,0,0,0,0,0,0,0,0,0,0,0,0,0,0,0,0,0,0,0,0,0,backward
229,0,0,0,0,0,0,0,0,0,0,0,268,108,0,0,0,0,0,0,0,0,0,0,0,0,0,0,0,0,0,0,0,0,0,0,0,0,0,0,0,0,0,0,0,0,0,0,100,107,0,0,0,0,0,0,0,0,0,0,0,80,0,0,0,0,0,0,0,0,0,0,0,0,0,0,0,0,0,0,0,0,0,0,0,0,0,0,0,0,0,0,0,0,0,0,backward
703,94,9,0,0,0,0,0,0,0,0,0,95,31,0,0,0,0,0,0,0,0,0,0,0,0,0,0,0,0,0,0,0,0,0,0,0,0,0,0,0,0,0,0,0,0,0,0,28,53,0,0,0,0,0,0,0,0,0,0,0,124,0,0,0,0,0,0,0,0,0,0,0,0,0,0,0,0,0,0,0,0,0,0,0,0,0,0,0,0,0,0,0,0,0,0,backward
846,0,4,0,0,0,0,0,0,0,0,0,238,22,0,0,0,0,0,0,0,0,0,0,0,0,0,0,0,0,0,0,0,0,0,0,0,0,0,0,0,0,0,0,0,0,0,0,0,20,0,0,0,0,0,0,0,0,0,0,0,119,0,0,0,0,0,0,0,0,0,0,0,7,0,0,0,0,0,0,0,0,0,0,0,0,0,0,0,0,0,0,0,0,0,0,backward
529,77,0,0,0,0,0,0,0,0,0,0,0,0,0,0,0,0,0,0,0,0,0,0,0,0,0,0,0,0,0,0,0,0,0,0,0,0,0,0,0,0,0,0,0,0,0,0,0,0,0,0,0,0,0,0,0,0,0,0,0,88,0,0,0,0,0,0,0,0,0,0,0,55,23,0,0,0,0,0,0,0,0,0,0,0,0,0,0,0,0,0,0,0,0,0,backward
247,120,56,0,0,0,0,0,0,0,0,0,0,107,0,0,0,0,0,0,0,0,0,0,0,0,0,0,0,0,0,0,0,0,0,0,0,0,0,0,0,0,0,0,0,0,0,0,0,0,0,0,0,0,0,0,0,0,0,0,0,70,31,0,0,0,0,0,0,0,0,0,0,71,110,0,0,0,0,0,0,0,0,0,0,0,0,0,0,0,0,0,0,0,0,0,backward
590,0,0,0,0,0,0,0,0,0,0,0,359,77,0,0,0,0,0,0,0,0,0,0,0,0,0,0,0,0,0,0,0,0,0,0,0,0,0,0,0,0,0,0,0,0,0,0,4,19,0,0,0,0,0,0,0,0,0,0,0,120,0,0,0,0,0,0,0,0,0,0,0,5,0,0,0,0,0,0,0,0,0,0,0,0,0,0,0,0,0,0,0,0,0,0,backward
444,0,0,0,0,0,0,0,0,0,0,0,466,38,0,0,0,0,0,0,0,0,0,0,0,0,0,0,0,0,0,0,0,0,0,0,0,0,0,0,0,0,0,0,0,0,0,0,17,25,0,0,0,0,0,0,0,0,0,0,0,114,0,0,0,0,0,0,0,0,0,0,0,0,0,0,0,0,0,0,0,0,0,0,0,0,0,0,0,0,0,0,0,0,0,0,backward
516,0,0,0,0,0,0,0,0,0,0,0,436,52,0,0,0,0,0,0,0,0,0,0,0,0,0,0,0,0,0,0,0,0,0,0,0,0,0,0,0,0,0,0,0,0,0,0,11,27,0,0,0,0,0,0,0,0,0,0,0,120,0,0,0,0,0,0,0,0,0,0,0,3,0,0,0,0,0,0,0,0,0,0,0,0,0,0,0,0,0,0,0,0,0,0,backward
201,0,0,0,0,0,0,0,0,0,0,0,395,16,0,0,0,0,0,0,0,0,0,0,128,0,0,0,0,0,0,0,0,0,0,0,0,0,0,0,0,0,0,0,0,0,0,0,4,34,0,0,0,0,0,0,0,0,0,0,0,70,0,0,0,0,0,0,0,0,0,0,0,0,0,0,0,0,0,0,0,0,0,0,0,0,0,0,0,0,0,0,3,0,0,0,backward
0,0,0,0,0,0,0,0,0,0,0,0,104,0,0,0,0,0,0,0,0,0,0,0,749,0,0,0,0,0,0,0,0,0,0,0,0,0,0,0,0,0,0,0,0,0,0,0,0,217,0,0,0,0,0,0,0,0,0,0,0,19,0,0,0,0,0,0,0,0,0,0,0,0,0,0,0,0,0,0,0,0,0,0,0,0,0,0,0,0,0,0,0,0,0,0,backward
0,0,0,0,0,0,0,0,0,0,0,0,205,0,0,0,0,0,0,0,0,0,0,0,462,0,0,0,0,0,0,0,0,0,0,0,0,0,0,0,0,0,0,0,0,0,0,0,116,165,0,0,0,0,0,0,0,0,0,0,0,26,0,0,0,0,0,0,0,0,0,0,0,0,0,0,0,0,0,0,0,0,0,0,0,0,0,0,0,0,0,0,0,0,0,0,backward
0,0,0,0,0,0,0,0,0,0,0,0,289,0,0,0,0,0,0,0,0,0,0,0,298,0,0,0,0,0,0,0,0,0,0,0,0,0,0,0,0,0,0,0,0,0,0,0,105,192,0,0,0,0,0,0,0,0,0,0,0,0,0,0,0,0,0,0,0,0,0,0,0,0,0,0,0,0,0,0,3,0,0,0,0,0,0,0,0,0,0,0,0,0,0,0,backward
0,0,0,0,0,0,0,0,0,0,0,0,69,0,0,0,0,0,0,0,0,0,0,0,347,0,0,0,0,0,0,0,0,0,0,0,39,0,0,0,0,0,0,0,0,0,0,0,0,127,0,0,0,0,0,0,0,0,0,0,0,0,0,0,0,0,0,0,0,0,0,0,0,0,0,0,0,0,0,0,0,0,0,0,0,0,0,0,0,0,0,0,0,0,0,0,backward
0,0,0,0,0,0,0,0,0,0,0,0,112,0,0,0,0,0,0,0,0,0,0,0,382,77,0,0,0,0,0,0,0,0,0,0,58,0,0,0,0,0,0,0,0,0,0,0,0,124,48,0,0,0,0,0,0,0,0,0,0,40,99,0,0,0,0,0,0,0,0,0,0,0,0,0,0,0,0,0,0,0,0,0,0,0,0,0,0,0,0,0,0,0,0,0,backward
0,0,0,0,0,0,0,0,0,0,0,0,153,0,0,0,0,0,0,0,0,0,0,0,456,58,0,0,0,0,0,0,0,0,0,0,68,0,0,0,0,0,0,0,0,0,0,0,0,201,97,0,0,0,0,0,0,0,0,0,0,86,137,0,0,0,0,0,0,0,0,0,0,0,0,0,0,0,0,0,0,0,0,0,0,0,0,0,0,0,0,0,0,0,0,0,backward
0,0,0,0,0,0,0,0,0,0,0,0,153,0,0,0,0,0,0,0,0,0,0,0,589,11,0,0,0,0,0,0,0,0,0,0,113,0,0,0,0,0,0,0,0,0,0,0,0,278,113,0,0,0,0,0,0,0,0,0,0,53,102,0,0,0,0,0,0,0,0,0,0,0,0,0,0,0,0,0,0,0,0,0,0,0,0,0,0,0,0,0,0,0,0,0,backward
0,0,0,0,0,0,0,0,0,0,0,0,136,0,0,0,0,0,0,0,0,0,0,0,519,0,0,0,0,0,0,0,0,0,0,0,74,0,0,0,0,0,0,0,0,0,0,0,0,262,57,0,0,0,0,0,0,0,0,0,0,27,59,0,0,0,0,0,0,0,0,0,0,0,0,0,0,0,0,0,0,0,0,0,0,0,0,0,0,0,0,0,0,0,0,0,backward
0,0,0,0,0,0,0,0,0,0,0,0,140,0,0,0,0,0,0,0,0,0,0,0,542,0,0,0,0,0,0,0,0,0,0,0,83,0,0,0,0,0,0,0,0,0,0,0,0,331,96,0,0,0,0,0,0,0,0,0,0,64,95,0,0,0,0,0,0,0,0,0,0,0,0,0,0,0,0,0,0,0,0,0,0,0,0,0,0,0,0,0,0,0,0,0,backward
0,0,0,0,0,0,0,0,0,0,0,0,152,0,0,0,0,0,0,0,0,0,0,0,531,0,0,0,0,0,0,0,0,0,0,0,38,0,0,0,0,0,0,0,0,0,0,0,0,298,83,0,0,0,0,0,0,0,0,0,0,30,78,0,0,0,0,0,0,0,0,0,0,0,0,0,0,0,0,0,0,0,0,0,0,0,0,0,0,0,0,0,0,0,0,0,backward
0,0,0,0,0,0,0,0,0,0,0,0,169,0,0,0,0,0,0,0,0,0,0,0,418,0,0,0,0,0,0,0,0,0,0,0,0,0,0,0,0,0,0,0,0,0,0,0,0,247,15,0,0,0,0,0,0,0,0,0,0,40,53,0,0,0,0,0,0,0,0,0,0,0,0,0,0,0,0,0,0,0,0,0,0,0,0,0,0,0,0,0,0,0,0,0,backward
0,0,0,0,0,0,0,0,0,0,0,0,162,0,0,0,0,0,0,0,0,0,0,0,213,17,0,0,0,0,0,0,0,0,0,0,0,0,0,0,0,0,0,0,0,0,0,0,32,173,0,0,0,0,0,0,0,0,0,0,0,59,52,0,0,0,0,0,0,0,0,0,0,0,0,0,0,0,0,0,0,0,0,0,0,0,0,0,0,0,0,0,0,0,0,0,backward
7,0,0,0,0,0,0,0,0,0,0,0,270,0,0,0,0,0,0,0,0,0,0,0,136,31,0,0,0,0,0,0,0,0,0,0,0,0,0,0,0,0,0,0,0,0,0,0,58,131,0,0,0,0,0,0,0,0,0,0,0,73,59,0,0,0,0,0,0,0,0,0,0,0,0,0,0,0,0,0,0,0,0,0,0,0,0,0,0,0,0,0,0,0,0,0,backward
8,0,0,0,0,0,0,0,0,0,0,0,304,0,0,0,0,0,0,0,0,0,0,0,165,66,0,0,0,0,0,0,0,0,0,0,0,0,0,0,0,0,0,0,0,0,0,0,52,171,0,0,0,0,0,0,0,0,0,0,0,91,73,0,0,0,0,0,0,0,0,0,0,0,0,0,0,0,0,0,0,0,0,0,0,0,0,0,0,0,0,0,0,0,0,0,backward
0,0,0,0,0,0,0,0,0,0,0,0,128,0,0,0,0,0,0,0,0,0,0,0,26,136,0,0,0,0,0,0,0,0,0,0,0,0,0,0,0,0,0,0,0,0,0,0,0,64,0,0,0,0,0,0,0,0,0,0,0,59,168,0,0,0,0,0,0,0,0,0,0,0,21,0,0,0,0,0,0,0,0,0,0,0,0,0,0,0,0,0,0,0,0,0,backward
0,0,0,0,0,0,0,0,0,0,0,0,133,0,0,0,0,0,0,0,0,0,0,0,26,147,0,0,0,0,0,0,0,0,0,0,0,0,0,0,0,0,0,0,0,0,0,0,0,67,3,0,0,0,0,0,0,0,0,0,0,44,160,0,0,0,0,0,0,0,0,0,0,0,25,0,0,0,0,0,0,0,0,0,0,0,0,0,0,0,0,0,0,0,0,0,backward
0,27,3,0,0,0,0,0,0,0,0,0,0,66,47,0,0,0,0,0,0,0,0,0,3,34,36,0,0,0,0,0,0,0,0,0,0,0,0,0,0,0,0,0,0,0,0,0,0,0,68,22,0,0,0,0,0,0,0,0,0,0,255,104,0,0,0,0,0,0,0,0,0,0,94,53,0,0,0,0,0,0,0,0,0,0,0,0,0,0,0,0,0,0,0,0,backward
0,6,0,0,0,0,0,0,0,0,0,0,32,63,29,0,0,0,0,0,0,0,0,0,22,39,23,0,0,0,0,0,0,0,0,0,0,0,0,0,0,0,0,0,0,0,0,0,0,5,70,17,0,0,0,0,0,0,0,0,0,0,260,100,0,0,0,0,0,0,0,0,0,0,89,43,0,0,0,0,0,0,0,0,0,0,0,0,0,0,0,0,0,0,0,0,backward
0,40,0,0,0,0,0,0,0,0,0,0,47,78,42,0,0,0,0,0,0,0,0,0,0,28,16,0,0,0,0,0,0,0,0,0,0,0,0,0,0,0,0,0,0,0,0,0,0,12,73,19,0,0,0,0,0,0,0,0,0,0,263,103,0,0,0,0,0,0,0,0,0,0,92,43,0,0,0,0,0,0,0,0,0,0,0,0,0,0,0,0,0,0,0,0,backward
0,65,38,0,0,0,0,0,0,0,0,0,0,64,55,0,0,0,0,0,0,0,0,0,0,17,27,0,0,0,0,0,0,0,0,0,0,0,0,0,0,0,0,0,0,0,0,0,0,0,42,17,0,0,0,0,0,0,0,0,0,0,235,102,0,0,0,0,0,0,0,0,0,0,94,53,0,0,0,0,0,0,0,0,0,0,0,0,0,0,0,0,48,0,0,0,backward
0,0,0,0,0,0,0,0,0,0,0,0,0,0,0,0,0,0,0,0,0,0,0,0,0,0,0,0,0,0,0,0,0,0,0,0,0,0,0,0,0,0,0,0,0,0,0,0,0,0,0,0,0,0,0,0,0,0,0,0,0,0,0,0,0,0,0,0,0,0,0,0,0,0,0,0,0,0,0,0,0,0,0,0,0,0,0,0,0,0,0,0,7,0,0,0,none
0,0,0,0,0,0,0,0,0,0,0,0,0,0,0,0,0,0,0,0,0,0,0,0,0,0,0,0,0,0,0,0,0,0,0,0,0,0,0,0,0,0,0,0,0,0,0,0,0,0,0,0,0,0,0,0,0,0,0,0,0,0,0,0,0,0,0,0,0,0,0,0,0,0,0,0,0,0,0,0,0,0,0,0,0,0,0,0,0,0,0,0,9,0,0,0,none
0,0,0,0,0,0,0,0,0,0,0,0,0,0,0,0,0,0,0,0,0,0,0,0,0,0,0,0,0,0,0,0,0,0,0,0,0,0,0,0,0,0,0,0,0,0,0,0,0,0,0,0,0,0,0,0,0,0,0,0,0,0,0,0,0,0,0,0,0,0,0,0,0,0,0,0,0,0,0,0,0,0,0,0,0,0,0,0,0,0,0,0,8,0,0,0,none
0,0,0,0,0,0,0,0,0,0,0,0,0,0,41,0,0,0,0,0,0,0,0,0,0,0,72,0,0,0,0,0,0,0,0,0,0,0,67,11,0,0,0,0,7,49,0,0,0,104,112,0,0,0,0,37,45,0,0,0,0,0,0,0,0,0,0,0,0,0,0,0,0,0,0,0,0,0,0,0,0,0,0,0,0,0,0,0,0,0,0,0,0,0,0,0,strafe_right
0,0,0,0,0,0,0,0,0,0,0,0,0,0,66,0,0,0,0,0,0,0,0,0,0,0,67,0,0,0,0,0,0,0,0,0,0,0,63,8,0,0,0,0,0,35,0,0,0,94,111,0,0,0,0,32,53,0,0,0,0,8,11,0,0,0,0,0,0,0,0,0,0,0,0,0,0,0,0,0,0,0,0,0,0,0,0,0,0,0,0,0,0,0,0,0,strafe_right
0,0,114,97,0,0,0,15,79,0,0,0,0,0,95,43,0,0,0,0,0,0,0,0,0,0,64,0,0,0,0,0,0,0,0,0,0,0,0,0,0,0,0,0,0,0,0,0,0,0,0,0,0,0,0,0,21,0,0,0,0,0,0,0,0,0,0,0,13,0,0,0,0,36,33,0,0,0,0,23,49,0,44,0,0,0,0,0,0,0,0,0,8,0,0,0,strafe_left
0,0,105,88,0,0,0,18,82,0,0,0,0,0,88,42,0,0,0,0,0,0,0,0,0,0,73,0,0,0,0,0,0,0,0,0,0,0,0,0,0,0,0,0,0,0,0,0,0,0,0,0,0,0,0,0,23,0,0,0,0,12,12,0,0,0,0,0,18,0,0,0,0,65,40,0,0,0,0,17,42,0,19,0,0,0,0,0,0,0,0,0,0,0,0,0,strafe_left
0,0,139,109,0,0,0,6,66,0,0,0,0,0,100,35,0,0,0,0,0,0,0,0,0,0,55,0,0,0,0,0,0,0,0,0,0,0,0,0,0,0,0,0,0,0,0,0,0,0,0,0,0,0,0,0,5,0,0,0,0,13,8,0,0,0,0,0,0,0,0,0,0,118,61,0,0,0,0,8,46,0,0,0,0,0,0,0,0,0,0,0,14,0,0,0,strafe_left
0,0,158,112,0,0,0,0,53,0,0,0,0,0,101,29,0,0,0,0,0,0,0,0,0,0,50,0,0,0,0,0,0,0,0,0,0,0,0,0,0,0,0,0,0,0,0,0,0,0,0,0,0,0,0,0,0,0,0,0,0,3,0,0,0,0,0,0,0,0,0,0,0,124,62,0,0,0,0,0,44,0,10,0,0,0,0,0,0,0,0,0,15,0,0,0,strafe_left
0,0,209,117,0,0,0,3,33,0,0,0,0,0,108,23,0,0,0,0,0,0,0,0,0,0,47,0,0,0,0,0,0,0,0,0,0,0,0,0,0,0,0,0,0,0,0,0,0,0,0,0,0,0,0,0,0,0,0,0,0,0,0,0,0,0,0,0,0,0,0,0,0,161,73,0,0,0,0,0,33,0,11,0,0,0,0,0,0,0,0,0,18,0,0,0,strafe_left
0,0,93,73,0,0,0,18,74,0,0,0,0,0,91,36,0,0,0,0,0,0,0,0,0,0,36,0,0,0,0,0,0,0,0,0,0,0,0,0,0,0,0,0,0,0,0,0,0,0,0,0,0,0,0,0,0,0,0,0,0,16,0,0,0,0,0,0,0,0,0,0,0,186,84,0,0,0,0,0,41,0,24,0,0,0,0,0,0,0,0,0,11,0,0,0,strafe_left
0,0,155,109,0,0,0,4,49,0,0,0,0,0,105,33,0,0,0,0,0,0,0,0,0,0,55,0,0,0,0,0,0,0,0,0,0,0,0,0,0,0,0,0,0,0,0,0,0,0,0,0,0,0,0,0,0,0,0,0,0,10,0,0,0,0,0,0,0,0,0,0,0,193,84,0,0,0,0,0,40,0,21,0,0,0,0,0,0,0,0,0,23,0,0,0,strafe_left
0,0,175,125,0,0,0,17,56,0,0,0,0,0,105,35,0,0,0,0,0,0,0,0,0,0,54,0,0,0,0,0,0,0,0,0,0,0,0,0,0,0,0,0,0,0,0,0,0,0,0,0,0,0,0,0,0,0,0,0,0,0,0,0,0,0,0,0,0,0,0,0,0,146,68,0,0,0,0,0,37,0,0,0,0,36,30,0,0,0,0,0,37,0,0,0,strafe_left
0,0,165,118,0,0,0,17,58,0,0,0,0,0,105,36,0,0,0,0,0,0,0,0,0,0,58,0,0,0,0,0,0,0,0,0,0,0,0,0,0,0,0,0,0,0,0,0,0,0,0,0,0,0,0,0,0,0,0,0,0,0,0,0,0,0,0,0,0,0,0,0,0,136,65,0,0,0,0,0,39,0,0,0,0,13,14,0,0,0,0,0,29,0,0,0,strafe_left
0,0,142,108,0,0,0,14,65,0,0,0,0,0,101,38,0,0,0,0,0,0,0,0,0,0,65,0,0,0,0,0,0,0,0,0,0,0,0,0,0,0,0,0,0,0,0,0,0,0,0,0,0,0,0,0,0,0,0,0,0,36,0,0,0,0,0,0,0,0,0,0,0,164,79,0,0,0,0,0,38,0,0,0,0,0,0,0,0,0,0,0,14,0,0,0,strafe_left
0,0,149,109,0,0,0,12,60,0,0,0,0,0,102,35,0,0,0,0,0,0,0,0,0,0,49,0,0,0,0,0,0,0,0,0,0,0,0,0,0,0,0,0,0,0,0,0,0,0,0,0,0,0,0,0,0,0,0,0,0,30,0,0,0,0,0,0,0,0,0,0,0,164,78,0,0,0,0,0,39,0,0,0,0,0,0,0,0,0,0,0,21,0,0,0,strafe_left
0,0,156,112,0,0,0,11,59,0,0,0,0,0,101,30,0,0,0,0,0,0,0,0,0,0,41,0,0,0,0,0,0,0,0,0,0,0,0,0,0,0,0,0,0,0,0,0,0,0,0,0,0,0,0,0,0,0,0,0,0,22,0,0,0,0,0,0,0,0,0,0,0,165,77,0,0,0,0,0,40,0,3,0,0,0,0,0,0,0,0,0,26,0,0,0,strafe_left
0,0,149,98,0,0,0,4,43,0,0,0,0,0,89,18,0,0,0,0,0,0,0,0,0,0,24,0,0,0,0,0,0,0,0,0,0,0,0,0,0,0,0,0,0,0,0,0,0,0,0,0,0,0,0,0,0,0,0,0,0,0,0,0,0,0,0,0,0,0,0,0,0,172,76,0,0,0,0,0,42,0,9,0,0,0,0,0,0,0,0,0,36,0,0,0,strafe_left
0,0,189,114,0,0,0,0,41,0,0,0,0,0,102,0,0,0,0,0,0,0,0,0,0,0,0,0,0,0,0,0,0,0,0,0,0,0,0,0,0,0,0,0,0,0,0,0,0,0,0,0,0,0,0,0,0,0,0,0,0,0,0,0,0,0,0,0,0,0,0,0,0,121,57,0,0,0,0,0,25,0,0,0,0,0,3,0,0,0,0,0,63,0,0,0,strafe_left
0,0,186,104,0,0,0,0,32,0,0,0,0,0,92,0,0,0,0,0,0,0,0,0,0,0,0,0,0,0,0,0,0,0,0,0,0,0,0,0,0,0,0,0,0,0,0,0,0,0,0,0,0,0,0,0,0,0,0,0,0,0,0,0,0,0,0,0,0,0,0,0,0,99,40,0,0,0,0,0,15,0,0,0,0,6,4,0,0,0,0,0,73,0,0,0,strafe_left
0,0,203,104,0,0,0,0,39,0,0,0,0,0,102,0,0,0,0,0,0,0,0,0,0,0,0,0,0,0,0,0,0,0,0,0,0,0,0,0,0,0,0,0,0,0,0,0,0,0,0,0,0,0,0,0,0,0,0,0,0,0,0,0,0,0,0,0,0,0,0,0,0,123,52,0,0,0,0,0,20,0,0,0,0,16,10,0,0,0,0,0,53,0,0,0,strafe_left
0,0,244,142,0,0,0,5,58,0,0,0,0,0,123,26,0,0,0,0,0,0,0,0,0,0,24,0,0,0,0,0,0,0,0,0,0,0,0,0,0,0,0,0,0,0,0,0,0,0,0,0,0,0,0,0,0,0,0,0,0,0,0,0,0,0,0,0,0,0,0,0,0,152,72,0,0,0,0,0,23,0,0,0,0,0,0,0,0,0,0,0,26,0,0,0,strafe_left
0,0,72,31,0,0,0,0,73,0,0,0,0,0,70,0,0,0,0,0,0,0,0,0,0,0,0,0,0,0,0,0,0,0,0,0,0,0,0,0,0,0,0,0,0,0,0,0,0,0,0,0,0,0,0,0,0,0,0,0,0,0,0,0,0,0,0,0,0,0,0,0,0,142,63,0,0,0,0,0,20,0,0,0,0,0,0,0,0,0,0,0,38,0,0,0,strafe_left
0,0,25,0,0,0,0,5,112,28,0,0,0,0,17,0,0,0,0,0,0,0,0,0,0,0,6,0,0,0,0,0,0,0,0,0,0,0,0,0,0,0,0,0,0,0,0,0,0,0,0,0,0,0,0,0,0,0,0,0,0,0,0,0,0,0,0,0,0,0,0,0,0,122,58,0,0,0,0,0,23,0,0,0,0,0,0,0,0,0,0,0,46,0,0,0,strafe_left
0,0,0,0,0,0,0,14,145,49,0,0,0,0,0,0,0,0,0,0,0,0,0,0,0,0,0,0,0,0,0,0,0,0,0,0,0,0,0,0,0,0,0,0,0,0,0,0,0,0,0,0,0,0,0,0,0,0,0,0,0,0,0,0,0,0,0,0,0,0,0,0,0,105,45,0,0,0,0,0,27,0,0,0,0,0,0,0,0,0,0,0,55,0,0,0,strafe_left
0,0,0,0,0,0,0,27,130,37,0,0,0,0,0,0,0,0,0,0,0,0,0,0,0,0,0,0,0,0,0,0,0,0,0,0,0,0,0,0,0,0,0,0,0,0,0,0,0,0,0,0,0,0,0,0,0,0,0,0,0,0,0,0,0,0,0,0,0,0,0,0,0,113,51,0,0,0,0,0,32,0,0,0,0,0,0,0,0,0,0,0,54,0,0,0,strafe_left
0,0,3,0,0,0,0,25,111,26,0,0,0,0,0,0,0,0,0,0,0,0,0,0,0,0,0,0,0,0,0,0,0,0,0,0,0,0,0,0,0,0,0,0,0,0,0,0,0,0,0,0,0,0,0,0,0,0,0,0,0,0,0,0,0,0,0,0,0,0,0,0,0,123,56,0,0,0,0,0,35,0,0,0,0,0,0,0,0,0,0,0,52,0,0,0,strafe_left
0,0,16,0,0,0,0,23,96,18,0,0,0,0,10,0,0,0,0,0,0,0,0,0,0,0,0,0,0,0,0,0,0,0,0,0,0,0,0,0,0,0,0,0,0,0,0,0,0,0,0,0,0,0,0,0,0,0,0,0,0,0,0,0,0,0,0,0,0,0,0,0,0,125,56,0,0,0,0,0,30,0,0,0,0,0,0,0,0,0,0,0,53,0,0,0,strafe_left
0,0,34,13,0,0,0,20,88,5,0,0,0,0,36,0,0,0,0,0,0,0,0,0,0,0,0,0,0,0,0,0,0,0,0,0,0,0,0,0,0,0,0,0,0,0,0,0,0,0,0,0,0,0,0,0,0,0,0,0,0,0,0,0,0,0,0,0,0,0,0,0,0,132,60,0,0,0,0,0,31,0,0,0,0,0,0,0,0,0,0,0,45,0,0,0,strafe_left
0,0,47,20,0,0,0,6,72,0,0,0,0,0,43,0,0,0,0,0,0,0,0,0,0,0,0,0,0,0,0,0,0,0,0,0,0,0,0,0,0,0,0,0,0,0,0,0,0,0,0,0,0,0,0,0,0,0,0,0,0,0,0,0,0,0,0,0,0,0,0,0,0,137,57,0,0,0,0,0,32,0,0,0,0,0,0,0,0,0,0,0,43,0,0,0,strafe_left
0,0,121,71,0,0,0,0,58,0,0,0,0,0,86,10,0,0,0,0,0,0,0,0,0,0,0,0,0,0,0,0,0,0,0,0,0,0,0,0,0,0,0,0,0,0,0,0,0,0,0,0,0,0,0,0,0,0,0,0,0,0,0,0,0,0,0,0,0,0,0,0,0,143,63,0,0,0,0,0,35,0,0,0,0,0,0,0,0,0,0,0,29,0,0,0,strafe_left
0,0,0,0,0,0,0,0,0,29,0,0,0,0,0,0,0,0,0,0,0,124,32,0,0,0,0,0,0,0,0,0,0,85,0,0,0,0,0,0,0,0,0,0,0,0,0,0,0,0,0,0,0,0,0,0,69,33,0,0,0,0,0,0,0,0,0,0,78,27,0,0,0,0,0,0,0,0,0,0,40,0,0,0,0,0,0,0,0,0,0,0,0,0,0,0,forward
0,0,0,0,0,0,0,0,0,24,0,0,0,0,0,0,0,0,0,0,0,119,33,0,0,0,0,0,0,0,0,0,3,100,0,0,0,0,0,0,0,0,0,0,0,0,0,0,0,0,0,0,0,0,0,0,73,26,0,0,0,0,0,0,0,0,0,0,68,21,0,0,0,0,0,0,0,0,0,0,29,0,0,0,0,0,0,0,0,0,0,0,0,0,0,0,forward
0,0,0,0,0,0,0,0,0,4,0,0,0,0,0,0,0,0,0,0,0,92,28,0,0,0,0,0,0,0,0,0,9,122,0,0,0,0,0,0,0,0,0,0,0,22,0,0,0,0,0,0,0,0,0,0,80,34,0,0,0,0,0,0,0,0,0,0,36,19,0,0,0,0,0,0,0,0,0,0,0,0,0,0,0,0,0,0,0,0,0,0,0,0,0,0,forward
0,0,0,0,0,0,0,0,0,6,0,0,0,0,0,0,0,0,0,0,0,69,38,23,0,0,0,0,0,0,0,0,0,49,0,55,0,0,0,0,0,0,0,0,0,0,0,0,0,0,0,0,0,0,0,0,32,35,6,0,0,0,0,0,0,0,0,0,38,46,0,0,0,0,0,0,0,0,0,0,18,0,36,0,0,0,0,0,0,0,0,0,0,0,0,0,forward
0,0,0,0,0,0,0,0,0,5,0,0,0,0,0,0,0,0,0,0,0,72,44,18,0,0,0,0,0,0,0,0,0,44,0,24,0,0,0,0,0,0,0,0,0,0,0,0,0,0,0,0,0,0,0,0,24,43,15,0,0,0,0,0,0,0,0,0,27,54,0,20,0,0,0,0,0,0,0,0,10,0,33,0,0,0,0,0,0,0,0,0,0,0,0,0,forward
0,0,0,0,0,0,0,0,0,19,0,0,0,0,0,0,0,0,0,0,0,125,44,0,0,0,0,0,0,0,0,0,0,89,0,0,0,0,0,0,0,0,0,0,0,0,0,0,0,0,0,0,0,0,0,0,48,33,0,0,0,0,0,0,0,0,0,0,66,43,0,0,0,0,0,0,0,0,0,0,46,0,0,0,0,0,0,0,0,0,0,0,0,0,0,0,forward
0,0,0,0,0,0,0,0,0,18,0,0,0,0,0,0,0,0,0,0,0,129,24,0,0,0,0,0,0,0,0,0,34,118,0,0,0,0,0,0,0,0,0,0,0,9,0,0,0,0,0,0,0,0,0,0,59,33,0,0,0,0,0,0,0,0,0,0,73,38,0,0,0,0,0,0,0,0,0,0,44,0,0,0,0,0,0,0,0,0,0,0,0,0,0,0,forward
0,0,0,0,0,0,0,0,0,0,0,0,0,0,0,0,0,0,0,0,0,88,0,0,0,0,0,0,0,0,0,0,126,138,0,0,0,0,0,0,0,0,0,0,0,28,0,0,0,0,0,0,0,0,0,0,48,25,0,0,0,0,0,0,0,0,0,0,76,44,0,0,0,0,0,0,0,0,0,0,57,5,0,0,0,0,0,0,0,0,0,0,0,0,0,0,forward
0,0,0,0,0,0,0,0,0,0,0,0,0,0,0,0,0,0,0,0,0,94,0,0,0,0,0,0,0,0,0,0,113,140,0,0,0,0,0,0,0,0,0,0,0,26,0,0,0,0,0,0,0,0,0,0,48,30,0,0,0,0,0,0,0,0,0,0,73,48,0,0,0,0,0,0,0,0,0,0,55,7,0,0,0,0,0,0,0,0,0,0,0,0,0,0,forward
0,0,0,0,0,0,0,0,0,13,0,0,0,0,0,0,0,0,0,0,0,94,34,0,0,0,0,0,0,0,0,0,36,109,0,0,0,0,0,0,0,0,0,0,0,14,0,0,0,0,0,0,0,0,0,0,41,43,0,0,0,0,0,0,0,0,0,0,52,51,0,0,0,0,0,0,0,0,0,0,53,16,18,0,0,0,0,0,0,0,0,0,0,0,0,0,forward
0,0,0,0,0,0,0,0,0,23,0,0,0,0,0,0,0,0,0,0,0,80,41,14,0,0,0,0,0,0,0,0,0,58,0,19,0,0,0,0,0,0,0,0,0,0,0,0,0,0,0,0,0,0,0,0,17,48,11,0,0,0,0,0,0,0,0,0,37,54,0,0,0,0,0,0,0,0,0,0,43,19,41,0,0,0,0,0,0,0,0,0,0,0,0,0,forward
0,0,0,0,0,0,0,0,0,20,0,0,0,0,0,0,0,0,0,0,0,61,41,11,0,0,0,0,0,0,0,0,0,26,0,34,0,0,0,0,0,0,0,0,0,0,0,0,0,0,0,0,0,0,0,0,8,44,10,0,0,0,0,0,0,0,0,0,35,64,0,0,0,0,0,0,0,0,0,0,31,13,14,0,0,0,0,0,0,0,0,0,0,0,0,0,forward
0,0,0,0,0,0,0,0,0,9,0,0,0,0,0,0,0,0,0,0,0,73,35,0,0,0,0,0,0,0,0,0,0,82,0,0,0,0,0,0,0,0,0,0,0,0,0,0,0,0,0,0,0,0,0,0,28,23,0,0,0,0,0,0,0,0,0,0,76,49,0,0,0,0,0,0,0,0,0,0,75,13,0,0,0,0,0,0,0,0,0,0,17,0,0,0,forward
0,0,0,0,0,0,0,0,0,0,0,0,0,0,0,0,0,0,0,0,0,14,0,0,0,0,92,26,0,0,0,0,0,14,0,0,0,0,70,27,0,0,0,0,0,0,0,0,17,45,20,0,0,0,0,25,3,0,0,0,0,75,108,0,0,0,0,0,0,0,0,0,0,0,0,0,0,0,0,0,0,0,0,0,0,0,0,0,0,0,0,0,0,0,0,0,strafe_right
0,0,0,0,0,0,0,0,0,0,0,0,0,0,3,0,0,0,0,0,0,0,0,0,0,0,92,21,0,0,0,0,0,18,0,11,0,0,73,31,0,0,0,0,0,27,0,0,0,126,53,0,0,0,0,0,7,0,0,0,0,102,134,0,0,0,0,0,0,0,0,0,0,0,0,0,0,0,0,0,0,0,0,0,0,0,0,0,0,0,0,0,0,0,0,0,strafe_right
0,0,0,0,0,0,0,0,0,0,0,0,0,0,4,0,0,0,0,0,0,0,0,0,0,0,93,0,0,0,0,0,0,0,0,0,0,0,95,42,0,0,0,0,0,0,0,0,3,151,62,0,0,0,0,0,0,0,0,0,0,102,131,0,0,0,0,0,0,0,0,0,0,0,0,0,0,0,0,0,0,0,0,0,0,0,0,0,0,0,0,0,0,0,0,0,strafe_right
0,0,0,0,0,0,0,0,0,0,0,0,0,0,0,0,0,0,0,0,0,0,0,0,0,0,68,0,0,0,0,0,0,31,0,34,0,0,85,35,0,0,0,0,0,139,0,0,39,38,7,0,0,0,0,26,17,0,0,0,0,8,59,0,0,0,0,0,6,0,0,0,0,0,0,0,0,0,0,0,0,0,0,0,0,0,0,0,0,0,0,0,0,0,0,0,strafe_right
0,0,0,0,0,0,0,0,0,0,0,0,0,0,0,0,0,0,0,0,0,0,0,0,0,0,74,10,0,0,0,0,0,45,0,58,0,0,80,31,0,0,0,0,0,130,0,0,34,41,6,0,0,0,0,29,22,0,0,0,0,6,49,0,0,0,0,0,10,0,0,0,0,0,0,0,0,0,0,0,0,0,0,0,0,0,0,0,0,0,0,0,0,0,0,0,strafe_right
0,0,0,0,0,0,0,0,0,0,0,0,0,0,0,0,0,0,0,0,0,0,0,0,0,0,72,0,0,0,0,0,0,35,0,0,0,0,85,33,0,0,0,0,0,145,0,0,35,51,16,0,0,0,0,38,30,0,0,0,0,5,53,0,0,0,0,0,7,0,0,0,0,0,0,0,0,0,0,0,0,0,0,0,0,0,0,0,0,0,0,0,0,0,0,0,strafe_right
0,0,0,0,0,0,0,0,0,0,0,0,0,0,0,0,0,0,0,0,0,0,0,0,0,0,69,0,0,0,0,0,0,15,0,0,0,0,91,39,0,0,0,0,0,148,0,0,24,102,38,0,0,0,0,20,15,0,0,0,0,38,89,0,0,0,0,0,0,0,0,0,0,0,0,0,0,0,0,0,0,0,0,0,0,0,0,0,0,0,0,0,0,0,0,0,strafe_right
0,0,0,0,0,0,0,0,0,0,0,0,0,0,0,0,0,0,0,0,0,0,0,0,0,0,70,0,0,0,0,0,0,15,0,0,0,0,91,37,0,0,0,0,0,151,0,0,24,113,48,0,0,0,0,27,20,0,0,0,0,38,97,0,0,0,0,0,0,0,0,0,0,0,0,0,0,0,0,0,0,0,0,0,0,0,0,0,0,0,0,0,0,0,0,0,strafe_right
0,0,0,0,0,0,0,0,0,0,0,0,0,0,0,0,0,0,0,0,0,0,0,0,0,0,34,0,0,0,0,0,0,41,0,39,0,0,72,22,0,0,0,0,3,275,0,0,42,19,0,0,0,0,0,37,39,0,0,0,0,0,35,0,0,0,0,0,11,0,0,0,0,0,0,0,0,0,0,0,0,0,0,0,0,0,0,0,0,0,0,0,0,0,0,0,strafe_right
0,0,0,0,0,0,0,0,0,0,0,0,0,0,0,0,0,0,0,0,0,0,0,0,0,0,50,0,0,0,0,0,0,45,0,14,0,0,67,17,0,0,0,0,0,211,0,0,35,59,16,0,0,0,0,28,24,0,0,0,0,25,78,0,0,0,0,0,8,0,0,0,0,0,0,0,0,0,0,0,0,0,0,0,0,0,0,0,0,0,0,0,0,0,0,0,strafe_right
0,0,0,0,0,0,0,0,0,0,0,0,0,0,0,0,0,0,0,0,0,5,0,0,0,0,69,8,0,0,0,0,0,44,0,0,0,0,70,21,0,0,0,0,0,114,0,0,32,69,22,0,0,0,0,22,14,0,0,0,0,54,103,0,0,0,0,0,12,0,0,0,0,0,0,0,0,0,0,0,0,0,0,0,0,0,0,0,0,0,0,0,0,0,0,0,strafe_right
0,0,0,0,0,0,0,7,211,46,0,0,0,0,0,0,18,0,0,0,0,23,0,0,0,0,0,63,0,0,0,0,0,4,0,0,0,0,141,80,0,0,0,0,0,0,0,0,0,0,0,0,0,0,0,17,20,0,0,0,0,0,0,0,0,0,0,0,31,20,0,0,0,0,19,0,0,0,0,0,39,0,0,0,0,0,0,0,0,0,0,0,52,0,0,0,none
0,0,0,0,0,0,0,8,218,46,0,0,0,0,0,0,23,0,0,0,0,26,0,0,0,0,0,65,0,0,0,0,0,0,0,0,0,0,139,81,0,0,0,0,0,0,0,0,0,0,4,0,0,0,0,16,15,0,0,0,0,22,25,0,0,0,0,0,13,9,0,0,0,18,49,0,0,0,0,0,28,0,0,0,0,0,0,0,0,0,0,0,28,0,0,0,none
0,0,0,0,0,0,0,9,218,46,0,0,0,0,0,0,21,0,0,0,0,24,0,0,0,0,0,66,0,0,0,0,0,0,0,0,0,0,140,77,0,0,0,0,0,0,0,0,0,0,12,0,0,0,0,17,15,0,0,0,0,19,23,0,0,0,0,0,12,9,0,0,0,18,50,0,0,0,0,0,26,0,0,0,0,0,0,0,0,0,0,0,32,0,0,0,none
0,0,0,0,0,0,0,11,228,45,0,0,0,0,0,0,25,0,0,0,0,22,0,0,0,0,0,69,0,0,0,0,0,0,0,0,0,0,137,80,0,0,0,0,0,0,0,0,0,0,14,0,0,0,0,20,18,0,0,0,0,20,25,0,0,0,0,0,9,7,0,0,0,19,52,0,0,0,0,0,26,0,0,0,0,0,0,0,0,0,0,0,31,0,0,0,none
0,0,0,0,0,0,0,15,232,47,0,0,0,0,0,0,25,0,0,0,0,22,0,0,0,0,0,68,0,0,0,0,0,0,0,0,0,0,139,80,0,0,0,0,0,0,0,0,0,0,12,0,0,0,0,16,15,0,0,0,0,19,24,0,0,0,0,0,6,7,0,0,0,19,52,0,0,0,0,0,26,0,0,0,0,0,0,0,0,0,0,0,32,0,0,0,none
0,0,0,0,0,0,0,33,290,45,0,0,0,0,0,0,46,0,0,0,0,0,0,0,0,0,0,70,0,0,0,0,0,0,0,0,0,0,135,69,0,0,0,0,0,0,0,0,0,0,0,0,0,0,0,0,0,0,0,0,0,17,22,0,0,0,0,0,5,8,0,0,0,32,59,0,0,0,0,0,26,0,0,0,0,0,0,0,0,0,0,0,53,0,0,0,none
0,0,0,0,0,0,0,36,289,44,0,0,0,0,0,0,54,0,0,0,0,0,0,0,0,0,0,67,0,0,0,0,0,0,0,0,0,0,140,71,0,0,0,0,0,0,0,0,0,0,0,0,0,0,0,0,0,0,0,0,0,19,24,0,0,0,0,0,7,12,0,0,0,33,59,0,0,0,0,0,26,0,0,0,0,0,0,0,0,0,0,0,55,0,0,0,none
0,0,0,0,0,0,0,31,283,37,0,0,0,0,0,0,59,0,0,0,0,0,0,0,0,0,0,65,0,0,0,0,0,0,0,0,0,0,141,70,0,0,0,0,0,0,0,0,0,0,0,0,0,0,0,0,0,0,0,0,0,15,19,0,0,0,0,0,0,6,0,0,0,33,58,0,0,0,0,0,28,0,0,0,0,0,0,0,0,0,0,0,58,0,0,0,none
0,0,0,0,0,0,0,27,256,33,0,0,0,0,0,0,59,0,0,0,0,0,0,0,0,0,0,69,3,0,0,0,0,0,0,0,0,0,137,72,0,0,0,0,0,0,0,0,0,0,0,0,0,0,0,0,3,0,0,0,0,19,24,0,0,0,0,0,9,11,0,0,0,30,60,0,0,0,0,0,32,0,0,0,0,0,0,0,0,0,0,0,55,0,0,0,none
0,0,0,0,0,0,0,30,266,38,0,0,0,0,0,0,59,0,0,0,0,0,0,0,0,0,0,67,0,0,0,0,0,0,0,0,0,0,138,72,0,0,0,0,0,0,0,0,0,0,0,0,0,0,0,14,9,0,0,0,0,24,27,0,0,0,0,0,16,8,0,0,0,33,55,0,0,0,0,0,29,0,0,0,0,0,0,0,0,0,0,0,50,0,0,0,none
0,0,0,0,0,0,0,21,232,40,0,0,0,0,0,0,47,0,0,0,0,5,0,0,0,0,0,73,4,0,0,0,0,0,0,0,0,0,144,78,0,0,0,0,0,0,0,0,0,10,17,0,0,0,0,26,17,0,0,0,0,27,28,0,0,0,0,0,12,4,0,0,0,27,49,0,0,0,0,0,30,0,0,0,0,0,0,0,0,0,0,0,41,0,0,0,none
0,0,0,0,0,0,0,16,206,37,0,0,0,0,0,0,43,0,0,0,0,17,0,0,0,0,0,72,0,0,0,0,0,0,0,0,0,0,142,79,0,0,0,0,0,0,0,0,0,11,22,0,0,0,0,29,23,0,0,0,0,33,28,0,0,0,0,0,17,5,0,0,0,24,46,0,0,0,0,0,27,0,0,0,0,0,0,0,0,0,0,0,32,0,0,0,none
0,0,0,0,0,0,0,4,169,31,0,0,0,0,0,0,20,0,0,0,0,23,0,0,0,0,0,68,0,0,0,0,0,0,0,0,0,0,142,84,0,0,0,0,0,0,0,0,0,23,31,0,0,0,0,32,26,0,0,0,0,33,27,0,0,0,0,0,16,4,0,0,0,19,44,0,0,0,0,0,18,0,0,0,0,0,0,0,0,0,0,0,24,0,0,0,none
0,0,0,0,0,0,0,0,139,31,0,0,0,0,0,0,0,0,0,0,0,24,0,0,0,0,0,64,0,0,0,0,0,12,0,0,0,0,140,87,0,0,0,0,0,0,0,0,0,39,47,0,0,0,0,39,34,0,0,0,0,31,25,0,0,0,0,0,13,0,0,0,0,9,33,0,0,0,0,0,8,0,0,0,0,0,0,0,0,0,0,0,0,0,0,0,none
0,0,0,0,0,0,0,0,120,24,0,0,0,0,0,0,0,0,0,0,0,27,0,0,0,0,0,62,0,0,0,0,0,18,0,0,0,0,147,89,0,0,0,0,0,0,0,0,0,43,53,0,0,0,0,37,33,0,0,0,0,26,18,0,0,0,0,0,11,0,0,0,0,5,33,0,0,0,0,0,4,0,0,0,0,0,0,0,0,0,0,0,0,0,0,0,none
0,0,0,0,0,0,0,0,107,26,0,0,0,0,0,0,0,0,0,0,0,28,0,0,0,0,0,62,0,0,0,0,0,19,0,0,0,0,146,91,0,0,0,0,0,0,0,0,0,50,58,0,0,0,0,35,32,0,0,0,0,31,23,0,0,0,0,0,9,0,0,0,0,11,38,0,0,0,0,0,0,0,0,0,0,0,0,0,0,0,0,0,0,0,0,0,none
0,0,0,0,0,0,0,0,136,31,0,0,0,0,0,0,0,0,0,0,0,25,0,0,0,0,0,63,0,0,0,0,0,12,0,0,0,0,143,86,0,0,0,0,0,0,0,0,0,48,54,0,0,0,0,34,30,0,0,0,0,32,25,0,0,0,0,0,6,0,0,0,0,18,48,0,0,0,0,0,11,0,0,0,0,0,0,0,0,0,0,0,0,0,0,0,none
0,0,0,0,0,0,0,0,143,32,0,0,0,0,0,0,5,0,0,0,0,25,0,0,0,0,0,65,0,0,0,0,0,9,0,0,0,0,143,87,0,0,0,0,0,0,0,0,0,35,43,0,0,0,0,26,25,0,0,0,0,30,27,0,0,0,0,0,9,0,0,0,0,22,51,0,0,0,0,0,18,0,0,0,0,0,0,0,0,0,0,0,0,0,0,0,none
0,0,0,0,0,0,0,20,222,47,0,0,0,0,0,0,35,0,0,0,0,19,0,0,0,0,0,70,0,0,0,0,0,0,0,0,0,0,146,86,0,0,0,0,0,0,0,0,0,12,18,0,0,0,0,11,12,0,0,0,0,32,34,0,0,0,0,0,11,9,0,0,0,33,61,0,0,0,0,0,21,0,0,0,0,0,0,0,0,0,0,0,21,0,0,0,none
0,0,0,0,0,0,0,0,18,20,0,0,0,0,0,0,24,0,0,0,0,10,0,0,0,0,79,107,0,0,0,0,0,15,0,0,0,0,98,88,0,0,0,0,0,0,0,0,0,0,0,0,0,0,0,0,6,0,0,0,0,34,36,0,0,0,0,0,12,10,0,0,0,41,82,13,0,0,0,0,25,0,0,0,0,0,8,0,0,0,0,0,29,0,0,0,none
0,0,0,0,0,0,0,0,22,20,0,0,0,0,0,0,23,0,0,0,0,9,0,0,0,0,78,107,0,0,0,0,0,16,0,0,0,0,97,88,0,0,0,0,0,0,0,0,0,0,0,0,0,0,0,0,7,0,0,0,0,32,34,0,0,0,0,0,12,8,0,0,0,43,83,14,0,0,0,0,27,0,0,0,0,0,6,0,0,0,0,0,27,0,0,0,none
0,0,0,0,0,0,0,0,21,17,0,0,0,0,0,0,14,0,0,0,0,0,0,0,0,0,77,116,0,0,0,0,0,13,0,0,0,0,90,89,0,0,0,0,0,0,0,0,0,0,8,0,0,0,0,6,5,0,0,0,0,31,31,0,0,0,0,0,11,8,0,0,0,38,79,10,0,0,0,0,26,0,0,0,0,0,5,0,0,0,0,0,25,0,0,0,none
0,0,0,28,0,15,104,16,70,6,0,0,0,0,82,43,12,0,0,0,0,0,0,0,0,0,3,63,0,0,0,0,0,0,0,0,0,0,0,0,0,0,0,0,0,0,0,0,0,0,0,0,0,0,0,0,0,0,0,0,0,0,0,0,0,0,0,0,0,0,0,0,0,36,75,0,0,0,0,0,0,0,0,0,0,21,42,0,0,0,0,0,100,0,0,0,strafe_left
0,0,0,29,0,14,106,16,70,6,0,0,0,0,78,41,9,0,0,0,0,0,0,0,0,0,3,64,0,0,0,0,0,0,0,0,0,0,0,0,0,0,0,0,0,0,0,0,0,0,0,0,0,0,0,0,0,0,0,0,0,0,0,0,0,0,0,0,0,0,0,0,0,28,65,0,0,0,0,0,0,0,0,0,0,20,39,0,0,0,0,0,108,0,0,0,strafe_left
0,0,0,29,0,17,109,19,71,7,0,0,0,0,81,43,10,0,0,0,0,0,0,0,0,0,0,62,0,0,0,0,0,0,0,0,0,0,0,0,0,0,0,0,0,0,0,0,0,0,0,0,0,0,0,0,0,0,0,0,0,0,0,0,0,0,0,0,0,0,0,0,0,20,58,0,0,0,0,0,0,0,0,0,0,16,38,0,0,0,0,0,113,0,0,0,strafe_left
0,0,0,31,3,15,108,18,72,8,0,0,0,0,78,42,8,0,0,0,0,0,0,0,0,0,0,62,0,0,0,0,0,0,0,0,0,0,0,0,0,0,0,0,0,0,0,0,0,0,0,0,0,0,0,0,0,0,0,0,0,0,0,0,0,0,0,0,0,0,0,0,0,27,62,0,0,0,0,0,0,0,0,0,0,15,38,0,0,0,0,0,115,0,0,0,strafe_left
0,0,0,30,4,17,101,18,72,5,0,0,0,0,79,40,11,0,0,0,0,0,0,0,0,0,0,63,0,0,0,0,0,0,0,0,0,0,0,0,0,0,0,0,0,0,0,0,0,0,0,0,0,0,0,0,0,0,0,0,0,0,0,0,0,0,0,0,0,0,0,0,0,26,61,0,0,0,0,0,0,0,0,0,0,19,37,0,0,0,0,0,108,0,0,0,strafe_left
0,0,0,47,18,20,82,0,39,0,0,0,0,0,113,64,16,0,0,0,0,0,0,0,0,0,17,73,0,0,0,0,0,0,0,0,0,0,0,0,0,0,0,0,0,0,0,0,0,0,0,0,0,0,0,0,0,0,0,0,0,0,0,0,0,0,0,0,0,0,0,0,0,35,69,0,0,0,0,0,0,0,0,0,0,19,42,0,0,0,0,0,99,0,0,0,strafe_left
0,0,0,46,12,11,59,0,32,0,0,0,0,0,126,73,16,0,0,0,0,0,0,0,0,0,18,74,0,0,0,0,0,0,0,0,0,0,0,0,0,0,0,0,0,0,0,0,0,0,0,0,0,0,0,0,0,0,0,0,0,0,0,0,0,0,0,0,0,0,0,0,0,39,72,0,0,0,0,0,0,0,0,0,0,22,44,0,0,0,0,0,98,0,0,0,strafe_left
0,0,0,40,11,11,72,0,45,0,0,0,0,0,109,62,17,0,0,0,0,0,0,0,0,0,16,70,0,0,0,0,0,0,0,0,0,0,0,0,0,0,0,0,0,0,0,0,0,0,0,0,0,0,0,0,0,0,0,0,0,0,0,0,0,0,0,0,0,0,0,0,0,40,74,0,0,0,0,0,0,0,0,0,0,21,42,0,0,0,0,0,100,0,0,0,strafe_left
0,0,0,43,12,19,88,0,55,0,0,0,0,0,101,54,10,0,0,0,0,0,0,0,0,0,8,67,0,0,0,0,0,0,0,0,0,0,0,0,0,0,0,0,0,0,0,0,0,0,0,0,0,0,0,0,0,0,0,0,0,0,0,0,0,0,0,0,0,0,0,0,0,38,70,0,0,0,0,0,0,0,0,0,0,24,44,0,0,0,0,0,104,0,0,0,strafe_left
0,0,0,44,13,20,81,0,53,0,0,0,0,0,104,47,0,0,0,0,0,0,0,0,0,0,5,57,0,0,0,0,0,0,0,0,0,0,0,0,0,0,0,0,0,0,0,0,0,0,0,0,0,0,0,0,0,0,0,0,0,0,0,0,0,0,0,0,0,0,0,0,0,34,67,0,0,0,0,0,0,0,0,0,0,23,44,0,0,0,0,0,110,0,0,0,strafe_left
0,0,0,36,10,20,93,3,59,0,0,0,0,0,82,37,0,0,0,0,0,0,0,0,0,0,0,47,0,0,0,0,0,0,0,0,0,0,0,0,0,0,0,0,0,0,0,0,0,0,0,0,0,0,0,0,0,0,0,0,0,0,0,0,0,0,0,0,0,0,0,0,0,33,64,0,0,0,0,0,0,0,0,0,0,20,42,0,0,0,0,0,110,0,0,0,strafe_left
0,0,0,33,10,18,97,4,63,0,0,0,0,0,79,36,0,0,0,0,0,0,0,0,0,0,0,44,0,0,0,0,0,0,0,0,0,0,0,0,0,0,0,0,0,0,0,0,0,0,0,0,0,0,0,0,0,0,0,0,0,0,0,0,0,0,0,0,0,0,0,0,0,28,65,0,0,0,0,0,0,0,0,0,0,21,45,0,0,0,0,0,116,0,0,0,strafe_left
0,0,0,34,7,23,106,12,62,0,0,0,0,0,66,29,0,0,0,0,0,0,0,0,0,0,0,37,0,0,0,0,0,0,0,0,0,0,0,0,0,0,0,0,0,0,0,0,0,0,0,0,0,0,0,0,0,0,0,0,0,0,0,0,0,0,0,0,0,0,0,0,0,14,59,0,0,0,0,0,0,0,0,0,0,15,37,0,0,0,0,0,120,3,0,0,strafe_left
0,0,0,25,0,18,120,21,81,0,0,0,0,0,49,19,0,0,0,0,0,0,0,0,0,0,0,26,0,0,0,0,0,0,0,0,0,0,0,0,0,0,0,0,0,0,0,0,0,0,0,0,0,0,0,0,0,0,0,0,0,0,0,0,0,0,0,0,0,0,0,0,0,13,55,0,0,0,0,0,0,0,0,0,0,9,33,0,0,0,0,0,122,5,0,0,strafe_left
0,0,0,25,0,34,94,20,45,0,0,0,0,0,51,27,0,0,0,0,0,0,0,0,0,0,0,34,0,0,0,0,0,0,0,0,0,0,0,0,0,0,0,0,0,0,0,0,0,0,0,0,0,0,0,0,0,0,0,0,0,0,0,0,0,0,0,0,0,0,0,0,0,8,48,0,0,0,0,0,0,0,0,0,0,12,32,0,0,0,0,0,124,5,0,0,strafe_left
0,0,0,26,0,44,97,26,54,0,0,0,0,0,62,31,0,0,0,0,0,0,0,0,0,0,0,41,0,0,0,0,0,0,0,0,0,0,0,0,0,0,0,0,0,0,0,0,0,0,0,0,0,0,0,0,0,0,0,0,0,0,0,0,0,0,0,0,0,0,0,0,0,12,51,0,0,0,0,0,0,0,0,0,0,10,28,0,0,0,0,0,117,0,0,0,strafe_left
0,0,0,25,0,47,97,28,60,0,0,0,0,0,60,27,0,0,0,0,0,0,0,0,0,0,0,47,0,0,0,0,0,0,0,0,0,0,0,0,0,0,0,0,0,0,0,0,0,0,0,0,0,0,0,0,0,0,0,0,0,0,0,0,0,0,0,0,0,0,0,0,0,7,49,0,0,0,0,0,0,0,0,0,0,9,31,0,0,0,0,0,122,0,0,0,strafe_left
0,0,0,18,0,48,109,39,72,0,0,0,0,0,35,15,0,0,0,0,0,0,0,0,0,0,0,34,0,0,0,0,0,0,0,0,0,0,0,0,0,0,0,0,0,0,0,0,0,0,0,0,0,0,0,0,0,0,0,0,0,0,0,0,0,0,0,0,0,0,0,0,0,6,49,0,0,0,0,0,0,0,0,0,0,6,28,0,0,0,0,0,112,0,0,0,strafe_left
0,0,0,0,0,44,134,54,85,0,0,0,0,0,4,5,0,0,0,0,0,0,0,0,0,0,0,27,0,0,0,0,0,0,0,0,0,0,0,0,0,0,0,0,0,0,0,0,0,0,0,0,0,0,0,0,0,0,0,0,0,0,0,0,0,0,0,0,0,0,0,0,0,7,59,0,0,0,0,0,0,0,0,0,0,0,20,0,0,0,0,0,113,0,0,0,strafe_left
0,0,0,0,0,49,138,55,91,0,0,0,0,0,4,10,0,0,0,0,0,0,0,0,0,0,0,28,0,0,0,0,0,0,0,0,0,0,0,0,0,0,0,0,0,0,0,0,0,0,0,0,0,0,0,0,0,0,0,0,0,0,0,0,0,0,0,0,0,0,0,0,0,7,51,0,0,0,0,0,0,0,0,0,0,0,14,0,0,0,0,0,114,0,0,0,strafe_left
0,0,0,0,0,48,142,57,94,4,0,0,0,0,0,0,0,0,0,0,0,0,0,0,0,0,0,18,0,0,0,0,0,0,0,0,0,0,0,0,0,0,0,0,0,0,0,0,0,0,0,0,0,0,0,0,0,0,0,0,0,0,0,0,0,0,0,0,0,0,0,0,0,12,50,0,0,0,0,0,0,0,0,0,0,0,14,0,0,0,0,0,110,0,0,0,strafe_left
0,0,0,0,0,32,134,55,100,7,0,0,0,0,0,0,0,0,0,0,0,0,0,0,0,0,0,18,0,0,0,0,0,0,0,0,0,0,0,0,0,0,0,0,0,0,0,0,0,0,0,0,0,0,0,0,0,0,0,0,0,0,0,0,0,0,0,0,0,0,0,0,0,5,58,0,0,0,0,0,0,0,0,0,0,0,17,0,0,0,0,0,111,0,0,0,strafe_left
0,0,0,17,41,0,11,0,170,59,0,0,0,0,0,45,0,0,0,0,0,0,0,0,0,0,0,17,0,0,0,0,0,0,0,0,0,0,0,0,0,0,0,0,0,0,0,0,0,0,0,0,0,0,0,0,0,0,0,0,0,0,0,0,0,0,0,0,0,0,0,0,0,0,31,0,0,0,0,0,0,0,0,0,0,0,0,0,0,0,0,0,131,33,0,0,strafe_left
0,0,0,15,38,0,13,0,171,60,0,0,0,0,0,46,0,0,0,0,0,0,0,0,0,0,0,11,0,0,0,0,0,0,0,0,0,0,0,0,0,0,0,0,0,0,0,0,0,0,0,0,0,0,0,0,0,0,0,0,0,0,0,0,0,0,0,0,0,0,0,0,0,0,31,0,0,0,0,0,0,0,0,0,0,0,0,0,0,0,0,0,134,33,0,0,strafe_left
0,0,0,5,23,0,10,0,172,65,0,0,0,0,0,36,0,0,0,0,0,0,0,0,0,0,0,0,0,0,0,0,0,0,0,0,0,0,0,0,0,0,0,0,0,0,0,0,0,0,0,0,0,0,0,0,0,0,0,0,0,0,0,0,0,0,0,0,0,0,0,0,0,0,32,0,0,0,0,0,0,0,0,0,0,0,0,0,0,0,0,0,138,39,0,0,strafe_left
0,0,0,9,0,0,0,0,46,12,0,0,0,0,42,99,0,0,0,0,0,0,0,0,0,0,61,33,0,0,0,0,0,0,0,0,0,0,0,0,0,0,0,0,0,0,0,0,0,0,0,0,0,0,0,0,0,0,0,0,0,0,25,0,0,0,0,0,0,0,0,0,0,0,88,0,0,0,0,0,0,0,0,0,0,0,0,0,0,0,0,0,117,12,0,0,strafe_left
0,0,0,9,0,0,0,0,64,20,0,0,0,0,35,92,0,0,0,0,0,0,0,0,0,0,49,24,0,0,0,0,0,0,0,0,0,0,0,0,0,0,0,0,0,0,0,0,0,0,0,0,0,0,0,0,0,0,0,0,0,0,4,0,0,0,0,0,0,0,0,0,0,0,79,0,0,0,0,0,0,0,0,0,0,0,0,0,0,0,0,0,126,19,0,0,strafe_left
0,0,0,11,0,0,0,0,61,15,0,0,0,0,41,98,0,0,0,0,0,0,0,0,0,0,53,25,0,0,0,0,0,0,0,0,0,0,0,0,0,0,0,0,0,0,0,0,0,0,0,0,0,0,0,0,0,0,0,0,0,0,0,0,0,0,0,0,0,0,0,0,0,0,78,0,0,0,0,0,0,0,0,0,0,0,0,0,0,0,0,0,123,18,0,0,strafe_left
0,0,0,21,0,0,0,0,69,10,0,0,0,0,57,98,0,0,0,0,0,0,0,0,0,0,50,13,0,0,0,0,0,0,0,0,0,0,0,0,0,0,0,0,0,0,0,0,0,0,0,0,0,0,0,0,0,0,0,0,0,0,3,0,0,0,0,0,0,0,0,0,0,0,86,0,0,0,0,0,0,0,0,0,0,0,0,0,0,0,0,0,112,12,0,0,strafe_left
0,0,67,53,81,0,119,8,6,0,0,0,0,0,33,75,0,0,0,0,0,0,0,0,0,0,6,18,0,0,0,0,0,0,0,0,0,0,0,0,0,0,0,0,0,0,0,0,0,0,0,0,0,0,0,0,0,0,0,0,0,0,33,0,0,0,0,0,0,0,0,0,0,11,172,13,0,0,0,0,0,0,0,0,0,0,0,0,0,0,0,0,91,0,0,0,strafe_left
0,0,68,54,82,0,115,6,5,0,0,0,0,0,32,75,0,0,0,0,0,0,0,0,0,0,6,14,0,0,0,0,0,0,0,0,0,0,0,0,0,0,0,0,0,0,0,0,0,0,0,0,0,0,0,0,0,0,0,0,0,0,36,0,0,0,0,0,0,0,0,0,0,7,170,10,0,0,0,0,0,0,0,0,0,0,0,0,0,0,0,0,92,0,0,0,strafe_left
0,0,66,53,81,0,113,5,4,0,0,0,0,0,32,79,0,0,0,0,0,0,0,0,0,0,0,15,0,0,0,0,0,0,0,0,0,0,0,0,0,0,0,0,0,0,0,0,0,0,0,0,0,0,0,0,0,0,0,0,0,0,36,0,0,0,0,0,0,0,0,0,0,9,175,6,0,0,0,0,0,0,0,0,0,0,0,0,0,0,0,0,91,0,0,0,strafe_left
0,0,0,0,0,0,0,0,0,0,0,0,0,44,37,0,0,0,0,0,0,0,0,0,0,120,75,0,0,0,0,0,0,0,0,0,0,50,39,0,0,0,0,0,0,0,0,0,125,113,13,0,0,0,0,0,0,0,0,0,0,185,52,0,0,0,0,0,0,0,0,0,0,3,0,0,0,0,0,0,0,0,0,0,0,0,0,0,0,0,0,0,0,0,0,0,backward
0,0,0,0,0,0,0,0,0,0,0,0,0,0,17,0,0,0,0,0,0,0,0,0,0,0,63,0,0,0,0,0,0,0,0,0,0,0,0,0,0,0,0,0,0,0,0,0,209,74,0,0,0,0,0,0,0,0,0,0,166,273,35,0,0,0,0,0,0,0,0,0,0,439,27,0,0,0,0,0,0,0,0,0,0,0,0,0,0,0,0,0,0,0,0,0,backward
0,0,4,0,0,0,0,0,0,0,0,0,0,0,22,0,0,0,0,0,0,0,0,0,0,0,60,0,0,0,0,0,0,0,0,0,0,0,0,0,0,0,0,0,0,0,0,0,207,72,0,0,0,0,0,0,0,0,0,0,152,262,36,0,0,0,0,0,0,0,0,0,0,419,33,0,0,0,0,0,0,0,0,0,0,0,0,0,0,0,0,0,0,0,0,0,backward
29,9,0,0,0,0,0,0,0,0,0,0,10,24,0,0,0,0,0,0,0,0,0,0,0,0,19,0,0,0,0,88,0,0,0,0,0,0,0,0,0,0,0,4,0,0,0,0,0,4,0,0,0,0,0,0,0,0,0,0,0,133,83,0,0,0,0,0,0,0,0,0,0,166,86,0,0,0,0,0,0,0,0,0,0,0,0,0,0,0,0,0,0,0,0,0,backward
26,9,0,0,0,0,0,0,0,0,0,0,9,24,0,0,0,0,0,0,0,0,0,0,0,0,18,0,0,0,0,87,0,0,0,0,0,0,0,0,0,0,0,4,0,0,0,0,0,3,0,0,0,0,0,0,0,0,0,0,0,131,83,0,0,0,0,0,0,0,0,0,0,163,86,0,0,0,0,0,0,0,0,0,0,0,0,0,0,0,0,0,0,0,0,0,backward
27,9,0,0,0,0,0,0,0,0,0,0,10,24,0,0,0,0,0,0,0,0,0,0,0,0,19,0,0,0,0,85,0,0,0,0,0,0,0,0,0,0,0,3,0,0,0,0,0,4,0,0,0,0,0,0,0,0,0,0,0,136,84,0,0,0,0,0,0,0,0,0,0,165,88,0,0,0,0,0,0,0,0,0,0,0,0,0,0,0,0,0,0,0,0,0,backward
0,0,0,0,0,0,0,0,0,0,0,0,0,3,0,0,0,0,0,0,0,0,0,0,0,0,34,0,0,0,0,0,24,0,0,0,0,0,0,0,0,0,0,30,31,0,0,0,47,211,80,0,0,0,0,0,0,0,0,0,0,5,31,0,0,0,0,171,0,0,0,0,0,0,0,0,0,0,0,0,0,0,0,0,0,0,0,0,0,0,0,0,0,0,0,0,strafe_right
0,0,0,0,0,0,0,0,0,0,0,0,0,0,0,0,0,0,0,0,0,0,0,0,0,0,34,0,0,0,0,0,37,0,0,0,0,0,0,0,0,0,0,33,50,0,0,0,0,126,49,0,0,0,0,0,0,0,0,0,0,0,18,0,0,0,0,243,13,0,0,0,0,0,0,0,0,0,0,0,0,0,0,0,0,0,0,0,0,0,0,0,0,0,0,0,strafe_right
0,0,0,0,0,0,0,0,0,0,0,0,0,0,0,0,0,0,0,0,0,0,0,0,0,0,30,0,0,0,0,0,42,0,0,0,0,0,0,0,0,0,0,31,61,3,0,0,0,72,27,0,0,0,0,0,0,0,0,0,0,0,10,0,0,0,0,274,26,6,0,0,0,0,0,0,0,0,0,0,0,0,0,0,0,0,0,0,0,0,0,0,0,0,0,0,strafe_right
0,0,0,0,0,0,0,0,0,0,0,0,0,0,0,0,0,0,0,0,0,0,0,0,0,0,29,0,0,0,0,0,50,0,0,0,0,0,0,0,0,0,0,19,54,3,0,0,0,60,23,0,0,0,0,0,0,0,0,0,0,0,3,0,0,0,0,307,37,5,0,0,0,0,0,0,0,0,0,0,0,0,0,0,0,0,0,0,0,0,0,0,0,0,0,0,strafe_right
0,0,0,0,0,0,0,0,0,0,0,0,0,0,0,0,0,0,0,0,0,0,0,0,0,0,36,0,0,0,0,0,30,0,0,0,0,0,0,0,0,0,0,0,19,0,0,0,0,115,44,0,0,0,0,0,0,0,0,0,0,0,18,0,0,0,0,250,15,0,0,0,0,0,0,0,0,0,0,0,0,0,0,0,0,0,0,0,0,0,0,0,0,0,0,0,strafe_right
0,0,0,0,0,0,0,0,0,0,0,0,0,0,0,0,0,0,0,0,0,0,0,0,0,0,36,0,0,0,0,0,27,0,0,0,0,0,0,0,0,0,0,0,18,0,0,0,0,132,45,0,0,0,0,0,0,0,0,0,0,0,17,0,0,0,0,217,3,0,0,0,0,0,0,0,0,0,0,0,0,0,0,0,0,0,0,0,0,0,0,0,0,0,0,0,strafe_right
0,0,0,0,0,0,0,0,0,0,0,0,0,3,0,0,0,0,0,0,0,0,0,0,0,0,37,0,0,0,0,0,0,0,0,0,0,0,0,0,0,0,0,0,6,0,0,0,23,170,62,0,0,0,0,0,0,0,0,0,0,0,21,0,0,0,0,174,0,0,0,0,0,0,0,0,0,0,0,0,0,0,0,0,0,0,0,0,0,0,0,0,0,0,0,0,strafe_right
0,0,0,0,0,0,0,0,0,0,0,0,0,4,42,0,0,0,0,0,0,0,0,0,0,0,40,0,0,0,0,0,27,0,0,0,0,0,0,0,0,0,0,16,34,0,0,0,16,164,63,0,0,0,0,0,0,0,0,0,0,13,28,0,0,0,0,188,6,0,0,0,0,0,0,0,0,0,0,0,0,0,0,0,0,0,0,0,0,0,0,0,0,0,0,0,strafe_right
0,0,0,0,0,0,0,0,0,0,0,0,0,0,37,0,0,0,0,0,0,0,0,0,0,0,40,0,0,0,0,0,107,0,0,0,0,0,0,0,0,0,0,37,39,0,0,0,0,157,62,0,0,0,0,0,0,0,0,0,0,14,27,0,0,0,0,182,0,0,0,0,0,0,0,0,0,0,0,0,0,0,0,0,0,0,0,0,0,0,0,0,0,0,0,0,strafe_right
0,0,0,0,0,0,0,0,0,0,0,0,0,0,33,0,0,0,0,0,0,0,0,0,0,0,35,0,0,0,0,0,107,0,0,0,0,0,0,0,0,0,0,46,51,0,0,0,0,113,39,0,0,0,0,0,0,0,0,0,0,0,24,0,0,0,0,213,14,0,0,0,0,0,0,0,0,0,0,0,0,0,0,0,0,0,0,0,0,0,0,0,0,0,0,0,strafe_right
0,0,0,0,0,0,0,0,0,0,0,0,0,8,46,0,0,0,0,0,0,0,0,0,0,0,31,0,0,0,0,0,68,0,0,0,0,0,0,0,0,0,0,20,18,0,0,0,0,118,43,0,0,0,0,0,0,0,0,0,0,0,24,0,0,0,0,213,52,0,0,0,0,0,0,0,0,0,0,0,8,0,0,0,0,0,0,0,0,0,0,0,0,0,0,0,strafe_right
0,0,0,0,0,0,0,0,0,0,0,0,0,19,56,0,0,0,0,0,0,0,0,0,0,0,33,0,0,0,0,0,35,0,0,0,0,0,0,0,0,0,0,14,4,0,0,0,0,84,30,0,0,0,0,0,0,0,0,0,0,0,22,0,0,0,0,241,59,0,0,0,0,0,0,0,0,0,0,0,8,0,0,0,0,0,0,0,0,0,0,0,0,0,0,0,strafe_right
0,0,0,0,0,0,0,0,0,0,0,0,0,17,10,0,0,0,0,0,0,0,0,0,0,0,22,0,0,0,0,0,0,0,0,0,0,0,0,0,0,0,0,42,28,0,0,0,0,112,45,0,0,27,0,0,0,0,0,0,0,0,0,0,0,0,0,182,54,0,0,0,0,0,0,0,0,0,0,9,43,0,0,0,0,0,0,0,0,0,0,0,0,0,0,0,strafe_right
0,0,0,0,0,0,0,0,0,0,0,0,0,0,0,0,0,0,0,0,0,0,0,0,0,0,17,0,0,0,0,0,0,0,0,0,0,0,0,0,0,0,0,45,32,0,0,0,0,38,8,0,0,28,0,0,0,0,0,0,0,0,0,0,0,0,15,217,75,0,0,0,0,0,0,0,0,0,0,21,55,0,0,0,0,0,0,0,0,0,0,0,0,0,0,0,strafe_right
0,0,0,0,0,0,0,0,0,0,0,0,0,0,0,0,0,0,0,0,0,0,0,0,0,0,10,0,0,0,0,0,0,0,0,0,0,0,0,0,0,0,0,50,36,0,0,0,0,0,0,0,0,26,0,0,0,0,0,0,0,0,0,0,0,0,18,245,90,0,0,0,0,0,0,0,0,0,0,24,57,0,0,0,0,0,0,0,0,0,0,0,0,0,0,0,strafe_right
0,0,0,0,0,0,0,0,0,0,0,0,0,0,0,0,0,0,0,0,0,0,0,0,0,0,0,0,0,0,0,0,0,0,0,0,0,0,0,0,0,0,0,53,39,0,0,0,0,0,0,0,0,19,0,0,0,0,0,0,0,0,0,0,0,0,20,255,86,0,0,0,0,0,0,0,0,0,0,30,63,0,0,0,0,0,0,0,0,0,0,0,0,0,0,0,strafe_right
0,0,0,0,0,0,0,0,0,0,0,0,0,0,0,0,0,0,0,0,0,0,0,0,0,0,0,0,0,0,0,0,0,0,0,0,0,0,0,0,0,0,0,56,42,0,0,0,0,0,0,0,0,12,0,0,0,0,0,0,0,0,0,0,0,0,17,276,99,0,0,0,0,0,0,0,0,0,0,33,67,0,0,0,0,0,0,0,0,0,0,0,0,0,0,0,strafe_right
0,0,0,0,0,0,0,0,0,0,0,0,0,0,0,0,0,0,0,0,0,0,0,0,0,0,13,0,0,0,0,0,0,0,0,0,0,0,0,0,0,0,0,57,39,0,0,0,0,47,14,0,0,38,0,0,0,0,0,0,0,0,0,0,0,0,8,204,74,0,0,0,0,0,0,0,0,0,0,17,50,0,0,0,0,0,0,0,0,0,0,0,0,0,0,0,strafe_right
0,0,0,0,0,0,0,0,0,0,0,0,0,30,16,0,0,0,0,0,0,0,0,0,0,0,23,0,0,0,0,0,0,0,0,0,0,0,0,0,0,0,0,50,30,0,0,0,0,140,51,5,0,32,0,0,0,0,0,0,0,0,0,0,0,0,0,147,50,0,0,0,0,0,0,0,0,0,0,6,33,0,0,0,0,0,0,0,0,0,0,0,0,0,0,0,strafe_right
0,0,0,0,0,0,0,0,0,0,0,0,0,36,21,0,0,0,0,0,0,0,0,0,0,0,26,0,0,0,0,0,0,0,0,0,0,0,0,0,0,0,0,47,26,0,0,0,0,149,52,7,0,33,0,0,0,0,0,0,0,0,0,0,0,0,0,146,50,0,0,0,0,0,0,0,0,0,0,4,35,0,0,0,0,0,0,0,0,0,0,0,0,0,0,0,strafe_right
0,0,0,0,0,0,0,0,0,0,0,0,0,86,37,0,0,0,0,0,0,0,0,0,0,29,39,0,0,0,0,0,0,0,0,0,0,0,0,0,0,0,0,39,15,0,0,0,0,167,53,4,0,15,0,0,0,0,0,0,0,0,0,0,0,0,0,122,32,0,0,0,0,0,0,0,0,0,0,0,25,0,0,0,0,0,0,0,0,0,0,0,0,0,0,0,strafe_right
0,0,0,0,0,0,0,0,0,0,0,0,0,111,53,0,0,0,0,0,0,0,0,0,0,38,42,0,0,0,0,0,0,0,0,0,0,0,0,0,0,0,0,33,10,0,0,0,51,220,74,8,0,0,0,0,0,0,0,0,0,12,8,0,0,0,0,70,7,0,0,0,0,0,0,0,0,0,0,0,0,0,0,0,0,0,0,0,0,0,0,0,0,0,0,0,strafe_right
0,0,0,0,0,0,0,0,0,0,0,0,0,129,59,0,0,0,0,0,0,0,0,0,0,70,54,0,0,0,0,0,0,0,0,0,0,0,0,0,0,0,0,31,3,0,0,0,55,225,75,4,0,0,0,0,0,0,0,0,0,9,5,0,0,0,0,70,7,0,0,0,0,0,0,0,0,0,0,0,0,0,0,0,0,0,0,0,0,0,0,0,0,0,0,0,strafe_right
0,111,76,0,0,0,0,32,4,0,0,0,0,0,39,0,0,0,0,0,10,0,0,0,0,0,20,0,0,0,0,0,12,0,0,0,0,0,0,0,0,0,0,0,25,0,0,0,0,0,44,0,0,0,0,0,27,0,0,0,0,0,41,0,0,0,0,0,23,0,0,0,0,21,48,0,0,0,0,0,34,0,0,0,0,0,0,0,0,0,0,0,24,0,0,0,none
0,115,77,0,0,0,0,32,5,0,0,0,0,0,39,0,0,0,0,0,9,0,0,0,0,0,21,0,0,0,0,0,13,0,0,0,0,0,0,0,0,0,0,0,27,0,0,0,0,0,44,0,0,0,0,0,26,0,0,0,0,0,41,0,0,0,0,0,22,0,0,0,0,21,49,0,0,0,0,0,35,0,0,0,0,0,0,0,0,0,0,0,25,0,0,0,none
0,115,77,0,0,0,0,31,3,0,0,0,0,0,40,0,0,0,0,0,9,0,0,0,0,0,22,0,0,0,0,0,11,0,0,0,0,0,0,0,0,0,0,0,27,0,0,0,0,0,43,0,0,0,0,0,26,0,0,0,0,0,42,0,0,0,0,0,25,0,0,0,0,21,45,0,0,0,0,0,33,0,0,0,0,0,0,0,0,0,0,0,20,0,0,0,none
0,116,78,0,0,0,0,29,0,0,0,0,0,0,39,0,0,0,0,0,9,0,0,0,0,0,23,0,0,0,0,0,11,0,0,0,0,0,0,0,0,0,0,0,31,0,0,0,0,0,40,0,0,0,0,0,22,0,0,0,0,0,42,0,0,0,0,0,25,0,0,0,0,24,51,0,0,0,0,0,36,0,0,0,0,0,0,0,0,0,0,0,23,0,0,0,none
0,116,76,0,0,0,0,29,0,0,0,0,0,0,37,0,0,0,0,0,9,0,0,0,0,0,23,0,0,0,0,0,13,0,0,0,0,0,0,0,0,0,0,0,31,0,0,0,0,0,40,0,0,0,0,0,23,0,0,0,0,0,41,0,0,0,0,0,25,0,0,0,0,24,50,0,0,0,0,0,36,0,0,0,0,0,0,0,0,0,0,0,22,0,0,0,none
0,75,64,0,0,0,0,7,0,0,0,0,0,21,45,0,0,0,0,0,13,0,0,0,0,0,25,0,0,0,0,0,29,0,0,0,0,0,0,0,0,0,0,0,78,0,0,0,0,0,32,0,0,0,0,0,33,0,0,0,0,0,29,0,0,0,0,0,32,0,0,0,0,0,25,0,0,0,0,0,38,0,0,0,0,0,0,0,0,0,0,0,32,0,0,0,none
0,106,80,0,0,0,0,5,0,0,0,0,0,27,47,0,0,0,0,0,12,0,0,0,0,0,26,0,0,0,0,0,25,0,0,0,0,0,0,0,0,0,0,0,76,0,0,0,0,0,25,0,0,0,0,0,32,0,0,0,0,0,20,0,0,0,0,0,30,0,0,0,0,0,22,0,0,0,0,0,41,0,0,0,0,0,0,0,0,0,0,0,36,0,0,0,none
0,98,79,0,0,0,0,4,0,0,0,0,0,26,48,0,0,0,0,0,12,0,0,0,0,0,28,0,0,0,0,0,27,0,0,0,0,0,0,0,0,0,0,0,75,0,0,0,0,0,35,0,0,0,0,0,33,0,0,0,0,0,35,0,0,0,0,0,33,0,0,0,0,0,29,0,0,0,0,0,36,0,0,0,0,0,0,0,0,0,0,0,27,0,0,0,none
0,0,37,0,0,0,0,0,0,0,0,0,0,47,43,0,0,0,0,0,19,0,0,0,0,0,44,0,0,0,0,0,25,0,0,0,0,0,0,0,0,0,0,0,50,0,0,0,0,0,32,0,0,0,0,0,25,0,0,0,0,0,29,0,0,0,0,0,32,0,0,0,0,0,38,0,0,0,0,0,40,0,0,0,0,0,0,0,0,0,0,0,35,0,0,0,none
0,0,0,0,0,0,0,11,20,0,0,0,0,0,3,0,0,0,0,0,33,0,0,0,0,0,0,0,0,0,0,0,54,0,0,0,0,0,0,0,0,0,0,0,77,0,0,0,0,0,14,0,0,0,0,0,29,0,0,0,0,0,24,0,0,0,0,0,36,0,0,0,0,0,34,0,0,0,0,0,46,0,0,0,0,0,0,0,0,0,0,0,43,0,0,0,none
0,62,61,0,0,0,0,0,10,0,0,0,0,39,41,0,0,0,0,0,22,0,0,0,0,0,26,0,0,0,0,0,31,0,0,0,0,0,0,0,0,0,0,0,49,0,0,0,0,0,32,0,0,0,0,0,21,0,0,0,0,0,38,0,0,0,0,0,27,0,0,0,0,14,51,0,0,0,0,0,37,0,0,0,0,0,0,0,0,0,0,0,33,0,0,0,none
0,61,60,0,0,0,0,0,11,0,0,0,0,40,42,0,0,0,0,0,21,0,0,0,0,0,25,0,0,0,0,0,31,0,0,0,0,0,0,0,0,0,0,0,47,0,0,0,0,0,28,0,0,0,0,0,19,0,0,0,0,0,35,0,0,0,0,0,26,0,0,0,0,10,50,0,0,0,0,0,40,0,0,0,0,0,0,0,0,0,0,0,31,0,0,0,none
0,69,64,0,0,0,0,0,10,0,0,0,0,39,41,0,0,0,0,0,19,0,0,0,0,0,25,0,0,0,0,0,30,0,0,0,0,0,0,0,0,0,0,0,48,0,0,0,0,0,33,0,0,0,0,0,18,0,0,0,0,0,34,0,0,0,0,0,24,0,0,0,0,13,50,0,0,0,0,0,36,0,0,0,0,0,0,0,0,0,0,0,32,0,0,0,none
0,64,64,0,0,0,0,0,0,0,0,0,0,41,43,0,0,0,0,0,14,0,0,0,0,0,28,0,0,0,0,0,29,0,0,0,0,0,0,0,0,0,0,0,60,0,0,0,0,0,39,0,0,0,0,0,23,0,0,0,0,0,32,0,0,0,0,0,28,0,0,0,0,0,40,0,0,0,0,0,38,0,0,0,0,0,0,0,0,0,0,0,26,0,0,0,none
0,51,63,0,0,0,0,0,0,0,0,0,0,50,47,0,0,0,0,0,15,0,0,0,0,0,36,0,0,0,0,0,28,0,0,0,0,0,0,0,0,0,0,0,70,0,0,0,0,0,41,0,0,0,0,0,23,0,0,0,0,0,32,0,0,0,0,0,27,0,0,0,0,0,37,0,0,0,0,0,32,0,0,0,0,0,0,0,0,0,0,0,23,0,0,0,none
0,44,63,0,0,0,0,0,0,0,0,0,0,56,50,0,0,0,0,0,14,0,0,0,0,0,40,0,0,0,0,0,27,0,0,0,0,0,0,0,0,0,0,0,73,0,0,0,0,0,42,0,0,0,0,0,24,0,0,0,0,0,32,0,0,0,0,0,28,0,0,0,0,0,32,0,0,0,0,0,34,0,0,0,0,0,0,0,0,0,0,0,20,0,0,0,none
0,31,62,0,0,0,0,0,0,0,0,0,0,57,50,0,0,0,0,0,14,0,0,0,0,0,41,0,0,0,0,0,26,0,0,0,0,0,0,0,0,0,0,0,79,0,0,0,0,0,42,0,0,0,0,0,25,0,0,0,0,0,31,0,0,0,0,0,27,0,0,0,0,0,27,0,0,0,0,0,34,0,0,0,0,0,0,0,0,0,0,0,21,0,0,0,none
0,7,57,0,0,0,0,0,0,0,0,0,0,57,50,0,0,0,0,0,8,0,0,0,0,0,44,0,0,0,0,0,27,0,0,0,0,0,0,0,0,0,0,0,116,0,0,0,0,0,50,0,0,0,0,0,29,0,0,0,0,0,23,0,0,0,0,0,20,0,0,0,0,0,17,0,0,0,0,0,33,0,0,0,0,0,0,0,0,0,0,0,23,0,0,0,none
0,21,56,0,0,0,0,0,0,0,0,0,0,59,51,0,0,0,0,0,12,0,0,0,0,0,43,0,0,0,0,0,27,0,0,0,0,0,0,0,0,0,0,0,91,0,0,0,0,0,46,0,0,0,0,0,27,0,0,0,0,0,30,0,0,0,0,0,29,0,0,0,0,0,32,0,0,0,0,0,36,0,0,0,0,0,0,0,0,0,0,0,26,0,0,0,none
0,61,27,0,0,0,0,0,0,0,0,0,0,31,182,0,0,0,0,0,0,0,0,0,0,0,0,0,0,0,0,0,0,0,0,0,0,0,0,0,0,0,0,0,0,0,0,0,0,0,22,0,0,0,0,0,0,0,0,0,0,46,48,0,0,0,0,0,0,0,0,0,0,0,114,0,0,0,0,0,0,0,0,0,0,0,0,0,0,0,0,0,0,0,0,0,backward
0,61,28,0,0,0,0,0,0,0,0,0,0,31,182,0,0,0,0,0,0,0,0,0,0,0,0,0,0,0,0,0,0,0,0,0,0,0,0,0,0,0,0,0,0,0,0,0,0,0,19,0,0,0,0,0,0,0,0,0,0,48,50,0,0,0,0,0,0,0,0,0,0,0,115,0,0,0,0,0,0,0,0,0,0,0,0,0,0,0,0,0,0,0,0,0,backward
0,62,29,0,0,0,0,0,0,0,0,0,0,29,183,0,0,0,0,0,0,0,0,0,0,0,0,0,0,0,0,0,0,0,0,0,0,0,0,0,0,0,0,0,0,0,0,0,0,0,24,0,0,0,0,0,0,0,0,0,0,50,50,0,0,0,0,0,0,0,0,0,0,0,114,0,0,0,0,0,0,0,0,0,0,0,0,0,0,0,0,0,0,0,0,0,backward
0,64,22,0,0,0,0,0,0,0,0,0,0,31,166,0,0,0,0,0,0,0,0,0,0,0,7,0,0,0,0,0,0,0,0,0,0,0,0,0,0,0,0,0,0,0,0,0,0,0,24,0,0,0,0,0,0,0,0,0,0,49,51,0,0,0,0,0,0,0,0,0,0,0,96,0,0,0,0,0,0,0,0,0,0,0,0,0,0,0,0,0,0,0,0,0,backward
0,66,16,0,0,0,0,0,0,0,0,0,0,32,156,0,0,0,0,0,0,0,0,0,0,0,10,0,0,0,0,0,0,0,0,0,0,0,0,0,0,0,0,0,0,0,0,0,0,0,33,0,0,0,0,0,0,0,0,0,0,56,53,0,0,0,0,0,0,0,0,0,0,0,89,0,0,0,0,0,0,0,0,0,0,0,0,0,0,0,0,0,0,0,0,0,backward
0,54,20,0,0,0,0,0,0,0,0,0,0,31,188,0,0,0,0,0,0,0,0,0,0,0,31,0,0,0,0,0,9,0,0,0,0,0,0,0,0,0,0,0,0,0,0,0,0,8,29,0,0,0,0,0,0,0,0,0,0,44,48,0,0,0,0,0,0,0,0,0,0,0,101,0,0,0,0,0,0,0,0,0,0,0,0,0,0,0,0,0,0,0,0,0,backward
0,46,18,0,0,0,0,0,0,0,0,0,0,31,185,0,0,0,0,0,0,0,0,0,0,0,30,0,0,0,0,0,18,0,0,0,0,0,0,0,0,0,0,0,0,0,0,0,0,6,28,0,0,0,0,0,0,0,0,0,0,38,50,0,0,0,0,0,0,0,0,0,0,0,101,0,0,0,0,0,0,0,0,0,0,0,0,0,0,0,0,0,0,0,0,0,backward
0,68,20,0,0,0,0,0,0,0,0,0,0,35,168,0,0,0,0,0,0,0,0,0,0,0,14,0,0,0,0,0,0,0,0,0,0,0,0,0,0,0,0,0,0,0,0,0,0,14,34,0,0,0,0,0,0,0,0,0,0,59,54,0,0,0,0,0,0,0,0,0,0,0,88,0,0,0,0,0,0,0,0,0,0,0,0,0,0,0,0,0,0,0,0,0,backward
5,66,17,0,0,0,0,0,0,0,0,0,0,34,161,0,0,0,0,0,0,0,0,0,0,0,4,0,0,0,0,0,0,0,0,0,0,0,0,0,0,0,0,0,0,0,0,0,0,15,24,0,0,0,0,0,0,0,0,0,0,66,49,0,0,0,0,0,0,0,0,0,0,0,74,0,0,0,0,0,0,0,0,0,0,0,0,0,0,0,0,0,0,0,0,0,backward
0,64,20,0,0,0,0,0,0,0,0,0,0,35,187,0,0,0,0,0,0,0,0,0,0,0,17,0,0,0,0,0,0,0,0,0,0,0,0,0,0,0,0,0,0,0,0,0,0,16,32,0,0,0,0,0,0,0,0,0,0,64,54,0,0,0,0,0,0,0,0,0,0,0,86,0,0,0,0,0,0,0,0,0,0,0,0,0,0,0,0,0,0,0,0,0,backward
0,0,0,0,0,0,0,0,0,0,0,0,0,35,76,0,0,0,0,0,0,0,0,0,0,25,42,0,0,0,0,0,0,0,0,0,0,0,5,0,0,0,0,0,0,0,0,0,0,31,0,0,0,0,0,0,0,0,0,0,0,0,0,0,0,0,0,0,0,0,0,0,0,0,0,0,0,0,0,0,0,0,0,0,0,0,0,0,0,0,0,0,0,0,0,0,backward
0,0,0,0,0,0,0,0,0,0,0,0,0,36,95,0,0,0,0,0,0,0,0,0,0,26,47,0,0,0,0,0,0,0,0,0,0,0,0,0,0,0,0,0,0,0,0,0,0,29,8,0,0,0,0,0,0,0,0,0,0,0,0,0,0,0,0,0,0,0,0,0,0,0,0,0,0,0,0,0,0,0,0,0,0,0,0,0,0,0,0,0,0,0,0,0,backward
0,0,0,0,0,0,0,0,0,0,0,0,0,33,91,0,0,0,0,0,0,0,0,0,0,29,48,0,0,0,0,0,0,0,0,0,0,0,4,0,0,0,0,0,0,0,0,0,0,33,9,0,0,0,0,0,0,0,0,0,0,0,0,0,0,0,0,0,0,0,0,0,0,0,0,0,0,0,0,0,0,0,0,0,0,0,0,0,0,0,0,0,0,0,0,0,backward
0,0,0,0,0,0,0,0,0,0,0,0,9,37,72,0,0,0,0,0,0,0,0,0,0,24,18,0,0,0,0,0,0,0,0,0,0,0,0,0,0,0,0,0,0,0,0,0,6,36,26,0,0,0,0,0,0,0,0,0,0,0,0,0,0,0,0,0,0,0,0,0,0,0,0,0,0,0,0,0,0,0,0,0,0,0,0,0,0,0,0,0,0,0,0,0,backward
0,16,0,0,0,0,0,0,0,0,0,0,0,32,148,0,0,0,0,0,0,0,0,0,0,10,30,0,0,0,0,0,0,0,0,0,0,0,0,0,0,0,0,0,0,0,0,0,30,16,28,0,0,0,0,0,0,0,0,0,0,28,16,0,0,0,0,0,0,0,0,0,0,0,4,0,0,0,0,0,0,0,0,0,0,0,0,0,0,0,0,0,0,0,0,0,backward
0,18,0,0,0,0,0,0,0,0,0,0,0,33,150,0,0,0,0,0,0,0,0,0,0,7,21,0,0,0,0,0,0,0,0,0,0,0,0,0,0,0,0,0,0,0,0,0,33,20,32,0,0,0,0,0,0,0,0,0,0,27,14,0,0,0,0,0,0,0,0,0,0,0,9,0,0,0,0,0,0,0,0,0,0,0,0,0,0,0,0,0,0,0,0,0,backward
0,24,0,0,0,0,0,0,0,0,0,0,0,33,157,0,0,0,0,0,0,0,0,0,0,8,28,0,0,0,0,0,0,0,0,0,0,0,0,0,0,0,0,0,0,0,0,0,29,30,38,0,0,0,0,0,0,0,0,0,0,38,27,0,0,0,0,0,0,0,0,0,0,0,29,0,0,0,0,0,0,0,0,0,0,0,0,0,0,0,0,0,0,0,0,0,backward
0,27,0,0,0,0,0,0,0,0,0,0,0,33,158,0,0,0,0,0,0,0,0,0,0,7,25,0,0,0,0,0,0,0,0,0,0,0,0,0,0,0,0,0,0,0,0,0,29,26,37,0,0,0,0,0,0,0,0,0,0,39,27,0,0,0,0,0,0,0,0,0,0,0,31,0,0,0,0,0,0,0,0,0,0,0,0,0,0,0,0,0,0,0,0,0,backward
47,18,0,0,0,0,0,0,0,0,0,0,24,30,4,0,0,0,0,0,0,0,0,0,0,0,0,0,0,0,0,0,0,0,0,0,0,0,0,0,0,0,0,0,0,0,0,0,68,43,0,0,0,0,0,0,0,0,0,0,0,29,0,0,0,0,0,0,0,0,0,0,0,0,0,0,0,0,0,0,0,0,0,0,0,0,0,0,0,0,0,0,0,0,0,0,backward
0,0,41,0,0,0,0,0,0,0,0,0,0,23,116,0,0,0,0,0,0,0,0,0,0,0,41,0,0,0,0,0,17,0,0,0,0,0,0,0,0,0,0,0,3,0,0,0,0,0,23,0,0,0,0,0,3,0,0,0,0,24,36,0,0,0,0,0,19,0,0,0,0,0,62,0,0,0,0,0,0,0,0,0,0,0,0,0,0,0,0,0,0,0,0,0,backward
0,0,17,0,0,0,0,0,0,0,0,0,0,35,28,16,0,0,0,0,0,0,0,0,0,4,36,0,0,0,0,0,0,0,0,0,0,0,0,0,0,0,0,0,6,0,0,0,0,84,49,0,0,0,0,18,24,0,0,0,0,18,38,0,0,0,0,0,9,0,0,0,0,0,67,0,0,0,0,0,12,0,0,0,0,0,0,0,0,0,0,0,0,0,0,0,none
0,0,17,0,0,0,0,0,0,0,0,0,0,32,27,16,0,0,0,0,0,0,0,0,0,6,37,0,0,0,0,0,0,0,0,0,0,0,0,0,0,0,0,0,6,0,0,0,0,98,52,0,0,0,0,15,24,0,0,0,0,25,42,0,0,0,0,0,9,0,0,0,0,0,73,0,0,0,0,0,24,0,0,0,0,0,0,0,0,0,0,0,0,0,0,0,none
0,0,17,0,0,0,0,0,0,0,0,0,0,29,25,20,0,0,0,0,0,0,0,0,0,0,34,0,0,0,0,0,0,0,0,0,0,0,0,0,0,0,0,0,0,0,0,0,0,4,0,0,0,0,0,0,10,0,0,0,0,12,25,0,0,0,0,0,53,0,0,0,0,0,93,0,0,0,0,0,0,0,0,0,0,0,0,0,0,0,0,0,26,0,0,0,none
0,0,0,0,0,0,0,0,0,0,0,0,0,28,15,14,0,0,0,0,10,0,0,0,0,0,28,0,0,0,0,0,11,0,0,0,0,0,0,0,0,0,0,0,24,0,0,0,0,0,0,0,0,0,0,0,10,0,0,0,0,18,21,0,0,0,0,0,79,0,0,0,0,0,79,0,0,0,0,0,13,0,0,0,0,0,0,0,0,0,0,0,40,0,0,0,none
0,25,33,0,0,0,0,19,0,0,0,0,0,85,36,0,0,0,0,265,45,0,0,0,0,0,0,0,0,0,0,0,0,0,0,0,0,0,0,0,0,0,0,0,0,0,0,0,0,0,0,0,0,0,0,0,0,0,0,0,0,0,36,0,0,0,0,0,0,0,0,0,0,0,87,0,0,0,0,0,18,0,0,0,0,0,0,0,0,0,0,0,83,0,0,0,strafe_left
0,25,32,0,0,0,0,16,0,0,0,0,0,76,32,0,0,0,0,266,46,0,0,0,0,0,0,0,0,0,0,0,0,0,0,0,0,0,0,0,0,0,0,0,0,0,0,0,0,0,0,0,0,0,0,0,0,0,0,0,0,0,40,0,0,0,0,0,0,0,0,0,0,0,91,0,0,0,0,0,13,0,0,0,0,0,0,0,0,0,0,0,87,0,0,0,strafe_left
0,22,30,0,0,0,0,16,0,0,0,0,0,75,32,0,0,0,0,266,46,0,0,0,0,0,0,0,0,0,0,0,0,0,0,0,0,0,0,0,0,0,0,0,0,0,0,0,0,0,0,0,0,0,0,0,0,0,0,0,0,0,39,0,0,0,0,0,0,0,0,0,0,0,94,0,0,0,0,0,10,0,0,0,0,0,0,0,0,0,0,0,89,0,0,0,strafe_left
0,88,60,8,0,0,0,43,0,0,0,0,0,86,35,0,0,0,0,263,41,0,0,0,0,0,0,0,0,0,0,0,0,0,0,0,0,0,0,0,0,0,0,0,0,0,0,0,0,0,0,0,0,0,0,0,0,0,0,0,0,0,28,0,0,0,0,0,0,0,0,0,0,0,92,0,0,0,0,0,0,0,0,0,0,0,0,0,0,0,0,0,88,0,0,0,strafe_left
0,94,61,11,0,0,0,82,0,0,0,0,0,52,18,0,0,0,0,232,0,0,0,0,0,0,0,0,0,0,0,0,0,0,0,0,0,0,0,0,0,0,0,0,0,0,0,0,0,0,0,0,0,0,0,0,0,0,0,0,0,0,26,0,0,0,0,0,0,0,0,0,0,0,83,0,0,0,0,0,0,0,0,0,0,0,0,0,0,0,0,0,73,0,0,0,strafe_left
0,96,65,12,0,0,0,81,0,0,0,0,0,78,29,0,0,0,0,231,0,0,0,0,0,0,0,0,0,0,0,0,0,0,0,0,0,0,0,0,0,0,0,0,0,0,0,0,0,0,0,0,0,0,0,0,0,0,0,0,0,0,27,0,0,0,0,0,0,0,0,0,0,0,80,0,0,0,0,0,0,0,0,0,0,0,0,0,0,0,0,0,72,0,0,0,strafe_left
0,0,22,0,0,0,0,0,0,0,0,0,0,163,69,11,0,0,0,294,55,0,0,0,0,10,27,0,0,0,0,0,0,0,0,0,0,0,0,0,0,0,0,0,0,0,0,0,0,0,8,0,0,0,0,0,0,0,0,0,0,3,25,0,0,0,0,0,44,0,0,0,0,0,48,0,0,0,0,0,41,0,0,0,0,0,0,0,0,0,0,0,69,0,0,0,strafe_left
0,0,13,0,0,0,0,0,0,0,0,0,0,115,56,12,0,0,0,342,82,0,0,0,0,10,23,0,0,0,0,0,0,0,0,0,0,0,0,0,0,0,0,0,0,0,0,0,0,0,13,0,0,0,0,0,0,0,0,0,0,0,27,0,0,0,0,0,48,0,0,0,0,0,46,0,0,0,0,0,36,0,0,0,0,0,0,0,0,0,0,0,68,0,0,0,strafe_left
0,0,13,0,0,0,0,0,0,0,0,0,0,115,54,11,0,0,0,310,79,0,0,0,0,15,20,0,0,0,0,0,0,0,0,0,0,0,0,0,0,0,0,0,0,0,0,0,0,0,15,0,0,0,0,0,0,0,0,0,0,0,27,0,0,0,0,0,49,0,0,0,0,0,49,0,0,0,0,0,39,0,0,0,0,0,0,0,0,0,0,0,63,0,0,0,strafe_left
0,0,26,0,0,0,0,0,0,0,0,0,0,144,62,14,0,0,0,338,78,0,0,0,0,9,14,0,0,0,0,0,0,0,0,0,0,0,0,0,0,0,0,0,0,0,0,0,0,0,0,0,0,0,0,0,0,0,0,0,0,4,29,0,0,0,0,0,27,0,0,0,0,0,62,0,0,0,0,0,33,0,0,0,0,0,0,0,0,0,0,0,76,0,0,0,strafe_left
0,9,31,0,0,0,0,0,0,0,0,0,0,138,59,11,0,0,0,308,65,0,0,0,0,0,9,0,0,0,0,0,0,0,0,0,0,0,0,0,0,0,0,0,0,0,0,0,0,0,0,0,0,0,0,0,0,0,0,0,0,0,31,0,0,0,0,0,13,0,0,0,0,0,66,0,0,0,0,0,22,0,0,0,0,0,0,0,0,0,0,0,81,0,0,0,strafe_left
0,30,40,0,0,0,0,9,0,0,0,0,0,130,54,4,0,0,0,289,67,0,0,0,0,0,5,0,0,0,0,0,0,0,0,0,0,0,0,0,0,0,0,0,0,0,0,0,0,0,0,0,0,0,0,0,0,0,0,0,0,0,36,0,0,0,0,0,0,0,0,0,0,0,68,0,0,0,0,0,0,0,0,0,0,0,0,0,0,0,0,0,90,0,0,0,strafe_left
0,39,44,0,0,0,0,21,0,0,0,0,0,116,48,0,0,0,0,259,64,0,0,0,0,0,0,0,0,0,0,0,0,0,0,0,0,0,0,0,0,0,0,0,0,0,0,0,0,0,0,0,0,0,0,0,0,0,0,0,0,0,34,0,0,0,0,0,0,0,0,0,0,0,80,0,0,0,0,0,0,0,0,0,0,0,0,0,0,0,0,0,82,0,0,0,strafe_left
0,36,39,0,0,0,0,49,0,0,0,0,0,58,26,0,0,0,0,240,62,0,0,0,0,0,0,0,0,0,0,0,0,5,0,0,0,0,0,0,0,0,0,0,0,0,0,0,0,0,0,0,0,0,0,0,0,0,0,0,0,0,30,0,0,0,0,0,0,0,0,0,0,0,84,0,0,0,0,0,0,0,0,0,0,0,0,0,0,0,0,0,79,0,0,0,strafe_left
0,0,21,0,0,0,0,71,0,0,0,0,0,9,9,0,0,0,0,247,59,0,0,0,0,0,0,0,0,0,0,0,0,0,0,0,0,0,0,0,0,0,0,0,0,0,0,0,0,0,0,0,0,0,0,0,0,0,0,0,0,0,27,0,0,0,0,0,0,0,0,0,0,0,90,0,0,0,0,0,0,0,0,0,0,0,0,0,0,0,0,0,80,0,0,0,strafe_left
0,117,73,16,0,0,0,116,9,0,0,0,0,65,24,0,0,0,0,103,0,0,0,0,0,0,0,0,0,0,0,0,0,0,0,0,0,0,0,0,0,0,0,0,0,0,0,0,0,0,0,0,0,0,0,0,0,0,0,0,0,0,21,0,0,0,0,0,0,0,0,0,0,0,68,0,0,0,0,0,7,0,0,0,0,0,0,0,0,0,0,0,93,0,0,0,strafe_left
0,24,31,3,0,7,0,144,31,0,0,0,0,10,0,0,0,0,0,118,0,0,0,0,0,0,0,0,0,0,0,0,0,0,0,0,0,0,0,0,0,0,0,0,0,0,0,0,0,0,0,0,0,0,0,0,0,0,0,0,0,0,23,0,0,0,0,0,0,0,0,0,0,0,71,0,0,0,0,0,7,0,0,0,0,0,0,0,0,0,0,0,95,0,0,0,strafe_left
0,5,28,0,0,10,4,158,37,0,0,0,0,0,0,0,0,0,0,118,0,0,0,0,0,0,0,0,0,0,0,0,0,0,0,0,0,0,0,0,0,0,0,0,0,0,0,0,0,0,0,0,0,0,0,0,0,0,0,0,0,3,31,0,0,0,0,0,0,0,0,0,0,0,99,0,0,0,0,0,4,0,0,0,0,0,0,0,0,0,0,0,70,0,0,0,strafe_left
0,0,7,0,0,0,0,176,47,0,0,0,0,0,0,0,0,0,0,149,20,0,0,0,0,0,0,0,0,0,0,0,0,0,0,0,0,0,0,0,0,0,0,0,0,0,0,0,0,0,0,0,0,0,0,0,0,0,0,0,0,0,20,0,0,0,0,0,19,0,0,0,0,0,37,0,0,0,0,0,24,0,0,0,0,0,0,0,0,0,0,0,111,0,0,0,strafe_left
0,0,20,0,0,10,4,169,45,0,0,0,0,0,0,0,0,0,0,148,18,0,0,0,0,0,0,0,0,0,0,0,0,0,0,0,0,0,0,0,0,0,0,0,0,0,0,0,0,0,0,0,0,0,0,0,0,0,0,0,0,0,0,0,0,0,0,0,28,0,0,0,0,0,0,0,0,0,0,0,30,0,0,0,0,0,0,0,0,0,0,0,103,0,0,0,strafe_left
0,40,39,4,0,0,0,142,21,0,0,0,0,23,8,0,0,0,0,100,0,0,0,0,0,0,0,0,0,0,0,0,0,0,0,0,0,0,0,0,0,0,0,0,0,0,0,0,0,0,0,0,0,0,0,0,0,0,0,0,0,17,49,0,0,0,0,0,0,0,0,0,0,0,109,0,0,0,0,0,0,0,0,0,0,0,0,0,0,0,0,0,67,0,0,0,strafe_left
0,111,69,8,0,0,0,93,0,0,0,0,0,67,24,0,0,0,0,81,0,0,0,0,0,0,0,0,0,0,0,0,0,0,0,0,0,0,0,0,0,0,0,0,0,0,0,0,0,12,0,0,0,0,0,0,0,0,0,0,0,29,54,0,0,0,0,0,0,0,0,0,0,0,128,0,0,0,0,0,0,0,0,0,0,0,0,0,0,0,0,0,70,0,0,0,strafe_left
0,152,86,11,0,0,0,81,0,0,0,0,0,75,25,0,0,0,0,55,0,0,0,0,0,0,0,0,0,0,0,0,0,0,0,0,0,0,0,0,0,0,0,0,0,0,0,0,0,16,0,0,0,0,0,0,0,0,0,0,0,31,57,0,0,0,0,0,0,0,0,0,0,0,128,0,0,0,0,0,0,0,0,0,0,0,0,0,0,0,0,0,63,0,0,0,strafe_left
0,187,103,13,0,0,0,76,0,0,0,0,0,91,30,0,0,0,0,57,0,0,0,0,0,0,0,0,0,0,0,0,0,0,0,0,0,0,0,0,0,0,0,0,0,0,0,0,0,20,0,0,0,0,0,0,0,0,0,0,0,30,56,0,0,0,0,0,0,0,0,0,0,3,130,0,0,0,0,0,0,0,0,0,0,0,0,0,0,0,0,0,66,0,0,0,strafe_left
0,107,73,10,0,0,0,108,0,0,0,0,0,54,21,0,0,0,0,90,0,0,0,0,0,0,0,0,0,0,0,0,0,0,0,0,0,0,0,0,0,0,0,0,0,0,0,0,0,0,0,0,0,0,0,0,0,0,0,0,0,11,48,0,0,0,0,0,0,0,0,0,0,0,99,0,0,0,0,0,0,0,0,0,0,0,0,0,0,0,0,0,94,0,0,0,strafe_left
0,62,51,4,0,0,0,129,9,0,0,0,0,29,8,0,0,0,0,95,0,0,0,0,0,0,0,0,0,0,0,0,0,0,0,0,0,0,0,0,0,0,0,0,0,0,0,0,0,0,0,0,0,0,0,0,0,0,0,0,0,0,40,0,0,0,0,0,0,0,0,0,0,0,73,0,0,0,0,0,0,0,0,0,0,0,0,0,0,0,0,0,105,0,0,0,strafe_left
0,0,21,0,0,7,0,167,34,0,0,0,0,0,0,0,0,0,0,125,0,0,0,0,0,0,0,0,0,0,0,0,0,0,0,0,0,0,0,0,0,0,0,0,0,0,0,0,0,0,0,0,0,0,0,0,0,0,0,0,0,0,36,0,0,0,0,0,0,0,0,0,0,0,61,0,0,0,0,0,0,0,0,0,0,0,0,0,0,0,0,0,106,0,0,0,strafe_left
0,146,86,13,0,0,0,102,0,0,0,0,0,79,28,0,0,0,0,72,0,0,0,0,0,0,0,0,0,0,0,0,0,0,0,0,0,0,0,0,0,0,0,0,0,0,0,0,0,0,0,0,0,0,0,0,0,0,0,0,0,7,46,0,0,0,0,0,0,0,0,0,0,0,90,0,0,0,0,0,0,0,0,0,0,0,0,0,0,0,0,0,80,0,0,0,strafe_left
0,160,94,15,0,0,0,86,0,0,0,0,0,101,36,0,0,0,0,70,0,0,0,0,0,0,0,0,0,0,0,0,0,0,0,0,0,0,0,0,0,0,0,0,0,0,0,0,0,19,0,0,0,0,0,0,0,0,0,0,0,17,53,0,0,0,0,0,0,0,0,0,0,0,94,0,0,0,0,0,0,0,0,0,0,0,0,0,0,0,0,0,74,0,0,0,strafe_left
0,146,93,14,0,0,0,86,0,0,0,0,0,104,40,0,0,0,0,84,0,0,0,0,0,0,0,0,0,0,0,0,0,0,0,0,0,0,0,0,0,0,0,0,0,0,0,0,0,31,0,0,0,0,0,0,0,0,0,0,0,16,51,0,0,0,0,0,0,0,0,0,0,0,88,0,0,0,0,0,6,0,0,0,0,0,0,0,0,0,0,0,75,0,0,0,strafe_left
0,128,86,11,0,0,0,76,0,0,0,0,0,114,44,0,0,0,0,98,0,0,0,0,0,0,0,0,0,0,0,0,0,0,0,0,0,0,0,0,0,0,0,0,0,0,0,0,0,32,10,0,0,0,0,0,0,0,0,0,0,10,41,0,0,0,0,0,13,0,0,0,0,0,70,0,0,0,0,0,28,0,0,0,0,0,0,0,0,0,0,0,78,0,0,0,strafe_left
0,41,46,3,0,0,0,107,4,0,0,0,0,40,16,0,0,0,0,134,0,0,0,0,0,0,0,0,0,0,0,0,0,0,0,0,0,0,0,0,0,0,0,0,0,0,0,0,0,3,0,0,0,0,0,0,0,0,0,0,0,7,38,0,0,0,0,0,24,0,0,0,0,0,61,0,0,0,0,0,30,0,0,0,0,0,0,0,0,0,0,0,88,0,0,0,strafe_left
0,0,19,0,0,0,0,147,32,0,0,0,0,0,0,0,0,0,0,156,28,0,0,0,0,0,0,0,0,0,0,0,0,0,0,0,0,0,0,0,0,0,0,0,0,0,0,0,0,0,0,0,0,0,0,0,0,0,0,0,0,3,37,0,0,0,0,0,10,0,0,0,0,0,63,0,0,0,0,0,18,0,0,0,0,0,0,0,0,0,0,0,108,0,0,0,strafe_left
0,0,21,0,0,6,3,166,43,0,0,0,0,0,0,0,0,0,0,143,25,0,0,0,0,0,0,0,0,0,0,0,0,0,0,0,0,0,0,0,0,0,0,0,0,0,0,0,0,0,0,0,0,0,0,0,0,0,0,0,0,5,34,0,0,0,0,0,6,0,0,0,0,0,59,0,0,0,0,0,14,0,0,0,0,0,0,0,0,0,0,0,110,0,0,0,strafe_left
0,108,74,13,0,0,0,111,6,0,0,0,0,84,32,0,0,0,0,86,0,0,0,0,0,0,0,0,0,0,0,0,0,0,0,0,0,0,0,0,0,0,0,0,0,0,0,0,0,0,0,0,0,0,0,0,0,0,0,0,0,0,34,0,0,0,0,0,6,0,0,0,0,0,67,0,0,0,0,0,19,0,0,0,0,0,0,0,0,0,0,0,107,0,0,0,strafe_left
0,137,88,16,0,0,0,84,0,0,0,0,0,111,43,0,0,0,0,63,0,0,0,0,0,0,0,0,0,0,0,0,0,0,0,0,0,0,0,0,0,0,0,0,0,0,0,0,0,0,0,0,0,0,0,0,0,0,0,0,0,0,30,0,0,0,0,0,7,0,0,0,0,0,65,0,0,0,0,0,18,0,0,0,0,0,0,0,0,0,0,0,108,0,0,0,strafe_left
0,191,109,19,0,0,0,71,0,0,0,0,0,150,55,0,0,0,0,40,0,0,0,0,0,0,0,0,0,0,0,0,0,0,0,0,0,0,0,0,0,0,0,0,0,0,0,0,0,4,0,0,0,0,0,0,0,0,0,0,0,13,40,0,0,0,0,0,0,0,0,0,0,0,76,0,0,0,0,0,12,0,0,0,0,0,0,0,0,0,0,0,85,0,0,0,strafe_left
0,204,114,18,0,0,0,63,0,0,0,0,0,169,66,0,0,0,0,60,0,0,0,0,0,0,0,0,0,0,0,0,0,0,0,0,0,0,0,0,0,0,0,0,0,0,0,0,0,36,0,0,0,0,0,0,0,0,0,0,0,20,48,0,0,0,0,0,0,0,0,0,0,0,93,0,0,0,0,0,0,0,0,0,0,0,0,0,0,0,0,0,72,0,0,0,strafe_left
0,67,65,3,0,0,0,68,0,0,0,0,0,114,46,0,0,0,0,118,0,0,0,0,0,0,13,0,0,0,0,0,0,0,0,0,0,0,0,0,0,0,0,0,0,0,0,0,0,57,20,0,0,0,0,0,0,0,0,0,0,15,45,0,0,0,0,0,25,0,0,0,0,0,72,0,0,0,0,0,33,0,0,0,0,0,0,0,0,0,0,0,78,0,0,0,strafe_left
0,60,64,0,0,0,0,65,0,0,0,0,0,122,48,0,0,0,0,126,10,0,0,0,0,0,15,0,0,0,0,0,0,0,0,0,0,0,0,0,0,0,0,0,0,0,0,0,0,49,25,0,0,0,0,0,0,0,0,0,0,13,43,0,0,0,0,0,30,0,0,0,0,0,60,0,0,0,0,0,31,0,0,0,0,0,0,0,0,0,0,0,81,0,0,0,strafe_left
0,46,51,6,0,0,0,79,3,0,0,0,0,69,30,0,0,0,0,125,15,0,0,0,0,0,14,0,0,0,0,0,0,0,0,0,0,0,0,0,0,0,0,0,0,0,0,0,0,25,0,0,0,0,0,0,0,0,0,0,0,10,42,0,0,0,0,0,11,0,0,0,0,0,71,0,0,0,0,0,23,0,0,0,0,0,0,0,0,0,0,0,86,0,0,0,strafe_left
0,5,32,0,0,0,0,103,16,0,0,0,0,40,18,0,0,0,0,143,29,0,0,0,0,0,10,0,0,0,0,0,0,0,0,0,0,0,0,0,0,0,0,0,0,0,0,0,0,0,0,0,0,0,0,0,0,0,0,0,0,6,37,0,0,0,0,0,7,0,0,0,0,0,69,0,0,0,0,0,24,0,0,0,0,0,0,0,0,0,0,0,92,0,0,0,strafe_left
0,19,39,0,0,0,0,91,12,0,0,0,0,56,25,0,0,0,0,152,32,0,0,0,0,0,10,0,0,0,0,0,0,0,0,0,0,0,0,0,0,0,0,0,0,0,0,0,0,26,0,0,0,0,0,0,0,0,0,0,0,13,40,0,0,0,0,0,16,0,0,0,0,0,73,0,0,0,0,0,26,0,0,0,0,0,0,0,0,0,0,0,74,0,0,0,strafe_left
0,73,68,7,0,0,0,54,0,0,0,0,0,138,55,0,0,0,0,108,0,0,0,0,0,0,22,0,0,0,0,0,0,0,0,0,0,0,0,0,0,0,0,0,0,0,0,0,0,55,16,0,0,0,0,0,0,0,0,0,0,23,40,0,0,0,0,0,20,0,0,0,0,0,82,0,0,0,0,0,21,0,0,0,0,0,0,0,0,0,0,0,62,0,0,0,strafe_left
0,103,82,4,0,0,0,35,0,0,0,0,0,185,71,0,0,0,0,82,0,0,0,0,0,5,20,0,0,0,0,0,0,0,0,0,0,0,0,0,0,0,0,0,0,0,0,0,0,73,25,0,0,0,0,0,0,0,0,0,0,19,43,0,0,0,0,0,10,0,0,0,0,0,86,0,0,0,0,0,16,0,0,0,0,0,0,0,0,0,0,0,58,0,0,0,strafe_left
0,0,0,0,0,0,0,0,0,0,0,0,0,44,27,0,0,0,0,39,0,0,0,0,0,25,35,0,0,0,0,0,0,0,0,0,0,0,8,0,0,0,0,0,0,0,0,0,0,67,58,0,0,0,0,0,0,0,0,0,0,0,33,0,0,0,0,0,69,0,0,0,0,0,24,0,0,0,0,0,39,0,0,0,0,0,0,0,0,0,0,0,53,0,0,0,none
0,0,0,0,0,0,0,0,0,0,0,0,0,29,26,0,0,0,0,39,0,0,0,0,0,26,35,0,0,0,0,0,0,0,0,0,0,6,8,0,0,0,0,0,0,0,0,0,0,63,59,0,0,0,0,0,0,0,0,0,0,0,31,0,0,0,0,0,77,0,0,0,0,0,22,0,0,0,0,0,46,0,0,0,0,0,0,0,0,0,0,0,58,0,0,0,none
0,0,0,0,0,0,0,0,0,0,0,0,0,37,20,0,0,0,0,43,0,0,0,0,0,23,33,0,0,0,0,0,0,0,0,0,0,0,0,0,0,0,0,0,0,0,0,0,0,21,47,0,0,0,0,0,0,0,0,0,0,0,30,0,0,0,0,0,60,0,0,0,0,0,37,0,0,0,0,0,49,0,0,0,0,0,0,0,0,0,0,0,79,0,0,0,none
0,0,0,0,0,0,0,0,0,0,0,0,0,41,20,0,0,0,0,48,0,0,0,0,0,25,34,0,0,0,0,0,0,0,0,0,0,0,0,0,0,0,0,0,0,0,0,0,0,19,45,0,0,0,0,0,0,0,0,0,0,0,32,0,0,0,0,0,57,0,0,0,0,0,40,0,0,0,0,0,48,0,0,0,0,0,0,0,0,0,0,0,79,0,0,0,none
0,0,0,0,0,0,0,0,0,0,0,0,0,43,21,0,0,0,0,54,0,0,0,0,0,22,29,0,0,0,0,0,0,0,0,0,0,0,0,0,0,0,0,0,0,0,0,0,0,26,50,0,0,0,0,0,0,0,0,0,0,0,32,0,0,0,0,0,55,0,0,0,0,0,38,0,0,0,0,0,46,0,0,0,0,0,0,0,0,0,0,0,82,0,0,0,none
0,0,0,0,0,0,0,0,0,0,0,0,0,47,24,0,0,0,0,63,5,0,0,0,0,24,28,0,0,0,0,0,0,0,0,0,0,0,0,0,0,0,0,0,0,0,0,0,0,35,52,0,0,0,0,0,0,0,0,0,0,3,34,0,0,0,0,0,54,0,0,0,0,0,41,0,0,0,0,0,44,0,0,0,0,0,0,0,0,0,0,0,81,0,0,0,none
0,0,0,0,0,0,0,12,0,0,0,0,0,57,26,0,0,0,0,72,7,0,0,0,0,21,27,0,0,0,0,0,0,0,0,0,0,0,0,0,0,0,0,0,0,0,0,0,0,25,48,0,0,0,0,0,0,0,0,0,0,3,32,0,0,0,0,0,51,0,0,0,0,0,42,0,0,0,0,0,47,0,0,0,0,0,0,0,0,0,0,0,85,0,0,0,none
0,0,3,0,0,0,0,20,0,0,0,0,5,64,29,0,0,0,0,75,7,0,0,0,0,18,28,0,0,0,0,0,0,0,0,0,0,0,0,0,0,0,0,0,0,0,0,0,0,34,52,0,0,0,0,0,0,0,0,0,0,7,35,0,0,0,0,0,46,0,0,0,0,0,43,0,0,0,0,0,38,0,0,0,0,0,0,0,0,0,0,0,83,0,0,0,none
0,32,40,0,0,0,0,32,0,0,0,0,4,33,11,0,0,0,0,64,0,0,0,0,0,0,0,0,0,0,0,0,0,0,0,0,0,0,0,0,0,0,0,0,0,0,0,0,0,0,0,0,0,0,0,0,0,0,0,0,0,0,41,0,0,0,0,0,0,0,0,0,0,0,3,0,0,0,0,0,6,0,0,0,0,0,0,0,0,0,0,8,87,0,20,0,strafe_left
0,0,0,0,0,0,0,0,0,0,0,0,0,0,0,0,0,0,0,93,66,0,0,0,0,0,0,0,0,0,0,0,77,0,0,0,0,0,0,0,0,0,0,0,31,0,0,0,0,0,0,0,0,0,0,0,0,0,0,0,0,0,0,0,0,0,0,0,56,89,0,0,0,0,0,0,0,0,0,0,64,39,0,0,0,0,0,0,0,0,0,0,82,0,37,0,forward
0,0,0,0,0,0,0,0,0,0,0,0,0,0,0,0,0,0,0,3,44,0,0,0,0,0,0,0,0,0,0,0,107,87,0,0,0,0,0,0,0,0,0,0,64,0,0,0,0,0,0,0,0,0,0,0,0,0,0,0,0,0,0,0,0,0,0,0,27,25,0,0,0,0,0,0,0,0,0,0,87,79,0,0,0,0,0,0,0,0,0,0,89,0,0,0,forward
0,0,0,0,0,0,0,0,0,0,0,0,0,0,0,0,0,0,0,20,50,0,0,0,0,0,0,0,0,0,0,0,111,70,0,0,0,0,0,0,0,0,0,0,63,0,0,0,0,0,0,0,0,0,0,0,0,0,0,0,0,0,0,0,0,0,0,0,40,27,0,0,0,0,0,0,0,0,0,0,96,95,0,0,0,0,0,0,0,0,0,0,79,0,0,0,forward
0,0,0,0,0,0,0,0,0,0,0,0,0,0,0,0,0,0,0,0,19,0,0,0,0,0,0,0,0,0,0,0,102,110,0,0,0,0,0,0,0,0,0,0,65,0,0,0,0,0,0,0,0,0,0,0,0,0,0,0,0,0,0,0,0,0,0,0,49,32,0,0,0,0,0,0,0,0,0,0,94,97,0,0,0,0,0,0,0,0,0,0,71,0,0,0,forward
0,0,0,0,0,0,0,0,0,0,0,0,0,0,0,0,0,0,0,27,0,0,0,0,0,0,0,0,0,0,0,4,83,3,0,0,0,0,0,0,0,0,0,0,84,0,0,0,0,0,0,0,0,0,0,0,19,0,0,0,0,0,0,0,0,0,0,0,70,39,0,0,0,0,0,0,0,0,0,0,105,88,0,0,0,0,0,0,0,0,0,0,58,0,0,0,forward
0,0,0,0,0,0,0,0,0,0,0,0,0,0,0,0,0,0,0,19,0,0,0,0,0,0,0,0,0,0,0,0,75,6,0,0,0,0,0,0,0,0,0,0,101,0,0,0,0,0,0,0,0,0,0,0,23,0,0,0,0,0,0,0,0,0,0,0,67,35,0,0,0,0,0,0,0,0,0,0,100,70,0,0,0,0,0,0,0,0,0,0,61,0,0,0,forward
0,0,0,0,0,0,0,0,0,0,0,0,0,0,0,0,0,0,0,16,0,0,0,0,0,0,0,0,0,0,0,0,81,41,0,0,0,0,0,0,0,0,0,0,92,0,0,0,0,0,0,0,0,0,0,0,38,0,0,0,0,0,0,0,0,0,0,0,74,36,0,0,0,0,0,0,0,0,0,0,93,60,0,0,0,0,0,0,0,0,0,0,54,0,0,0,forward
0,0,0,0,0,0,0,0,0,0,0,0,0,0,0,0,0,0,0,10,32,0,0,0,0,0,0,0,0,0,0,0,87,92,0,0,0,0,0,0,0,0,0,0,71,0,0,0,0,0,0,0,0,0,0,0,13,0,0,0,0,0,0,0,0,0,0,0,58,35,0,0,0,0,0,0,0,0,0,0,104,105,0,0,0,0,0,0,0,0,0,0,73,0,0,0,forward
0,0,0,0,0,0,0,0,0,0,0,0,0,0,0,0,0,0,0,0,32,0,0,0,0,0,0,0,0,0,0,0,83,142,21,0,0,0,0,0,0,0,0,0,64,0,9,0,0,0,0,0,0,0,0,0,0,0,0,0,0,0,0,0,0,0,0,0,27,32,0,0,0,0,0,0,0,0,0,0,89,108,0,0,0,0,0,0,0,0,0,0,93,0,0,0,forward
0,0,0,0,0,0,0,0,0,0,0,0,0,0,0,0,0,0,0,0,3,0,0,0,0,0,0,0,0,0,0,0,66,140,5,0,0,0,0,0,0,0,0,0,79,0,4,0,0,0,0,0,0,0,0,0,0,0,0,0,0,0,0,0,0,0,0,0,10,37,0,0,0,0,0,0,0,0,0,0,79,100,0,0,0,0,0,0,0,0,0,0,103,0,9,3,forward
0,0,0,0,0,0,0,0,0,0,0,0,0,0,0,0,0,0,0,0,14,16,0,0,0,0,0,0,0,0,0,0,65,218,23,0,0,0,0,0,0,0,0,0,36,0,0,0,0,0,0,0,0,0,0,0,0,0,0,0,0,0,0,0,0,0,0,0,0,37,0,0,0,0,0,0,0,0,0,0,42,77,0,0,0,0,0,0,0,0,0,0,107,0,25,39,forward
0,0,0,0,0,0,0,0,0,0,0,0,0,0,0,0,0,0,0,0,44,26,0,0,0,0,0,0,0,0,0,0,87,221,7,0,0,0,0,0,0,0,0,0,36,0,0,0,0,0,0,0,0,0,0,0,0,0,0,0,0,0,0,0,0,0,0,0,0,33,0,0,0,0,0,0,0,0,0,0,41,71,0,0,0,0,0,0,0,0,0,0,115,0,20,34,forward
0,0,0,0,0,0,0,0,7,0,0,0,0,0,0,0,0,0,0,0,72,62,16,0,0,0,0,0,0,0,0,0,0,91,16,0,0,0,0,0,0,0,0,0,0,0,0,50,0,0,0,0,0,0,0,0,0,0,0,0,0,0,0,0,0,0,0,0,0,37,0,0,0,0,0,0,0,0,0,0,47,65,0,0,0,0,0,0,0,0,0,0,128,0,15,39,forward
0,0,0,0,0,0,0,0,0,0,0,0,0,0,0,0,0,0,0,0,65,46,0,0,0,0,0,0,0,0,0,0,83,246,0,0,0,0,0,0,0,0,0,0,3,0,0,0,0,0,0,0,0,0,0,0,0,0,0,0,0,0,0,0,0,0,0,0,0,49,0,0,0,0,0,0,0,0,0,0,51,74,0,0,0,0,0,0,0,0,0,0,98,0,12,52,forward
0,0,0,0,0,0,0,0,0,0,0,0,0,0,0,0,0,0,0,0,29,0,0,0,0,0,0,0,0,0,0,0,135,144,0,0,0,0,0,0,0,0,0,0,90,0,0,0,0,0,0,0,0,0,0,0,32,27,0,0,0,0,0,0,0,0,0,0,67,66,0,0,0,0,0,0,0,0,0,0,89,78,0,0,0,0,0,0,0,0,0,0,34,0,0,0,forward
0,0,30,0,0,0,0,0,0,0,0,0,0,148,84,0,0,0,0,0,0,0,0,0,0,255,127,0,0,0,0,0,0,0,0,0,0,10,38,0,0,0,0,0,0,0,0,0,0,0,153,51,0,0,0,0,0,0,0,0,0,0,98,31,0,0,0,0,18,0,0,0,0,0,0,0,0,0,0,0,0,0,0,0,0,0,0,0,0,0,0,0,0,0,0,0,backward
0,0,32,0,0,0,0,0,0,0,0,0,0,154,86,0,0,0,0,0,0,0,0,0,0,254,126,0,0,0,0,0,0,0,0,0,0,0,29,0,0,0,0,0,0,0,0,0,0,0,200,62,0,0,0,0,0,0,0,0,0,0,168,62,0,0,0,0,0,0,0,0,0,0,10,0,0,0,0,0,0,0,0,0,0,0,0,0,0,0,0,0,0,0,0,0,backward
0,17,0,0,7,5,0,161,0,0,0,0,0,0,0,0,0,0,31,40,0,0,0,0,0,0,0,0,0,0,0,0,0,0,0,0,0,0,0,0,0,0,0,0,0,0,0,0,0,0,0,0,0,0,0,0,0,0,0,0,0,0,6,0,0,0,0,0,0,0,0,0,0,0,47,0,0,0,0,0,49,0,0,0,0,339,112,22,0,0,0,0,11,0,0,0,strafe_left
0,42,17,3,6,4,0,135,0,0,0,0,0,0,0,0,0,0,26,31,0,0,0,0,0,0,0,0,0,0,0,0,0,0,0,0,0,0,0,0,0,0,0,0,0,0,0,0,0,0,0,0,0,0,0,0,0,0,0,0,0,0,8,0,0,0,0,0,0,0,0,0,0,0,53,0,0,0,0,0,50,0,0,0,0,377,117,24,0,0,0,0,6,0,0,0,strafe_left
8,200,80,19,0,0,0,70,0,0,0,0,0,0,0,0,0,0,0,0,0,0,0,0,0,0,0,0,0,0,0,0,0,0,0,0,0,0,0,0,0,0,0,0,0,0,0,0,0,0,0,0,0,0,0,0,0,0,0,0,0,0,8,0,0,0,0,0,0,0,0,0,0,0,49,0,0,0,0,0,56,0,0,0,0,391,121,23,0,0,0,0,7,0,0,0,strafe_left
8,81,40,7,3,0,0,104,0,0,0,0,0,0,0,0,0,0,14,16,0,0,0,0,0,0,0,0,0,0,0,0,0,0,0,0,0,0,0,0,0,0,0,0,0,0,0,0,0,0,0,0,0,0,0,0,0,0,0,0,0,0,0,0,0,0,0,0,0,0,0,0,0,0,49,0,0,0,0,0,57,0,0,0,0,316,102,14,0,0,0,0,0,0,0,0,strafe_left
0,31,15,0,13,15,0,151,0,0,0,0,0,0,0,0,0,0,30,28,0,0,0,0,0,0,0,0,0,0,0,0,0,0,0,0,0,0,0,0,0,0,0,0,0,0,0,0,0,0,0,0,0,0,0,0,0,0,0,0,0,0,3,0,0,0,0,0,0,0,0,0,0,0,44,0,0,0,0,0,57,0,0,0,0,263,90,9,0,0,0,0,0,0,0,0,strafe_left
0,17,6,0,16,25,7,205,11,0,0,0,0,0,0,0,0,0,31,21,0,0,0,0,0,0,0,0,0,0,0,0,0,0,0,0,0,0,0,0,0,0,0,0,0,0,0,0,0,0,0,0,0,0,0,0,0,0,0,0,0,0,5,0,0,0,0,0,0,0,0,0,0,0,45,0,0,0,0,0,60,0,0,0,0,220,72,0,0,0,0,0,0,0,0,0,strafe_left
0,118,55,14,8,0,0,140,0,0,0,0,0,0,0,0,0,0,0,0,0,0,0,0,0,0,0,0,0,0,0,0,0,0,0,0,0,0,0,0,0,0,0,0,0,0,0,0,0,0,0,0,0,0,0,0,0,0,0,0,0,0,0,0,0,0,0,0,0,0,0,0,0,0,37,0,0,0,0,0,47,0,0,0,0,274,89,0,0,0,0,0,3,0,0,0,strafe_left
0,117,56,13,7,0,0,132,0,0,0,0,0,0,0,0,0,0,4,0,0,0,0,0,0,0,0,0,0,0,0,0,0,0,0,0,0,0,0,0,0,0,0,0,0,0,0,0,0,0,0,0,0,0,0,0,0,0,0,0,0,0,0,0,0,0,0,0,0,0,0,0,0,0,42,0,0,0,0,0,50,0,0,0,0,302,94,0,0,0,0,0,0,0,0,0,strafe_left
0,75,38,11,13,8,0,155,0,0,0,0,0,0,0,0,0,0,8,0,0,0,0,0,0,0,0,0,0,0,0,0,0,0,0,0,0,0,0,0,0,0,0,0,0,0,0,0,0,0,0,0,0,0,0,0,0,0,0,0,0,0,0,0,0,0,0,0,0,0,0,0,0,0,40,0,0,0,0,0,48,0,0,0,0,288,90,0,0,0,0,0,0,0,0,0,strafe_left
0,3,0,0,7,15,11,238,13,0,0,0,0,0,0,0,0,0,18,0,0,0,0,0,0,0,0,0,0,0,0,0,0,0,0,0,0,0,0,0,0,0,0,0,0,0,0,0,0,0,0,0,0,0,0,0,0,0,0,0,0,0,0,0,0,0,0,0,0,0,0,0,0,0,39,0,0,0,0,0,54,0,0,0,0,270,89,0,0,0,0,0,0,0,0,0,strafe_left
0,12,0,0,4,10,10,248,16,0,0,0,0,0,0,0,0,0,13,0,0,0,0,0,0,0,0,0,0,0,0,0,0,0,0,0,0,0,0,0,0,0,0,0,0,0,0,0,0,0,0,0,0,0,0,0,0,0,0,0,0,0,4,0,0,0,0,0,0,0,0,0,0,0,41,0,0,0,0,0,53,0,0,0,0,266,91,6,0,0,0,0,0,0,0,0,strafe_left
0,23,6,0,4,0,0,215,6,0,0,0,0,0,0,0,0,0,12,0,0,0,0,0,0,0,0,0,0,0,0,0,0,0,0,0,0,0,0,0,0,0,0,0,0,0,0,0,0,0,0,0,0,0,0,0,0,0,0,0,0,0,5,0,0,0,0,0,0,0,0,0,0,0,41,0,0,0,0,0,49,0,0,0,0,261,93,16,0,0,0,0,5,0,0,0,strafe_left
35,84,49,0,6,0,0,62,0,0,0,0,0,0,0,0,0,0,0,8,0,0,0,0,0,0,0,0,0,0,0,0,0,0,0,0,0,0,0,0,0,0,0,0,0,0,0,0,0,0,0,0,0,0,0,0,0,0,0,0,0,0,0,0,0,0,0,0,0,0,0,0,0,0,0,0,0,0,0,0,35,0,0,0,0,0,146,0,0,0,0,9,26,0,0,0,strafe_left
16,19,15,0,0,0,0,78,0,0,0,0,0,0,0,0,0,0,0,12,0,0,0,0,0,0,0,0,0,0,0,0,0,0,0,0,0,0,0,0,0,0,0,0,0,0,0,0,0,0,0,0,0,0,0,0,0,0,0,0,0,0,0,0,0,0,0,0,0,0,0,0,0,0,10,0,0,0,0,0,33,0,0,0,0,5,150,0,0,0,0,12,21,0,0,0,strafe_left
0,0,0,0,0,0,0,148,20,0,0,0,0,0,0,0,0,0,0,21,0,0,0,0,0,0,0,0,0,0,0,0,0,0,0,0,0,0,0,0,0,0,0,0,0,0,0,0,0,0,0,0,0,0,0,0,0,0,0,0,0,0,0,0,0,0,0,0,0,0,0,0,0,0,6,0,0,0,0,0,36,0,0,0,0,0,136,0,0,0,0,16,26,0,0,0,strafe_left
0,0,0,0,0,4,0,145,19,0,0,0,0,0,0,0,0,0,0,11,0,0,0,0,0,0,0,0,0,0,0,0,0,0,0,0,0,0,0,0,0,0,0,0,0,0,0,0,0,0,0,0,0,0,0,0,0,0,0,0,0,0,0,0,0,0,0,0,0,0,0,0,0,0,9,0,0,0,0,0,38,0,0,0,0,6,150,0,0,0,0,8,24,0,0,0,strafe_left
31,139,70,7,10,7,0,60,0,0,0,0,0,0,0,0,0,0,0,0,0,0,0,0,0,0,0,0,0,0,0,0,0,0,0,0,0,0,0,0,0,0,0,0,0,0,0,0,0,0,0,0,0,0,0,0,0,0,0,0,0,0,0,0,0,0,0,0,0,0,0,0,0,9,29,0,0,0,0,0,27,0,0,0,0,18,170,0,0,0,0,4,18,0,0,0,strafe_left
0,0,30,0,0,0,0,0,0,0,0,0,0,16,44,0,0,0,0,0,0,0,0,0,12,0,53,0,0,0,0,0,0,0,0,0,0,0,0,0,0,0,0,0,0,0,0,0,0,35,16,0,0,0,0,8,0,0,0,0,0,56,106,0,0,0,0,0,13,0,0,0,0,5,56,0,0,0,0,0,0,0,0,0,0,0,0,0,0,0,0,0,0,0,0,0,backward
0,0,30,0,0,0,0,0,0,0,0,0,0,17,45,0,0,0,0,0,0,0,0,0,15,0,52,0,0,0,0,0,0,0,0,0,0,0,0,0,0,0,0,0,0,0,0,0,0,38,20,0,0,0,0,12,0,0,0,0,0,56,106,0,0,0,0,0,10,0,0,0,0,4,54,0,0,0,0,0,0,0,0,0,0,0,0,0,0,0,0,0,0,0,0,0,backward
0,0,31,0,0,0,0,0,0,0,0,0,0,15,44,0,0,0,0,0,0,0,0,0,16,0,53,0,0,0,0,0,0,0,0,0,0,0,0,0,0,0,0,0,0,0,0,0,0,38,17,0,0,0,0,8,0,0,0,0,0,59,109,0,0,0,0,0,14,0,0,0,0,5,56,0,0,0,0,0,0,0,0,0,0,0,0,0,0,0,0,0,0,0,0,0,backward
0,0,30,0,0,0,0,0,0,0,0,0,0,17,43,0,0,0,0,0,0,0,0,0,15,0,54,0,0,0,0,0,0,0,0,0,0,0,0,0,0,0,0,0,0,0,0,0,0,36,15,0,0,0,0,7,0,0,0,0,0,59,109,0,0,0,0,0,12,0,0,0,0,5,58,0,0,0,0,0,0,0,0,0,0,0,0,0,0,0,0,0,0,0,0,0,backward
0,0,32,0,0,0,0,0,0,0,0,0,0,17,46,0,0,0,0,0,0,0,0,0,15,0,51,0,0,0,0,0,0,0,0,0,0,0,0,0,0,0,0,0,0,0,0,0,0,43,19,0,0,0,0,11,0,0,0,0,0,60,108,0,0,0,0,0,11,0,0,0,0,4,53,0,0,0,0,0,0,0,0,0,0,0,0,0,0,0,0,0,0,0,0,0,backward
0,0,0,0,0,0,0,30,4,0,0,0,0,28,36,0,0,0,0,0,0,0,0,0,0,14,69,0,0,0,0,0,0,0,0,0,0,0,27,0,0,0,0,0,0,0,0,0,0,0,0,0,0,0,0,0,0,0,0,0,0,0,13,0,0,0,0,0,0,0,0,0,0,116,114,17,0,0,0,0,17,0,0,0,0,0,56,0,0,0,0,0,0,0,0,0,backward
0,0,10,0,0,0,0,0,0,0,0,0,0,0,25,0,0,0,0,0,0,0,0,0,0,45,53,0,0,0,0,0,13,0,0,0,0,0,0,0,0,0,0,0,14,0,0,0,0,0,0,0,0,0,0,0,17,60,0,0,0,0,37,33,0,0,0,0,8,19,0,0,0,0,164,211,0,0,0,0,0,20,0,0,0,0,107,15,0,0,0,0,0,0,0,0,none
0,0,9,0,0,0,0,0,0,0,0,0,0,0,27,0,0,0,0,0,0,0,0,0,0,46,54,0,0,0,0,0,15,0,0,0,0,0,0,0,0,0,0,0,11,0,0,0,0,0,0,0,0,0,0,0,17,62,0,0,0,0,35,32,0,0,0,0,8,18,0,0,0,0,165,213,0,0,0,0,3,20,0,0,0,0,106,15,0,0,0,0,0,0,0,0,none
0,0,9,0,0,0,0,0,0,0,0,0,0,0,29,0,0,0,0,0,0,0,0,0,0,45,54,0,0,0,0,0,16,0,0,0,0,0,0,0,0,0,0,0,11,0,0,0,0,0,51,0,0,0,0,0,29,70,0,0,0,0,36,67,0,0,0,0,24,30,0,0,0,0,45,62,0,0,0,0,16,0,0,0,0,0,0,0,0,0,0,0,0,0,0,0,none
0,0,9,0,0,0,0,0,0,0,0,0,0,0,29,0,0,0,0,0,0,0,0,0,0,39,52,0,0,0,0,0,15,0,0,0,0,0,0,0,0,0,0,0,7,0,0,0,0,0,44,0,0,0,0,0,19,64,0,0,0,0,34,32,0,0,0,0,0,17,0,0,0,0,140,201,0,0,0,0,5,13,0,0,0,0,23,0,0,0,0,0,0,0,0,0,none
0,0,16,0,0,0,0,0,0,0,0,0,0,0,24,0,0,0,0,0,0,0,0,0,0,30,45,0,0,0,0,0,17,0,0,0,0,0,0,0,0,0,0,0,20,0,0,0,0,0,0,0,0,0,0,0,0,46,0,0,0,0,30,19,0,0,0,0,0,19,0,0,0,0,167,249,0,0,0,0,0,29,0,0,0,0,108,16,0,0,0,0,0,8,0,0,none
0,0,16,0,0,0,0,0,0,0,0,0,0,0,23,0,0,0,0,0,0,0,0,0,0,25,47,0,0,0,0,0,18,0,0,0,0,0,0,0,0,0,0,0,22,0,0,0,0,0,0,0,0,0,0,0,0,47,0,0,0,0,40,37,0,0,0,0,0,11,0,0,0,0,178,269,0,0,0,0,0,17,0,0,0,0,96,10,0,0,0,0,0,0,0,0,none
0,34,94,23,0,0,0,0,43,0,0,0,0,0,36,0,0,0,0,0,0,0,0,0,0,0,0,0,0,0,0,0,0,0,0,0,0,0,0,0,0,0,0,0,0,0,0,0,0,0,0,0,0,0,0,0,0,0,0,0,0,0,0,0,0,0,0,0,0,0,0,0,0,0,55,0,0,0,0,0,0,0,0,0,0,0,0,0,0,0,0,0,51,0,0,0,strafe_left
0,0,39,0,0,0,0,0,0,0,0,0,0,0,79,23,0,0,0,0,0,0,0,0,0,0,70,13,0,0,0,0,0,0,0,0,0,0,52,0,0,0,0,0,0,0,0,0,0,11,72,0,0,0,0,19,7,0,0,0,0,29,43,0,0,0,0,0,0,0,0,0,0,7,33,0,0,0,0,0,0,0,0,0,0,0,0,0,0,0,0,0,0,0,0,0,backward
0,0,50,0,0,0,0,0,0,0,0,0,0,0,82,5,0,0,0,0,0,0,0,0,0,9,85,17,0,0,0,0,0,0,0,0,0,0,62,0,0,0,0,0,0,0,0,0,0,25,51,0,0,0,0,0,0,0,0,0,0,24,56,0,0,0,0,0,0,0,0,0,0,24,35,0,0,0,0,0,0,0,0,0,0,0,0,0,0,0,0,0,0,0,0,0,backward
0,0,46,0,0,0,0,0,0,0,0,0,0,0,84,6,0,0,0,0,0,0,0,0,0,16,88,16,0,0,0,0,0,0,0,0,0,0,61,0,0,0,0,0,0,0,0,0,0,21,38,0,0,0,0,0,0,0,0,0,0,26,49,0,0,0,0,0,0,0,0,0,0,27,32,0,0,0,0,0,0,0,0,0,0,0,0,0,0,0,0,0,0,0,0,0,backward
0,0,52,0,0,0,0,0,0,0,0,0,0,0,85,4,0,0,0,0,0,0,0,0,0,26,92,15,0,0,0,0,0,0,0,0,0,0,60,0,0,0,0,0,0,0,0,0,0,20,38,0,0,0,0,0,0,0,0,0,0,29,49,0,0,0,0,0,0,0,0,0,0,28,34,0,0,0,0,0,0,0,0,0,0,0,0,0,0,0,0,0,0,0,0,0,backward
0,0,53,0,0,0,0,0,0,0,0,0,0,0,82,9,0,0,0,0,0,0,0,0,0,13,87,18,0,0,0,0,0,0,0,0,0,0,67,0,0,0,0,0,0,0,0,0,0,27,50,0,0,0,0,0,0,0,0,0,0,30,55,0,0,0,0,0,0,0,0,0,0,23,40,0,0,0,0,0,0,0,0,0,0,0,0,0,0,0,0,0,0,0,0,0,backward
0,0,48,0,0,0,0,0,0,0,0,0,0,0,74,15,0,0,0,0,0,0,0,0,0,0,80,17,0,0,0,0,0,0,0,0,0,0,62,0,0,0,0,0,0,0,0,0,0,25,66,0,0,0,0,0,0,0,0,0,0,34,62,0,0,0,0,0,0,0,0,0,0,24,48,0,0,0,0,0,0,0,0,0,0,0,0,0,0,0,0,0,0,0,0,0,backward
0,0,28,0,0,0,0,0,0,0,0,0,0,0,72,17,0,0,0,0,0,0,0,0,0,0,67,10,0,0,0,0,0,0,0,0,0,0,53,0,0,0,0,0,11,0,0,0,0,14,64,0,0,0,0,12,0,0,0,0,0,34,46,0,0,0,0,0,0,0,0,0,0,19,50,0,0,0,0,0,0,0,0,0,0,0,0,0,0,0,0,0,0,0,0,0,backward
0,0,30,0,0,0,0,0,0,0,0,0,0,0,74,19,0,0,0,0,0,0,0,0,0,0,71,14,0,0,0,0,0,0,0,0,0,0,54,0,0,0,0,0,0,0,0,0,0,19,75,0,0,0,0,13,0,0,0,0,0,36,47,0,0,0,0,0,0,0,0,0,0,25,47,0,0,0,0,0,0,0,0,0,0,0,0,0,0,0,0,0,0,0,0,0,none
0,0,32,0,0,0,0,0,0,0,0,0,0,0,73,18,0,0,0,0,0,0,0,0,0,0,70,14,0,0,0,0,0,0,0,0,0,0,52,0,0,0,0,0,0,0,0,0,0,23,76,0,0,0,0,15,0,0,0,0,0,37,46,0,0,0,0,0,0,0,0,0,0,24,47,0,0,0,0,0,0,0,0,0,0,0,0,0,0,0,0,0,0,0,0,0,none
0,0,50,0,0,0,0,0,0,0,0,0,0,0,73,20,0,0,0,0,0,0,0,0,0,0,80,21,0,0,0,0,0,0,0,0,0,0,63,0,0,0,0,0,0,0,0,0,0,27,72,0,0,0,0,0,0,0,0,0,0,40,52,0,0,0,0,0,0,0,0,0,0,31,54,0,0,0,0,0,0,0,0,0,0,0,0,0,0,0,0,0,0,0,0,0,backward
0,0,48,0,0,0,0,0,0,0,0,0,0,0,73,18,0,0,0,0,0,0,0,0,0,0,80,20,0,0,0,0,0,0,0,0,0,0,63,0,0,0,0,0,0,0,0,0,0,34,77,0,0,0,0,4,0,0,0,0,0,36,50,0,0,0,0,0,0,0,0,0,0,32,53,0,0,0,0,0,0,0,0,0,0,0,0,0,0,0,0,0,0,0,0,0,backward
0,0,44,0,0,0,0,0,0,0,0,0,0,0,75,24,0,0,0,0,0,0,0,0,0,0,74,17,0,0,0,0,0,0,0,0,0,0,60,0,0,0,0,0,0,0,0,0,0,3,76,0,0,0,0,3,0,0,0,0,0,25,46,0,0,0,0,0,0,0,0,0,0,12,38,0,0,0,0,0,0,0,0,0,0,0,0,0,0,0,0,0,0,0,0,0,backward
0,0,47,0,0,0,0,0,0,0,0,0,0,0,76,27,0,0,0,0,0,0,0,0,0,0,76,19,0,0,0,0,0,0,0,0,0,0,63,0,0,0,0,0,0,0,0,0,0,4,76,0,0,0,0,5,0,0,0,0,0,26,47,0,0,0,0,0,0,0,0,0,0,11,38,0,0,0,0,0,0,0,0,0,0,0,0,0,0,0,0,0,0,0,0,0,backward
0,0,48,0,0,0,0,0,0,0,0,0,0,0,78,27,0,0,0,0,0,0,0,0,0,0,76,19,0,0,0,0,0,0,0,0,0,0,63,0,0,0,0,0,0,0,0,0,0,7,76,0,0,0,0,0,0,0,0,0,0,21,46,0,0,0,0,0,0,0,0,0,0,13,39,0,0,0,0,0,0,0,0,0,0,0,0,0,0,0,0,0,0,0,0,0,backward
0,0,50,0,0,0,0,0,0,0,0,0,0,0,77,26,0,0,0,0,0,0,0,0,0,0,76,19,0,0,0,0,0,0,0,0,0,0,64,0,0,0,0,0,0,0,0,0,0,9,76,0,0,0,0,4,0,0,0,0,0,26,47,0,0,0,0,0,0,0,0,0,0,12,36,0,0,0,0,0,0,0,0,0,0,0,0,0,0,0,0,0,0,0,0,0,backward
0,0,66,0,0,0,0,0,0,0,0,0,0,0,71,28,0,0,0,0,0,0,0,0,0,0,78,19,0,0,0,0,0,0,0,0,0,0,51,0,0,0,0,0,0,0,0,0,0,0,53,0,0,0,0,0,0,0,0,0,0,28,51,0,0,0,0,0,0,0,0,0,0,18,33,0,0,0,0,0,0,0,0,0,0,0,0,0,0,0,0,0,0,0,0,0,backward
0,0,80,6,0,0,0,0,0,0,0,0,0,0,71,27,0,0,0,0,0,0,0,0,0,0,78,15,0,0,0,0,0,0,0,0,0,0,38,0,0,0,0,0,0,0,0,0,0,0,51,0,0,0,0,0,0,0,0,0,0,24,47,0,0,0,0,0,0,0,0,0,0,21,39,0,0,0,0,0,0,0,0,0,0,0,0,0,0,0,0,0,3,0,0,0,backward
0,0,63,0,0,0,0,0,0,0,0,0,0,0,71,28,0,0,0,0,0,0,0,0,0,0,81,18,0,0,0,0,0,0,0,0,0,0,53,0,0,0,0,0,0,0,0,0,0,0,52,0,0,0,0,0,0,0,0,0,0,25,47,0,0,0,0,0,0,0,0,0,0,22,43,0,0,0,0,0,0,0,0,0,0,0,0,0,0,0,0,0,0,0,0,0,backward
0,0,39,0,0,0,0,0,0,0,0,0,0,0,69,26,0,0,0,0,0,0,0,0,0,0,71,13,0,0,0,0,0,0,0,0,0,0,59,0,0,0,0,0,0,0,0,0,0,0,57,0,0,0,0,0,0,0,0,0,0,26,46,0,0,0,0,0,0,0,0,0,0,19,39,0,0,0,0,0,0,0,0,0,0,0,0,0,0,0,0,0,0,0,0,0,backward
0,0,37,0,0,0,0,0,0,0,0,0,0,0,69,24,0,0,0,0,0,0,0,0,0,0,70,12,0,0,0,0,0,0,0,0,0,0,58,0,0,0,0,0,0,0,0,0,0,0,70,0,0,0,0,3,0,0,0,0,0,27,47,0,0,0,0,0,0,0,0,0,0,13,37,0,0,0,0,0,0,0,0,0,0,0,0,0,0,0,0,0,0,0,0,0,backward
0,0,35,0,0,0,0,0,0,0,0,0,0,0,71,25,0,0,0,0,0,0,0,0,0,0,70,13,0,0,0,0,0,0,0,0,0,0,57,0,0,0,0,0,0,0,0,0,0,0,80,0,0,0,0,6,0,0,0,0,0,26,47,0,0,0,0,0,0,0,0,0,0,10,35,0,0,0,0,0,0,0,0,0,0,0,0,0,0,0,0,0,0,0,0,0,backward
0,0,29,0,0,0,0,0,0,0,0,0,0,0,71,19,0,0,0,0,0,0,0,0,0,0,70,13,0,0,0,0,0,0,0,0,0,0,51,0,0,0,0,0,0,0,0,0,0,11,75,0,0,0,0,15,0,0,0,0,0,18,40,0,0,0,0,0,0,0,0,0,0,0,29,0,0,0,0,0,0,0,0,0,0,0,0,0,0,0,0,0,0,0,0,0,backward
0,0,19,0,0,0,0,0,0,0,0,0,0,0,67,13,0,0,0,0,0,0,0,0,0,0,69,12,0,0,0,0,0,0,0,0,0,0,51,0,0,0,0,0,4,0,0,0,0,14,79,0,0,0,0,21,7,0,0,0,0,18,38,0,0,0,0,0,0,0,0,0,0,0,28,0,0,0,0,0,0,0,0,0,0,0,0,0,0,0,0,0,0,0,0,0,backward
0,0,118,44,0,0,0,0,39,0,0,0,0,0,82,28,0,0,0,0,0,0,0,0,0,0,63,0,0,0,0,0,0,0,0,0,0,0,0,0,0,0,0,0,0,0,0,0,0,0,41,0,0,0,0,0,0,0,0,0,0,25,40,0,0,0,0,0,0,0,0,0,0,4,20,0,0,0,0,0,0,0,0,0,0,0,0,0,0,0,0,0,0,0,0,0,strafe_left
