left_1,left_2,left_3,left_4,left_5,left_6,left_7,left_8,left_9,left_10,left_11,left_12,left_13,left_14,left_15,left_16,left_17,left_18,left_19,left_20,left_21,left_22,left_23,left_24,left_25,left_26,left_27,left_28,left_29,left_30,left_31,left_32,left_33,left_34,left_35,left_36,left_37,left_38,left_39,left_40,left_41,left_42,left_43,left_44,left_45,left_46,left_47,left_48,right_1,right_2,right_3,right_4,right_5,right_6,right_7,right_8,right_9,right_10,right_11,right_12,right_13,right_14,right_15,right_16,right_17,right_18,right_19,right_20,right_21,right_22,right_23,right_24,right_25,right_26,right_27,right_28,right_29,right_30,right_31,right_32,right_33,right_34,right_35,right_36,right_37,right_38,right_39,right_40,right_41,right_42,right_43,right_44,right_45,right_46,right_47,right_48,direction
0,0,0,0,0,0,0,52,9,0,0,0,0,0,0,0,0,0,0,6,4,0,0,0,0,13,50,0,0,0,0,0,14,0,0,0,0,11,30,0,0,0,0,0,0,0,0,0,0,0,0,0,0,0,0,38,46,0,0,0,0,0,26,0,0,0,0,0,27,0,0,0,0,0,48,0,0,0,0,0,0,0,0,0,0,0,0,0,0,0,0,0,0,0,0,0,none
0,0,0,0,0,0,0,55,8,0,0,0,0,0,3,0,0,0,0,5,3,0,0,0,0,35,68,0,0,0,0,0,17,0,0,0,0,33,53,0,0,0,0,0,0,0,0,0,0,0,0,0,0,0,0,14,14,0,0,0,0,0,7,0,0,0,0,16,26,0,0,0,0,0,44,0,0,0,0,0,4,0,0,0,0,0,31,0,0,0,0,0,11,0,0,0,none
0,0,0,0,0,0,0,54,7,0,0,0,0,0,4,0,0,0,0,3,3,0,0,0,0,39,67,0,0,0,0,0,16,0,0,0,0,36,53,0,0,0,0,0,0,0,0,0,0,0,0,0,0,0,0,16,18,0,0,0,0,0,7,0,0,0,0,17,26,0,0,0,0,0,44,0,0,0,0,0,4,0,0,0,0,0,31,0,0,0,0,0,10,0,0,0,none
0,0,0,0,0,0,0,53,9,0,0,0,0,0,8,0,0,0,0,3,0,0,0,0,0,44,75,0,0,0,0,0,13,0,0,0,0,49,54,0,0,0,0,0,0,0,0,0,0,0,0,0,0,0,0,43,42,0,0,0,0,0,12,0,0,0,0,16,26,0,0,0,0,0,45,0,0,0,0,0,0,0,0,0,0,0,36,0,0,0,0,0,0,0,0,0,none
0,0,0,0,0,0,0,56,8,0,0,0,0,0,7,0,0,0,0,3,0,0,0,0,0,42,71,0,0,0,0,0,15,0,0,0,0,49,56,0,0,0,0,0,0,0,0,0,0,0,0,0,0,0,0,43,44,0,0,0,0,0,14,0,0,0,0,13,24,0,0,0,0,0,49,0,0,0,0,0,0,0,0,0,0,0,36,0,0,0,0,0,0,0,0,0,none
0,0,0,0,0,0,0,57,9,0,0,0,0,0,8,0,0,0,0,3,0,0,0,0,0,42,74,0,0,0,0,0,15,0,0,0,0,45,48,0,0,0,0,0,0,0,0,0,0,0,0,0,0,0,0,44,43,0,0,0,0,0,14,0,0,0,0,14,22,0,0,0,0,0,49,0,0,0,0,0,0,0,0,0,0,0,36,0,0,0,0,0,0,0,0,0,none
0,0,0,0,0,0,0,56,9,0,0,0,0,0,8,0,0,0,0,0,0,0,0,0,0,41,74,0,0,0,0,0,14,0,0,0,0,47,52,0,0,0,0,0,0,0,0,0,0,0,0,0,0,0,0,39,43,0,0,0,0,0,14,0,0,0,0,14,24,0,0,0,0,0,50,0,0,0,0,0,0,0,0,0,0,0,37,0,0,0,0,0,0,0,0,0,none
0,0,0,0,0,0,0,60,10,0,0,0,0,0,7,0,0,0,0,5,0,0,0,0,0,36,69,0,0,0,0,0,16,0,0,0,0,33,48,0,0,0,0,0,0,0,0,0,0,0,0,0,0,0,0,43,42,0,0,0,0,0,15,0,0,0,0,14,22,0,0,0,0,0,50,0,0,0,0,0,0,0,0,0,0,0,37,0,0,0,0,0,0,0,0,0,none
0,0,0,0,0,0,0,61,11,0,0,0,0,0,0,0,0,0,0,9,7,0,0,0,0,27,61,0,0,0,0,0,19,0,0,0,0,18,44,0,0,0,0,0,0,0,0,0,0,0,0,0,0,0,0,42,38,0,0,0,0,0,15,0,0,0,0,14,23,0,0,0,0,0,50,0,0,0,0,0,0,0,0,0,0,0,38,0,0,0,0,0,0,0,0,0,none
0,0,0,0,0,0,0,63,15,0,0,0,0,0,0,0,0,0,0,10,10,0,0,0,0,18,48,0,0,0,0,0,19,0,0,0,0,0,37,0,0,0,0,0,0,0,0,0,0,0,0,0,0,0,0,38,38,0,0,0,0,0,16,0,0,0,0,12,22,0,0,0,0,0,50,0,0,0,0,0,0,0,0,0,0,0,33,0,0,0,0,0,0,0,0,0,none
0,0,0,0,0,0,0,65,10,0,0,0,0,0,7,0,0,0,0,4,0,0,0,0,0,27,70,0,0,0,0,0,12,0,0,0,0,16,37,0,0,0,0,0,0,0,0,0,0,0,0,0,0,0,0,46,46,0,0,0,0,0,15,0,0,0,0,14,24,0,0,0,0,0,51,0,0,0,0,0,0,0,0,0,0,0,36,0,0,0,0,0,0,0,0,0,none
0,0,0,0,0,0,0,64,12,0,0,0,0,0,7,0,0,0,0,4,0,0,0,0,0,27,69,0,0,0,0,0,12,0,0,0,0,16,38,0,0,0,0,0,0,0,0,0,0,0,0,0,0,0,0,45,46,0,0,0,0,0,15,0,0,0,0,15,24,0,0,0,0,0,51,0,0,0,0,0,0,0,0,0,0,0,36,0,0,0,0,0,0,0,0,0,none
0,0,0,0,0,0,0,60,12,0,0,0,0,0,7,0,0,0,0,4,0,0,0,0,0,27,69,0,0,0,0,0,12,0,0,0,0,18,39,0,0,0,0,0,0,0,0,0,0,0,0,0,0,0,0,45,46,0,0,0,0,0,15,0,0,0,0,14,24,0,0,0,0,0,52,0,0,0,0,0,0,0,0,0,0,0,36,0,0,0,0,0,0,0,0,0,none
0,0,0,0,0,0,0,62,10,0,0,0,0,0,9,0,0,0,0,4,0,0,0,0,0,27,69,0,0,0,0,0,12,0,0,0,0,20,41,0,0,0,0,0,0,0,0,0,0,0,0,0,0,0,0,45,46,0,0,0,0,0,15,0,0,0,0,14,24,0,0,0,0,0,51,0,0,0,0,0,0,0,0,0,0,0,36,0,0,0,0,0,0,0,0,0,none
0,0,0,0,0,0,0,54,0,0,0,0,0,27,19,0,0,0,0,22,0,0,0,0,0,7,57,0,0,0,0,0,0,0,0,0,0,0,0,0,0,0,0,0,0,0,0,0,0,0,0,0,0,0,0,13,0,0,0,0,0,0,9,0,0,0,0,18,18,0,0,0,0,0,42,0,0,0,0,0,0,0,0,0,0,0,12,0,0,0,0,0,0,0,0,0,none
0,0,0,0,0,0,0,53,0,0,0,0,0,26,18,0,0,0,0,22,0,0,0,0,0,7,57,0,0,0,0,0,0,0,0,0,0,0,0,0,0,0,0,0,0,0,0,0,0,0,0,0,0,0,0,13,0,0,0,0,0,0,10,0,0,0,0,17,18,0,0,0,0,0,46,0,0,0,0,0,0,0,0,0,0,0,12,0,0,0,0,0,0,0,0,0,none
0,0,0,0,0,0,0,53,0,0,0,0,0,25,18,0,0,0,0,22,0,0,0,0,0,7,57,0,0,0,0,0,0,0,0,0,0,0,0,0,0,0,0,0,0,0,0,0,0,0,0,0,0,0,0,13,0,0,0,0,0,0,10,0,0,0,0,18,18,0,0,0,0,0,46,0,0,0,0,0,0,0,0,0,0,0,12,0,0,0,0,0,0,0,0,0,none
0,0,0,0,0,0,0,53,0,0,0,0,0,26,18,0,0,0,0,22,0,0,0,0,0,7,58,0,0,0,0,0,0,0,0,0,0,0,0,0,0,0,0,0,0,0,0,0,0,0,0,0,0,0,0,13,0,0,0,0,0,0,10,0,0,0,0,18,18,0,0,0,0,0,46,0,0,0,0,0,0,0,0,0,0,0,8,0,0,0,0,0,0,0,0,0,none
0,0,0,0,0,0,0,53,0,0,0,0,0,25,18,0,0,0,0,21,0,0,0,0,0,8,57,0,0,0,0,0,0,0,0,0,0,0,0,0,0,0,0,0,0,0,0,0,0,0,0,0,0,0,0,14,0,0,0,0,0,0,10,0,0,0,0,18,19,0,0,0,0,0,45,0,0,0,0,0,0,0,0,0,0,0,12,0,0,0,0,0,0,0,0,0,none
0,0,0,0,0,0,0,53,0,0,0,0,0,26,19,0,0,0,0,22,0,0,0,0,0,7,57,0,0,0,0,0,0,0,0,0,0,0,0,0,0,0,0,0,0,0,0,0,0,0,0,0,0,0,0,14,0,0,0,0,0,0,9,0,0,0,0,18,19,0,0,0,0,0,42,0,0,0,0,0,0,0,0,0,0,0,12,0,0,0,0,0,0,0,0,0,none
0,0,0,0,0,0,0,53,0,0,0,0,0,25,18,0,0,0,0,21,0,0,0,0,0,8,56,0,0,0,0,0,0,0,0,0,0,0,0,0,0,0,0,0,0,0,0,0,0,0,0,0,0,0,0,13,0,0,0,0,0,0,11,0,0,0,0,18,17,0,0,0,0,0,45,0,0,0,0,0,0,0,0,0,0,0,12,0,0,0,0,0,3,0,0,0,none
0,0,0,0,0,0,0,53,0,0,0,0,0,0,0,0,0,0,0,27,12,0,0,0,0,0,23,0,0,0,0,0,12,0,0,0,21,45,47,0,0,0,0,0,0,0,0,0,0,0,0,0,0,0,0,11,0,0,0,0,0,0,0,0,0,0,0,44,39,0,0,0,0,0,37,0,0,0,0,0,0,0,0,0,0,0,30,0,0,0,0,0,7,0,0,0,none
0,0,0,0,0,0,0,53,0,0,0,0,0,0,0,0,0,0,0,28,12,0,0,0,0,0,23,0,0,0,0,0,12,0,0,0,21,46,44,0,0,0,0,0,0,0,0,0,0,0,0,0,0,0,0,11,0,0,0,0,0,0,0,0,0,0,0,45,40,0,0,0,0,0,37,0,0,0,0,0,0,0,0,0,0,0,30,0,0,0,0,0,7,0,0,0,none
0,0,0,0,0,0,0,53,0,0,0,0,0,0,0,0,0,0,0,27,8,0,0,0,0,0,23,0,0,0,0,0,12,0,0,0,23,46,47,0,0,0,0,0,0,0,0,0,0,0,0,0,0,0,0,7,0,0,0,0,0,0,0,0,0,0,0,45,39,0,0,0,0,0,37,0,0,0,0,0,0,0,0,0,0,0,30,0,0,0,0,0,6,0,0,0,none
0,0,0,0,0,0,0,53,0,0,0,0,0,0,0,0,0,0,0,28,12,0,0,0,0,0,24,0,0,0,0,0,12,0,0,0,23,45,48,0,0,0,0,0,0,0,0,0,0,0,0,0,0,0,0,12,0,0,0,0,0,0,0,0,0,0,0,45,39,0,0,0,0,0,36,0,0,0,0,0,0,0,0,0,0,0,29,0,0,0,0,0,7,0,0,0,none
0,0,0,0,0,0,15,12,0,0,0,0,0,0,0,0,0,0,21,21,0,0,0,0,21,0,0,0,0,0,0,12,0,0,0,0,93,0,0,0,0,0,0,6,0,0,0,0,0,0,0,0,0,0,0,32,0,0,0,0,0,0,0,0,0,0,0,56,22,0,0,0,0,0,29,0,0,0,0,9,0,0,0,0,0,0,13,0,0,0,0,0,0,0,0,0,none
0,0,0,0,0,0,15,12,0,0,0,0,0,0,0,0,0,0,21,21,0,0,0,0,24,0,0,0,0,0,0,13,0,0,0,0,95,0,0,0,0,0,0,7,0,0,0,0,0,0,0,0,0,0,0,33,0,0,0,0,0,0,0,0,0,0,0,56,22,0,0,0,0,0,29,0,0,0,0,9,0,0,0,0,0,0,13,0,0,0,0,0,0,0,0,0,none
0,0,0,0,0,0,17,36,0,0,0,0,0,0,0,0,0,0,0,19,0,0,0,0,41,0,11,0,0,0,0,11,0,0,0,0,61,0,0,0,0,0,0,13,0,0,0,0,0,0,0,0,0,0,0,13,0,0,0,0,0,0,0,0,0,0,34,44,0,0,0,0,0,0,0,0,0,0,0,29,0,0,0,0,0,0,0,0,0,0,0,3,0,0,0,0,none
0,0,0,0,0,0,17,36,0,0,0,0,0,0,0,0,0,0,0,20,0,0,0,0,42,4,11,0,0,0,0,15,0,0,0,0,61,0,0,0,0,0,0,13,0,0,0,0,0,0,0,0,0,0,0,17,0,0,0,0,0,0,0,0,0,0,34,43,0,0,0,0,0,0,0,0,0,0,0,29,0,0,0,0,0,0,0,0,0,0,0,3,0,0,0,0,none
0,0,0,0,0,0,17,35,0,0,0,0,0,0,0,0,0,0,0,17,0,0,0,0,46,5,11,0,0,0,0,15,0,0,0,0,63,0,0,0,0,0,0,14,0,0,0,0,0,0,0,0,0,0,0,18,0,0,0,0,0,0,0,0,0,0,35,43,0,0,0,0,0,0,0,0,0,0,0,29,0,0,0,0,0,0,0,0,0,0,0,3,0,0,0,0,none
0,0,0,0,0,0,17,31,0,0,0,0,58,22,0,0,0,0,0,22,0,0,0,0,39,0,0,0,0,0,0,15,0,0,0,0,0,0,0,0,0,0,0,9,0,0,0,0,0,0,0,0,0,0,0,41,0,0,0,0,0,0,0,0,0,0,15,31,0,0,0,0,0,0,0,0,0,0,0,26,0,0,0,0,0,0,0,0,0,0,0,5,0,0,0,0,none
0,0,0,0,0,0,14,29,0,0,0,0,61,23,0,0,0,0,0,24,0,0,0,0,42,0,0,0,0,0,0,15,0,0,0,0,0,0,0,0,0,0,0,10,0,0,0,0,0,0,0,0,0,0,0,41,0,0,0,0,0,0,0,0,0,0,12,30,0,0,0,0,0,0,0,0,0,0,0,27,0,0,0,0,0,0,0,0,0,0,0,4,0,0,0,0,none
0,0,0,0,0,0,5,25,0,0,0,0,4,0,0,0,0,0,0,23,0,0,0,0,21,0,0,0,0,0,0,24,0,0,0,0,0,0,0,0,0,0,0,21,0,0,0,0,0,0,0,0,0,0,0,33,0,0,0,0,0,0,0,0,0,0,11,29,0,0,0,0,0,0,0,0,0,0,0,29,0,0,0,0,0,0,0,0,0,0,0,12,0,0,0,0,none
0,0,0,0,0,0,0,23,39,0,0,0,0,0,34,0,0,0,0,0,4,0,0,0,0,0,85,6,0,0,0,0,0,0,0,0,0,0,87,0,0,0,0,0,0,0,0,0,0,0,0,0,0,0,0,0,0,0,0,0,0,0,0,0,0,0,0,0,43,40,0,0,0,0,55,19,0,0,0,0,0,0,0,0,0,0,54,26,0,0,0,0,0,0,0,0,none
0,0,0,0,0,0,0,22,35,0,0,0,0,0,34,0,0,0,0,0,4,0,0,0,0,0,84,5,0,0,0,0,0,0,0,0,0,0,87,0,0,0,0,0,0,0,0,0,0,0,0,0,0,0,0,0,0,0,0,0,0,0,0,0,0,0,0,0,43,40,0,0,0,0,55,19,0,0,0,0,0,0,0,0,0,0,52,26,0,0,0,0,0,0,0,0,none
0,0,0,0,0,0,0,20,37,0,0,0,0,0,34,0,0,0,0,0,0,0,0,0,0,0,84,5,0,0,0,0,0,0,0,0,0,0,90,0,0,0,0,0,0,0,0,0,0,0,0,0,0,0,0,0,0,0,0,0,0,0,0,0,0,0,0,0,43,40,0,0,0,0,55,20,0,0,0,0,0,0,0,0,0,0,51,26,0,0,0,0,0,0,0,0,none
0,0,0,0,0,0,0,0,17,0,0,0,0,0,0,0,0,0,0,4,15,0,0,0,0,0,70,0,0,0,0,0,3,0,0,0,0,27,82,6,0,0,0,0,0,0,0,0,0,0,0,0,0,0,0,0,0,0,0,0,0,0,0,0,0,0,0,0,36,13,0,0,0,0,74,21,0,0,0,0,0,0,0,0,0,0,60,17,0,0,0,0,0,0,0,0,none
0,0,0,0,0,0,0,0,16,0,0,0,0,0,0,0,0,0,0,5,15,0,0,0,0,0,73,0,0,0,0,0,4,0,0,0,0,28,80,6,0,0,0,0,0,0,0,0,0,0,0,0,0,0,0,0,0,0,0,0,0,0,0,0,0,0,0,0,36,13,0,0,0,0,78,20,0,0,0,0,0,0,0,0,0,0,60,17,0,0,0,0,0,0,0,0,none
0,0,0,0,0,0,0,0,15,0,0,0,0,0,0,0,0,0,0,4,14,0,0,0,0,0,69,0,0,0,0,0,3,0,0,0,0,18,76,5,0,0,0,0,0,0,0,0,0,0,0,0,0,0,0,0,0,0,0,0,0,0,0,0,0,0,0,0,36,13,0,0,0,0,77,21,0,0,0,0,0,0,0,0,0,0,56,16,0,0,0,0,0,0,0,0,none
0,0,0,0,0,0,0,22,0,0,0,0,0,0,0,0,0,0,0,37,3,0,0,0,0,0,28,0,0,0,0,5,0,0,0,0,67,33,24,0,0,0,0,0,4,0,0,0,0,0,0,0,0,0,0,0,0,0,0,0,0,0,0,0,0,0,0,36,29,0,0,0,0,0,37,0,0,0,0,0,0,0,0,0,0,0,20,0,0,0,0,0,8,0,0,0,none
0,0,0,0,0,0,0,23,0,0,0,0,0,0,0,0,0,0,0,33,3,0,0,0,0,0,28,0,0,0,0,5,0,0,0,0,65,34,25,0,0,0,0,0,0,0,0,0,0,0,0,0,0,0,0,0,0,0,0,0,0,0,0,0,0,0,0,33,28,0,0,0,0,0,37,0,0,0,0,0,0,0,0,0,0,0,20,0,0,0,0,0,8,0,0,0,none
0,0,0,0,0,0,0,26,0,0,0,0,0,0,0,0,0,0,0,36,0,0,0,0,0,0,29,0,0,0,0,6,0,0,0,0,67,34,26,0,0,0,0,0,3,0,0,0,0,0,0,0,0,0,0,0,0,0,0,0,0,0,0,0,0,0,0,35,28,0,0,0,0,0,38,0,0,0,0,0,0,0,0,0,0,0,21,0,0,0,0,0,8,0,0,0,none
0,0,0,0,0,0,0,19,16,0,0,0,0,0,41,0,0,0,0,0,4,0,0,0,0,16,86,0,0,0,0,0,16,0,0,0,0,0,57,0,0,0,0,0,0,0,0,0,0,0,0,0,0,0,0,5,43,0,0,0,0,0,39,0,0,0,0,0,20,0,0,0,0,0,42,0,0,0,0,0,0,0,0,0,0,0,0,0,0,0,0,0,0,0,0,0,none
0,0,0,0,0,0,0,19,15,0,0,0,0,0,41,0,0,0,0,0,5,0,0,0,0,17,86,0,0,0,0,0,16,0,0,0,0,0,58,0,0,0,0,0,0,0,0,0,0,0,0,0,0,0,0,5,42,0,0,0,0,0,40,0,0,0,0,0,17,0,0,0,0,0,43,0,0,0,0,0,0,0,0,0,0,0,0,0,0,0,0,0,0,0,0,0,none
0,0,0,0,0,0,0,19,15,0,0,0,0,0,41,0,0,0,0,0,0,0,0,0,0,16,87,0,0,0,0,0,16,0,0,0,0,0,57,0,0,0,0,0,0,0,0,0,0,0,0,0,0,0,0,5,43,0,0,0,0,0,39,0,0,0,0,0,20,0,0,0,0,0,42,0,0,0,0,0,0,0,0,0,0,0,0,0,0,0,0,0,0,0,0,0,none
0,0,0,0,0,0,0,19,16,0,0,0,0,0,40,0,0,0,0,0,4,0,0,0,0,17,87,0,0,0,0,0,15,0,0,0,0,0,58,0,0,0,0,0,0,0,0,0,0,0,0,0,0,0,0,5,42,0,0,0,0,0,38,0,0,0,0,0,19,0,0,0,0,0,40,0,0,0,0,0,0,0,0,0,0,0,0,0,0,0,0,0,0,0,0,0,none
0,0,0,0,0,0,0,0,8,0,0,0,0,0,0,0,0,0,0,0,26,11,0,0,0,0,78,0,0,0,0,0,25,17,0,0,0,22,83,22,0,0,0,0,0,0,0,0,0,0,0,0,0,0,0,0,0,88,0,0,0,0,0,0,0,0,0,0,0,33,0,0,0,0,5,44,0,0,0,0,0,0,0,0,0,0,40,46,0,0,0,0,0,0,0,0,none
0,0,0,0,0,0,0,0,8,0,0,0,0,0,0,0,0,0,0,0,25,11,0,0,0,0,76,0,0,0,0,0,25,18,0,0,0,24,84,23,0,0,0,0,0,0,0,0,0,0,0,0,0,0,0,0,0,88,0,0,0,0,0,0,0,0,0,0,0,34,0,0,0,0,6,43,0,0,0,0,0,0,0,0,0,0,45,47,0,0,0,0,0,0,0,0,none
0,0,0,0,0,0,0,0,8,0,0,0,0,0,0,0,0,0,0,0,25,10,0,0,0,0,78,0,0,0,0,0,25,17,0,0,0,25,83,23,0,0,0,0,0,0,0,0,0,0,0,0,0,0,0,0,0,87,0,0,0,0,0,0,0,0,0,0,0,34,0,0,0,0,6,44,0,0,0,0,0,0,0,0,0,0,45,47,0,0,0,0,0,0,0,0,none
0,0,0,0,0,0,0,0,0,0,0,0,0,0,0,0,0,0,0,0,31,0,0,0,0,0,53,0,0,0,0,0,25,11,0,0,0,27,78,19,0,0,0,0,12,0,0,0,0,0,0,0,0,0,0,0,38,71,0,0,0,0,0,22,0,0,0,0,0,17,0,0,0,0,54,41,0,0,0,0,0,0,0,0,0,0,0,12,0,0,0,0,0,0,0,0,none
0,0,0,0,0,0,0,0,0,0,0,0,0,0,0,0,0,0,0,0,31,0,0,0,0,0,54,0,0,0,0,0,25,10,0,0,0,28,79,20,0,0,0,0,15,0,0,0,0,0,0,0,0,0,0,0,39,71,0,0,0,0,0,20,0,0,0,0,0,18,0,0,0,0,53,39,0,0,0,0,0,0,0,0,0,0,0,17,0,0,0,0,0,0,0,0,none
0,0,0,0,0,0,0,0,0,0,0,0,0,0,0,0,0,0,0,0,23,0,0,0,0,0,72,0,0,0,0,0,18,0,0,0,0,54,99,30,0,0,0,0,5,0,0,0,0,0,0,0,0,0,0,0,38,70,0,0,0,0,0,21,0,0,0,0,0,19,0,0,0,0,53,41,0,0,0,0,0,0,0,0,0,0,0,19,0,0,0,0,0,0,0,0,none
0,0,0,0,0,0,0,0,0,0,0,0,0,0,0,0,0,0,0,0,21,0,0,0,0,0,75,0,0,0,0,0,21,11,0,0,0,21,81,17,0,0,0,0,17,0,0,0,0,0,0,0,0,0,0,0,26,67,4,0,0,0,0,0,0,0,0,0,0,23,0,0,0,0,0,0,0,0,0,0,0,3,0,0,0,0,31,49,0,0,0,0,0,0,0,0,none
0,0,0,0,0,0,0,0,0,0,0,0,0,0,0,0,0,0,0,0,21,0,0,0,0,0,73,0,0,0,0,0,21,10,0,0,0,21,82,17,0,0,0,0,16,0,0,0,0,0,0,0,0,0,0,0,27,67,5,0,0,0,0,0,0,0,0,0,0,24,0,0,0,0,0,0,0,0,0,0,0,7,0,0,0,0,30,48,0,0,0,0,0,0,0,0,none
0,0,0,0,0,0,0,0,0,0,0,0,0,0,0,0,0,0,0,0,21,0,0,0,0,0,74,0,0,0,0,0,21,11,0,0,0,17,81,16,0,0,0,0,17,0,0,0,0,0,0,0,0,0,0,0,26,63,4,0,0,0,0,0,0,0,0,0,0,24,0,0,0,0,0,0,0,0,0,0,0,7,0,0,0,0,30,48,0,0,0,0,0,0,0,0,none
0,0,0,0,0,0,0,0,0,0,0,0,0,0,0,0,0,0,0,29,15,0,0,0,0,0,0,0,0,0,0,11,32,0,0,0,18,44,34,0,0,0,0,0,31,0,0,0,0,0,0,0,0,0,0,0,65,47,0,0,0,0,16,0,0,0,0,0,23,18,0,0,0,0,68,15,0,0,0,0,0,4,0,0,0,0,57,11,0,0,0,0,0,0,0,0,none
0,0,0,0,0,0,0,0,0,0,0,0,0,0,0,0,0,0,0,31,17,0,0,0,0,0,0,0,0,0,0,12,36,0,0,0,14,40,35,0,0,0,0,0,31,0,0,0,0,0,0,0,0,0,0,0,64,46,0,0,0,0,16,0,0,0,0,0,23,18,0,0,0,0,68,15,0,0,0,0,0,4,0,0,0,0,58,14,0,0,0,0,0,0,0,0,none
0,0,0,0,0,0,0,0,0,0,0,0,0,0,0,0,0,0,0,33,21,0,0,0,0,11,30,0,0,0,0,0,28,0,0,0,46,49,49,0,0,0,0,0,30,0,0,0,0,0,0,0,0,0,0,0,67,47,0,0,0,0,16,0,0,0,0,0,23,17,0,0,0,0,70,16,0,0,0,0,0,0,0,0,0,0,55,15,0,0,0,0,0,0,0,0,none
0,0,0,0,0,0,0,0,0,0,0,0,0,0,0,0,0,0,0,37,21,0,0,0,0,11,30,0,0,0,0,0,28,0,0,0,47,50,49,0,0,0,0,0,31,0,0,0,0,0,0,0,0,0,0,0,66,47,0,0,0,0,16,0,0,0,0,0,20,17,0,0,0,0,70,15,0,0,0,0,0,0,0,0,0,0,59,16,0,0,0,0,0,0,0,0,none
0,0,0,0,0,0,0,0,0,0,0,0,0,0,0,0,0,0,0,38,21,0,0,0,0,12,28,0,0,0,0,0,28,0,0,0,48,49,49,0,0,0,0,0,28,0,0,0,0,0,0,0,0,0,0,0,66,46,0,0,0,0,16,0,0,0,0,0,22,14,0,0,0,0,70,15,0,0,0,0,0,0,0,0,0,0,59,15,0,0,0,0,0,0,0,0,none
0,0,0,0,0,0,0,64,0,0,0,0,0,0,0,0,0,0,0,30,20,0,0,0,0,6,49,0,0,0,0,0,15,0,0,0,17,54,57,0,0,0,0,0,3,0,0,0,0,0,0,0,0,0,0,59,46,0,0,0,0,0,16,0,0,0,0,19,30,0,0,0,0,0,43,0,0,0,0,0,0,0,0,0,0,0,14,0,0,0,0,0,0,0,0,0,none
0,0,0,0,0,0,0,64,0,0,0,0,0,0,0,0,0,0,0,30,20,0,0,0,0,7,49,0,0,0,0,0,15,0,0,0,17,54,56,0,0,0,0,0,3,0,0,0,0,0,0,0,0,0,0,58,47,0,0,0,0,0,15,0,0,0,0,17,30,0,0,0,0,0,42,0,0,0,0,0,0,0,0,0,0,0,14,0,0,0,0,0,0,0,0,0,none
0,0,0,0,0,0,0,64,0,0,0,0,0,0,0,0,0,0,0,30,20,0,0,0,0,5,49,0,0,0,0,0,15,0,0,0,16,53,56,0,0,0,0,0,3,0,0,0,0,0,0,0,0,0,0,59,46,0,0,0,0,0,16,0,0,0,0,19,30,0,0,0,0,0,43,0,0,0,0,0,0,0,0,0,0,0,14,0,0,0,0,0,0,0,0,0,none
0,0,0,0,0,0,0,72,8,0,0,0,0,0,0,0,0,0,0,39,36,0,0,0,0,0,27,0,0,0,0,0,26,0,0,0,0,0,31,0,0,0,0,0,14,0,0,0,0,0,0,0,0,0,0,62,50,0,0,0,0,0,9,0,0,0,0,22,36,0,0,0,0,0,32,0,0,0,0,0,4,0,0,0,0,0,9,0,0,0,0,0,6,0,0,0,forward
0,0,0,0,0,0,0,74,7,0,0,0,0,0,0,0,0,0,0,43,36,0,0,0,0,0,28,0,0,0,0,0,26,0,0,0,0,0,31,0,0,0,0,0,14,0,0,0,0,0,0,0,0,0,0,61,50,0,0,0,0,0,9,0,0,0,0,21,35,0,0,0,0,0,31,0,0,0,0,0,4,0,0,0,0,0,9,0,0,0,0,0,6,0,0,0,forward
0,0,0,0,0,0,0,73,7,0,0,0,0,0,0,0,0,0,0,43,36,0,0,0,0,0,27,0,0,0,0,0,26,0,0,0,0,0,32,0,0,0,0,0,15,0,0,0,0,0,0,0,0,0,0,61,49,0,0,0,0,0,9,0,0,0,0,22,36,0,0,0,0,0,32,0,0,0,0,0,4,0,0,0,0,0,9,0,0,0,0,0,6,0,0,0,forward
0,0,0,0,0,0,0,76,8,0,0,0,0,0,0,0,0,0,0,46,40,0,0,0,0,0,17,0,0,0,0,0,41,0,0,0,0,0,8,0,0,0,0,0,18,0,0,0,0,0,0,0,0,0,0,61,51,0,0,0,0,0,4,0,0,0,0,24,42,0,0,0,0,0,23,0,0,0,0,0,9,0,0,0,0,0,0,0,0,0,0,0,10,0,0,0,forward
0,0,0,0,0,0,0,77,8,0,0,0,0,0,0,0,0,0,0,50,41,0,0,0,0,0,16,0,0,0,0,0,40,0,0,0,0,0,10,0,0,0,0,0,16,0,0,0,0,0,0,0,0,0,0,62,51,0,0,0,0,0,5,0,0,0,0,27,42,0,0,0,0,0,25,0,0,0,0,0,9,0,0,0,0,0,0,0,0,0,0,0,10,0,0,0,forward
0,0,0,0,0,0,0,77,5,0,0,0,0,0,0,0,0,0,0,50,41,0,0,0,0,0,13,0,0,0,0,0,41,0,0,0,0,0,4,0,0,0,0,0,20,0,0,0,0,0,0,0,0,0,0,62,50,0,0,0,0,0,4,0,0,0,0,27,42,0,0,0,0,0,23,0,0,0,0,0,8,0,0,0,0,0,0,0,0,0,0,0,10,0,0,0,forward
0,0,0,0,0,0,0,78,8,0,0,0,0,0,0,0,0,0,0,51,42,0,0,0,0,0,12,0,0,0,0,0,42,0,0,0,0,0,0,0,0,0,0,0,21,0,0,0,0,0,0,0,0,0,0,62,51,0,0,0,0,0,5,0,0,0,0,24,42,0,0,0,0,0,23,0,0,0,0,0,9,0,0,0,0,0,0,0,0,0,0,0,9,0,0,0,forward
0,0,0,0,0,0,0,77,8,0,0,0,0,0,0,0,0,0,0,56,48,0,0,0,0,0,3,0,0,0,0,4,57,0,0,0,0,0,0,0,0,0,0,0,26,0,0,0,0,0,0,0,0,0,0,62,51,0,0,0,0,0,0,0,0,0,0,31,47,0,0,0,0,0,15,0,0,0,0,0,13,0,0,0,0,0,0,0,0,0,0,0,15,0,0,0,forward
0,0,0,0,0,0,0,78,8,0,0,0,0,0,0,0,0,0,0,54,47,0,0,0,0,0,4,0,0,0,0,3,53,0,0,0,0,0,0,0,0,0,0,0,22,0,0,0,0,0,0,0,0,0,0,38,34,0,0,0,0,0,0,0,0,0,0,27,52,0,0,0,0,0,0,0,0,0,0,0,53,8,0,0,0,0,0,0,0,0,0,0,54,0,0,0,forward
0,0,0,0,0,0,0,85,10,0,0,0,0,0,0,0,0,0,0,58,49,0,0,0,0,0,0,0,0,0,0,3,60,0,0,0,0,0,0,0,0,0,0,0,28,0,0,0,0,0,0,0,0,0,0,27,26,0,0,0,0,0,0,0,0,0,0,24,49,0,0,0,0,0,0,0,0,0,0,0,53,10,0,0,0,0,0,0,0,0,0,0,63,0,0,0,forward
0,0,0,0,0,0,0,92,12,0,0,0,0,0,0,0,0,0,0,62,52,0,0,0,0,0,0,0,0,0,0,7,66,0,0,0,0,0,0,0,0,0,0,0,32,0,0,0,0,0,0,0,0,0,0,12,17,0,0,0,0,0,0,0,0,0,0,22,45,0,0,0,0,0,0,0,0,0,0,0,48,7,0,0,0,0,0,0,0,0,0,0,66,0,0,0,forward
0,0,0,0,0,0,0,100,16,0,0,0,0,0,0,0,0,0,0,72,63,0,0,0,0,0,0,0,0,0,0,0,76,0,0,0,0,0,0,0,0,0,0,0,36,0,0,0,0,0,0,0,0,0,0,0,4,0,0,0,0,0,0,0,0,0,0,5,44,0,0,0,0,0,0,0,0,0,0,0,51,13,0,0,0,0,0,0,0,0,0,0,73,0,0,0,forward
0,0,0,0,0,0,0,100,26,0,0,0,0,0,0,0,0,0,0,69,70,0,0,0,0,0,0,0,0,0,0,0,74,0,0,0,0,0,0,0,0,0,0,0,30,0,0,0,0,0,0,0,0,0,0,0,4,0,0,0,0,0,0,0,0,0,0,5,44,0,0,0,0,0,0,0,0,0,0,0,51,13,0,0,0,0,0,0,0,0,0,0,73,0,0,0,forward
0,0,0,0,0,0,0,71,30,11,0,0,0,0,0,0,0,0,0,29,73,0,0,0,0,0,0,0,0,0,0,0,69,0,0,0,0,0,0,0,0,0,0,0,9,0,0,0,0,0,0,0,0,0,0,0,0,0,0,0,0,0,0,0,0,0,0,0,36,12,0,0,0,0,0,0,0,0,0,0,43,33,0,0,0,0,0,0,0,0,0,0,58,0,0,0,forward
0,0,0,0,0,0,0,74,49,11,0,0,0,0,0,0,0,0,0,0,80,11,0,0,0,0,0,0,0,0,0,0,36,0,0,0,0,0,0,0,0,0,0,0,0,0,0,0,0,0,0,0,0,0,0,0,0,0,20,0,0,0,0,0,0,0,0,0,36,21,0,0,0,0,0,0,0,0,0,0,36,36,0,0,0,0,0,0,0,0,0,0,45,0,0,0,forward
0,0,0,0,0,0,0,56,53,13,0,0,0,0,0,0,0,0,0,0,79,22,0,0,0,0,0,0,0,0,0,0,13,0,0,0,0,0,0,0,0,0,0,0,0,0,0,0,0,0,0,0,0,0,0,0,0,0,11,0,0,0,0,0,0,0,0,0,31,36,0,0,0,0,0,0,0,0,0,0,37,44,0,0,0,0,0,0,0,0,0,0,48,0,0,0,forward
0,0,0,0,0,0,0,0,0,0,0,0,0,0,0,0,0,0,0,0,57,44,0,0,0,0,0,0,0,0,0,0,69,29,0,0,0,0,0,0,0,0,0,0,47,0,0,0,0,0,0,0,0,0,0,0,0,0,5,28,0,0,0,0,0,0,0,0,0,24,0,0,0,0,0,0,0,0,0,0,0,49,0,26,0,0,0,0,0,0,0,0,35,0,0,0,forward
0,0,0,0,0,0,0,0,0,0,12,0,0,0,0,0,0,0,0,0,39,52,0,0,0,0,0,0,0,0,0,0,13,38,0,0,0,0,0,0,0,0,0,0,0,0,0,0,0,0,0,0,0,0,0,0,0,0,9,42,0,0,0,0,0,0,0,0,0,35,0,0,0,0,0,0,0,0,0,0,0,54,0,13,0,0,0,0,0,0,0,0,37,0,0,0,forward
0,0,0,0,0,0,0,0,20,21,14,0,0,0,0,0,0,0,0,0,60,56,0,0,0,0,0,0,0,0,0,0,0,27,0,0,0,0,0,0,0,0,0,0,0,0,0,0,0,0,0,0,0,0,0,0,0,0,10,23,0,0,0,0,0,0,0,0,0,39,0,0,0,0,0,0,0,0,0,0,29,56,0,3,0,0,0,0,0,0,0,0,63,6,0,0,forward
0,0,0,0,0,0,0,0,33,38,20,0,0,0,0,0,0,0,0,0,51,45,0,0,0,0,0,0,0,0,0,0,0,0,0,0,0,0,0,0,0,0,0,0,0,0,0,0,0,0,0,0,0,0,0,0,0,0,0,38,0,0,0,0,0,0,0,0,0,20,0,0,0,0,0,0,0,0,0,0,0,59,0,46,0,0,0,0,0,0,0,0,46,0,0,0,forward
0,0,0,0,0,0,0,0,0,30,0,0,0,0,0,0,0,0,0,0,57,66,0,0,0,0,0,0,0,0,0,0,73,62,0,0,0,0,0,0,0,0,0,0,0,0,0,0,0,0,0,0,0,0,0,0,0,0,22,13,0,0,0,0,0,0,0,0,34,68,0,0,0,0,0,0,0,0,0,0,25,79,0,5,0,0,0,0,0,0,0,0,9,0,0,0,forward
0,0,0,0,0,0,0,0,0,22,0,0,0,0,0,0,0,0,0,0,0,47,0,0,0,0,0,0,0,0,0,0,87,105,0,0,0,0,0,0,0,0,0,0,74,61,0,0,0,0,0,0,0,0,0,0,0,0,0,0,0,0,0,0,0,0,0,0,56,72,0,0,0,0,0,0,0,0,0,0,83,109,0,0,0,0,0,0,0,0,0,0,46,17,0,0,forward
0,0,0,0,0,0,0,0,0,17,0,0,0,0,0,0,0,0,0,0,0,34,0,0,0,0,0,0,0,0,0,0,87,105,0,0,0,0,0,0,0,0,0,0,87,92,0,0,0,0,0,0,0,0,0,0,0,0,11,0,0,0,0,0,0,0,0,0,62,75,0,0,0,0,0,0,0,0,0,0,75,104,0,0,0,0,0,0,0,0,0,0,35,11,0,0,forward
0,0,0,0,0,0,0,0,0,0,0,0,0,0,0,0,0,0,0,0,0,19,0,0,0,0,0,0,0,0,0,0,85,96,0,0,0,0,0,0,0,0,0,0,109,114,0,0,0,0,0,0,0,0,0,0,0,0,18,0,0,0,0,0,0,0,0,0,65,79,0,0,0,0,0,0,0,0,0,0,63,104,0,0,0,0,0,0,0,0,0,0,18,0,0,0,forward
0,0,0,0,0,0,0,0,0,9,6,0,0,0,0,0,0,0,0,0,0,16,0,0,0,0,0,0,0,0,0,0,28,82,0,0,0,0,0,0,0,0,0,0,56,91,0,0,0,0,0,0,0,0,0,0,0,0,27,0,0,0,0,0,0,0,0,0,59,80,0,0,0,0,0,0,0,0,0,0,39,85,0,0,0,0,0,0,0,0,0,0,0,0,0,0,forward
0,0,0,0,0,0,0,0,0,14,32,0,0,0,0,0,0,0,0,0,0,17,0,86,0,0,0,0,0,0,0,0,0,79,0,14,0,0,0,0,0,0,0,0,4,40,0,0,0,0,0,0,0,0,0,0,0,0,32,7,0,0,0,0,0,0,0,0,32,71,0,0,0,0,0,0,0,0,0,0,7,83,0,32,0,0,0,0,0,0,0,0,0,0,0,0,forward
0,0,0,0,0,0,0,0,0,17,29,0,0,0,0,0,0,0,0,0,0,55,0,24,0,0,0,0,0,0,0,0,46,89,0,0,0,0,0,0,0,0,0,0,30,46,0,0,0,0,0,0,0,0,0,0,0,0,21,0,0,0,0,0,0,0,0,0,50,80,0,0,0,0,0,0,0,0,0,0,37,97,0,9,0,0,0,0,0,0,0,0,0,0,0,0,forward
0,0,0,0,0,0,0,0,0,0,59,0,0,0,0,0,0,0,0,0,0,78,0,72,0,0,0,0,0,0,0,0,0,87,0,0,0,0,0,0,0,0,0,0,0,0,0,0,0,0,0,0,0,0,0,0,0,0,21,19,0,0,0,0,0,0,0,0,39,81,0,0,0,0,0,0,0,0,0,0,12,99,0,20,0,0,0,0,0,0,0,0,0,0,0,0,forward
0,0,0,0,0,0,0,0,0,12,73,8,0,0,0,0,0,0,0,0,0,59,0,128,0,0,0,0,0,0,0,0,0,69,0,0,0,0,0,0,0,0,0,0,0,0,0,0,0,0,0,0,0,0,0,0,0,0,26,60,0,0,0,0,0,0,0,0,11,74,0,0,0,0,0,0,0,0,0,0,0,99,0,94,0,0,0,0,0,0,0,0,0,0,0,0,forward
0,0,0,0,0,0,0,0,0,12,79,33,0,0,0,0,0,0,0,0,0,57,0,192,0,0,0,0,0,0,0,0,0,45,0,6,0,0,0,0,0,0,0,0,0,0,0,0,0,0,0,0,0,0,0,0,0,0,31,62,0,0,0,0,0,0,0,0,8,72,0,0,0,0,0,0,0,0,0,0,0,98,0,123,0,0,0,0,0,0,0,0,0,0,0,0,forward
0,0,0,0,0,0,0,0,0,18,51,20,0,0,0,0,0,0,0,0,0,78,0,100,0,0,0,0,0,0,0,0,0,87,0,0,0,0,0,0,0,0,0,0,0,0,0,0,0,0,0,0,0,0,0,0,0,0,15,29,0,0,0,0,0,0,0,0,47,84,0,0,0,0,0,0,0,0,0,0,6,99,0,30,0,0,0,0,0,0,0,0,0,0,0,0,forward
0,0,0,0,0,0,0,0,0,20,37,10,0,0,0,0,0,0,0,0,0,72,0,48,0,0,0,0,0,0,0,0,13,95,0,0,0,0,0,0,0,0,0,0,0,9,0,0,0,0,0,0,0,0,0,0,0,0,15,29,0,0,0,0,0,0,0,0,47,84,0,0,0,0,0,0,0,0,0,0,6,99,0,30,0,0,0,0,0,0,0,0,0,0,0,0,forward
0,0,0,0,0,0,0,0,0,0,0,0,0,0,0,0,0,0,0,0,0,18,0,21,0,0,0,0,0,0,0,0,67,102,0,0,0,0,0,0,0,0,0,0,86,106,0,0,0,0,0,0,0,0,0,0,66,10,5,0,0,0,0,0,0,0,0,0,109,84,0,0,0,0,0,0,0,0,0,0,8,35,0,0,0,0,0,0,0,0,0,0,0,0,0,0,forward
0,0,0,0,0,0,0,0,0,0,0,0,0,0,0,0,0,0,0,0,0,30,0,0,0,0,0,0,0,0,0,0,84,96,0,0,0,0,0,0,0,0,0,0,96,114,0,0,0,0,0,0,0,0,0,0,125,26,0,0,0,0,0,0,0,0,0,0,126,69,0,0,0,0,0,0,0,0,0,0,18,10,0,0,0,0,0,0,0,0,0,0,0,0,0,0,forward
0,0,0,0,0,0,0,0,0,0,0,0,0,0,0,0,0,0,0,0,17,30,0,0,0,0,0,0,0,0,0,0,94,94,0,0,0,0,0,0,0,0,0,0,94,89,0,0,0,0,0,0,0,0,0,0,100,26,0,0,0,0,0,0,0,0,0,0,121,72,0,0,0,0,0,0,0,0,0,0,18,20,0,0,0,0,0,0,0,0,0,0,0,0,0,0,forward
0,0,0,0,0,0,0,0,0,0,0,0,0,0,0,0,0,0,0,0,54,46,0,0,0,0,0,0,0,0,0,0,131,84,0,0,0,0,0,0,0,0,0,0,60,21,0,0,0,0,0,0,0,0,0,0,79,21,0,0,0,0,0,0,0,0,0,0,122,75,0,0,0,0,0,0,0,0,0,0,53,39,0,0,0,0,0,0,0,0,0,0,0,0,0,0,forward
0,0,0,0,0,0,0,0,0,21,43,0,0,0,0,0,0,0,0,0,76,50,0,0,0,0,0,0,0,0,0,0,80,74,0,0,0,0,0,0,0,0,0,0,0,0,0,0,0,0,0,0,0,0,0,0,17,5,0,0,0,0,0,0,0,0,0,0,70,84,0,0,0,0,0,0,0,0,0,0,47,77,0,0,0,0,0,0,0,0,0,0,5,0,0,0,forward
0,0,0,0,0,0,0,0,0,34,61,0,0,0,0,0,0,0,0,0,69,47,0,33,0,0,0,0,0,0,0,0,27,64,0,0,0,0,0,0,0,0,0,0,0,0,0,0,0,0,0,0,0,0,0,0,0,0,15,19,0,0,0,0,0,0,0,0,44,87,0,0,0,0,0,0,0,0,0,0,15,89,0,18,0,0,0,0,0,0,0,0,0,0,0,0,forward
0,0,0,0,0,0,0,0,0,30,60,14,0,0,0,0,0,0,0,0,41,70,0,127,0,0,0,0,0,0,0,0,0,58,0,0,0,0,0,0,0,0,0,0,0,0,0,0,0,0,0,0,0,0,0,0,0,0,31,69,0,0,0,0,0,0,0,0,0,68,0,0,0,0,0,0,0,0,0,0,0,94,0,154,0,0,0,0,0,0,0,0,0,0,0,0,forward
0,0,0,0,0,0,0,0,0,0,0,0,0,0,0,0,0,0,0,0,0,0,0,0,0,0,0,0,0,0,0,0,38,73,0,0,0,0,0,0,0,0,0,0,98,51,0,304,0,0,0,0,0,0,0,0,0,0,0,0,0,0,0,0,0,0,0,0,0,0,0,0,0,0,0,0,0,0,0,0,31,79,0,0,0,0,0,0,0,0,0,0,53,66,0,90,forward
0,0,0,0,0,0,0,0,0,0,26,0,0,0,0,0,0,0,0,0,28,20,0,0,0,0,0,0,0,0,0,0,54,86,0,0,0,0,0,0,0,0,0,0,48,31,0,184,0,0,0,0,0,0,0,0,0,0,0,0,0,0,0,0,0,0,0,0,0,0,0,0,0,0,0,0,0,0,0,0,0,76,0,0,0,0,0,0,0,0,0,0,5,91,0,167,forward
0,0,0,0,0,0,0,0,0,0,54,0,0,0,0,0,0,0,0,0,54,45,0,0,0,0,0,0,0,0,0,0,46,87,0,0,0,0,0,0,0,0,0,0,0,3,0,113,0,0,0,0,0,0,0,0,0,0,0,0,0,0,0,0,0,0,0,0,0,0,0,0,0,0,0,0,0,0,0,0,0,95,0,0,0,0,0,0,0,0,0,0,11,96,0,159,forward
0,0,0,0,0,0,0,0,0,0,51,0,0,0,0,0,0,0,0,0,69,54,0,0,0,0,0,0,0,0,0,0,25,81,0,0,0,0,0,0,0,0,0,0,0,0,0,0,0,0,0,0,0,0,0,0,0,0,0,0,0,0,0,0,0,0,0,0,0,0,0,0,0,0,0,0,0,0,0,0,12,110,0,0,0,0,0,0,0,0,0,0,0,89,0,112,forward
0,0,0,0,0,0,0,0,124,0,12,0,0,0,0,0,0,0,0,0,92,61,0,0,0,0,0,0,0,0,0,0,0,11,0,0,0,0,0,0,0,0,0,0,0,0,0,0,0,0,0,0,0,0,0,0,0,0,0,0,0,0,0,0,0,0,0,0,0,0,0,0,0,0,0,0,0,0,0,0,64,119,0,0,0,0,0,0,0,0,0,0,46,70,0,12,forward
0,0,0,0,0,0,0,0,0,0,0,0,0,0,0,0,0,0,0,0,50,39,0,0,0,0,0,0,0,0,0,0,94,89,0,0,0,0,0,0,0,0,0,0,87,27,0,41,0,0,0,0,0,0,0,0,0,0,0,0,0,0,0,0,0,0,0,0,76,0,0,0,0,0,0,0,0,0,0,0,101,92,0,0,0,0,0,0,0,0,0,0,56,32,0,0,forward
0,0,0,0,0,0,0,0,0,0,0,0,0,0,0,0,0,0,0,0,0,0,0,0,0,0,0,0,0,0,0,0,47,42,0,0,0,0,0,0,0,0,0,0,101,49,0,52,0,0,0,0,0,0,0,0,0,0,0,0,0,0,0,0,0,0,0,0,83,0,0,0,0,0,0,0,0,0,0,0,89,82,0,0,0,0,0,0,0,0,0,0,43,24,0,0,forward
0,0,0,0,0,0,0,0,0,0,0,0,0,0,0,0,0,0,0,12,40,0,0,0,0,0,0,0,0,0,0,0,127,40,0,0,0,0,0,0,0,0,0,0,109,14,0,0,0,0,0,0,0,0,0,0,0,0,0,0,0,0,0,0,0,0,0,0,85,0,0,0,0,0,0,0,0,0,0,0,90,71,0,0,0,0,0,0,0,0,0,0,45,15,0,0,forward
0,0,0,0,0,0,0,13,0,0,0,0,0,0,0,0,0,0,0,135,55,0,0,0,0,0,0,0,0,0,0,31,60,0,0,0,0,0,0,0,0,0,0,0,0,0,0,0,0,0,0,0,0,0,0,0,0,0,0,0,0,0,0,0,0,0,0,0,67,0,0,0,0,0,0,0,0,0,0,0,75,61,0,0,0,0,0,0,0,0,0,0,51,20,0,0,forward
0,0,0,0,0,0,0,33,0,0,0,0,0,0,0,0,0,0,0,116,48,0,0,0,0,0,0,0,0,0,0,42,76,0,0,0,0,0,0,0,0,0,0,0,27,0,0,0,0,0,0,0,0,0,0,0,0,0,0,0,0,0,0,0,0,0,0,0,71,0,0,0,0,0,0,0,0,0,0,0,71,51,0,0,0,0,0,0,0,0,0,0,48,9,0,0,forward
0,0,0,0,0,0,0,41,0,0,0,0,0,4,0,0,0,0,0,29,0,0,0,0,0,0,13,0,0,0,0,20,0,0,0,0,0,0,0,0,0,0,0,11,0,0,0,0,0,0,0,0,0,0,0,4,0,0,0,0,0,0,0,0,0,0,19,58,19,0,0,0,0,0,0,0,0,0,0,53,34,0,0,0,0,0,0,0,0,0,0,10,22,0,0,0,forward
0,0,0,0,0,0,0,42,0,0,0,0,0,0,0,0,0,0,0,31,0,0,0,0,0,0,12,0,0,0,0,22,0,0,0,0,0,0,0,0,0,0,0,12,0,0,0,0,0,0,0,0,0,0,0,4,0,0,0,0,0,0,0,0,0,0,19,58,19,0,0,0,0,0,0,0,0,0,0,53,34,0,0,0,0,0,0,0,0,0,0,10,22,0,0,0,forward
0,0,0,0,0,0,0,46,0,0,0,0,0,0,0,0,0,0,0,34,0,0,0,0,0,0,3,0,0,0,0,29,0,0,0,0,0,0,0,0,0,0,0,17,0,0,0,0,0,0,0,0,0,0,0,43,0,0,0,0,0,0,0,0,0,0,14,65,20,0,0,0,0,0,9,0,0,0,0,26,0,0,0,0,0,0,0,0,0,0,0,0,0,0,0,0,forward
0,0,0,0,0,0,7,46,0,0,0,0,0,0,0,0,0,0,0,29,0,0,0,0,0,0,0,0,0,0,0,19,0,0,0,0,0,0,0,0,0,0,0,6,0,0,0,0,0,0,0,0,0,0,0,39,0,0,0,0,0,0,0,0,0,0,13,64,20,0,0,0,0,0,8,0,0,0,0,28,3,0,0,0,0,0,0,0,0,0,0,0,3,0,0,0,forward
0,0,0,0,0,0,4,43,0,0,0,0,0,3,0,0,0,0,0,30,0,0,0,0,0,0,5,0,0,0,0,22,0,0,0,0,0,0,0,0,0,0,0,13,0,0,0,0,0,0,0,0,0,0,0,41,0,0,0,0,0,0,0,0,0,0,14,65,21,0,0,0,0,0,9,0,0,0,0,28,3,0,0,0,0,0,0,0,0,0,0,0,0,0,0,0,forward
0,0,0,0,0,0,10,58,0,0,0,0,0,0,0,0,0,0,0,44,11,0,0,0,0,0,0,0,0,0,0,36,6,0,0,0,0,0,0,0,0,0,0,26,0,0,0,0,0,0,0,0,0,0,0,46,0,0,0,0,0,0,0,0,0,0,18,78,31,0,0,0,0,0,0,0,0,0,0,42,17,0,0,0,0,0,0,0,0,0,0,0,9,0,0,0,forward
0,0,0,0,0,0,10,64,0,0,0,0,0,0,0,0,0,0,0,59,26,0,0,0,0,0,0,0,0,0,0,47,21,0,0,0,0,0,0,0,0,0,0,31,0,0,0,0,0,0,0,0,0,0,0,41,0,0,0,0,0,0,0,0,0,0,18,83,40,0,0,0,0,0,0,0,0,0,0,60,41,0,0,0,0,0,0,0,0,0,0,12,18,0,0,0,forward
0,0,0,0,0,0,3,66,0,0,0,0,0,0,0,0,0,0,0,75,42,0,0,0,0,0,0,0,0,0,0,60,36,0,0,0,0,0,0,0,0,0,0,42,0,0,0,0,0,0,0,0,0,0,0,32,0,0,0,0,0,0,0,0,0,0,12,76,38,0,0,0,0,0,0,0,0,0,0,61,48,0,0,0,0,0,0,0,0,0,0,21,36,0,0,0,forward
0,0,0,0,0,0,5,73,3,0,0,0,0,0,0,0,0,0,0,81,47,0,0,0,0,0,0,0,0,0,0,63,42,0,0,0,0,0,0,0,0,0,0,31,0,0,0,0,0,0,0,0,0,0,0,25,0,0,0,0,0,0,0,0,0,0,8,72,37,0,0,0,0,0,0,0,0,0,0,58,45,0,0,0,0,0,0,0,0,0,0,25,37,0,0,0,forward
0,0,0,0,0,0,7,85,9,0,0,0,0,0,0,0,0,0,0,89,50,0,0,0,0,0,0,0,0,0,0,56,41,0,0,0,0,0,0,0,0,0,0,21,0,0,0,0,0,0,0,0,0,0,0,25,0,0,0,0,0,0,0,0,0,0,0,73,41,0,0,0,0,0,0,0,0,0,0,61,53,0,0,0,0,0,0,0,0,0,0,31,47,0,0,0,forward
0,0,0,0,0,0,0,76,22,0,16,0,0,0,0,0,0,0,0,50,55,0,16,0,0,0,0,0,0,0,0,7,53,0,48,0,0,0,0,0,0,0,0,4,0,0,0,0,0,0,0,0,0,0,0,0,0,0,0,0,0,0,0,0,0,0,0,16,10,0,27,0,0,0,0,0,0,0,0,6,45,0,74,0,0,0,0,0,0,0,0,0,61,0,18,0,forward
0,0,0,0,0,0,0,11,0,0,15,0,0,0,0,0,0,0,0,0,47,0,36,0,0,0,0,0,0,0,0,0,76,0,121,0,0,0,0,0,0,0,0,35,25,0,0,0,0,0,0,0,0,0,0,0,0,0,0,0,0,0,0,0,0,0,0,0,13,0,50,0,0,0,0,0,0,0,0,0,54,0,90,0,0,0,0,0,0,0,0,0,60,0,23,0,forward
0,0,0,0,0,0,0,0,0,0,0,0,0,0,0,0,0,0,0,37,41,0,0,0,0,0,0,0,0,0,0,59,74,0,39,0,0,0,0,0,0,0,0,88,90,0,0,0,0,0,0,0,0,0,0,53,0,0,0,0,0,0,0,0,0,0,0,112,71,0,0,0,0,0,0,0,0,0,0,55,60,0,0,0,0,0,0,0,0,0,0,0,13,0,0,0,forward
0,0,0,0,0,0,0,0,0,0,0,0,0,0,0,0,0,0,0,19,25,0,0,0,0,0,0,0,0,0,0,49,74,0,13,0,0,0,0,0,0,0,0,105,151,0,0,0,0,0,0,0,0,0,0,57,0,0,0,0,0,0,0,0,0,0,0,117,73,0,0,0,0,0,0,0,0,0,0,65,54,0,0,0,0,0,0,0,0,0,0,0,13,0,0,0,forward
0,0,0,0,0,0,0,49,19,0,24,0,0,0,0,0,0,0,0,44,66,0,0,0,0,0,0,0,0,0,0,20,64,0,0,0,0,0,0,0,0,0,0,0,0,0,0,0,0,0,0,0,0,0,0,0,0,0,0,0,0,0,0,0,0,0,0,0,0,0,0,0,0,0,0,0,0,0,0,31,56,0,5,0,0,0,0,0,0,0,0,18,95,0,0,0,forward
0,0,0,0,0,0,0,0,0,0,0,0,0,0,0,0,0,0,0,36,51,0,0,0,0,0,0,0,0,0,0,31,109,0,0,0,0,0,0,0,0,0,0,14,136,0,0,0,0,0,0,0,0,0,0,0,0,0,0,0,0,0,0,0,0,0,0,32,51,0,0,0,0,0,0,0,0,0,0,15,73,9,0,0,0,0,0,0,0,0,0,0,59,0,0,0,forward
0,0,0,0,0,0,0,0,0,0,5,0,0,0,0,0,0,0,0,26,54,0,0,0,0,0,0,0,0,0,0,0,89,0,0,0,0,0,0,0,0,0,0,0,88,0,0,0,0,0,0,0,0,0,0,0,0,0,0,0,0,0,0,0,0,0,0,23,51,0,0,0,0,0,0,0,0,0,0,0,71,31,0,0,0,0,0,0,0,0,0,0,54,0,0,0,forward
0,0,0,0,0,0,0,0,0,0,21,13,0,0,0,0,0,0,0,0,50,0,0,0,0,0,0,0,0,0,0,0,87,0,7,0,0,0,0,0,0,0,0,0,53,0,0,0,0,0,0,0,0,0,0,0,0,0,0,0,0,0,0,0,0,0,0,7,43,0,0,0,0,0,0,0,0,0,0,0,68,35,0,0,0,0,0,0,0,0,0,0,67,0,0,0,forward
0,0,0,0,0,0,0,0,0,0,0,73,0,0,0,0,0,0,0,0,33,0,0,66,0,0,0,0,0,0,0,0,51,0,0,0,0,0,0,0,0,0,0,0,0,0,0,0,0,0,0,0,0,0,0,0,0,0,0,0,0,0,0,0,0,0,0,0,0,0,9,0,0,0,0,0,0,0,0,0,0,0,0,0,0,0,0,0,0,0,0,0,22,0,0,176,forward
0,0,0,0,0,0,0,0,0,0,0,0,0,0,0,0,0,0,0,12,54,17,0,0,0,0,0,0,0,0,0,0,80,20,0,0,0,0,0,0,0,0,0,0,44,0,0,0,0,0,0,0,0,0,0,0,0,0,0,0,0,0,0,0,0,0,0,0,28,0,0,0,0,0,0,0,0,0,0,0,61,32,0,0,0,0,0,0,0,0,0,0,51,0,0,11,forward
0,0,0,0,0,0,0,22,0,0,0,0,0,0,0,0,0,0,0,53,74,0,0,0,0,0,0,0,0,0,0,46,97,0,0,0,0,0,0,0,0,0,0,18,66,0,0,0,0,0,0,0,0,0,0,0,0,0,0,0,0,0,0,0,0,0,0,8,43,0,0,0,0,0,0,0,0,0,0,0,71,37,0,0,0,0,0,0,0,0,0,0,45,0,0,0,forward
0,0,0,0,0,0,0,0,0,0,0,0,0,0,0,0,0,0,0,0,34,0,19,0,0,0,0,0,0,0,0,0,82,0,0,0,0,0,0,0,0,0,0,0,96,0,0,9,0,0,0,0,0,0,0,0,5,0,0,4,0,0,0,0,0,0,0,0,24,37,0,0,0,0,0,0,0,0,0,0,39,46,0,26,0,0,0,0,0,0,0,0,44,0,0,0,forward
0,0,0,0,0,0,0,0,0,0,0,0,0,0,0,0,0,0,0,0,67,0,35,0,0,0,0,0,0,0,0,0,94,11,0,0,0,0,0,0,0,0,0,0,64,0,0,0,0,0,0,0,0,0,0,0,0,0,0,17,0,0,0,0,0,0,0,0,0,36,0,0,0,0,0,0,0,0,0,0,34,52,0,45,0,0,0,0,0,0,0,0,48,0,0,0,forward
0,0,0,0,0,0,0,81,0,0,0,0,0,0,0,0,0,0,0,64,78,0,0,0,0,0,0,0,0,0,0,11,80,0,0,0,0,0,0,0,0,0,0,0,19,0,0,0,0,0,0,0,0,0,0,0,0,0,0,0,0,0,0,0,0,0,0,0,54,49,0,0,0,0,0,0,0,0,0,0,63,62,0,0,0,0,0,0,0,0,0,0,60,0,0,0,forward
0,0,0,0,0,0,0,0,0,0,0,0,0,0,0,0,0,0,0,4,36,0,4,0,0,0,0,0,0,0,0,0,81,8,0,0,0,0,0,0,0,0,0,0,96,0,0,3,0,0,0,0,0,0,0,0,0,0,0,0,0,0,0,0,0,0,0,0,57,52,0,0,0,0,0,0,0,0,0,0,66,65,0,0,0,0,0,0,0,0,0,0,58,0,0,0,forward
0,0,0,0,0,0,0,0,0,0,0,0,0,0,0,0,0,0,0,0,14,0,5,0,0,0,0,0,0,0,0,0,70,0,0,0,0,0,0,0,0,0,0,0,125,0,0,0,0,0,0,0,0,0,0,0,12,0,0,0,0,0,0,0,0,0,0,0,71,56,0,0,0,0,0,0,0,0,0,0,50,51,0,0,0,0,0,0,0,0,0,0,23,0,0,0,forward
0,0,0,0,0,0,0,0,0,0,0,0,0,0,0,0,0,0,0,0,0,0,0,0,0,0,0,0,0,0,0,0,59,0,0,0,0,0,0,0,0,0,0,0,131,9,0,0,0,0,0,0,0,0,0,0,61,16,0,0,0,0,0,0,0,0,0,0,88,50,0,0,0,0,0,0,0,0,0,0,39,28,0,0,0,0,0,0,0,0,0,0,0,0,0,0,forward
0,0,0,0,0,0,7,63,0,0,0,0,0,0,0,0,0,0,0,47,19,0,0,0,0,0,0,0,0,0,0,41,14,0,0,0,0,0,0,0,0,0,0,21,0,0,0,0,0,0,0,0,0,0,29,45,0,0,0,0,0,0,0,0,0,0,12,64,18,0,0,0,0,0,0,0,0,0,0,39,0,0,0,0,0,0,0,0,0,0,0,27,0,0,0,0,forward
0,0,0,0,0,0,11,60,0,0,0,0,0,0,0,0,0,0,4,55,24,0,0,0,0,0,0,0,0,0,0,49,24,0,0,0,0,0,0,0,0,0,0,25,5,0,0,0,0,0,0,0,0,0,30,46,0,0,0,0,0,0,0,0,0,0,14,69,21,0,0,0,0,0,0,0,0,0,0,44,0,0,0,0,0,0,0,0,0,0,0,32,0,0,0,0,forward
0,0,0,0,0,0,11,64,0,0,0,0,0,0,0,0,0,0,4,58,26,0,0,0,0,0,0,0,0,0,0,53,29,0,0,0,0,0,0,0,0,0,0,28,9,0,0,0,0,0,0,0,0,0,30,48,0,0,0,0,0,0,0,0,0,0,11,71,28,0,0,0,0,0,0,0,0,0,0,52,0,0,0,0,0,0,0,0,0,0,0,36,0,0,0,0,forward
0,0,0,0,0,0,9,67,0,0,0,0,0,0,0,0,0,0,0,60,29,0,0,0,0,0,0,0,0,0,0,62,35,0,0,0,0,0,0,0,0,0,0,32,13,0,0,0,0,0,0,0,0,0,32,50,0,0,0,0,0,0,0,0,0,0,10,78,31,0,0,0,0,0,0,0,0,0,0,57,0,0,0,0,0,0,0,0,0,0,0,38,0,0,0,0,forward
0,0,0,0,0,0,0,53,0,0,0,0,0,0,0,0,0,0,0,57,34,0,0,0,0,0,0,0,0,0,0,81,56,0,0,0,0,0,0,0,0,0,0,45,28,0,0,0,0,0,0,0,0,0,22,43,0,0,0,0,0,0,0,0,0,0,0,65,28,0,0,0,0,0,0,0,0,0,0,71,14,0,0,0,0,0,0,0,0,0,0,58,0,0,0,0,forward
0,0,0,0,0,0,0,25,0,0,0,0,0,0,0,0,0,0,0,36,25,0,0,0,0,0,0,0,0,0,0,71,65,0,7,0,0,0,0,0,0,0,0,68,69,0,0,0,0,0,0,0,0,0,0,34,0,0,0,0,0,0,0,0,0,0,0,41,15,0,0,0,0,0,0,0,0,0,0,67,17,0,0,0,0,0,0,0,0,0,0,79,0,0,0,0,forward
0,0,0,0,0,0,0,0,0,0,0,0,0,0,0,0,0,0,0,21,15,0,0,0,0,0,0,0,0,0,0,52,61,0,16,0,0,0,0,0,0,0,0,80,99,0,0,0,0,0,0,0,0,0,0,33,0,0,0,0,0,0,0,0,0,0,0,40,10,0,0,0,0,0,0,0,0,0,0,68,18,0,0,0,0,0,0,0,0,0,0,83,0,0,0,0,forward
0,0,0,0,0,0,0,0,0,0,0,0,0,0,0,0,0,0,0,0,0,0,0,0,0,0,0,0,0,0,0,39,51,0,27,0,0,0,0,0,0,0,0,77,130,0,0,0,0,0,0,0,0,0,0,8,0,0,0,0,0,0,0,0,0,0,0,31,0,0,0,0,0,0,0,0,0,0,0,69,19,0,0,0,0,0,0,0,0,0,0,110,14,0,0,0,forward
0,0,0,0,0,0,0,0,0,0,0,0,0,0,0,0,0,0,0,0,0,0,0,0,0,0,0,0,0,0,0,39,49,0,24,0,0,0,0,0,0,0,0,76,122,0,0,0,0,0,0,0,0,0,0,0,0,0,0,0,0,0,0,0,0,0,0,28,0,0,0,0,0,0,0,0,0,0,0,69,20,0,0,0,0,0,0,0,0,0,0,113,15,0,0,0,forward
0,0,0,0,0,0,0,0,0,0,0,0,0,0,0,0,0,0,0,4,0,0,0,0,0,0,0,0,0,0,0,52,55,0,22,0,0,0,0,0,0,0,0,75,100,0,0,0,0,0,0,0,0,0,0,5,0,0,0,0,0,0,0,0,0,0,0,33,0,0,0,0,0,0,0,0,0,0,0,74,24,0,0,0,0,0,0,0,0,0,0,107,16,0,0,0,forward
0,0,0,0,0,0,0,0,0,0,0,0,0,0,0,0,0,0,0,27,15,0,0,0,0,0,0,0,0,0,0,72,65,0,14,0,0,0,0,0,0,0,0,74,82,0,0,0,0,0,0,0,0,0,0,32,0,0,0,0,0,0,0,0,0,0,0,51,19,0,0,0,0,0,0,0,0,0,0,83,26,0,0,0,0,0,0,0,0,0,0,89,3,0,0,0,forward
0,0,0,0,0,0,0,0,0,0,0,0,0,0,0,0,0,0,0,42,27,0,0,0,0,0,0,0,0,0,0,83,74,0,0,0,0,0,0,0,0,0,0,63,63,0,0,0,0,0,0,0,0,0,0,42,0,0,0,0,0,0,0,0,0,0,0,72,31,0,0,0,0,0,0,0,0,0,0,80,23,0,0,0,0,0,0,0,0,0,0,60,0,0,0,0,forward
0,0,0,0,0,0,0,42,0,0,0,0,0,0,0,0,0,0,0,60,38,0,0,0,0,0,0,0,0,0,0,94,75,0,0,0,0,0,0,0,0,0,0,59,55,0,0,0,0,0,0,0,0,0,20,56,0,0,0,0,0,0,0,0,0,0,0,92,39,0,0,0,0,0,0,0,0,0,0,83,17,0,0,0,0,0,0,0,0,0,0,42,0,0,0,0,forward
0,0,0,0,0,0,0,47,0,0,0,0,0,0,0,0,0,0,0,56,39,0,0,0,0,0,0,0,0,0,0,89,81,0,0,0,0,0,0,0,0,0,0,56,63,0,0,0,0,0,0,0,0,0,21,61,0,0,0,0,0,0,0,0,0,0,0,92,45,0,0,0,0,0,0,0,0,0,0,80,20,0,0,0,0,0,0,0,0,0,0,34,0,0,0,0,forward
0,0,0,0,0,0,0,38,0,0,0,0,0,0,0,0,0,0,0,49,35,0,0,0,0,0,0,0,0,0,0,85,75,0,7,0,0,0,0,0,0,0,0,59,67,0,0,0,0,0,0,0,0,0,14,50,0,0,0,0,0,0,0,0,0,0,0,85,47,0,0,0,0,0,0,0,0,0,0,84,27,0,0,0,0,0,0,0,0,0,0,57,0,0,0,0,forward
0,0,0,0,0,0,0,61,0,0,0,0,0,0,0,0,0,0,0,72,45,0,0,0,0,0,0,0,0,0,0,96,79,0,0,0,0,0,0,0,0,0,0,46,51,0,0,0,0,0,0,0,0,0,16,50,0,0,0,0,0,0,0,0,0,0,0,81,45,0,0,0,0,0,0,0,0,0,0,83,23,0,0,0,0,0,0,0,0,0,0,57,0,0,0,0,forward
0,0,0,0,0,0,0,15,0,0,0,0,0,0,0,0,0,0,0,47,48,0,21,0,0,0,0,0,0,0,0,43,87,0,43,0,0,0,0,0,0,0,0,30,79,0,0,0,0,0,0,0,0,0,0,30,0,5,0,0,0,0,0,0,0,0,0,51,44,0,11,0,0,0,0,0,0,0,0,79,45,0,0,0,0,0,0,0,0,0,0,96,12,0,0,0,forward
0,0,0,0,0,0,0,0,0,0,0,0,0,0,0,0,0,0,0,33,47,0,37,0,0,0,0,0,0,0,0,6,88,0,59,0,0,0,0,0,0,0,0,13,91,0,0,0,0,0,0,0,0,0,0,3,0,7,0,0,0,0,0,0,0,0,0,32,40,0,17,0,0,0,0,0,0,0,0,58,47,0,0,0,0,0,0,0,0,0,0,98,25,0,0,0,forward
0,0,0,0,0,0,0,70,0,0,0,0,0,0,0,0,0,0,0,82,66,0,28,0,0,0,0,0,0,0,0,33,70,0,0,0,0,0,0,0,0,0,0,0,11,0,0,0,0,0,0,0,0,0,0,16,0,9,0,0,0,0,0,0,0,0,0,51,50,0,3,0,0,0,0,0,0,0,0,71,46,0,0,0,0,0,0,0,0,0,0,78,14,0,0,0,forward
0,0,0,0,0,0,0,28,0,0,0,0,0,0,0,0,0,0,0,44,60,0,21,0,0,0,0,0,0,0,0,17,100,0,83,0,0,0,0,0,0,0,0,16,68,0,0,0,0,0,0,0,0,0,0,0,0,3,0,0,0,0,0,0,0,0,0,30,45,0,9,0,0,0,0,0,0,0,0,58,54,0,0,0,0,0,0,0,0,0,0,107,27,0,0,0,forward
0,0,0,0,0,0,0,0,0,0,0,0,0,0,0,0,0,0,0,0,61,0,31,0,0,0,0,0,0,0,0,0,112,0,157,0,0,0,0,0,0,0,0,0,70,0,0,0,0,0,0,0,0,0,0,0,0,3,9,0,0,0,0,0,0,0,0,0,45,0,28,0,0,0,0,0,0,0,0,11,60,0,39,0,0,0,0,0,0,0,0,67,21,0,0,0,forward
0,0,0,0,0,0,0,0,0,10,0,0,0,0,0,0,0,0,0,0,78,0,30,0,0,0,0,0,0,0,0,0,103,0,110,0,0,0,0,0,0,0,0,0,29,0,0,0,0,0,0,0,0,0,0,0,0,10,21,0,0,0,0,0,0,0,0,0,40,0,45,0,0,0,0,0,0,0,0,0,63,0,87,0,0,0,0,0,0,0,0,37,19,0,0,0,forward
0,0,0,0,0,0,0,0,0,0,0,0,0,0,0,0,0,0,0,13,56,0,12,0,0,0,0,0,0,0,0,0,103,0,32,0,0,0,0,0,0,0,0,31,98,0,0,0,0,0,0,0,0,0,0,0,0,4,0,0,0,0,0,0,0,0,0,34,58,0,0,0,0,0,0,0,0,0,0,77,73,0,0,0,0,0,0,0,0,0,0,127,34,0,0,0,forward
0,0,0,0,0,0,0,85,0,0,0,0,0,0,0,0,0,0,0,86,64,0,0,0,0,0,0,0,0,0,0,78,77,0,0,0,0,0,0,0,0,0,0,27,34,0,0,0,0,0,0,0,0,0,0,69,0,0,0,0,0,0,0,0,0,0,0,128,77,0,0,0,0,0,0,0,0,0,0,81,39,0,0,0,0,0,0,0,0,0,0,28,0,0,0,0,forward
0,0,0,0,0,0,0,18,0,0,0,0,0,0,0,0,0,0,0,28,60,0,24,0,0,0,0,0,0,0,0,0,91,0,57,0,0,0,0,0,0,0,0,30,80,0,0,0,0,0,0,0,0,0,0,46,0,0,0,0,0,0,0,0,0,0,0,61,59,0,3,0,0,0,0,0,0,0,0,76,54,0,0,0,0,0,0,0,0,0,0,72,0,0,0,0,forward
0,0,0,0,0,0,0,0,0,29,0,0,0,0,0,0,0,0,0,0,76,0,34,0,0,0,0,0,0,0,0,0,88,0,133,0,0,0,0,0,0,0,0,0,0,0,0,0,0,0,0,0,0,0,0,18,0,7,13,0,0,0,0,0,0,0,0,37,73,0,51,0,0,0,0,0,0,0,0,0,49,0,36,0,0,0,0,0,0,0,0,0,0,0,0,0,forward
0,0,0,0,0,0,0,0,0,33,7,0,0,0,0,0,0,0,0,0,65,0,25,0,0,0,0,0,0,0,0,0,104,0,174,0,0,0,0,0,0,0,0,0,5,0,0,0,0,0,0,0,0,0,0,0,0,23,21,0,0,0,0,0,0,0,0,13,53,0,75,0,0,0,0,0,0,0,0,0,33,0,68,0,0,0,0,0,0,0,0,0,0,0,0,0,forward
0,0,0,0,0,0,0,0,0,36,21,0,0,0,0,0,0,0,0,0,64,0,41,0,0,0,0,0,0,0,0,0,93,0,178,0,0,0,0,0,0,0,0,0,16,0,0,0,0,0,0,0,0,0,0,0,0,33,23,0,0,0,0,0,0,0,0,0,21,0,82,0,0,0,0,0,0,0,0,0,19,0,178,0,0,0,0,0,0,0,0,0,0,0,0,0,forward
0,0,0,0,0,0,0,0,0,33,28,0,0,0,0,0,0,0,0,0,0,0,50,0,0,0,0,0,0,0,0,0,18,0,297,0,0,0,0,0,0,0,0,0,0,0,0,0,0,0,0,0,0,0,0,0,0,42,5,0,0,0,0,0,0,0,0,0,0,0,60,0,0,0,0,0,0,0,0,0,0,0,204,0,0,0,0,0,0,0,0,0,0,0,0,0,forward
0,0,0,0,0,0,0,0,0,38,10,0,0,0,0,0,0,0,0,0,76,0,16,0,0,0,0,0,0,0,0,0,115,0,66,0,0,0,0,0,0,0,0,0,22,0,0,0,0,0,0,0,0,0,0,3,0,32,0,0,0,0,0,0,0,0,0,75,78,0,4,0,0,0,0,0,0,0,0,49,68,0,0,0,0,0,0,0,0,0,0,0,0,0,0,0,forward
0,0,0,0,0,0,0,0,0,6,0,0,0,0,0,0,0,0,0,14,89,0,0,0,0,0,0,0,0,0,0,25,171,0,0,0,0,0,0,0,0,0,0,0,57,0,0,0,0,0,0,0,0,0,0,41,0,0,0,0,0,0,0,0,0,0,0,154,110,0,0,0,0,0,0,0,0,0,0,115,69,0,0,0,0,0,0,0,0,0,0,26,0,0,0,0,forward
0,0,0,0,0,0,0,0,0,9,0,0,0,0,0,0,0,0,0,11,92,0,0,0,0,0,0,0,0,0,0,12,165,0,0,0,0,0,0,0,0,0,0,0,58,0,0,0,0,0,0,0,0,0,0,36,0,11,0,0,0,0,0,0,0,0,0,127,107,0,0,0,0,0,0,0,0,0,0,109,75,0,0,0,0,0,0,0,0,0,0,28,0,0,0,0,forward
0,0,0,0,0,0,0,0,0,6,0,0,0,0,0,0,0,0,0,17,91,0,0,0,0,0,0,0,0,0,0,13,148,0,0,0,0,0,0,0,0,0,0,0,57,0,0,0,0,0,0,0,0,0,0,44,0,24,0,0,0,0,0,0,0,0,0,124,101,0,0,0,0,0,0,0,0,0,0,112,67,0,0,0,0,0,0,0,0,0,0,42,0,0,0,0,forward
0,0,0,0,0,0,0,25,0,0,0,0,0,0,0,0,0,0,0,99,67,0,0,0,0,0,0,0,0,0,0,91,76,0,0,0,0,0,0,0,0,0,0,19,17,0,0,0,0,0,0,0,0,0,0,58,0,4,0,0,0,0,0,0,0,0,0,139,87,0,0,0,0,0,0,0,0,0,0,140,51,0,0,0,0,0,0,0,0,0,0,64,0,0,0,0,forward
0,0,0,0,0,0,0,107,0,0,0,0,0,0,0,0,0,0,0,118,67,0,0,0,0,0,0,0,0,0,0,93,67,0,0,0,0,0,0,0,0,0,0,0,0,0,0,0,0,0,0,0,0,0,0,100,0,0,0,0,0,0,0,0,0,0,0,177,81,0,0,0,0,0,0,0,0,0,0,131,26,0,0,0,0,0,0,0,0,0,0,36,0,0,0,0,forward
0,0,0,0,0,0,0,34,0,0,0,0,0,0,0,0,0,0,0,63,65,0,0,0,0,0,0,0,0,0,0,46,94,0,31,0,0,0,0,0,0,0,0,31,48,0,0,0,0,0,0,0,0,0,0,80,0,0,0,0,0,0,0,0,0,0,0,146,83,0,0,0,0,0,0,0,0,0,0,135,47,0,0,0,0,0,0,0,0,0,0,49,0,0,0,0,forward
0,0,0,0,0,0,0,0,0,4,0,0,0,0,0,0,0,0,0,0,57,0,26,0,0,0,0,0,0,0,0,0,101,0,141,0,0,0,0,0,0,0,0,0,61,0,0,0,0,0,0,0,0,0,0,0,0,18,0,0,0,0,0,0,0,0,0,27,69,0,0,0,0,0,0,0,0,0,0,43,65,0,94,0,0,0,0,0,0,0,0,40,31,0,0,0,forward
0,0,0,0,0,0,0,0,0,47,0,0,0,0,0,0,0,0,0,0,64,0,45,0,0,0,0,0,0,0,0,0,101,0,112,0,0,0,0,0,0,0,0,0,47,0,0,0,0,0,0,0,0,0,0,0,0,41,0,0,0,0,0,0,0,0,0,0,80,0,0,0,0,0,0,0,0,0,0,26,73,0,129,0,0,0,0,0,0,0,0,12,23,0,0,0,forward
0,0,0,0,0,0,0,0,0,55,0,0,0,0,0,0,0,0,0,0,72,0,33,0,0,0,0,0,0,0,0,0,97,0,94,0,0,0,0,0,0,0,0,0,18,0,0,0,0,0,0,0,0,0,0,0,0,40,0,0,0,0,0,0,0,0,0,0,87,0,0,0,0,0,0,0,0,0,0,4,79,0,147,0,0,0,0,0,0,0,0,0,18,0,0,0,forward
0,0,0,0,0,0,0,0,0,19,0,0,0,0,0,0,0,0,0,27,72,0,0,0,0,0,0,0,0,0,0,0,110,0,0,0,0,0,0,0,0,0,0,0,39,0,0,0,0,0,0,0,0,0,0,0,0,33,0,0,0,0,0,0,0,0,0,55,87,0,0,0,0,0,0,0,0,0,0,66,74,0,8,0,0,0,0,0,0,0,0,21,11,0,0,0,forward
0,0,0,0,0,0,0,77,0,0,0,0,0,0,0,0,0,0,0,101,79,0,0,0,0,0,0,0,0,0,0,73,94,0,0,0,0,0,0,0,0,0,0,24,19,0,0,0,0,0,0,0,0,0,0,10,0,7,0,0,0,0,0,0,0,0,0,75,80,0,0,0,0,0,0,0,0,0,0,104,68,0,0,0,0,0,0,0,0,0,0,55,17,0,0,0,forward
0,0,0,0,0,0,0,87,0,0,0,0,0,0,0,0,0,0,0,91,68,0,0,0,0,0,0,0,0,0,0,91,84,0,0,0,0,0,0,0,0,0,0,34,10,0,0,0,0,0,0,0,0,0,0,76,0,0,0,0,0,0,0,0,0,0,0,120,50,0,0,0,0,0,0,0,0,0,0,121,26,0,0,0,0,0,0,0,0,0,0,46,0,0,0,0,forward
0,0,0,0,0,0,0,73,0,0,0,0,0,0,0,0,0,0,0,84,70,0,0,0,0,0,0,0,0,0,0,81,98,0,0,0,0,0,0,0,0,0,0,31,39,0,0,0,0,0,0,0,0,0,0,83,0,0,0,0,0,0,0,0,0,0,0,113,53,0,0,0,0,0,0,0,0,0,0,98,28,0,0,0,0,0,0,0,0,0,0,30,0,0,0,0,forward
0,0,0,0,0,0,0,48,0,0,0,0,0,0,0,0,0,0,0,80,74,0,0,0,0,0,0,0,0,0,0,80,113,0,0,0,0,0,0,0,0,0,0,43,60,0,0,0,0,0,0,0,0,0,0,80,0,0,0,0,0,0,0,0,0,0,0,107,62,0,0,0,0,0,0,0,0,0,0,84,37,0,0,0,0,0,0,0,0,0,0,16,0,0,0,0,forward
0,0,0,0,0,0,0,65,0,0,0,0,0,0,0,0,0,0,0,49,41,0,0,0,0,0,13,0,0,0,0,18,26,0,0,0,0,0,5,0,0,0,0,0,9,0,0,0,0,0,0,0,0,0,10,46,0,0,0,0,0,0,0,0,0,0,0,65,42,0,0,0,0,0,0,0,0,0,0,52,23,0,0,0,0,0,0,0,0,0,0,25,0,0,0,0,forward
0,0,0,0,0,0,0,68,0,0,0,0,0,0,0,0,0,0,0,50,37,0,0,0,0,0,12,0,0,0,0,18,27,0,0,0,0,0,5,0,0,0,0,0,9,0,0,0,0,0,0,0,0,0,10,47,0,0,0,0,0,0,0,0,0,0,0,65,47,0,0,0,0,0,0,0,0,0,0,54,25,0,0,0,0,0,0,0,0,0,0,25,0,0,0,0,forward
0,0,0,0,0,0,0,68,0,0,0,0,0,0,0,0,0,0,0,50,37,0,0,0,0,0,12,0,0,0,0,18,27,0,0,0,0,0,5,0,0,0,0,0,9,0,0,0,0,0,0,0,0,0,10,47,0,0,0,0,0,0,0,0,0,0,0,65,47,0,0,0,0,0,0,0,0,0,0,54,25,0,0,0,0,0,0,0,0,0,0,25,0,0,0,0,forward
0,0,0,0,0,0,0,67,0,0,0,0,0,0,0,0,0,0,0,47,40,0,0,0,0,0,12,0,0,0,0,18,27,0,0,0,0,0,10,0,0,0,0,5,11,0,0,0,0,0,0,0,0,0,8,45,0,0,0,0,0,0,0,0,0,0,0,63,45,0,0,0,0,0,0,0,0,0,0,49,21,0,0,0,0,0,0,0,0,0,0,24,0,0,0,0,forward
0,0,0,0,0,0,0,45,24,0,0,0,0,0,0,0,0,0,0,19,37,0,0,0,0,0,43,0,0,0,0,0,33,0,0,0,0,0,34,0,0,0,0,0,18,0,0,0,0,0,0,0,0,0,0,52,47,0,0,0,0,0,0,0,0,0,0,8,51,8,0,0,0,0,28,0,0,0,0,0,21,0,0,0,0,0,34,0,0,0,0,0,0,0,0,0,forward
0,0,0,0,0,0,0,47,27,0,0,0,0,0,0,0,0,0,0,21,42,18,0,0,0,0,41,0,0,0,0,0,36,0,0,0,0,0,32,0,0,0,0,0,17,0,0,0,0,0,0,0,0,0,0,52,50,0,0,0,0,0,0,0,0,0,0,11,58,18,0,0,0,0,26,0,0,0,0,0,26,0,0,0,0,0,29,0,0,0,0,0,0,0,0,0,forward
0,0,0,0,0,0,0,47,27,0,0,0,0,0,0,0,0,0,0,19,44,6,0,0,0,0,38,0,0,0,0,0,36,0,0,0,0,0,34,0,0,0,0,0,18,0,0,0,0,0,0,0,0,0,0,52,51,0,0,0,0,0,0,0,0,0,0,11,58,17,0,0,0,0,25,0,0,0,0,0,26,0,0,0,0,0,25,0,0,0,0,0,0,0,0,0,forward
0,0,0,0,0,0,0,45,27,0,0,0,0,0,0,0,0,0,0,17,44,6,0,0,0,0,41,0,0,0,0,0,38,0,0,0,0,0,30,0,0,0,0,0,17,0,0,0,0,0,0,0,0,0,0,52,50,0,0,0,0,0,0,0,0,0,0,12,55,19,0,0,0,0,22,0,0,0,0,0,28,0,0,0,0,0,26,0,0,0,0,0,0,0,0,0,forward
0,0,0,0,0,0,0,45,26,0,0,0,0,0,0,0,0,0,0,20,45,7,0,0,0,0,40,0,0,0,0,0,39,0,0,0,0,0,27,0,0,0,0,0,18,0,0,0,0,0,0,0,0,0,0,48,50,0,0,0,0,0,0,0,0,0,0,12,61,20,0,0,0,0,20,0,0,0,0,0,30,0,0,0,0,0,24,0,0,0,0,0,0,0,0,0,forward
0,0,0,0,0,0,0,44,27,0,0,0,0,0,0,0,0,0,0,21,46,8,0,0,0,0,37,0,0,0,0,0,40,0,0,0,0,0,27,0,0,0,0,0,16,0,0,0,0,0,0,0,0,0,0,52,51,4,0,0,0,0,0,0,0,0,0,12,62,22,0,0,0,0,20,0,0,0,0,0,30,0,0,0,0,0,22,0,0,0,0,0,0,0,0,0,forward
0,0,0,0,0,0,0,47,35,0,0,0,0,0,0,0,0,0,0,23,53,25,0,0,0,0,25,0,0,0,0,0,55,15,0,0,0,0,6,0,0,0,0,0,26,0,0,0,0,0,0,0,0,0,0,48,51,5,0,0,0,0,0,0,0,0,0,11,63,23,0,0,0,0,13,0,0,0,0,0,34,0,0,0,0,0,19,0,0,0,0,0,0,0,0,0,forward
0,0,0,0,0,0,0,47,36,0,0,0,0,0,0,0,0,0,0,23,55,28,0,0,0,0,21,0,0,0,0,0,58,19,0,0,0,0,0,0,0,0,0,0,27,0,0,0,0,0,0,0,0,0,0,51,52,6,0,0,0,0,0,0,0,0,0,8,62,25,0,0,0,0,4,0,0,0,0,0,38,0,0,0,0,0,15,0,0,0,0,0,0,0,0,0,forward
0,0,0,0,0,0,0,47,36,0,0,0,0,0,0,0,0,0,0,22,53,25,0,0,0,0,29,0,0,0,0,0,53,14,0,0,0,0,12,0,0,0,0,0,26,0,0,0,0,0,0,0,0,0,0,52,50,5,0,0,0,0,0,0,0,0,0,11,58,24,0,0,0,0,18,0,0,0,0,0,33,0,0,0,0,0,22,0,0,0,0,0,0,0,0,0,forward
0,0,0,0,0,0,0,45,34,0,0,0,0,0,0,0,0,0,0,18,51,25,0,0,0,0,37,0,0,0,0,0,49,10,0,0,0,0,18,0,0,0,0,0,24,0,0,0,0,0,0,0,0,0,0,51,51,4,0,0,0,0,0,0,0,0,0,9,60,22,0,0,0,0,20,0,0,0,0,0,30,0,0,0,0,0,25,0,0,0,0,0,0,0,0,0,forward
0,0,0,0,0,0,0,46,33,0,0,0,0,0,0,0,0,0,0,20,52,26,0,0,0,0,38,0,0,0,0,0,49,12,0,0,0,0,20,0,0,0,0,0,24,0,0,0,0,0,0,0,0,0,0,51,48,3,0,0,0,0,0,0,0,0,0,9,58,22,0,0,0,0,19,0,0,0,0,0,30,0,0,0,0,0,23,0,0,0,0,0,0,0,0,0,forward
0,0,0,0,0,0,0,45,39,0,0,0,0,0,0,0,0,0,0,19,58,31,0,0,0,0,0,0,0,0,0,0,68,32,0,0,0,0,0,0,0,0,0,0,30,0,0,0,0,0,0,0,0,0,0,53,52,5,0,0,0,0,0,0,0,0,0,7,60,23,0,0,0,0,0,0,0,0,0,0,39,8,0,0,0,0,5,0,0,0,0,0,0,0,0,0,forward
0,0,0,0,0,0,0,38,40,0,0,0,0,0,0,0,0,0,0,13,63,32,0,0,0,0,0,0,0,0,0,0,76,43,0,0,0,0,0,0,0,0,0,0,32,0,0,0,0,0,0,0,0,0,0,48,55,12,0,0,0,0,0,0,0,0,0,0,57,23,0,0,0,0,0,0,0,0,0,0,53,21,0,0,0,0,0,0,0,0,0,0,0,0,0,0,forward
0,0,0,0,0,0,0,38,39,0,0,0,0,0,0,0,0,0,0,15,61,26,0,0,0,0,0,0,0,0,0,0,70,43,0,0,0,0,0,0,0,0,0,0,33,0,0,0,0,0,0,0,0,0,0,48,55,12,0,0,0,0,0,0,0,0,0,0,58,24,0,0,0,0,0,0,0,0,0,0,51,23,0,0,0,0,0,0,0,0,0,0,0,0,0,0,forward
0,0,0,0,0,0,0,49,63,0,0,0,0,0,0,0,0,0,0,10,68,36,0,0,0,0,0,0,0,0,0,0,74,37,0,0,0,0,0,0,0,0,0,0,29,0,0,0,0,0,0,0,0,0,0,47,50,12,0,0,0,0,0,0,0,0,0,0,58,25,0,0,0,0,0,0,0,0,0,0,58,26,0,0,0,0,0,0,0,0,0,0,0,0,0,0,forward
0,0,0,0,0,0,0,47,63,0,0,0,0,0,0,0,0,0,0,11,64,34,0,0,0,0,0,0,0,0,0,0,71,36,0,0,0,0,0,0,0,0,0,0,29,0,0,0,0,0,0,0,0,0,0,25,30,0,0,0,0,0,0,0,0,0,0,0,45,19,0,0,0,0,0,0,0,0,0,0,69,37,0,0,0,0,0,0,0,0,0,0,28,0,0,0,forward
0,0,0,0,0,0,0,43,64,0,0,0,0,0,0,0,0,0,0,11,72,43,0,0,0,0,0,0,0,0,0,0,77,48,0,0,0,0,0,0,0,0,0,0,33,0,0,0,0,0,0,0,0,0,0,36,35,0,0,0,0,0,0,0,0,0,0,0,46,21,0,5,0,0,0,0,0,0,0,0,63,38,0,0,0,0,0,0,0,0,0,0,23,0,0,0,forward
0,0,0,0,0,0,0,35,56,0,0,0,0,0,0,0,0,0,0,11,73,48,0,0,0,0,0,0,0,0,0,0,76,52,0,0,0,0,0,0,0,0,0,0,37,0,0,0,0,0,0,0,0,0,0,35,40,0,0,0,0,0,0,0,0,0,0,0,50,24,0,5,0,0,0,0,0,0,0,0,64,36,0,0,0,0,0,0,0,0,0,0,16,0,0,0,forward
0,0,0,0,0,0,0,18,38,0,0,0,0,0,0,0,0,0,0,16,66,47,0,0,0,0,0,0,0,0,0,0,77,60,0,0,0,0,0,0,0,0,0,0,48,0,0,0,0,0,0,0,0,0,0,39,45,8,0,0,0,0,0,0,0,0,0,0,55,27,0,0,0,0,0,0,0,0,0,0,65,36,0,0,0,0,0,0,0,0,0,0,7,0,0,0,forward
0,0,0,0,0,0,0,27,44,0,0,0,0,0,0,0,0,0,0,15,68,43,0,0,0,0,0,0,0,0,0,0,76,54,0,0,0,0,0,0,0,0,0,0,42,0,0,0,0,0,0,0,0,0,0,46,45,7,0,0,0,0,0,0,0,0,0,3,55,25,0,0,0,0,0,0,0,0,0,0,63,33,0,0,0,0,0,0,0,0,0,0,0,0,0,0,forward
0,0,0,0,0,0,0,0,31,0,0,0,0,0,0,0,0,0,0,18,53,32,0,0,0,0,0,0,0,0,0,0,61,58,0,0,0,0,0,0,0,0,0,0,23,0,0,0,0,0,0,0,0,0,0,0,12,0,0,0,0,0,0,0,0,0,0,7,52,39,0,0,0,0,0,0,0,0,0,0,45,61,0,7,0,0,0,0,0,0,0,0,24,16,0,0,forward
0,0,0,0,0,0,0,0,32,0,0,0,0,0,0,0,0,0,0,4,61,41,0,0,0,0,0,0,0,0,0,0,69,80,0,0,0,0,0,0,0,0,0,0,20,9,0,0,0,0,0,0,0,0,0,0,9,0,0,0,0,0,0,0,0,0,0,0,53,38,0,0,0,0,0,0,0,0,0,0,44,68,0,16,0,0,0,0,0,0,0,0,23,17,0,0,forward
0,0,0,0,0,0,0,0,30,0,0,0,0,0,0,0,0,0,0,0,60,49,0,0,0,0,0,0,0,0,0,0,69,86,0,0,0,0,0,0,0,0,0,0,21,18,0,0,0,0,0,0,0,0,0,0,9,0,0,0,0,0,0,0,0,0,0,0,53,42,0,0,0,0,0,0,0,0,0,0,45,68,0,10,0,0,0,0,0,0,0,0,25,18,0,0,forward
0,0,0,0,0,0,0,0,42,0,0,0,0,0,0,0,0,0,0,0,70,41,0,0,0,0,0,0,0,0,0,0,66,81,0,0,0,0,0,0,0,0,0,0,18,11,0,0,0,0,0,0,0,0,0,0,9,0,0,0,0,0,0,0,0,0,0,0,52,42,0,0,0,0,0,0,0,0,0,0,44,69,0,4,0,0,0,0,0,0,0,0,27,19,0,0,forward
0,0,0,0,0,0,0,0,43,0,0,0,0,0,0,0,0,0,0,0,77,65,0,0,0,0,0,0,0,0,0,0,62,85,0,0,0,0,0,0,0,0,0,0,11,12,0,0,0,0,0,0,0,0,0,0,0,0,0,0,0,0,0,0,0,0,0,0,51,43,0,0,0,0,0,0,0,0,0,0,45,72,0,23,0,0,0,0,0,0,0,0,33,40,0,0,forward
0,0,0,0,0,0,0,0,44,0,0,0,0,0,0,0,0,0,0,0,78,61,0,0,0,0,0,0,0,0,0,0,52,82,0,0,0,0,0,0,0,0,0,0,0,10,0,0,0,0,0,0,0,0,0,0,0,0,0,0,0,0,0,0,0,0,0,0,56,47,0,0,0,0,0,0,0,0,0,0,45,74,0,13,0,0,0,0,0,0,0,0,28,23,0,0,forward
0,0,0,0,0,0,0,0,25,0,0,10,0,0,0,0,0,0,0,0,67,58,0,9,0,0,0,0,0,0,0,0,25,89,0,0,0,0,0,0,0,0,0,0,0,24,0,0,0,0,0,0,0,0,0,0,10,0,0,4,0,0,0,0,0,0,0,0,60,51,0,0,0,0,0,0,0,0,0,0,25,81,0,22,0,0,0,0,0,0,0,0,8,17,0,0,forward
0,0,0,0,0,0,0,0,37,0,0,8,0,0,0,0,0,0,0,0,76,54,0,8,0,0,0,0,0,0,0,0,38,84,0,0,0,0,0,0,0,0,0,0,0,7,0,0,0,0,0,0,0,0,0,0,0,0,0,3,0,0,0,0,0,0,0,0,56,49,0,0,0,0,0,0,0,0,0,0,39,83,0,27,0,0,0,0,0,0,0,0,17,32,0,0,forward
0,0,0,0,0,0,0,0,56,0,0,0,0,0,0,0,0,0,0,0,79,56,0,0,0,0,0,0,0,0,0,0,47,77,0,0,0,0,0,0,0,0,0,0,0,0,0,0,0,0,0,0,0,0,0,0,0,0,0,0,0,0,0,0,0,0,0,0,58,49,0,0,0,0,0,0,0,0,0,0,38,80,0,11,0,0,0,0,0,0,0,0,18,20,0,0,forward
0,0,0,0,0,0,0,0,55,0,0,0,0,0,0,0,0,0,0,0,79,62,0,0,0,0,0,0,0,0,0,0,63,78,0,0,0,0,0,0,0,0,0,0,17,3,0,0,0,0,0,0,0,0,0,0,16,0,0,0,0,0,0,0,0,0,0,0,62,46,0,0,0,0,0,0,0,0,0,0,49,75,0,0,0,0,0,0,0,0,0,0,25,0,0,0,forward
0,0,0,0,0,0,0,0,49,0,0,0,0,0,0,0,0,0,0,0,69,62,0,0,0,0,0,0,0,0,0,0,67,88,0,0,0,0,0,0,0,0,0,0,25,21,0,0,0,0,0,0,0,0,0,0,33,0,0,0,0,0,0,0,0,0,0,0,65,44,0,0,0,0,0,0,0,0,0,0,48,67,0,0,0,0,0,0,0,0,0,0,29,0,0,0,forward
0,0,0,0,0,0,0,0,46,0,0,0,0,0,0,0,0,0,0,0,69,66,0,0,0,0,0,0,0,0,0,0,65,88,0,0,0,0,0,0,0,0,0,0,23,21,0,0,0,0,0,0,0,0,0,0,56,0,0,0,0,0,0,0,0,0,0,0,70,38,0,0,0,0,0,0,0,0,0,0,48,54,0,0,0,0,0,0,0,0,0,0,25,0,0,0,forward
0,0,0,0,0,0,0,0,44,0,0,0,0,0,0,0,0,0,0,7,59,52,0,0,0,0,0,0,0,0,0,0,67,75,0,0,0,0,0,0,0,0,0,0,29,19,0,0,0,0,0,0,0,0,0,3,53,0,0,0,0,0,0,0,0,0,0,0,66,33,0,0,0,0,0,0,0,0,0,0,47,54,0,0,0,0,0,0,0,0,0,0,29,0,0,0,forward
0,0,0,0,0,0,0,62,0,0,0,0,0,0,0,0,0,0,0,51,37,0,0,0,0,0,19,0,0,0,0,0,43,0,0,0,0,0,13,0,0,0,0,0,29,0,0,0,0,0,0,0,0,0,0,57,30,0,0,0,0,0,0,0,0,0,0,41,62,0,0,0,0,0,12,0,0,0,0,0,19,0,0,0,0,0,12,0,0,0,0,0,22,0,0,0,forward
0,0,0,0,0,0,0,62,0,0,0,0,0,0,0,0,0,0,0,51,36,0,0,0,0,0,18,0,0,0,0,0,42,0,0,0,0,0,15,0,0,0,0,0,30,0,0,0,0,0,0,0,0,0,0,57,29,0,0,0,0,0,0,0,0,0,0,41,61,0,0,0,0,0,13,0,0,0,0,0,17,0,0,0,0,0,12,0,0,0,0,0,22,0,0,0,forward
0,0,0,0,0,0,0,62,0,0,0,0,0,0,0,0,0,0,0,49,37,0,0,0,0,0,17,0,0,0,0,0,46,0,0,0,0,0,13,0,0,0,0,0,29,0,0,0,0,0,0,0,0,0,0,56,30,0,0,0,0,0,0,0,0,0,0,38,62,0,0,0,0,0,11,0,0,0,0,0,20,0,0,0,0,0,12,0,0,0,0,0,23,0,0,0,forward
0,0,0,0,0,0,0,62,0,0,0,0,0,0,0,0,0,0,0,51,38,0,0,0,0,0,17,0,0,0,0,0,47,0,0,0,0,0,14,0,0,0,0,0,31,0,0,0,0,0,0,0,0,0,0,56,29,0,0,0,0,0,0,0,0,0,0,43,59,0,0,0,0,0,9,0,0,0,0,0,21,0,0,0,0,0,10,0,0,0,0,0,23,0,0,0,forward
0,0,0,0,0,0,0,60,0,0,0,0,0,0,0,0,0,0,0,50,37,0,0,0,0,0,15,0,0,0,0,0,48,0,0,0,0,0,15,0,0,0,0,0,29,0,0,0,0,0,0,0,0,0,0,56,29,0,0,0,0,0,0,0,0,0,0,44,64,0,0,0,0,0,10,0,0,0,0,0,21,0,0,0,0,0,11,0,0,0,0,0,23,0,0,0,forward
0,0,0,0,0,0,0,60,0,0,0,0,0,0,0,0,0,0,0,51,33,0,0,0,0,0,17,0,0,0,0,0,47,0,0,0,0,0,15,0,0,0,0,0,32,0,0,0,0,0,0,0,0,0,0,56,29,0,0,0,0,0,0,0,0,0,0,41,63,0,0,0,0,0,10,0,0,0,0,0,20,0,0,0,0,0,11,0,0,0,0,0,23,0,0,0,forward
0,0,0,0,0,13,25,0,0,0,0,0,0,0,0,0,0,0,56,50,0,0,0,0,0,0,0,0,0,0,29,44,0,0,0,0,0,0,0,0,0,0,26,25,0,0,0,0,0,0,0,0,0,0,0,39,0,0,0,0,0,0,0,0,0,0,32,59,17,0,0,0,0,0,0,0,0,0,0,37,0,0,0,0,0,0,0,0,0,0,0,22,0,0,0,0,forward
0,0,0,0,0,13,25,0,0,0,0,0,0,0,0,0,0,0,56,50,0,0,0,0,0,0,0,0,0,0,29,45,0,0,0,0,0,0,0,0,0,0,23,25,0,0,0,0,0,0,0,0,0,0,0,40,0,0,0,0,0,0,0,0,0,0,33,59,17,0,0,0,0,0,0,0,0,0,0,40,0,0,0,0,0,0,0,0,0,0,0,23,3,0,0,0,forward
0,0,0,0,0,13,25,0,0,0,0,0,0,0,0,0,0,0,56,51,0,0,0,0,0,0,0,0,0,0,30,44,0,0,0,0,0,0,0,0,0,0,26,26,0,0,0,0,0,0,0,0,0,0,0,40,0,0,0,0,0,0,0,0,0,0,29,59,18,0,0,0,0,0,0,0,0,0,0,40,3,0,0,0,0,0,0,0,0,0,0,23,4,0,0,0,forward
0,0,0,0,0,20,35,0,0,0,0,0,0,0,0,0,0,0,58,48,0,0,0,0,0,0,0,0,0,0,30,42,0,0,0,0,0,0,0,0,0,0,23,18,0,0,0,0,0,0,0,0,0,0,0,40,0,0,0,0,0,0,0,0,0,0,32,60,18,0,0,0,0,0,0,0,0,0,0,37,3,0,0,0,0,0,0,0,0,0,0,24,4,0,0,0,forward
0,0,0,0,0,31,48,0,0,0,0,0,0,0,0,0,0,0,54,34,0,0,0,0,0,0,0,0,0,0,30,38,0,0,0,0,0,0,0,0,0,0,15,8,0,0,0,0,0,0,0,0,0,0,0,35,0,0,0,0,0,0,0,0,0,0,32,60,18,0,0,0,0,0,0,0,0,0,0,40,3,0,0,0,0,0,0,0,0,0,0,24,4,0,0,0,forward
0,0,0,0,0,21,44,7,0,0,0,0,0,0,0,0,0,0,68,61,0,0,0,0,0,0,0,0,0,0,40,60,0,0,0,0,0,0,0,0,0,0,29,29,0,0,0,0,0,0,0,0,0,0,0,39,0,0,0,0,0,0,0,0,0,0,33,59,22,0,0,0,0,0,0,0,0,0,0,47,10,0,0,0,0,0,0,0,0,0,0,26,5,0,0,0,forward
0,0,0,0,0,0,0,59,9,0,0,0,0,0,0,0,0,0,0,44,43,0,0,0,0,0,0,0,0,0,0,18,33,0,0,0,0,0,0,0,0,0,0,9,3,0,0,0,0,0,0,0,0,0,0,30,0,0,0,0,0,0,0,0,0,0,0,54,65,0,0,0,0,0,0,0,0,0,0,0,43,0,0,0,0,0,0,0,0,0,0,0,35,0,0,0,forward
0,0,0,0,0,0,0,58,10,0,0,0,0,0,0,0,0,0,0,46,47,0,0,0,0,0,0,0,0,0,0,16,34,0,0,0,0,0,0,0,0,0,0,9,3,0,0,0,0,0,0,0,0,0,0,34,0,0,0,0,0,0,0,0,0,0,0,53,63,0,0,0,0,0,0,0,0,0,0,0,48,0,0,0,0,0,0,0,0,0,0,0,37,0,0,0,forward
0,0,0,0,0,0,0,58,9,0,0,0,0,0,0,0,0,0,0,46,46,0,0,0,0,0,0,0,0,0,0,19,35,0,0,0,0,0,0,0,0,0,0,9,4,0,0,0,0,0,0,0,0,0,0,30,0,0,0,0,0,0,0,0,0,0,0,53,64,0,0,0,0,0,0,0,0,0,0,0,47,0,0,0,0,0,0,0,0,0,0,0,37,0,0,0,forward
0,0,0,0,0,0,0,58,10,0,0,0,0,0,0,0,0,0,0,48,50,0,0,0,0,0,0,0,0,0,0,19,37,0,0,0,0,0,0,0,0,0,0,9,5,0,0,0,0,0,0,0,0,0,0,34,0,0,0,0,0,0,0,0,0,0,0,53,64,0,0,0,0,0,0,0,0,0,0,0,46,0,0,0,0,0,0,0,0,0,0,0,37,0,0,0,forward
0,0,0,0,0,0,0,50,6,0,0,0,0,0,0,0,0,0,0,52,61,0,0,0,0,0,0,0,0,0,0,27,53,0,0,0,0,0,0,0,0,0,0,14,16,0,0,0,0,0,0,0,0,0,0,32,0,0,0,0,0,0,0,0,0,0,0,53,65,0,0,0,0,0,0,0,0,0,0,0,44,0,0,0,0,0,0,0,0,0,0,0,36,0,0,0,forward
0,0,0,0,0,0,0,52,0,0,0,0,0,0,0,0,0,0,0,46,54,0,0,0,0,0,0,0,0,0,0,0,87,0,0,0,0,0,0,0,0,0,0,0,54,0,0,0,0,0,0,0,0,0,0,0,0,0,0,0,0,0,0,0,0,0,0,0,56,50,0,0,0,0,0,0,0,0,0,0,3,62,0,0,0,0,17,0,0,0,0,0,0,4,0,0,forward
0,0,0,0,0,0,0,53,0,0,0,0,0,0,0,0,0,0,0,47,54,0,0,0,0,0,0,0,0,0,0,0,89,0,0,0,0,0,0,0,0,0,0,0,52,0,0,0,0,0,0,0,0,0,0,0,0,0,0,0,0,0,0,0,0,0,0,0,56,49,0,0,0,0,0,0,0,0,0,0,0,58,0,0,0,0,18,0,0,0,0,0,0,4,0,0,forward
0,0,0,0,0,0,0,52,0,0,0,0,0,0,0,0,0,0,0,45,54,0,0,0,0,0,0,0,0,0,0,0,95,0,0,0,0,0,0,0,0,0,0,0,54,0,0,0,0,0,0,0,0,0,0,0,0,0,0,0,0,0,0,0,0,0,0,0,56,49,0,0,0,0,0,0,0,0,0,0,0,60,0,0,0,0,20,0,0,0,0,0,0,4,0,0,forward
0,0,0,0,0,0,0,53,0,0,0,0,0,0,0,0,0,0,0,46,51,0,0,0,0,0,0,0,0,0,0,0,96,0,0,0,0,0,0,0,0,0,0,0,55,0,0,0,0,0,0,0,0,0,0,0,0,0,0,0,0,0,0,0,0,0,0,0,56,48,0,0,0,0,3,0,0,0,0,0,0,57,0,0,0,0,19,0,0,0,0,0,0,4,0,0,forward
0,0,0,0,0,0,0,55,0,0,0,0,0,0,0,0,0,0,0,42,46,0,0,0,0,0,0,0,0,0,0,0,70,0,0,0,0,0,0,0,0,0,0,0,43,0,0,0,0,0,0,0,0,0,0,0,0,0,0,0,0,0,0,0,0,0,0,0,56,47,0,0,0,0,22,0,0,0,0,0,0,44,0,0,0,0,24,0,0,0,0,0,0,0,0,0,forward
0,0,0,0,0,0,0,61,9,0,0,0,0,0,0,0,0,0,0,39,45,0,0,0,0,0,14,0,0,0,0,0,63,0,0,0,0,0,10,0,0,0,0,0,36,0,0,0,0,0,0,0,0,0,0,0,30,9,0,0,0,0,0,0,0,0,0,0,54,45,0,0,0,0,11,0,0,0,0,0,0,38,0,0,0,0,23,0,0,0,0,0,0,0,0,0,forward
0,0,0,0,0,0,0,61,9,0,0,0,0,0,0,0,0,0,0,41,48,0,0,0,0,0,10,0,0,0,0,0,68,0,0,0,0,0,8,0,0,0,0,0,37,0,0,0,0,0,0,0,0,0,0,0,28,10,0,0,0,0,0,0,0,0,0,0,54,50,0,0,0,0,4,0,0,0,0,0,0,39,0,0,0,0,23,0,0,0,0,0,0,0,0,0,forward
0,0,0,0,0,0,0,57,8,0,0,0,0,0,0,0,0,0,0,42,48,0,0,0,0,0,9,0,0,0,0,0,69,0,0,0,0,0,5,0,0,0,0,0,35,0,0,0,0,0,0,0,0,0,0,0,28,8,0,0,0,0,0,0,0,0,0,0,55,51,0,0,0,0,0,0,0,0,0,0,0,40,0,0,0,0,24,0,0,0,0,0,0,0,0,0,forward
0,0,0,0,0,0,0,60,9,0,0,0,0,0,0,0,0,0,0,39,48,0,0,0,0,0,6,0,0,0,0,0,71,0,0,0,0,0,3,0,0,0,0,0,38,0,0,0,0,0,0,0,0,0,0,0,28,8,0,0,0,0,0,0,0,0,0,0,55,51,0,0,0,0,5,0,0,0,0,0,0,39,0,0,0,0,24,0,0,0,0,0,0,0,0,0,forward
0,0,0,0,0,0,0,54,6,0,0,0,0,0,0,0,0,0,0,25,30,0,0,0,0,0,30,0,0,0,0,0,32,0,0,0,0,0,37,0,0,0,0,0,23,0,0,0,0,0,0,0,0,0,0,0,28,8,0,0,0,0,0,0,0,0,0,0,53,51,0,0,0,0,8,0,0,0,0,0,0,40,0,0,0,0,24,0,0,0,0,0,0,0,0,0,forward
0,0,0,0,0,0,0,0,0,0,0,0,0,0,0,0,0,0,0,5,60,51,0,0,0,0,0,0,0,0,0,0,30,79,0,0,0,0,0,0,0,0,0,0,0,24,0,0,0,0,0,0,0,0,0,0,0,72,5,0,0,0,0,0,0,0,0,0,0,53,23,0,0,0,0,0,0,0,0,0,0,53,12,0,0,0,0,13,0,0,0,0,0,0,0,0,forward
0,0,0,0,0,0,0,0,0,0,0,0,0,0,0,0,0,0,0,6,64,51,0,0,0,0,0,0,0,0,0,0,27,79,0,0,0,0,0,0,0,0,0,0,0,20,0,0,0,0,0,0,0,0,0,0,0,73,6,0,0,0,0,0,0,0,0,0,0,57,23,0,0,0,0,0,0,0,0,0,0,53,12,0,0,0,0,10,0,0,0,0,0,0,0,0,forward
0,0,0,0,0,0,0,0,0,0,0,0,0,0,0,0,0,0,0,8,63,50,0,0,0,0,0,0,0,0,0,0,28,74,0,0,0,0,11,0,0,0,0,0,0,17,0,0,0,0,0,0,0,0,0,0,0,69,6,0,0,0,0,0,0,0,0,0,0,57,23,0,0,0,0,0,0,0,0,0,0,52,11,0,0,0,0,13,0,0,0,0,0,0,0,0,forward
0,0,0,0,0,0,0,0,0,0,0,0,0,0,0,0,0,0,0,6,64,52,0,0,0,0,0,0,0,0,0,0,30,80,0,0,0,0,0,0,0,0,0,0,0,21,0,0,0,0,0,0,0,0,0,0,0,74,6,0,0,0,0,0,0,0,0,0,0,57,23,0,0,0,0,0,0,0,0,0,0,52,12,0,0,0,0,13,0,0,0,0,0,0,0,0,forward
0,0,0,0,0,0,0,0,0,0,0,0,0,0,0,0,0,0,0,0,63,38,0,0,0,0,0,0,0,0,0,0,33,94,0,0,0,0,0,0,0,0,0,0,0,29,0,0,0,0,0,0,0,0,0,0,0,76,8,0,0,0,0,0,0,0,0,0,0,53,24,0,0,0,0,0,0,0,0,0,0,53,14,0,0,0,0,12,0,0,0,0,0,0,0,0,forward
0,0,0,0,0,0,0,0,0,0,0,0,0,0,0,0,0,0,0,0,59,36,0,0,0,0,0,0,0,0,0,0,31,95,0,0,0,0,0,0,0,0,0,0,0,34,0,0,0,0,0,0,0,0,0,0,0,85,12,0,0,0,0,0,0,0,0,0,0,60,21,0,0,0,0,0,0,0,0,0,0,45,6,0,0,0,0,12,0,0,0,0,0,0,0,0,forward
0,0,0,0,0,0,0,0,0,0,0,0,0,0,0,0,0,0,0,0,56,37,0,0,0,0,0,0,0,0,0,0,31,96,0,0,0,0,0,0,0,0,0,0,0,36,0,0,0,0,0,0,0,0,0,0,3,87,10,0,0,0,0,0,0,0,0,0,0,59,21,0,0,0,0,0,0,0,0,0,0,42,8,0,0,0,0,12,0,0,0,0,0,0,0,0,forward
0,0,0,0,0,0,0,0,0,0,0,0,0,0,0,0,0,0,0,0,61,40,0,0,0,0,0,0,0,0,0,0,33,98,0,0,0,0,0,0,0,0,0,0,0,30,0,0,0,0,0,0,0,0,0,0,0,82,12,0,0,0,0,0,0,0,0,0,0,58,20,0,0,0,0,0,0,0,0,0,0,44,6,0,0,0,0,13,0,0,0,0,0,0,0,0,forward
0,0,0,0,0,0,0,0,0,0,0,0,0,0,0,0,0,0,0,0,64,44,0,0,0,0,0,0,0,0,0,0,33,104,0,0,0,0,0,0,0,0,0,0,0,36,0,0,0,0,0,0,0,0,0,0,0,62,3,0,0,0,0,0,0,0,0,0,0,55,24,0,0,0,0,0,0,0,0,0,0,57,17,0,0,0,0,7,0,0,0,0,0,7,0,0,forward
0,0,0,0,0,0,0,0,0,0,0,0,0,0,0,0,0,0,0,0,67,51,0,0,0,0,0,0,0,0,0,0,31,109,0,0,0,0,0,0,0,0,0,0,0,40,0,0,0,0,0,0,0,0,0,0,0,64,7,0,0,0,0,0,0,0,0,0,0,56,25,0,0,0,0,0,0,0,0,0,0,62,19,0,0,0,0,0,0,0,0,0,0,12,0,0,forward
0,0,0,0,0,0,0,0,0,0,0,0,0,0,0,0,0,0,0,0,57,33,0,0,0,0,0,0,0,0,0,0,20,67,0,0,0,0,0,0,0,0,0,0,0,17,0,0,0,0,0,0,0,0,0,0,0,62,0,0,0,0,0,0,0,0,0,0,0,55,23,0,0,0,0,0,0,0,0,0,0,44,8,0,0,0,13,15,0,0,0,0,0,0,0,0,forward
0,0,0,0,0,0,0,28,0,0,0,0,0,0,0,0,0,0,0,18,0,0,0,0,0,34,70,0,0,0,0,0,0,0,0,0,114,82,81,0,0,0,0,0,0,0,0,0,0,0,0,0,0,0,0,0,0,0,0,0,0,0,0,0,0,0,0,28,0,0,0,0,0,0,56,0,0,0,0,0,0,0,0,0,0,0,51,0,0,0,0,0,0,0,0,0,backward
0,0,0,0,0,0,0,36,0,0,0,0,0,0,0,0,0,0,0,20,0,0,0,0,0,30,67,0,0,0,0,0,0,0,0,0,106,78,78,0,0,0,0,0,0,0,0,0,0,0,0,0,0,0,0,0,0,0,0,0,0,0,0,0,0,0,0,29,0,0,0,0,0,0,55,0,0,0,0,0,0,0,0,0,0,0,51,0,0,0,0,0,0,0,0,0,backward
0,0,0,0,0,0,0,61,0,0,0,0,0,0,0,0,0,0,0,15,0,0,0,0,0,52,87,0,0,0,0,0,0,0,0,0,125,102,89,0,0,0,0,0,0,0,0,0,0,0,0,0,0,0,0,18,0,0,0,0,0,0,0,0,0,0,0,28,5,0,0,0,0,0,61,0,0,0,0,0,0,0,0,0,0,0,61,0,0,0,0,0,0,0,0,0,backward
0,0,0,0,0,0,0,58,0,0,0,0,0,0,0,0,0,0,0,12,0,0,0,0,0,48,83,0,0,0,0,0,0,0,0,0,118,95,88,0,0,0,0,0,0,0,0,0,0,0,0,0,0,0,0,18,0,0,0,0,0,0,0,0,0,0,0,26,0,0,0,0,0,0,65,0,0,0,0,0,0,0,0,0,0,0,57,0,0,0,0,0,0,0,0,0,backward
0,0,0,0,0,0,0,62,0,0,0,0,0,0,0,0,0,0,0,14,0,0,0,0,0,46,88,0,0,0,0,0,0,0,0,0,117,93,85,0,0,0,0,0,0,0,0,0,0,0,0,0,0,0,0,21,0,0,0,0,0,0,0,0,0,0,0,25,0,0,0,0,0,0,67,0,0,0,0,0,0,0,0,0,0,0,55,0,0,0,0,0,0,0,0,0,backward
0,0,0,0,0,0,0,58,0,0,0,0,0,0,0,0,0,0,0,14,0,0,0,0,0,47,89,0,0,0,0,0,0,0,0,0,121,92,85,0,0,0,0,0,0,0,0,0,0,0,0,0,0,0,0,18,0,0,0,0,0,0,0,0,0,0,0,23,0,0,0,0,0,0,67,0,0,0,0,0,0,0,0,0,0,0,56,0,0,0,0,0,0,0,0,0,backward
0,0,0,0,0,0,0,51,0,0,0,0,0,0,0,0,0,0,0,16,0,0,0,0,0,31,73,0,0,0,0,0,0,0,0,0,105,81,83,0,0,0,0,0,0,0,0,0,0,0,0,0,0,0,0,14,0,0,0,0,0,0,0,0,0,0,0,25,0,0,0,0,0,0,64,0,0,0,0,0,0,0,0,0,0,0,57,0,0,0,0,0,0,0,0,0,backward
0,0,0,0,0,0,0,18,0,0,0,0,0,0,0,0,0,0,0,12,0,0,0,0,0,27,52,0,0,0,0,0,0,0,0,0,101,78,70,0,0,0,0,0,0,0,0,0,0,0,0,0,0,0,0,16,0,0,0,0,0,0,0,0,0,0,0,28,0,0,0,0,0,0,63,0,0,0,0,0,0,0,0,0,0,0,56,0,0,0,0,0,0,0,0,0,backward
0,0,0,0,0,0,0,0,0,0,0,0,0,0,0,0,0,0,0,15,0,0,0,0,0,0,26,0,0,0,0,0,6,0,0,0,92,64,51,0,0,0,0,0,14,0,0,0,0,0,0,0,0,0,0,14,0,0,0,0,0,0,0,0,0,0,0,30,0,0,0,0,0,0,59,0,0,0,0,0,0,0,0,0,0,0,56,0,0,0,0,0,0,0,0,0,backward
0,0,0,0,0,0,0,0,0,0,0,0,0,0,0,0,0,0,0,7,0,0,0,0,0,0,0,0,0,0,0,0,23,0,0,0,66,57,36,0,0,0,0,0,44,0,0,0,0,0,0,0,0,0,0,4,0,0,0,0,0,0,0,0,0,0,0,34,14,0,0,0,0,0,43,0,0,0,0,0,0,0,0,0,0,3,39,0,0,0,0,0,0,0,0,0,backward
0,0,0,0,0,0,0,0,0,0,0,0,0,0,0,0,0,0,0,0,0,0,0,0,0,24,45,0,0,0,0,0,0,0,0,0,122,108,79,0,0,0,0,0,0,0,0,0,0,0,0,0,0,0,0,0,0,0,0,0,0,0,0,0,0,0,0,6,0,0,0,0,0,0,66,0,0,0,0,0,0,0,0,0,13,18,62,0,0,0,0,0,0,0,0,0,backward
0,0,0,0,0,0,0,0,0,0,0,0,0,0,0,0,0,0,0,0,0,0,0,0,0,51,74,0,0,0,0,0,0,0,0,0,145,118,93,0,0,0,0,0,0,0,0,0,0,0,0,0,0,0,0,0,0,0,0,0,0,0,19,0,0,0,0,0,0,0,0,0,0,9,75,0,0,0,0,0,0,0,0,0,0,7,52,0,0,0,0,0,0,0,0,0,backward
0,0,0,0,0,0,0,38,0,0,0,0,0,0,0,0,0,0,0,8,0,0,0,0,0,51,93,0,0,0,0,0,0,0,0,0,118,106,93,0,0,0,0,0,0,0,0,0,0,0,0,0,0,0,0,0,0,0,0,0,0,0,39,0,0,0,0,6,0,0,0,0,0,3,79,0,0,0,0,0,0,0,0,0,0,9,35,0,0,0,0,0,0,0,0,0,backward
0,0,0,0,0,0,0,65,0,0,0,0,0,0,0,0,0,0,0,22,0,0,0,0,0,26,62,0,0,0,0,0,0,0,0,0,56,48,69,0,0,0,0,0,0,0,0,0,0,0,0,0,0,0,0,27,0,0,0,0,0,0,29,0,0,0,0,15,0,0,0,0,0,0,78,0,0,0,0,0,0,0,0,0,0,0,37,0,0,0,0,0,0,0,0,0,backward
0,0,0,0,0,0,0,88,0,0,0,0,0,0,0,0,0,0,0,47,37,0,0,0,0,0,0,0,0,0,0,29,41,0,0,0,0,0,0,0,0,0,0,0,0,0,0,0,0,0,0,0,0,0,0,79,9,0,0,0,0,0,0,0,0,0,0,28,0,0,0,0,0,0,45,0,0,0,0,0,0,0,0,0,0,0,0,0,0,0,0,0,0,0,0,0,backward
0,0,0,0,0,0,0,0,0,0,0,0,0,53,40,0,0,0,0,0,0,0,0,0,60,84,104,0,0,0,0,0,0,0,0,0,84,75,28,0,0,0,0,0,0,0,0,0,0,0,0,0,0,0,0,12,0,0,0,0,0,0,48,0,0,0,0,0,0,0,0,0,0,0,80,0,0,0,0,0,0,0,0,0,0,0,0,0,0,0,0,0,0,0,0,0,backward
0,0,0,0,0,0,0,3,0,0,0,0,0,84,75,0,0,0,0,0,0,0,0,0,45,78,105,0,0,0,0,0,0,0,0,0,0,6,0,0,0,0,0,0,0,0,0,0,0,0,0,0,0,0,0,0,0,0,0,0,0,0,54,0,0,0,0,0,0,0,0,0,0,0,78,0,0,0,0,0,0,0,0,0,0,0,0,0,0,0,0,0,0,0,0,0,backward
0,0,0,0,0,0,0,39,0,0,0,0,0,75,70,0,0,0,0,0,0,0,0,0,21,61,103,0,0,0,0,0,0,0,0,0,0,0,0,0,0,0,0,0,0,0,0,0,0,0,0,0,0,0,0,9,0,0,0,0,0,0,56,0,0,0,0,0,0,0,0,0,0,0,80,0,0,0,0,0,0,0,0,0,0,0,0,0,0,0,0,0,0,0,0,0,backward
0,0,0,0,0,0,0,0,0,0,0,0,0,63,47,0,0,0,0,0,0,0,0,0,68,84,108,0,0,0,0,0,0,0,0,0,71,49,0,0,0,0,0,0,0,0,0,0,0,0,0,0,0,0,0,0,0,0,0,0,0,0,49,0,0,0,0,0,0,0,0,0,0,0,80,0,0,0,0,0,0,0,0,0,0,0,0,0,0,0,0,0,0,0,0,0,backward
0,0,0,0,0,0,0,0,0,0,0,0,0,0,0,0,0,0,0,0,0,0,0,0,127,86,63,0,0,0,0,0,0,0,0,0,177,87,0,0,0,0,0,0,0,0,0,0,0,0,0,0,0,0,0,0,0,0,0,0,0,0,20,0,0,0,0,0,0,0,0,0,0,3,68,0,0,0,0,0,0,0,0,0,0,0,0,0,0,0,0,0,0,0,0,0,backward
0,0,0,0,0,0,0,0,0,0,0,0,0,0,0,0,0,0,0,0,0,0,0,0,141,62,12,0,0,0,0,0,0,0,0,0,246,83,0,0,0,0,0,0,0,0,0,0,0,0,0,0,0,0,0,0,0,0,0,0,0,0,0,0,0,0,0,0,0,0,0,0,0,0,3,0,0,0,0,0,0,0,0,0,0,0,0,0,0,0,0,0,0,0,0,0,backward
0,0,0,0,0,0,0,0,0,0,0,0,0,0,0,0,0,0,0,0,0,0,0,0,142,63,0,0,0,0,0,0,0,0,0,0,256,88,0,0,0,0,0,0,0,0,0,0,0,0,0,0,0,0,0,0,0,0,0,0,0,0,0,0,0,0,0,0,0,0,0,0,11,0,7,0,0,0,0,0,0,0,0,0,0,0,0,0,0,0,0,0,0,0,0,0,backward
0,0,0,0,0,0,0,0,0,0,0,0,0,0,0,0,0,0,0,0,0,0,0,0,141,75,11,0,0,0,0,0,0,0,0,0,208,79,0,0,0,0,0,0,0,0,0,0,0,0,0,0,0,0,0,0,0,0,0,0,0,0,0,0,0,0,0,0,0,0,0,0,0,0,44,0,0,0,0,0,0,0,0,0,0,0,0,0,0,0,0,0,0,0,0,0,backward
0,0,0,0,0,0,0,0,0,0,0,0,0,3,0,0,0,0,0,0,0,0,0,0,113,100,74,0,0,0,0,0,0,0,0,0,196,107,12,0,0,0,0,0,0,0,0,0,0,0,0,0,0,0,0,0,0,0,0,0,0,0,53,0,0,0,0,0,0,0,0,0,0,23,82,0,0,0,0,0,0,0,0,0,0,0,0,0,0,0,0,0,0,0,0,0,backward
0,0,0,0,0,0,0,0,0,0,0,0,0,3,0,0,0,0,0,0,0,0,0,0,114,103,79,0,0,0,0,0,0,0,0,0,198,108,15,0,0,0,0,0,0,0,0,0,0,0,0,0,0,0,0,0,0,0,0,0,0,0,52,0,0,0,0,0,0,0,0,0,0,24,83,0,0,0,0,0,0,0,0,0,0,0,0,0,0,0,0,0,0,0,0,0,backward
0,0,0,0,0,0,0,0,0,0,0,0,0,46,58,0,0,0,0,0,0,0,0,0,41,108,116,0,0,0,0,0,0,0,0,0,105,95,42,0,0,0,0,0,0,0,0,0,0,0,0,0,0,0,0,0,0,0,0,0,0,0,30,0,0,0,0,0,0,0,0,0,0,0,56,0,0,0,0,0,0,0,0,0,0,0,0,0,0,0,0,0,0,0,0,0,backward
0,0,0,0,0,0,0,15,0,0,0,0,0,0,0,0,0,0,0,17,0,0,0,0,47,27,44,0,0,0,0,0,0,0,0,0,129,47,27,0,0,0,0,0,0,0,0,0,0,0,0,0,0,0,0,47,30,0,0,0,0,0,33,0,0,0,0,0,10,0,0,0,0,16,88,0,0,0,0,0,0,0,0,0,0,25,88,0,0,0,0,0,0,0,0,0,backward
0,0,0,0,0,0,0,26,0,0,0,0,0,0,0,0,0,0,0,20,0,0,0,0,41,28,41,0,0,0,0,0,0,0,0,0,120,38,21,0,0,0,0,0,0,0,0,0,0,0,0,0,0,0,0,48,36,0,0,0,0,0,35,0,0,0,0,0,12,0,0,0,0,15,86,0,0,0,0,0,0,0,0,0,0,18,84,0,0,0,0,0,0,0,0,0,backward
0,0,0,0,0,0,0,34,0,0,0,0,0,0,0,0,0,0,0,22,0,0,0,0,39,28,41,0,0,0,0,0,0,0,0,0,113,34,19,0,0,0,0,0,0,0,0,0,0,0,0,0,0,0,0,48,36,0,0,0,0,0,32,0,0,0,0,0,19,0,0,0,0,14,80,0,0,0,0,0,0,0,0,0,0,17,81,0,0,0,0,0,0,0,0,0,backward
0,0,0,0,0,0,0,37,0,0,0,0,0,0,0,0,0,0,0,21,0,0,0,0,41,29,39,0,0,0,0,0,0,0,0,0,98,27,12,0,0,0,0,0,0,0,0,0,0,0,0,0,0,0,0,48,37,0,0,0,0,0,17,0,0,0,0,0,31,0,0,0,0,11,66,0,0,0,0,0,6,0,0,0,0,15,76,0,0,0,0,0,0,0,0,0,backward
0,0,0,0,0,0,0,11,0,0,0,0,0,40,16,0,0,0,0,0,0,0,0,0,93,51,61,0,0,0,0,0,0,0,0,0,98,28,0,0,0,0,0,0,0,0,0,0,0,0,0,0,0,0,0,42,11,0,0,0,0,3,74,0,0,0,0,0,0,0,0,0,0,3,91,0,0,0,0,0,0,0,0,0,0,0,14,0,0,0,0,0,0,0,0,0,backward
0,0,0,0,0,0,0,0,0,0,0,0,119,52,21,0,0,0,0,0,0,0,0,0,155,66,56,0,0,0,0,0,0,0,0,0,75,6,0,0,0,0,0,0,0,0,0,0,0,0,0,0,0,0,0,0,0,0,0,0,0,0,0,0,0,0,0,48,0,0,0,0,0,0,15,0,0,0,0,18,0,0,0,0,54,39,56,0,0,0,0,0,0,0,0,0,backward
0,0,0,0,0,0,0,0,0,0,0,0,143,75,42,0,0,0,0,0,0,0,0,0,153,81,75,0,0,0,0,0,0,0,0,0,32,0,0,0,0,0,0,0,0,0,0,0,0,0,0,0,0,0,0,0,0,0,0,0,0,0,0,0,0,0,0,3,0,0,0,0,0,0,0,0,0,0,0,7,0,0,0,0,52,34,33,0,0,0,0,0,0,0,0,0,backward
15,18,0,0,0,0,0,0,0,0,0,0,180,98,69,0,0,0,0,0,0,0,0,0,152,85,75,0,0,0,0,0,0,0,0,0,0,0,0,0,0,0,0,0,0,0,0,0,0,0,0,0,0,0,0,0,0,0,0,0,0,0,0,0,0,0,0,0,0,0,0,0,0,0,0,0,0,0,0,0,0,0,0,0,80,39,16,0,0,0,0,0,0,0,0,0,backward
0,0,0,0,0,0,0,0,0,0,0,0,165,86,22,0,0,0,0,0,0,0,0,0,236,101,57,0,0,0,0,0,0,0,0,0,143,23,0,0,0,0,0,0,0,0,0,0,0,0,0,0,0,0,0,0,0,0,0,0,0,0,0,0,0,0,0,0,0,0,0,0,0,11,31,0,0,0,0,0,0,0,0,0,119,56,55,0,0,0,0,0,0,0,0,0,backward
0,0,0,0,0,0,0,0,0,0,0,0,151,49,0,0,0,0,0,0,0,0,0,0,294,96,21,0,0,0,0,0,0,0,0,0,174,23,0,0,0,0,0,0,0,0,0,0,0,0,0,0,0,0,0,0,0,0,0,0,0,0,0,0,0,0,0,40,0,0,0,0,7,18,71,0,0,0,0,0,0,0,0,0,93,50,60,0,0,0,0,0,0,0,0,0,backward
0,0,0,0,0,0,0,0,0,0,0,0,144,41,0,0,0,0,0,0,0,0,0,0,266,86,21,0,0,0,0,0,0,0,0,0,156,15,0,0,0,0,0,0,0,0,0,0,0,0,0,0,0,0,0,23,0,0,0,0,0,0,0,0,0,0,53,200,0,0,0,0,0,0,11,0,0,0,0,21,0,0,0,0,0,0,0,0,0,0,0,0,0,0,0,0,backward
0,0,0,0,0,0,0,0,0,0,0,0,160,67,7,0,0,0,0,0,0,0,0,0,218,91,46,0,0,0,0,0,0,0,0,0,91,10,0,0,0,0,0,0,0,0,0,0,0,0,0,0,0,0,0,0,0,0,0,0,0,7,23,0,0,0,0,31,0,0,0,0,25,25,70,0,0,0,0,0,0,0,0,0,7,0,10,0,0,0,0,0,0,0,0,0,backward
0,0,0,0,0,0,0,0,0,0,0,0,160,70,7,0,0,0,0,0,0,0,0,0,211,92,47,0,0,0,0,0,0,0,0,0,97,10,0,0,0,0,0,0,0,0,0,0,0,0,0,0,0,0,0,0,0,0,0,0,0,0,19,0,0,0,12,53,0,0,0,0,6,14,54,0,0,0,0,0,0,0,0,0,0,0,7,0,0,0,0,0,0,0,0,0,backward
0,0,0,0,0,0,0,0,0,0,0,0,170,40,0,0,0,0,0,0,0,0,0,0,251,72,0,0,0,0,0,0,0,0,0,0,127,0,0,0,0,0,0,0,0,0,0,0,0,0,0,0,0,0,0,0,0,0,0,0,5,14,34,0,0,0,0,40,0,0,0,0,0,6,56,0,0,0,0,0,0,0,0,0,0,0,0,0,0,0,0,0,0,0,0,0,backward
0,0,0,0,0,0,0,0,0,0,0,0,157,40,0,0,0,0,0,0,0,0,0,0,237,74,0,0,0,0,0,0,0,0,0,0,130,12,0,0,0,0,0,0,0,0,0,0,0,0,0,0,0,0,0,0,0,0,0,0,0,0,22,0,0,0,0,53,0,0,0,0,0,0,46,0,0,0,0,38,0,0,0,0,0,0,0,0,0,0,0,0,0,0,0,0,backward
0,0,0,0,0,0,0,0,0,0,0,0,0,13,0,0,0,0,0,0,0,0,0,0,110,52,73,0,0,0,0,0,0,0,0,0,131,93,22,0,0,0,0,0,0,0,0,0,0,0,0,0,0,0,0,0,0,0,0,0,0,28,81,0,0,0,0,0,0,0,0,0,0,28,110,0,0,0,0,0,0,0,0,0,0,0,39,0,0,0,0,0,0,0,0,0,backward
0,0,0,0,0,0,0,0,0,0,0,0,0,15,0,0,0,0,0,0,0,0,0,0,127,56,74,0,0,0,0,0,0,0,0,0,139,94,19,0,0,0,0,0,0,0,0,0,0,0,0,0,0,0,0,17,0,0,0,0,0,0,41,0,0,0,0,14,0,0,0,0,0,13,84,0,0,0,0,0,0,0,0,0,0,4,62,0,0,0,0,0,0,0,0,0,backward
0,0,0,0,0,0,0,0,0,0,0,0,100,119,64,0,0,0,0,0,0,0,0,0,210,103,100,0,0,0,0,0,0,0,0,0,83,59,0,0,0,0,0,0,0,0,0,0,0,0,0,0,0,0,0,0,0,0,0,0,0,0,38,0,0,0,0,0,0,0,0,0,0,0,86,0,0,0,0,0,0,0,0,0,0,51,94,0,0,0,0,0,0,0,0,0,backward
0,0,0,0,0,0,0,0,0,0,0,0,105,128,77,0,0,0,0,0,0,0,0,0,189,106,103,0,0,0,0,0,0,0,0,0,45,45,0,0,0,0,0,0,0,0,0,0,0,0,0,0,0,0,0,0,0,0,0,0,0,0,45,0,0,0,0,0,0,0,0,0,0,0,88,0,0,0,0,0,0,0,0,0,0,38,91,0,0,0,0,0,0,0,0,0,backward
0,0,0,0,0,0,0,0,0,0,0,0,0,9,0,0,0,0,0,0,0,0,0,0,245,73,45,0,0,0,0,0,0,0,0,0,187,92,0,0,0,0,0,0,0,0,0,0,0,0,0,0,0,0,0,0,0,0,0,0,0,22,93,0,0,0,0,0,0,0,0,0,0,30,99,0,0,0,0,0,0,0,0,0,0,0,25,0,0,0,0,0,0,0,0,0,backward
0,0,0,0,0,0,0,0,0,0,0,0,0,42,32,0,0,0,0,0,0,0,0,0,82,75,93,0,0,0,0,0,0,0,0,0,103,90,30,0,0,0,0,0,0,0,0,0,0,0,0,0,0,0,0,28,29,0,0,0,0,0,47,0,0,0,0,5,26,0,0,0,0,0,58,0,0,0,0,0,20,0,0,0,0,0,19,0,0,0,0,0,0,0,0,0,backward
0,0,0,0,0,0,0,0,0,0,0,0,0,0,0,0,0,0,0,0,0,0,0,0,0,105,117,0,0,0,0,0,0,0,0,0,172,161,112,0,0,0,0,0,0,0,0,0,0,0,0,0,0,0,0,0,0,0,0,0,0,0,0,0,0,0,0,0,42,0,0,0,0,0,65,0,0,0,0,0,0,0,0,0,0,18,70,25,0,0,0,0,0,0,0,0,backward
0,0,0,0,0,0,0,0,0,0,0,0,0,0,0,0,0,0,0,0,0,0,0,0,0,108,123,0,0,0,0,0,0,0,0,0,220,170,116,0,0,0,0,0,0,0,0,0,0,0,0,0,0,0,0,0,0,0,0,0,0,0,0,0,0,0,0,0,0,0,0,0,0,0,91,0,0,0,0,0,0,0,0,0,0,44,94,11,0,0,0,0,0,0,0,0,backward
0,0,0,0,0,0,0,0,0,0,0,0,0,74,89,0,0,0,0,0,0,0,0,0,15,127,145,0,0,0,0,0,0,0,0,0,42,113,84,0,0,0,0,0,0,0,0,0,0,0,0,0,0,0,0,0,0,0,0,0,0,0,99,0,0,0,0,0,0,0,0,0,0,28,114,21,0,0,0,0,0,0,0,0,0,24,107,0,0,0,0,0,0,0,0,0,backward
0,0,0,0,0,0,0,0,0,0,0,0,0,79,94,0,0,0,0,0,0,0,0,0,18,128,141,0,0,0,0,0,0,0,0,0,27,107,75,0,0,0,0,0,0,0,0,0,0,0,0,0,0,0,0,0,0,0,0,0,0,0,100,0,0,0,0,0,0,0,0,0,0,28,115,27,0,0,0,0,0,0,0,0,0,12,105,0,0,0,0,0,0,0,0,0,backward
0,0,0,0,0,0,0,0,0,0,0,0,0,105,109,0,0,0,0,0,0,0,0,0,7,123,140,0,0,0,0,0,0,0,0,0,0,30,34,0,0,0,0,0,0,0,0,0,0,0,0,0,0,0,0,0,4,0,0,0,0,0,95,0,0,0,0,0,0,0,0,0,0,16,114,24,0,0,0,0,0,0,0,0,0,0,85,0,0,0,0,0,0,0,0,0,backward
0,0,0,0,0,0,0,6,0,0,0,0,0,104,111,0,0,0,0,0,0,0,0,0,0,113,141,0,0,0,0,0,0,0,0,0,0,21,34,0,0,0,0,0,0,0,0,0,0,0,0,0,0,0,0,0,25,0,0,0,0,0,91,0,0,0,0,0,0,0,0,0,0,16,115,27,0,0,0,0,0,0,0,0,0,0,84,0,0,0,0,0,0,0,0,0,backward
0,0,0,0,0,0,0,48,10,0,0,0,0,0,0,0,0,0,0,12,13,0,0,0,0,37,95,0,0,0,0,0,0,0,0,0,13,81,93,0,0,0,0,0,0,0,0,0,0,0,0,0,0,0,0,0,25,0,0,0,0,0,56,0,0,0,0,0,11,0,0,0,0,4,112,34,0,0,0,0,0,0,0,0,0,8,100,20,0,0,0,0,0,0,0,0,backward
0,0,0,0,0,0,0,48,21,0,0,0,0,0,29,0,0,0,0,0,4,0,0,0,0,54,111,0,0,0,0,0,0,0,0,0,0,54,101,0,0,0,0,0,0,0,0,0,0,0,0,0,0,0,0,0,59,0,0,0,0,0,46,0,0,0,0,0,25,0,0,0,0,0,88,23,0,0,0,0,0,0,0,0,0,4,103,35,0,0,0,0,0,0,0,0,backward
0,0,0,0,0,0,0,50,18,0,0,0,0,0,33,0,0,0,0,0,0,0,0,0,0,67,116,0,0,0,0,0,0,0,0,0,0,68,96,0,0,0,0,0,0,0,0,0,0,0,0,0,0,0,0,0,23,0,0,0,0,0,21,0,0,0,0,0,23,0,0,0,0,0,75,8,0,0,0,0,0,0,0,0,0,11,91,30,0,0,0,0,0,0,0,0,backward
0,0,0,0,0,0,0,50,21,0,0,0,0,0,33,0,0,0,0,0,3,0,0,0,0,69,115,0,0,0,0,0,0,0,0,0,0,67,96,0,0,0,0,0,0,0,0,0,0,0,0,0,0,0,0,0,24,0,0,0,0,0,21,0,0,0,0,0,24,0,0,0,0,0,73,4,0,0,0,0,0,0,0,0,0,9,82,28,0,0,0,0,0,0,0,0,backward
0,0,0,0,0,0,0,53,18,0,0,0,0,0,32,0,0,0,0,0,4,0,0,0,0,66,113,0,0,0,0,0,0,0,0,0,0,58,96,0,0,0,0,0,0,0,0,0,0,0,0,0,0,0,0,0,18,0,0,0,0,0,19,0,0,0,0,0,24,0,0,0,0,0,73,3,0,0,0,0,0,0,0,0,0,10,82,27,0,0,0,0,0,0,0,0,backward
0,0,0,0,0,0,0,40,17,0,0,0,0,0,15,0,0,0,0,0,8,0,0,0,0,57,103,0,0,0,0,0,8,0,0,0,0,68,95,0,0,0,0,0,0,0,0,0,0,0,0,0,0,0,0,0,18,0,0,0,0,0,14,0,0,0,0,0,24,0,0,0,0,0,73,3,0,0,0,0,0,0,0,0,0,13,82,28,0,0,0,0,0,0,0,0,backward
0,0,0,0,0,0,0,22,13,0,0,0,0,0,0,0,0,0,0,0,13,0,0,0,0,47,98,0,0,0,0,0,22,0,0,0,0,61,89,0,0,0,0,0,12,0,0,0,0,0,0,0,0,0,0,0,24,0,0,0,0,0,16,0,0,0,0,0,23,0,0,0,0,0,79,9,0,0,0,0,0,0,0,0,0,14,87,30,0,0,0,0,0,0,0,0,backward
0,0,0,0,0,0,0,0,0,0,0,0,0,0,0,0,0,0,0,0,13,0,0,0,0,52,97,0,0,0,0,0,27,0,0,0,8,74,87,0,0,0,0,0,20,0,0,0,0,0,0,0,0,0,0,0,26,0,0,0,0,0,12,0,0,0,0,0,25,0,0,0,0,0,80,12,0,0,0,0,0,0,0,0,0,17,83,30,0,0,0,0,0,0,0,0,backward
0,0,0,0,0,0,0,0,0,0,0,0,0,0,0,0,0,0,0,0,0,9,0,0,0,0,122,119,14,0,0,0,0,0,0,0,0,0,152,124,22,0,0,0,0,0,0,0,0,0,0,0,0,0,0,0,0,60,0,0,0,0,0,15,0,0,0,0,0,29,0,0,0,0,78,78,6,0,0,0,0,0,0,0,0,0,75,107,5,0,0,0,0,0,0,0,backward
0,0,0,0,0,0,0,0,0,0,0,0,0,0,0,0,0,0,0,0,0,10,0,0,0,0,116,117,13,0,0,0,0,0,0,0,0,0,153,127,22,0,0,0,0,0,0,0,0,0,0,0,0,0,0,0,0,61,0,0,0,0,0,15,0,0,0,0,0,31,0,0,0,0,79,79,6,0,0,0,0,0,0,0,0,0,74,107,5,0,0,0,0,0,0,0,backward
0,0,0,0,0,0,0,0,0,0,0,0,0,0,0,0,0,0,0,0,0,12,0,0,0,0,107,107,6,0,0,0,0,0,0,0,0,0,139,122,23,0,0,0,0,0,0,0,0,0,0,0,0,0,0,0,0,57,0,0,0,0,0,16,0,0,0,0,0,31,0,0,0,0,79,78,6,0,0,0,0,0,0,0,0,0,76,105,5,0,0,0,0,0,0,0,backward
0,0,0,0,0,0,0,0,0,26,0,0,0,0,0,37,0,0,0,0,0,12,0,0,0,0,149,113,25,0,0,0,0,0,0,0,0,0,86,101,0,0,0,0,0,0,0,0,0,0,0,0,0,0,0,0,0,71,0,0,0,0,71,51,0,0,0,0,0,27,0,0,0,0,61,80,0,0,0,0,0,0,0,0,0,0,0,11,0,0,0,0,0,0,0,0,backward
0,0,0,0,0,0,0,0,0,15,0,0,0,0,0,10,0,0,0,0,0,21,0,0,0,0,98,83,12,0,0,0,0,6,0,0,0,0,82,86,0,0,0,0,0,0,0,0,0,0,0,0,0,0,0,0,0,63,0,0,0,0,65,50,0,0,0,0,0,27,0,0,0,0,58,72,0,0,0,0,0,0,0,0,0,0,0,15,0,0,0,0,0,0,0,0,backward
0,0,0,0,0,0,0,0,0,4,0,0,0,0,0,0,0,0,0,0,0,26,0,0,0,0,78,74,0,0,0,0,0,10,0,0,0,0,82,81,0,0,0,0,0,0,0,0,0,0,0,0,0,0,0,0,0,58,0,0,0,0,53,47,0,0,0,0,0,25,0,0,0,0,58,63,0,0,0,0,0,0,0,0,0,0,0,31,0,0,0,0,0,0,0,0,backward
0,0,0,0,0,0,0,0,0,5,0,0,0,0,0,0,0,0,0,0,0,29,0,0,0,0,71,73,0,0,0,0,0,8,0,0,0,0,83,87,0,0,0,0,0,0,0,0,0,0,0,0,0,0,0,0,0,66,4,0,0,0,33,41,0,0,0,0,0,31,0,0,0,0,49,54,0,0,0,0,0,4,0,0,0,0,0,26,0,0,0,0,0,0,0,0,backward
0,0,0,0,0,0,0,0,0,4,0,0,0,0,0,0,0,0,0,0,0,22,0,0,0,0,88,84,3,0,0,0,0,3,0,0,0,0,94,96,0,0,0,0,0,0,0,0,0,0,0,0,0,0,0,0,0,77,15,0,0,0,0,26,0,0,0,0,0,42,7,0,0,0,32,44,0,0,0,0,0,15,0,0,0,0,0,13,0,0,0,0,0,0,0,0,backward
0,0,0,0,0,0,0,0,0,11,0,0,0,0,0,6,0,0,0,0,0,20,0,0,0,0,108,98,15,0,0,0,0,0,0,0,0,0,102,104,0,0,0,0,0,0,0,0,0,0,0,0,0,0,0,0,0,79,16,0,0,0,0,12,0,0,0,0,0,44,7,0,0,0,8,45,0,0,0,0,0,28,0,0,0,0,0,0,0,0,0,0,0,0,0,0,backward
0,0,0,0,0,0,0,0,0,0,0,0,0,0,0,14,0,0,0,0,0,13,0,0,0,0,115,96,5,0,0,0,0,4,0,0,0,0,109,107,6,0,0,0,0,0,0,0,0,0,0,0,0,0,0,0,0,46,0,0,0,0,0,0,0,0,0,0,0,20,0,0,0,0,81,76,0,0,0,0,0,0,0,0,0,0,90,112,22,0,0,0,0,0,0,0,backward
0,0,0,0,0,0,0,0,0,0,0,0,0,0,0,0,0,0,0,0,0,12,0,0,0,0,74,76,0,0,0,0,0,9,0,0,0,0,101,98,0,0,0,0,0,5,0,0,0,0,0,0,0,0,0,0,0,34,0,0,0,0,0,0,0,0,0,0,0,20,0,0,0,0,82,81,0,0,0,0,0,0,0,0,0,0,106,130,30,0,0,0,0,0,0,0,backward
0,0,0,0,0,0,0,0,0,0,0,0,0,0,0,0,0,0,0,0,0,12,0,0,0,0,74,76,0,0,0,0,0,10,0,0,0,0,104,97,0,0,0,0,0,4,0,0,0,0,0,0,0,0,0,0,0,34,0,0,0,0,0,0,0,0,0,0,0,18,0,0,0,0,81,81,0,0,0,0,0,0,0,0,0,0,112,128,32,0,0,0,0,0,0,0,backward
0,0,0,0,0,0,0,0,0,0,0,0,0,0,0,27,0,0,0,0,0,12,0,0,0,0,116,94,14,0,0,0,0,0,0,0,0,0,103,108,6,0,0,0,0,0,0,0,0,0,0,0,0,0,0,0,0,65,0,0,0,0,0,0,0,0,0,0,0,18,0,0,0,0,94,81,8,0,0,0,0,0,0,0,0,0,97,122,26,0,0,0,0,0,0,0,backward
0,0,0,0,0,0,0,0,0,15,0,0,0,0,5,40,0,0,0,0,0,7,0,0,0,0,133,104,26,0,0,0,0,0,0,0,0,0,95,114,0,0,0,0,0,0,0,0,0,0,0,0,0,0,0,0,0,73,0,0,0,0,9,0,0,0,0,0,0,16,0,0,0,0,97,78,11,0,0,0,0,0,0,0,0,0,82,105,15,0,0,0,0,0,0,0,backward
0,0,0,0,0,0,0,0,0,29,0,0,0,0,0,40,0,0,0,0,0,7,0,0,0,0,134,105,27,0,0,0,0,0,0,0,0,0,90,112,0,0,0,0,0,0,0,0,0,0,0,0,0,0,0,0,0,72,0,0,0,0,8,0,0,0,0,0,0,15,0,0,0,0,97,79,12,0,0,0,0,0,0,0,0,0,84,106,15,0,0,0,0,0,0,0,backward
0,0,0,0,0,0,0,0,0,27,0,0,0,0,0,32,0,0,0,0,0,11,0,0,0,0,126,96,25,0,0,0,0,0,0,0,0,0,98,112,0,0,0,0,0,0,0,0,0,0,0,0,0,0,0,0,0,71,3,0,0,0,6,0,0,0,0,0,0,14,0,0,0,0,96,79,11,0,0,0,0,0,0,0,0,0,82,107,14,0,0,0,0,0,0,0,backward
0,0,0,0,0,0,0,0,0,17,0,0,0,0,0,27,0,0,0,0,0,13,0,0,0,0,122,98,24,0,0,0,0,0,0,0,0,0,97,108,0,0,0,0,0,0,0,0,0,0,0,0,0,0,0,0,0,68,4,0,0,0,0,0,0,0,0,0,0,18,0,0,0,0,89,74,10,0,0,0,0,0,0,0,0,0,76,104,13,0,0,0,0,0,0,0,backward
0,0,0,0,0,0,0,0,0,36,0,0,0,0,63,88,6,0,0,0,0,9,0,0,0,0,120,86,11,0,0,0,0,0,0,0,0,0,24,66,0,0,0,0,0,0,0,0,0,0,0,0,0,0,0,0,0,91,13,0,0,0,32,38,0,0,0,0,0,24,0,0,0,0,82,77,7,0,0,0,0,0,0,0,0,0,23,68,0,0,0,0,0,0,0,0,backward
0,0,0,0,0,0,0,0,0,27,0,0,0,0,96,106,16,0,0,0,0,3,0,0,0,0,141,109,20,0,0,0,0,0,0,0,0,0,27,58,0,0,0,0,0,0,0,0,0,0,0,0,0,0,0,0,0,84,8,0,0,0,41,43,0,0,0,0,0,16,0,0,0,0,92,90,12,0,0,0,0,0,0,0,0,0,29,73,0,0,0,0,0,0,0,0,backward
0,0,0,0,0,0,0,0,0,28,0,0,0,0,88,102,10,0,0,0,0,6,0,0,0,0,129,102,18,0,0,0,0,0,0,0,0,0,35,64,0,0,0,0,0,0,0,0,0,0,0,0,0,0,0,0,0,72,4,0,0,0,36,43,0,0,0,0,0,20,0,0,0,0,90,84,10,0,0,0,0,0,0,0,0,0,35,79,0,0,0,0,0,0,0,0,backward
0,0,0,0,0,0,0,0,0,25,0,0,0,0,77,98,0,0,0,0,0,8,0,0,0,0,131,95,18,0,0,0,0,0,0,0,0,0,55,77,0,0,0,0,0,0,0,0,0,0,0,0,0,0,0,0,0,69,5,0,0,0,25,39,0,0,0,0,0,22,0,0,0,0,86,79,7,0,0,0,0,0,0,0,0,0,37,76,0,0,0,0,0,0,0,0,backward
0,0,0,0,0,0,0,0,0,25,0,0,0,0,78,101,0,0,0,0,0,8,0,0,0,0,135,97,18,0,0,0,0,0,0,0,0,0,62,78,0,0,0,0,0,0,0,0,0,0,0,0,0,0,0,0,0,70,6,0,0,0,24,39,0,0,0,0,0,22,0,0,0,0,84,79,7,0,0,0,0,0,0,0,0,0,43,78,0,0,0,0,0,0,0,0,backward
0,0,0,0,0,0,0,0,0,12,0,0,0,0,84,108,0,0,0,0,0,0,0,0,0,0,148,108,23,0,0,0,0,0,0,0,0,0,73,84,0,0,0,0,0,0,0,0,0,0,0,0,0,0,0,0,0,59,0,0,0,0,47,46,0,0,0,0,0,10,0,0,0,0,106,96,17,0,0,0,0,0,0,0,0,0,51,86,0,0,0,0,0,0,0,0,backward
0,0,0,0,0,0,0,0,0,0,0,0,0,0,120,135,0,0,0,0,0,0,0,0,0,0,167,118,11,0,0,0,0,0,0,0,0,0,82,76,0,0,0,0,0,0,0,0,0,0,0,0,0,0,0,0,0,48,0,0,0,0,70,62,0,0,0,0,0,0,0,0,0,0,115,106,18,0,0,0,0,0,0,0,0,0,49,85,0,0,0,0,0,0,0,0,backward
0,0,0,0,0,0,0,0,0,0,0,0,0,0,109,124,0,0,0,0,0,0,0,0,0,0,165,119,17,0,0,0,0,0,0,0,0,0,81,80,0,0,0,0,0,0,0,0,0,0,0,0,0,0,0,0,0,42,0,0,0,0,61,56,0,0,0,0,0,0,0,0,0,0,116,105,19,0,0,0,0,0,0,0,0,0,62,89,0,0,0,0,0,0,0,0,backward
0,0,0,0,0,0,0,0,0,0,0,0,0,0,85,101,0,0,0,0,0,0,0,0,0,0,164,119,12,0,0,0,0,0,0,0,0,0,105,96,0,0,0,0,0,0,0,0,0,0,0,0,0,0,0,0,0,34,0,0,0,0,46,52,0,0,0,0,0,0,0,0,0,0,115,100,16,0,0,0,0,0,0,0,0,0,76,97,0,0,0,0,0,0,0,0,backward
0,0,0,0,0,0,0,0,0,0,0,0,0,0,123,95,0,0,0,0,0,0,0,0,0,0,196,125,0,0,0,0,0,0,0,0,0,0,128,74,0,0,0,0,0,0,0,0,0,0,0,0,0,0,0,0,0,4,0,0,0,0,77,65,0,0,0,0,0,0,0,0,0,0,124,99,0,0,0,0,0,0,0,0,0,0,76,94,0,0,0,0,0,0,0,0,backward
0,0,0,0,0,0,0,0,0,0,0,0,0,0,144,115,0,0,0,0,0,0,0,0,0,0,203,125,0,0,0,0,0,0,0,0,0,0,134,70,0,0,0,0,0,0,0,0,0,0,0,0,0,0,0,0,0,0,0,0,0,0,111,82,0,0,0,0,0,0,0,0,0,0,133,106,0,0,0,0,0,0,0,0,0,0,97,91,0,0,0,0,0,0,0,0,backward
0,0,0,0,0,0,0,0,0,0,0,0,0,0,139,122,0,0,0,0,0,0,0,0,0,0,202,128,0,0,0,0,0,0,0,0,0,0,124,71,0,0,0,0,0,0,0,0,0,0,0,0,0,0,0,0,0,0,0,0,0,0,100,85,0,0,0,0,0,0,0,0,0,0,129,104,0,0,0,0,0,0,0,0,0,0,89,92,0,0,0,0,0,0,0,0,backward
0,0,0,0,0,0,0,0,0,0,0,0,0,0,95,112,0,0,0,0,0,0,0,0,0,0,159,119,21,0,0,0,0,0,0,0,0,0,87,98,0,0,0,0,0,0,0,0,0,0,0,0,0,0,0,0,0,48,0,0,0,0,75,73,0,0,0,0,0,0,0,0,0,0,115,101,15,0,0,0,0,0,0,0,0,0,66,94,0,0,0,0,0,0,0,0,backward
0,0,0,0,0,0,0,0,0,10,0,0,0,0,87,110,0,0,0,0,0,0,0,0,0,0,147,112,19,0,0,0,0,0,0,0,0,0,82,96,0,0,0,0,0,0,0,0,0,0,0,0,0,0,0,0,0,51,0,0,0,0,77,71,0,0,0,0,0,0,0,0,0,0,113,103,12,0,0,0,0,0,0,0,0,0,60,90,0,0,0,0,0,0,0,0,backward
0,0,0,0,0,0,0,0,0,10,0,0,0,0,88,108,0,0,0,0,0,0,0,0,0,0,152,113,20,0,0,0,0,0,0,0,0,0,85,92,0,0,0,0,0,0,0,0,0,0,0,0,0,0,0,0,0,50,0,0,0,0,78,75,0,0,0,0,0,0,0,0,0,0,114,104,12,0,0,0,0,0,0,0,0,0,61,91,0,0,0,0,0,0,0,0,backward
0,0,0,0,0,0,0,0,0,0,0,0,0,0,115,127,0,0,0,0,0,0,0,0,0,0,178,131,18,0,0,0,0,0,0,0,0,0,94,90,0,0,0,0,0,0,0,0,0,0,0,0,0,0,0,0,0,48,0,0,0,0,79,75,0,0,0,0,0,0,0,0,0,0,110,105,12,0,0,0,0,0,0,0,0,0,64,93,0,0,0,0,0,0,0,0,backward
0,0,0,0,0,0,0,0,0,0,0,0,0,0,140,135,0,0,0,0,0,0,0,0,0,0,186,128,12,0,0,0,0,0,0,0,0,0,103,86,0,0,0,0,0,0,0,0,0,0,0,0,0,0,0,0,0,36,0,0,0,0,89,79,0,0,0,0,0,0,0,0,0,0,118,104,9,0,0,0,0,0,0,0,0,0,69,94,0,0,0,0,0,0,0,0,backward
0,0,0,0,0,0,0,0,0,0,0,0,0,0,148,141,0,0,0,0,0,0,0,0,0,0,198,139,15,0,0,0,0,0,0,0,0,0,87,84,0,0,0,0,0,0,0,0,0,0,0,0,0,0,0,0,0,0,0,0,0,0,108,82,0,0,0,0,0,0,0,0,0,0,122,105,0,0,0,0,0,0,0,0,0,0,84,95,0,0,0,0,0,0,0,0,backward
0,0,0,0,0,0,0,0,0,0,0,0,0,0,165,157,36,0,0,0,0,0,0,0,0,0,201,147,14,0,0,0,0,0,0,0,0,0,58,65,0,0,0,0,0,0,0,0,0,0,0,0,0,0,0,0,0,0,0,0,0,0,119,93,0,0,0,0,0,0,0,0,0,0,126,107,0,0,0,0,0,0,0,0,0,0,63,85,0,0,0,0,0,0,0,0,backward
0,0,0,0,0,0,0,0,0,0,0,0,0,0,169,158,36,0,0,0,0,0,0,0,0,0,204,149,15,0,0,0,0,0,0,0,0,0,56,62,0,0,0,0,0,0,0,0,0,0,0,0,0,0,0,0,0,3,0,0,0,0,119,94,0,0,0,0,0,0,0,0,0,0,126,106,0,0,0,0,0,0,0,0,0,0,59,84,0,0,0,0,0,0,0,0,backward
0,0,0,0,0,0,0,0,0,0,0,0,0,0,169,162,44,0,0,0,0,0,0,0,0,0,212,159,26,0,0,0,0,0,0,0,0,0,53,76,0,0,0,0,0,0,0,0,0,0,0,0,0,0,0,0,0,18,0,0,0,0,116,95,0,0,0,0,0,0,0,0,0,0,123,99,0,0,0,0,0,0,0,0,0,0,56,87,0,0,0,0,0,0,0,0,backward
0,0,0,0,0,0,0,0,0,0,0,0,0,0,161,161,32,0,0,0,0,0,0,0,0,0,205,154,26,0,0,0,0,0,0,0,0,0,65,80,0,0,0,0,0,0,0,0,0,0,0,0,0,0,0,0,0,44,0,0,0,0,88,82,0,0,0,0,0,0,0,0,0,0,112,92,11,0,0,0,0,0,0,0,0,0,56,91,0,0,0,0,0,0,0,0,backward
0,0,0,0,0,0,0,0,0,19,0,0,0,0,61,99,16,0,0,0,0,8,0,0,0,0,128,102,21,0,0,0,0,0,0,0,0,0,47,90,0,0,0,0,0,0,0,0,0,0,0,0,0,0,0,0,4,62,0,0,0,0,35,43,0,0,0,0,0,19,0,0,0,0,75,77,4,0,0,0,0,0,0,0,0,0,47,97,0,0,0,0,0,0,0,0,backward
0,0,0,0,0,0,0,0,0,22,0,0,0,0,61,101,18,0,0,0,0,7,0,0,0,0,126,100,21,0,0,0,0,0,0,0,0,0,45,89,0,0,0,0,0,0,0,0,0,0,0,0,0,0,0,0,6,63,4,0,0,0,37,44,0,0,0,0,0,19,0,0,0,0,78,75,4,0,0,0,0,0,0,0,0,0,44,95,0,0,0,0,0,0,0,0,backward
0,0,0,0,0,0,0,39,4,0,0,0,0,5,7,0,0,0,0,10,8,0,0,0,0,7,41,0,0,0,0,0,13,0,0,0,0,0,14,0,0,0,0,0,0,0,0,0,0,0,0,0,0,0,0,30,0,0,0,0,0,0,0,0,0,0,0,33,0,0,0,0,0,0,37,0,0,0,0,0,0,0,0,0,0,0,15,0,0,0,0,0,0,0,0,0,backward
0,0,0,0,0,0,0,0,0,0,0,0,0,16,98,0,0,0,0,0,0,0,0,0,0,77,159,15,0,0,0,0,0,0,0,0,0,53,126,0,0,0,0,0,0,0,0,0,0,0,0,0,0,0,0,0,0,0,0,0,0,0,66,0,0,0,0,0,0,0,0,0,0,8,129,50,0,0,0,0,0,0,0,0,0,23,139,47,0,0,0,0,0,0,0,0,backward
0,0,0,0,0,0,0,0,0,0,0,0,0,24,118,17,0,0,0,0,0,0,0,0,0,94,177,32,0,0,0,0,0,0,0,0,0,43,138,0,0,0,0,0,0,0,0,0,0,0,0,0,0,0,0,0,0,0,0,0,0,0,61,0,0,0,0,0,0,0,0,0,0,0,126,54,0,0,0,0,0,0,0,0,0,10,132,58,0,0,0,0,0,0,0,0,backward
0,0,0,0,0,0,0,25,35,0,0,0,0,0,49,0,0,0,0,0,3,0,0,0,0,20,110,17,0,0,0,0,0,0,0,0,0,0,104,0,0,0,0,0,0,0,0,0,0,0,0,0,0,0,0,0,48,33,0,0,0,0,7,0,0,0,0,0,0,21,0,0,0,0,83,33,0,0,0,0,0,3,0,0,0,0,92,50,0,0,0,0,0,0,0,0,backward
0,0,0,0,0,0,0,15,35,0,0,0,0,0,42,0,0,0,0,0,8,0,0,0,0,15,107,15,0,0,0,0,0,0,0,0,0,11,111,3,0,0,0,0,0,0,0,0,0,0,0,0,0,0,0,0,55,37,0,0,0,0,18,0,0,0,0,0,0,18,0,0,0,0,85,38,0,0,0,0,0,0,0,0,0,0,102,55,0,0,0,0,0,0,0,0,backward
0,0,0,0,0,0,0,0,21,0,0,0,0,0,50,0,0,0,0,0,15,0,0,0,0,26,121,19,0,0,0,0,0,0,0,0,0,0,109,0,0,0,0,0,0,0,0,0,0,0,0,0,0,0,0,0,54,28,0,0,0,0,39,0,0,0,0,0,0,0,0,0,0,0,103,54,0,0,0,0,0,0,0,0,0,0,120,70,0,0,0,0,0,0,0,0,backward
0,0,0,0,0,0,0,0,21,0,0,0,0,0,49,0,0,0,0,0,15,0,0,0,0,26,120,18,0,0,0,0,0,0,0,0,0,0,108,0,0,0,0,0,0,0,0,0,0,0,0,0,0,0,0,0,54,28,0,0,0,0,39,0,0,0,0,0,0,0,0,0,0,0,102,54,0,0,0,0,0,0,0,0,0,0,121,71,0,0,0,0,0,0,0,0,backward
0,0,0,0,0,0,0,0,21,0,0,0,0,0,50,0,0,0,0,0,15,0,0,0,0,26,121,18,0,0,0,0,0,0,0,0,0,0,108,0,0,0,0,0,0,0,0,0,0,0,0,0,0,0,0,0,54,27,0,0,0,0,38,0,0,0,0,0,0,0,0,0,0,0,101,52,0,0,0,0,0,0,0,0,0,0,118,70,0,0,0,0,0,0,0,0,backward
0,0,0,0,0,0,0,0,16,0,0,0,0,18,42,30,0,0,0,16,17,0,0,0,0,0,85,0,0,0,0,0,0,0,0,0,0,0,0,0,0,0,0,0,0,0,0,0,0,0,0,0,0,0,0,0,0,0,0,0,0,0,0,0,0,0,0,0,0,0,0,0,0,0,45,0,0,0,0,0,0,57,0,0,0,0,75,41,0,0,0,0,0,21,0,0,strafe_left
0,0,0,0,0,0,0,4,23,0,0,0,0,0,17,5,0,0,0,20,25,0,0,0,0,0,67,0,0,0,0,0,0,0,0,0,0,0,0,0,0,0,0,0,0,0,0,0,0,0,0,0,0,0,0,0,0,0,0,0,0,0,0,0,0,0,0,0,0,17,0,0,0,0,48,0,0,0,0,0,0,61,0,0,0,0,78,40,0,0,0,0,0,17,0,0,strafe_left
0,0,0,0,0,0,0,0,10,0,0,0,0,36,48,29,0,0,0,8,9,0,0,0,0,0,90,0,0,0,0,0,0,0,0,0,0,0,0,0,0,0,0,0,0,0,0,0,0,0,0,0,0,0,0,0,0,0,0,0,0,0,0,0,0,0,0,0,0,15,0,0,0,0,51,0,0,0,0,0,0,56,0,0,0,0,76,42,0,0,0,0,0,11,0,0,strafe_left
0,0,11,0,0,0,0,0,10,0,0,0,0,71,72,40,0,0,0,6,0,0,0,0,0,0,103,0,0,0,0,0,0,0,0,0,0,0,0,0,0,0,0,0,0,0,0,0,0,0,0,0,0,0,0,0,0,0,0,0,0,0,0,0,0,0,0,0,0,12,0,0,0,0,53,0,0,0,0,0,0,54,0,0,0,0,80,42,0,0,0,0,0,10,0,0,strafe_left
0,0,33,0,0,0,0,0,0,0,0,0,0,105,97,46,0,0,0,3,0,0,0,0,0,4,110,0,0,0,0,0,0,0,0,0,0,0,0,0,0,0,0,0,0,0,0,0,0,0,0,0,0,0,0,0,0,0,0,0,0,0,0,0,0,0,0,0,0,9,0,0,0,0,53,0,0,0,0,0,0,53,0,0,0,0,80,42,0,0,0,0,0,13,0,0,strafe_left
0,0,24,0,0,0,0,0,0,0,0,0,0,98,94,45,0,0,0,3,0,0,0,0,0,5,114,0,0,0,0,0,0,0,0,0,0,0,0,0,0,0,0,0,0,0,0,0,0,0,0,0,0,0,0,0,0,0,0,0,0,0,0,0,0,0,0,0,0,9,0,0,0,0,53,0,0,0,0,0,0,53,0,0,0,0,80,42,0,0,0,0,0,13,0,0,strafe_left
0,0,12,0,0,0,0,0,0,0,0,0,0,71,78,43,0,0,0,11,24,0,0,0,0,0,101,0,0,0,0,0,0,0,0,0,0,0,0,0,0,0,0,0,0,0,0,0,0,0,0,0,0,0,0,0,0,0,0,0,0,0,0,0,0,0,0,0,0,0,0,0,0,0,53,0,0,0,0,0,0,51,0,0,0,0,96,48,0,0,0,0,0,35,0,0,strafe_left
0,0,13,0,0,0,0,0,0,0,0,0,0,65,77,44,0,0,0,12,29,0,0,0,0,0,95,4,0,0,0,0,0,0,0,0,0,0,4,0,0,0,0,0,0,0,0,0,0,0,0,0,0,0,0,0,0,0,0,0,0,0,0,0,0,0,0,0,0,0,0,0,0,0,63,0,0,0,0,0,0,39,0,0,0,0,102,59,0,0,0,0,0,17,0,0,strafe_left
0,0,0,0,0,0,0,0,0,0,0,0,0,0,18,7,0,0,0,26,55,0,0,0,0,0,58,0,0,0,0,0,0,0,0,0,0,0,0,0,0,0,0,0,0,0,0,0,0,0,0,0,0,0,0,0,0,0,0,0,0,0,0,0,0,0,0,0,0,0,0,0,0,0,68,0,0,0,0,0,0,48,0,0,0,0,94,53,0,0,0,0,0,12,0,0,strafe_left
0,0,0,0,0,0,0,0,14,0,0,0,0,0,5,0,0,0,0,29,75,0,0,0,0,0,44,0,0,0,0,0,0,0,0,0,0,0,0,0,0,0,0,0,0,0,0,0,0,0,0,0,0,0,0,0,0,0,0,0,0,0,0,0,0,0,0,0,0,0,0,0,0,0,68,0,0,0,0,0,0,48,0,0,0,0,94,53,0,0,0,0,0,12,0,0,strafe_left
0,0,0,0,0,0,0,0,17,0,0,0,0,0,16,3,0,0,0,28,58,0,0,0,0,0,58,0,0,0,0,0,0,0,0,0,0,0,0,0,0,0,0,0,0,0,0,0,0,0,0,0,0,0,0,0,0,0,0,0,0,0,0,0,0,0,0,0,0,0,0,0,0,0,68,0,0,0,0,0,0,48,0,0,0,0,94,53,0,0,0,0,0,12,0,0,strafe_left
0,0,0,0,0,0,0,0,4,0,0,0,0,33,58,36,0,0,0,10,16,0,0,0,0,0,98,7,0,0,0,0,0,0,0,0,0,0,0,0,0,0,0,0,0,0,0,0,0,0,0,0,0,0,0,0,0,0,0,0,0,0,0,0,0,0,0,0,0,0,0,0,0,0,68,0,0,0,0,0,0,48,0,0,0,0,94,53,0,0,0,0,0,12,0,0,strafe_left
0,0,0,0,0,0,0,0,0,0,0,0,0,0,0,0,0,0,0,0,18,0,0,0,0,0,58,0,0,0,0,0,26,14,0,0,0,7,55,0,0,0,0,0,58,31,0,0,0,0,0,0,0,0,0,31,114,6,0,0,0,0,77,24,0,0,0,0,0,0,0,0,0,0,96,27,0,0,0,0,0,0,0,0,0,0,44,0,0,0,0,0,0,0,0,0,strafe_right
0,0,0,0,0,0,0,0,0,0,0,0,0,0,0,0,0,0,0,0,20,0,0,0,0,0,64,0,0,0,0,0,27,17,0,0,0,0,50,0,0,0,0,0,64,37,0,0,0,0,0,0,0,0,0,30,117,16,0,0,0,0,85,31,0,0,0,0,0,0,0,0,0,0,102,32,0,0,0,0,0,0,0,0,0,0,45,0,0,0,0,0,0,0,0,0,strafe_right
0,0,0,0,0,0,0,0,0,0,0,0,0,0,0,0,0,0,0,0,0,0,0,0,0,0,20,0,0,0,0,0,0,3,0,0,0,37,54,0,0,0,0,0,43,23,0,0,0,0,0,0,0,0,0,12,97,0,0,0,0,0,89,24,0,0,0,0,0,0,0,0,0,0,95,7,0,0,0,0,0,0,0,0,0,0,0,0,0,0,0,0,0,0,0,0,strafe_right
0,0,0,0,0,0,0,0,0,0,0,0,0,0,0,0,0,0,0,0,0,0,0,0,0,0,21,0,0,0,0,0,5,6,0,0,0,33,52,0,0,0,0,0,44,25,0,0,0,0,0,0,0,0,0,13,97,0,0,0,0,0,89,24,0,0,0,0,0,0,0,0,0,0,93,11,0,0,0,0,0,0,0,0,0,0,0,0,0,0,0,0,0,0,0,0,strafe_right
0,0,0,0,0,0,0,0,0,0,0,0,0,0,0,0,0,0,0,0,0,0,0,0,0,0,19,0,0,0,0,0,28,22,0,0,0,0,21,0,0,0,0,0,42,31,0,15,0,0,0,0,0,0,0,23,100,27,0,0,0,0,77,15,0,0,0,0,0,0,0,0,0,0,89,17,0,0,0,0,0,0,0,0,0,0,0,0,0,0,0,0,0,0,0,0,strafe_right
0,0,0,0,0,0,0,0,0,0,0,0,0,0,0,0,0,0,0,0,15,0,0,0,0,0,0,0,0,0,0,0,60,55,0,0,0,0,0,0,0,0,0,0,59,58,0,19,0,0,0,0,0,0,0,25,133,50,0,0,0,0,62,5,0,0,0,0,0,0,0,0,0,0,74,9,0,0,0,0,0,0,0,0,0,0,0,0,0,0,0,0,0,0,0,0,strafe_right
0,0,0,0,0,0,0,0,0,0,0,0,0,0,0,0,0,0,0,0,16,0,0,0,0,0,4,0,0,0,0,0,50,41,0,0,0,0,11,0,0,0,0,0,48,41,0,0,0,0,0,0,0,0,0,22,122,43,0,0,0,0,64,7,0,0,0,0,0,0,0,0,0,0,86,17,0,0,0,0,0,0,0,0,0,0,0,0,0,0,0,0,0,0,0,0,strafe_right
0,0,0,0,0,0,0,0,0,0,0,0,0,0,0,0,0,0,0,0,10,0,0,0,0,0,27,0,0,0,0,0,29,19,0,0,0,4,41,0,0,0,0,0,31,16,0,0,0,0,0,0,0,0,0,20,116,39,0,0,0,0,65,11,0,0,0,0,0,0,0,0,0,0,90,20,0,0,0,0,0,0,0,0,0,0,0,0,0,0,0,0,0,0,0,0,strafe_right
0,0,0,0,0,0,0,0,0,0,0,0,0,0,0,0,0,0,0,0,0,0,0,0,0,0,27,0,0,0,0,0,0,0,0,0,0,43,66,0,0,0,0,0,18,7,0,0,0,0,0,0,0,0,0,13,86,13,0,0,0,0,66,14,0,0,0,0,0,0,0,0,0,0,98,27,0,0,0,0,0,0,0,0,0,0,0,0,0,0,0,0,0,0,0,0,strafe_right
0,0,0,0,0,0,0,0,0,0,0,0,0,0,0,0,0,0,0,0,0,0,0,0,0,0,23,0,0,0,0,0,5,8,0,0,0,18,51,0,0,0,0,0,24,14,0,0,0,0,0,0,0,0,0,14,89,15,0,0,0,0,69,14,0,0,0,0,0,0,0,0,0,0,96,30,0,0,0,0,0,0,0,0,0,0,0,0,0,0,0,0,0,0,0,0,strafe_right
0,0,0,0,0,0,0,0,0,0,0,0,0,0,0,0,0,0,0,0,0,0,0,0,0,0,22,0,0,0,0,0,16,12,0,0,0,0,42,0,0,0,0,0,27,17,0,17,0,0,0,0,0,0,0,15,89,17,0,0,0,0,68,13,0,0,0,0,0,0,0,0,0,0,97,28,0,0,0,0,0,0,0,0,0,0,0,0,0,0,0,0,0,0,0,0,strafe_right
0,0,0,0,0,0,0,0,0,0,0,0,0,0,0,0,0,0,0,0,0,0,0,0,0,0,25,0,0,0,0,0,4,8,0,0,0,27,58,0,0,0,0,0,21,10,0,3,0,0,0,0,0,0,0,12,86,16,0,0,0,0,70,12,0,0,0,0,0,0,0,0,0,0,97,30,0,0,0,0,0,0,0,0,0,0,0,0,0,0,0,0,0,0,0,0,strafe_right
0,0,0,0,0,0,0,0,0,0,0,0,0,0,0,0,0,0,0,0,0,0,0,0,0,0,24,0,0,0,0,0,0,0,0,0,0,59,74,0,0,0,0,0,8,0,0,0,0,0,0,0,0,0,0,10,75,0,0,0,0,0,76,18,0,0,0,0,0,0,0,0,0,0,101,29,0,0,0,0,0,0,0,0,0,0,0,0,0,0,0,0,0,0,0,0,strafe_right
0,0,0,0,0,0,0,0,0,0,0,0,0,0,0,0,0,0,0,0,0,0,0,0,0,0,21,0,0,0,0,0,0,0,0,0,0,35,63,0,0,0,0,0,16,0,0,0,0,0,0,0,0,0,0,12,79,0,0,0,0,0,84,19,0,0,0,0,0,0,0,0,0,0,103,28,0,0,0,0,0,0,0,0,0,0,3,0,0,0,0,0,0,0,0,0,strafe_right
0,0,0,0,0,0,0,0,0,0,0,0,0,0,0,0,0,0,0,0,0,0,0,0,0,0,9,0,0,0,0,0,24,22,0,0,0,0,37,0,0,0,0,0,27,14,0,0,0,0,0,0,0,0,0,15,89,19,0,0,0,0,78,17,0,0,0,0,0,0,0,0,0,0,102,32,0,0,0,0,0,0,0,0,0,0,0,0,0,0,0,0,0,0,0,0,strafe_right
0,0,0,0,0,0,0,0,0,0,0,0,0,0,0,0,0,0,0,0,17,0,0,0,0,0,23,0,0,0,0,0,39,33,0,0,0,7,49,0,0,0,0,0,32,27,0,0,0,0,0,0,0,0,0,16,95,23,0,0,0,0,83,21,0,0,0,0,0,0,0,0,0,0,92,20,0,0,0,0,0,0,0,0,0,0,0,0,0,0,0,0,0,0,0,0,strafe_right
0,0,0,0,0,0,0,0,0,0,0,0,0,0,0,0,0,0,0,0,8,0,0,0,0,0,31,0,0,0,0,0,23,18,0,0,0,36,64,0,0,0,0,0,22,16,0,0,0,0,0,0,0,0,0,16,97,25,0,0,0,0,84,20,0,0,0,0,0,0,0,0,0,0,93,23,0,0,0,0,0,0,0,0,0,0,0,0,0,0,0,0,0,0,0,0,strafe_right
0,0,0,0,0,0,0,0,0,0,0,0,0,0,0,0,0,0,0,0,0,0,0,0,0,0,50,0,0,0,0,0,0,0,0,0,0,60,83,0,0,0,0,0,0,0,0,0,0,0,0,0,0,0,0,14,93,24,0,0,0,0,84,17,0,0,0,0,0,0,0,0,0,0,94,27,0,0,0,0,0,0,0,0,0,0,0,0,0,0,0,0,0,0,0,0,strafe_right
0,0,0,0,0,0,0,0,0,0,0,0,0,0,0,0,0,0,0,0,0,0,0,0,0,0,43,0,0,0,0,0,0,0,0,0,0,54,75,0,0,0,0,0,5,0,0,0,0,0,0,0,0,0,0,16,96,25,0,0,0,0,77,17,0,0,0,0,0,0,0,0,0,0,96,29,0,0,0,0,0,0,0,0,0,0,0,0,0,0,0,0,0,0,0,0,strafe_right
0,0,0,0,0,0,0,0,0,0,0,0,0,0,0,0,0,0,0,0,0,0,0,0,0,0,28,0,0,0,0,0,15,7,0,0,0,29,59,0,0,0,0,0,17,4,0,0,0,0,0,0,0,0,0,17,98,30,0,0,0,0,81,20,0,0,0,0,0,0,0,0,0,0,96,29,0,0,0,0,0,0,0,0,0,0,0,0,0,0,0,0,0,0,0,0,strafe_right
0,0,0,0,0,0,0,0,0,0,0,0,0,0,0,0,0,0,0,0,8,0,0,0,0,0,21,0,0,0,0,0,30,19,0,0,0,5,41,0,0,0,0,0,24,10,0,0,0,0,0,0,0,0,0,19,115,38,0,0,0,0,74,12,0,0,0,0,0,0,0,0,0,0,88,25,0,0,0,0,0,0,0,0,0,0,0,0,0,0,0,0,0,0,0,0,strafe_right
0,0,0,0,0,0,0,0,0,0,0,0,0,0,0,0,0,0,0,0,12,0,0,0,0,0,21,0,0,0,0,0,28,17,0,0,0,9,47,0,0,0,0,0,19,9,0,0,0,0,0,0,0,0,0,21,116,41,0,0,0,0,72,13,0,0,0,0,0,0,0,0,0,0,89,24,0,0,0,0,0,0,0,0,0,0,0,0,0,0,0,0,0,0,0,0,strafe_right
0,0,0,0,0,0,0,0,0,0,0,0,0,0,0,0,0,0,0,0,4,0,0,0,0,0,32,0,0,0,0,0,20,11,0,0,0,34,61,0,0,0,0,0,18,5,0,0,0,0,0,0,0,0,0,20,111,39,0,0,0,0,74,15,0,0,0,0,0,0,0,0,0,0,90,25,0,0,0,0,0,0,0,0,0,0,0,0,0,0,0,0,0,0,0,0,strafe_right
0,0,0,0,0,0,0,0,0,0,0,0,0,0,0,0,0,0,0,0,6,0,0,0,0,0,35,0,0,0,0,0,14,5,0,0,0,42,66,0,0,0,0,0,16,0,0,0,0,0,0,0,0,0,0,18,101,34,0,0,0,0,78,18,0,0,0,0,0,0,0,0,0,0,95,30,0,0,0,0,0,0,0,0,0,0,0,0,0,0,0,0,0,0,0,0,strafe_right
0,0,0,0,0,0,0,0,0,0,0,0,0,0,0,0,0,0,0,0,11,5,0,0,0,0,61,0,0,0,0,0,24,20,0,0,0,0,51,0,0,0,0,0,36,36,0,0,0,0,0,0,0,0,0,44,137,25,0,0,0,0,30,8,0,0,0,0,0,0,0,0,0,0,90,42,0,0,0,0,0,0,0,0,0,0,83,21,0,0,0,0,0,0,0,0,strafe_right
0,0,0,0,0,0,0,0,0,0,0,0,0,0,0,0,0,0,0,0,9,5,0,0,0,0,59,0,0,0,0,0,24,22,0,0,0,0,46,0,0,0,0,0,36,38,0,0,0,0,0,0,0,0,0,45,142,24,0,0,0,0,38,9,0,0,0,0,0,0,0,0,0,0,91,41,0,0,0,0,0,0,0,0,0,0,80,16,0,0,0,0,0,0,0,0,strafe_right
0,0,0,0,0,0,0,0,0,0,0,0,0,0,0,0,0,0,0,0,0,0,0,0,0,0,59,0,0,0,0,0,18,21,0,0,0,0,47,0,0,0,0,0,39,41,0,0,0,0,0,0,0,0,0,44,143,17,0,0,0,0,44,12,0,0,0,0,0,0,0,0,0,0,91,37,0,0,0,0,0,0,0,0,0,0,80,14,0,0,0,0,0,0,0,0,strafe_right
0,0,0,0,0,0,0,0,0,0,0,0,0,0,0,0,0,0,0,0,5,0,0,0,0,0,58,0,0,0,0,0,23,23,0,0,0,0,41,0,0,0,0,0,38,40,0,0,0,0,0,0,0,0,0,44,141,18,0,0,0,0,42,13,0,0,0,0,0,0,0,0,0,0,92,41,0,0,0,0,0,0,0,0,0,0,80,12,0,0,0,0,0,0,0,0,strafe_right
0,0,0,0,0,0,0,0,0,0,0,0,0,0,0,0,0,0,0,0,14,8,0,0,0,0,58,0,0,0,0,0,30,26,0,0,0,0,36,0,0,0,0,0,35,43,0,0,0,0,0,0,0,0,0,43,140,19,0,0,0,0,41,13,0,0,0,0,0,0,0,0,0,0,88,43,0,0,0,0,0,0,0,0,0,0,81,16,0,0,0,0,0,0,0,0,strafe_right
0,0,0,0,0,0,0,0,0,0,0,0,0,0,0,0,0,0,0,0,18,10,0,0,0,0,58,0,0,0,0,0,30,25,0,0,0,0,41,0,0,0,0,0,34,44,0,0,0,0,0,0,0,0,0,43,138,18,0,0,0,0,42,13,0,0,0,0,0,0,0,0,0,0,92,42,0,0,0,0,0,0,0,0,0,0,80,17,0,0,0,0,0,0,0,0,strafe_right
0,0,0,0,0,0,0,0,0,0,0,0,0,0,0,0,0,0,0,0,19,11,0,0,0,0,51,0,0,0,0,0,32,29,0,0,0,0,37,0,0,0,0,0,29,31,0,0,0,0,0,0,0,0,0,41,130,35,0,0,0,0,19,7,0,0,0,0,0,0,0,0,0,0,90,44,0,0,0,0,0,0,0,0,0,0,88,31,0,0,0,0,0,0,0,0,strafe_right
0,0,0,0,0,0,0,0,0,0,0,0,0,0,0,0,0,0,0,0,26,14,0,0,0,0,53,0,0,0,0,0,40,39,0,0,0,0,26,0,0,0,0,0,32,39,0,0,0,0,0,0,0,0,0,44,147,48,0,0,0,0,6,0,0,0,0,0,0,0,0,0,0,0,85,39,0,0,0,0,0,0,0,0,0,0,76,23,0,0,0,0,0,0,0,0,strafe_right
0,0,0,0,0,0,0,0,0,0,0,0,0,0,0,0,0,0,0,0,26,15,0,0,0,0,48,0,0,0,0,0,43,45,0,0,0,0,24,0,0,0,0,0,34,45,0,0,0,0,0,0,0,0,0,42,152,51,0,0,0,0,7,0,0,0,0,0,0,0,0,0,0,0,85,40,0,0,0,0,0,0,0,0,0,0,75,25,0,0,0,0,0,0,0,0,strafe_right
0,0,0,0,0,0,0,0,0,0,0,0,0,0,0,0,0,0,0,0,17,7,0,0,0,0,54,0,0,0,0,0,24,19,0,0,0,0,48,0,0,0,0,0,27,14,0,0,0,0,0,0,0,0,0,45,151,52,0,0,0,0,6,0,0,0,0,0,0,0,0,0,0,0,86,41,0,0,0,0,0,0,0,0,0,0,77,29,0,0,0,0,0,0,0,0,strafe_right
0,0,0,0,0,0,0,0,0,0,0,0,0,0,0,0,0,0,0,0,6,3,0,0,0,0,59,0,0,0,0,0,17,17,0,0,0,12,55,0,0,0,0,0,32,32,0,0,0,0,0,0,0,0,0,42,141,36,0,0,0,0,28,11,0,0,0,0,0,0,0,0,0,0,92,44,0,0,0,0,0,0,0,0,0,0,87,29,0,0,0,0,0,0,0,0,strafe_right
0,0,0,0,0,0,0,0,0,0,0,0,0,0,0,0,0,0,0,0,4,0,0,0,0,0,56,0,0,0,0,0,16,18,0,0,0,13,55,0,0,0,0,0,34,37,0,0,0,0,0,0,0,0,0,33,109,0,0,0,0,0,55,22,0,0,0,0,0,0,0,0,0,0,104,48,0,0,0,0,0,0,0,0,0,0,94,27,0,0,0,0,0,0,0,0,strafe_right
0,0,0,0,0,0,0,0,0,0,0,0,0,0,0,0,0,0,0,0,6,0,0,0,0,0,65,0,0,0,0,0,12,14,0,0,0,20,61,0,0,0,0,0,30,24,0,0,0,0,0,0,0,0,0,24,95,0,0,0,0,0,70,30,0,0,0,0,0,0,0,0,0,0,119,54,0,0,0,0,0,0,0,0,0,0,97,20,0,0,0,0,0,0,0,0,strafe_right
0,0,0,0,0,0,0,0,0,0,0,0,0,0,0,0,0,0,0,0,0,0,0,0,0,0,50,0,0,0,0,0,9,19,0,0,0,8,44,0,0,0,0,0,41,48,0,0,0,0,0,0,0,0,0,26,100,0,0,0,0,0,64,29,0,0,0,0,0,0,0,0,0,0,106,44,0,0,0,0,0,0,0,0,0,0,91,19,0,0,0,0,0,0,0,0,strafe_right
0,0,0,0,0,0,0,0,0,0,0,0,0,0,0,0,0,0,0,0,0,0,0,0,0,0,50,0,0,0,0,0,0,3,0,0,0,11,46,0,0,0,0,0,40,38,0,0,0,0,0,0,0,0,0,32,107,0,0,0,0,0,59,27,0,0,0,0,0,0,0,0,0,0,104,44,0,0,0,0,0,0,0,0,0,0,90,25,0,0,0,0,0,0,0,0,strafe_right
0,0,0,0,0,0,0,0,0,0,0,0,0,0,0,0,0,0,0,0,0,0,0,0,0,0,49,0,0,0,0,0,0,14,0,0,0,0,36,0,0,0,0,0,39,48,0,0,0,0,0,0,0,0,0,40,121,28,0,0,0,0,33,12,0,0,0,0,0,0,0,0,0,0,98,42,0,0,0,0,0,0,0,0,0,0,86,28,0,0,0,0,0,0,0,0,strafe_right
0,0,0,0,0,0,0,0,0,0,0,0,0,0,0,0,0,0,0,0,0,0,0,0,0,0,35,0,0,0,0,0,10,23,0,0,0,0,28,0,0,0,0,0,39,50,0,0,0,0,0,0,0,0,0,42,154,45,0,0,0,0,12,3,0,0,0,0,3,0,0,0,0,0,91,39,0,0,0,0,0,0,0,0,0,0,72,24,0,0,0,0,0,0,0,0,strafe_right
0,0,0,0,0,0,0,0,0,0,0,0,0,0,0,0,0,0,0,0,7,0,0,0,0,0,33,0,0,0,0,0,27,25,0,0,0,0,16,0,0,0,0,0,38,48,0,0,0,0,0,0,0,0,0,48,179,72,0,0,0,0,0,0,0,0,0,0,13,0,0,0,0,0,73,24,0,0,0,0,0,0,0,0,0,0,45,6,0,0,0,0,0,0,0,0,strafe_right
0,0,0,0,0,0,0,0,0,0,0,0,0,0,0,0,0,0,0,0,10,7,0,0,0,0,41,0,0,0,0,0,34,34,0,0,0,0,19,0,0,0,0,0,38,47,0,0,0,0,0,0,0,0,0,43,154,59,0,0,0,0,0,0,0,0,0,0,8,0,0,0,0,0,86,31,0,0,0,0,0,0,0,0,0,0,61,18,0,0,0,0,0,0,0,0,strafe_right
0,0,0,0,0,0,0,0,0,0,0,0,0,0,0,0,0,0,0,0,5,0,0,0,0,0,76,0,0,0,0,0,11,12,0,0,0,23,72,3,0,0,0,0,22,6,0,0,0,0,0,0,0,0,0,37,133,49,0,0,0,0,15,0,0,0,0,0,0,0,0,0,0,0,92,39,0,0,0,0,0,0,0,0,0,0,78,31,0,0,0,0,0,0,0,0,strafe_right
0,0,0,0,0,0,0,65,183,0,0,0,0,0,23,4,0,0,0,0,0,0,0,0,0,0,85,7,0,0,0,0,0,0,0,0,0,0,30,0,0,0,0,0,0,0,0,0,0,0,0,0,0,0,0,0,0,0,0,0,0,0,0,0,0,0,0,0,0,11,0,0,0,0,28,0,0,0,0,0,4,45,0,0,0,0,73,41,0,0,0,0,0,10,0,0,strafe_left
0,0,0,0,0,0,0,66,189,0,0,0,0,0,24,4,0,0,0,0,0,0,0,0,0,0,85,0,0,0,0,0,0,0,0,0,0,0,26,0,0,0,0,0,0,0,0,0,0,0,0,0,0,0,0,0,0,0,0,0,0,0,0,0,0,0,0,0,0,8,0,0,0,0,19,0,0,0,0,0,5,47,0,5,0,0,75,40,0,0,0,0,0,15,0,0,strafe_left
0,0,0,0,0,0,0,53,116,0,0,0,0,0,25,5,0,0,0,0,0,0,0,0,0,0,78,0,0,0,0,0,0,0,0,0,0,0,0,0,0,0,0,0,0,0,0,0,0,0,0,0,0,0,0,0,0,5,0,0,0,0,0,0,0,0,0,0,0,29,0,0,0,0,44,0,0,0,0,0,0,41,0,0,0,0,79,43,0,0,0,0,0,4,0,0,strafe_left
0,0,0,0,0,0,0,44,128,0,0,0,0,19,42,25,0,0,0,0,0,0,0,0,0,0,86,0,0,0,0,0,0,0,0,0,0,0,0,0,0,0,0,0,0,0,0,0,0,0,0,0,0,0,0,0,0,0,0,0,0,0,0,0,0,0,0,0,0,17,0,0,0,0,20,0,0,0,0,0,6,61,0,9,0,0,70,37,0,0,0,0,0,14,0,0,strafe_left
0,0,0,0,0,0,0,44,129,0,0,0,0,21,42,25,0,0,0,0,0,0,0,0,0,0,87,0,0,0,0,0,0,0,0,0,0,0,0,0,0,0,0,0,0,0,0,0,0,0,0,0,0,0,0,0,0,0,0,0,0,0,0,0,0,0,0,0,0,17,0,3,0,0,21,0,0,0,0,0,6,61,0,8,0,0,73,38,0,0,0,0,0,14,0,0,strafe_left
0,0,0,0,0,0,0,46,135,0,0,0,0,15,39,24,0,0,0,0,0,0,0,0,0,0,84,0,0,0,0,0,0,0,0,0,0,0,0,0,0,0,0,0,0,0,0,0,0,0,0,0,0,0,0,0,0,0,0,0,0,0,0,0,0,0,0,0,0,14,0,0,0,0,34,0,0,0,0,0,0,44,0,0,0,0,80,43,0,0,0,0,0,0,0,0,strafe_left
0,0,0,0,0,9,0,74,242,0,0,0,0,0,28,15,0,0,0,0,0,0,0,0,0,0,60,0,0,0,0,0,0,0,0,0,0,0,0,0,0,0,0,0,0,0,0,0,0,0,0,0,0,0,0,0,0,0,0,0,0,0,0,0,0,0,0,0,35,49,0,0,0,0,41,0,0,0,0,0,0,43,0,0,0,0,51,22,0,0,0,0,0,33,0,0,strafe_left
0,0,0,0,0,7,0,77,278,6,0,0,0,0,15,0,0,0,0,0,13,0,0,0,0,0,41,0,0,0,0,0,0,0,0,0,0,0,0,0,0,0,0,0,0,0,0,0,0,0,0,0,0,0,0,0,0,0,0,0,0,0,0,0,0,0,0,0,34,47,0,0,0,0,41,0,0,0,0,0,0,42,0,0,0,0,50,21,0,0,0,0,0,33,0,0,strafe_left
0,0,0,0,0,7,0,71,238,0,0,0,0,0,28,17,0,0,0,0,0,0,0,0,0,0,63,0,0,0,0,0,0,0,0,0,0,0,0,0,0,0,0,0,0,0,0,0,0,0,0,0,0,0,0,0,0,0,0,0,0,0,0,0,0,0,0,0,26,41,0,0,0,0,48,0,0,0,0,0,0,35,0,0,0,0,56,27,0,0,0,0,0,33,0,0,strafe_left
0,0,0,0,0,0,0,44,125,0,0,0,0,5,50,34,0,0,0,0,0,0,0,0,0,0,91,0,0,0,0,0,0,0,0,0,0,0,0,0,0,0,0,0,0,0,0,0,0,0,0,0,0,0,0,0,0,0,0,0,0,0,0,0,0,0,0,0,25,37,0,0,0,0,58,0,0,0,0,0,0,29,0,0,0,0,61,33,0,0,0,0,0,28,0,0,strafe_left
0,0,0,0,0,0,0,15,98,0,0,0,0,0,23,12,0,0,0,0,7,0,0,0,0,0,66,0,0,0,0,0,0,0,0,0,0,0,0,0,0,0,0,0,0,0,0,0,0,0,0,0,0,0,0,0,0,0,0,0,0,0,0,0,0,0,0,43,36,0,0,0,0,0,0,0,0,0,0,27,27,0,0,0,8,16,12,0,0,0,0,25,43,0,0,0,strafe_left
0,0,0,0,0,0,0,23,105,0,0,0,0,0,23,7,0,0,0,6,17,0,0,0,0,0,54,0,0,0,0,0,0,0,0,0,0,0,0,0,0,0,0,0,0,0,0,0,0,0,0,0,0,0,0,0,0,0,0,0,0,0,0,0,0,0,0,43,39,0,0,0,0,0,0,0,0,0,0,33,33,0,0,0,4,13,12,0,0,0,0,28,47,0,0,0,strafe_left
0,0,0,0,0,0,0,21,74,0,0,0,0,0,12,0,0,0,0,7,25,0,0,0,0,0,39,0,0,0,0,0,0,0,0,0,0,0,0,0,0,0,0,0,0,0,0,0,0,0,0,0,0,0,0,0,0,0,0,0,0,0,0,0,0,0,0,36,36,0,0,0,0,0,0,0,0,0,0,36,40,0,4,0,0,12,6,0,0,0,0,33,60,0,0,0,strafe_left
0,0,15,0,0,0,0,0,32,0,0,0,0,63,79,49,0,0,0,0,0,0,0,0,0,0,105,0,0,0,0,0,0,0,0,0,0,0,0,0,0,0,0,0,0,0,0,0,0,0,0,0,0,0,0,0,0,0,0,0,0,0,0,0,0,0,0,12,0,0,0,0,0,0,0,0,0,0,0,4,18,0,0,0,5,18,0,0,0,0,0,20,55,0,0,0,strafe_left
0,0,10,0,0,0,0,0,34,0,0,0,0,51,64,35,0,0,0,0,0,0,0,0,0,0,98,0,0,0,0,0,0,0,0,0,0,0,0,0,0,0,0,0,0,0,0,0,0,0,0,0,0,0,0,0,0,0,0,0,0,0,0,0,0,0,0,0,0,0,0,0,0,0,0,0,0,0,0,3,18,0,28,0,4,22,0,0,0,0,0,25,66,0,0,0,strafe_left
0,0,9,0,0,0,0,0,47,0,0,0,0,29,51,37,0,0,0,0,0,0,0,0,0,0,73,0,0,0,0,0,0,0,0,0,0,0,0,0,0,0,0,0,0,0,0,0,0,0,0,0,0,0,0,0,0,0,0,0,0,0,0,0,0,0,0,22,23,0,0,0,0,0,6,0,0,0,0,0,15,0,0,0,0,0,3,0,0,0,0,30,57,0,0,0,strafe_left
0,0,5,0,0,0,0,0,64,0,0,0,0,11,43,33,0,0,0,3,0,0,0,0,0,0,75,0,0,0,0,0,0,0,0,0,0,0,0,0,0,0,0,0,0,0,0,0,0,0,0,0,0,0,0,0,0,0,0,0,0,0,0,0,0,0,0,20,25,0,0,0,0,0,6,0,0,0,0,0,15,0,0,0,0,3,0,0,0,0,0,32,55,0,0,0,strafe_left
0,0,14,0,0,0,0,3,34,0,0,0,0,53,62,42,0,0,0,5,0,0,0,0,0,0,95,0,0,0,0,0,0,0,0,0,0,0,0,0,0,0,0,0,0,0,0,0,0,0,0,0,0,0,0,0,0,0,0,0,0,0,0,0,0,0,0,27,26,0,0,0,0,0,11,0,0,0,0,4,13,0,0,0,0,4,4,0,0,0,0,31,51,0,0,0,strafe_left
0,0,0,0,0,0,0,11,63,0,0,0,0,0,24,16,0,0,0,8,17,0,0,0,0,0,63,0,0,0,0,0,0,0,0,0,0,0,0,0,0,0,0,0,0,0,0,0,0,0,0,0,0,0,0,0,0,0,0,0,0,0,0,0,0,0,0,32,31,0,0,0,0,0,11,0,0,0,0,10,16,0,0,0,0,0,3,0,0,0,0,33,53,0,0,0,strafe_left
0,0,0,0,0,0,0,21,83,0,0,0,3,0,0,0,0,0,0,7,20,0,0,0,0,0,18,0,0,0,0,0,0,0,0,0,0,0,0,0,0,0,0,0,0,0,0,0,0,0,0,0,0,0,0,0,0,0,0,0,0,0,0,0,0,0,0,43,47,0,0,0,0,0,0,0,0,0,0,17,26,0,0,0,0,0,0,0,0,0,0,34,54,0,0,0,strafe_left
0,0,0,0,0,0,0,27,107,0,0,0,0,0,0,0,0,0,0,13,40,0,0,0,0,0,0,0,0,0,0,0,0,0,0,0,0,0,0,0,0,0,0,0,0,0,0,0,0,0,0,0,0,0,0,0,0,0,0,0,0,0,0,0,0,0,0,46,44,0,0,0,0,0,0,0,0,0,0,20,33,0,0,0,0,0,0,0,0,0,0,36,59,0,0,0,strafe_left
0,0,0,0,0,0,0,29,121,0,0,0,0,0,0,0,0,0,0,13,54,0,0,0,0,0,0,0,0,0,0,0,0,0,0,0,0,0,0,0,0,0,0,0,0,0,0,0,0,0,0,0,0,0,0,0,0,0,0,0,0,0,0,0,0,0,0,46,49,0,0,0,0,0,0,0,0,0,0,19,34,0,0,0,0,0,0,0,0,0,0,37,58,0,0,0,strafe_left
0,0,0,0,0,0,0,25,119,0,0,0,0,0,0,0,0,0,0,10,57,0,0,0,0,0,0,0,0,0,0,0,0,0,0,0,0,0,0,0,0,0,0,0,0,0,0,0,0,0,0,0,0,0,0,0,0,0,0,0,0,0,0,0,0,0,0,46,48,0,0,0,0,0,0,0,0,0,0,18,27,0,0,0,0,0,0,0,0,0,0,34,54,0,0,0,strafe_left
0,0,0,0,0,0,0,16,65,0,0,0,6,0,20,7,0,0,0,0,20,0,0,0,0,0,55,0,0,0,0,0,0,0,0,0,0,0,0,0,0,0,0,0,0,0,0,0,0,0,0,0,0,0,0,0,0,0,0,0,0,0,0,0,0,0,0,39,35,0,0,0,0,0,19,0,0,0,0,7,17,0,0,0,3,11,9,0,0,0,0,27,46,0,0,0,strafe_left
0,0,0,0,0,0,0,15,65,0,0,0,0,0,26,14,0,0,0,0,12,0,0,0,0,0,71,0,0,0,0,0,0,0,0,0,0,0,0,0,0,0,0,0,0,0,0,0,0,0,0,0,0,0,0,0,0,0,0,0,0,0,0,0,0,0,0,39,36,0,0,0,0,0,20,0,0,0,0,7,16,0,0,0,5,15,10,0,0,0,0,27,45,0,0,0,strafe_left
0,0,15,0,0,0,0,0,37,0,0,0,0,53,60,38,0,0,0,0,5,0,0,0,0,0,101,0,0,0,0,0,0,0,0,0,0,0,0,0,0,0,0,0,0,0,0,0,0,0,0,0,0,0,0,0,0,0,0,0,0,0,0,0,0,0,0,34,22,0,0,0,0,0,33,0,0,0,0,0,0,0,0,0,22,26,18,0,0,0,0,18,30,0,0,0,strafe_left
0,0,27,0,0,0,0,0,15,0,0,0,0,102,103,59,0,0,0,0,0,0,0,0,0,8,129,0,0,0,0,0,0,0,0,0,0,0,0,0,0,0,0,0,0,0,0,0,0,0,0,0,0,0,0,0,0,0,0,0,0,0,0,0,0,0,0,32,19,0,0,0,0,0,32,0,0,0,0,0,4,0,0,0,27,28,18,0,0,0,0,19,31,0,0,0,strafe_left
0,0,0,0,0,0,0,0,45,0,0,0,0,0,25,19,0,0,0,0,21,0,0,0,0,0,69,0,0,0,0,0,0,0,0,0,0,0,0,0,0,0,0,0,0,0,0,0,0,0,0,0,0,0,0,0,0,0,0,0,0,0,0,0,0,0,0,37,32,0,0,0,0,0,19,0,0,0,0,10,11,0,0,0,11,10,9,0,0,0,0,26,39,0,0,0,strafe_left
0,0,5,0,0,0,0,12,79,0,0,0,0,6,38,28,0,0,0,0,9,0,0,0,0,0,73,0,0,0,0,0,0,0,0,0,0,0,0,0,0,0,0,0,0,0,0,0,0,0,0,0,0,0,0,0,0,0,0,0,0,0,0,0,0,0,0,38,33,0,0,0,0,0,16,0,0,0,0,7,11,0,0,0,3,10,5,0,0,0,0,26,39,0,0,0,strafe_left
0,0,15,0,0,0,0,0,68,0,0,0,0,46,69,47,0,0,0,0,0,0,0,0,0,0,103,0,0,0,0,0,0,0,0,0,0,0,0,0,0,0,0,0,0,0,0,0,0,0,0,0,0,0,0,0,0,0,0,0,0,0,0,0,0,0,0,37,33,0,0,0,0,0,25,0,0,0,0,10,11,0,0,0,20,18,15,0,0,0,0,22,35,0,0,0,strafe_left
0,0,0,0,0,0,0,0,0,0,0,0,0,0,10,0,0,0,0,0,3,0,0,0,0,0,79,0,0,0,0,0,12,4,0,0,0,0,51,0,0,0,0,0,47,17,0,0,0,0,0,0,0,0,0,109,0,0,0,0,0,0,7,0,0,0,0,11,0,0,0,0,0,0,50,0,0,0,0,0,0,0,0,0,0,0,0,0,0,0,0,0,0,0,0,0,strafe_right
0,0,0,0,0,0,0,0,0,0,0,0,0,0,4,0,0,0,0,0,0,0,0,0,0,0,77,0,0,0,0,0,8,0,0,0,0,0,50,0,0,0,0,0,47,18,0,0,0,0,0,0,0,0,0,109,0,0,0,0,0,0,13,0,0,0,0,3,0,0,0,0,0,0,55,0,0,0,0,0,0,0,0,0,0,0,0,0,0,0,0,0,0,0,0,0,strafe_right
0,0,0,0,0,0,0,0,0,0,0,0,0,0,3,0,0,0,0,0,0,0,0,0,0,0,62,0,0,0,0,0,11,6,0,0,0,0,43,0,0,0,0,0,47,23,0,0,0,0,0,0,0,0,10,130,0,0,0,0,0,0,15,0,0,0,0,18,0,0,0,0,0,0,40,0,0,0,0,0,0,0,0,0,0,0,0,0,0,0,0,0,0,0,0,0,strafe_right
0,0,0,0,0,0,0,0,0,0,0,0,0,0,6,0,0,0,0,0,8,0,0,0,0,0,62,0,0,0,0,0,13,5,0,0,0,0,41,0,0,0,0,0,47,22,0,0,0,0,0,0,0,0,17,142,0,0,0,0,0,0,7,0,0,0,0,28,0,0,0,0,0,0,38,0,0,0,0,0,0,0,0,0,0,0,0,0,0,0,0,0,0,0,0,0,strafe_right
0,0,0,0,0,0,0,0,0,0,0,0,0,0,0,0,0,0,0,0,0,0,0,0,0,0,89,0,0,0,0,0,0,0,0,0,0,7,58,0,0,0,0,0,39,8,0,0,0,0,0,0,0,0,16,134,33,0,0,0,0,0,6,0,0,0,0,27,0,0,0,0,0,0,46,0,0,0,0,0,0,0,0,0,0,0,0,0,0,0,0,0,0,0,0,0,strafe_right
0,0,0,0,0,0,0,0,0,0,0,0,0,0,14,0,0,0,0,0,0,0,0,0,0,0,80,0,0,0,0,0,7,6,0,0,0,0,51,0,0,0,0,0,41,17,0,0,0,0,0,0,0,0,15,132,30,0,0,0,0,0,6,0,0,0,0,25,0,0,0,0,0,0,51,0,0,0,0,0,0,0,0,0,0,0,0,0,0,0,0,0,0,0,0,0,strafe_right
0,0,0,0,0,0,0,0,0,0,0,0,0,0,13,0,0,0,0,0,7,0,0,0,0,0,53,0,0,0,0,0,15,11,0,0,0,0,41,0,0,0,0,0,46,24,0,0,0,0,0,0,0,0,14,124,25,0,0,0,0,0,7,0,0,0,0,26,0,0,0,0,0,0,54,0,0,0,0,0,0,0,0,0,0,0,0,0,0,0,0,0,0,0,0,0,strafe_right
0,0,0,0,0,0,0,0,0,0,0,0,0,0,0,0,0,0,0,0,0,0,0,0,0,0,78,0,0,0,0,0,0,0,0,0,0,0,61,0,0,0,0,0,46,18,0,0,0,0,0,0,0,0,13,129,15,0,0,0,0,0,12,0,0,0,0,7,0,0,0,0,0,0,59,0,0,0,0,0,0,0,0,0,0,0,0,0,0,0,0,0,0,0,0,0,strafe_right
0,0,0,0,0,0,0,0,0,0,0,0,0,0,21,0,0,0,0,0,0,0,0,0,0,20,99,0,0,0,0,0,0,0,0,0,0,19,77,3,0,0,0,0,30,0,0,0,0,0,0,0,0,0,0,86,0,0,0,0,0,0,29,0,0,0,0,0,0,0,0,0,0,0,66,0,0,0,0,0,0,0,0,0,0,0,0,0,0,0,0,0,0,0,0,0,strafe_right
0,0,0,0,0,0,0,0,0,0,0,0,0,0,50,0,0,0,0,0,0,0,0,0,0,23,114,5,0,0,0,0,0,0,0,0,0,19,94,5,0,0,0,0,9,0,0,0,0,0,0,0,0,0,5,78,0,0,0,0,0,0,32,0,0,0,0,0,0,0,0,0,0,0,65,0,0,0,0,0,0,0,0,0,0,0,0,0,0,0,0,0,0,0,0,0,strafe_right
0,0,0,0,0,0,0,0,0,0,0,0,0,0,45,0,0,0,0,0,0,0,0,0,0,18,105,0,0,0,0,0,0,0,0,0,0,10,87,6,0,0,0,0,17,0,0,0,0,0,0,0,0,0,10,106,0,0,0,0,0,0,24,0,0,0,0,4,0,0,0,0,0,0,58,0,0,0,0,0,0,0,0,0,0,0,0,0,0,0,0,0,0,0,0,0,strafe_right
0,0,0,0,0,0,0,0,0,0,0,0,0,0,37,0,0,0,0,0,0,0,0,0,0,18,95,0,0,0,0,0,0,0,0,0,0,4,84,6,0,0,0,0,18,0,0,0,0,0,0,0,0,0,12,113,0,0,0,0,0,0,19,0,0,0,0,5,0,0,0,0,0,0,59,0,0,0,0,0,0,0,0,0,0,0,0,0,0,0,0,0,0,0,0,0,strafe_right
0,0,0,0,0,0,0,0,0,0,0,0,0,0,31,0,0,0,0,0,0,0,0,0,0,12,94,0,0,0,0,0,0,0,0,0,0,3,78,3,0,0,0,0,18,0,0,0,0,0,0,0,0,0,14,126,0,0,0,0,0,0,14,0,0,0,0,6,0,0,0,0,0,0,52,0,0,0,0,0,0,0,0,0,0,0,0,0,0,0,0,0,0,0,0,0,strafe_right
0,0,0,0,0,0,0,0,0,0,0,0,0,0,13,0,0,0,0,0,0,0,0,0,0,0,73,0,0,0,0,0,5,0,0,0,0,0,60,0,0,0,0,0,23,0,0,0,0,0,0,0,0,0,16,137,20,0,0,0,0,0,5,0,0,0,0,17,0,0,0,0,0,0,51,0,0,0,0,0,0,0,0,0,0,0,0,0,0,0,0,0,0,0,0,0,strafe_right
0,0,0,0,0,0,0,0,0,0,0,0,0,0,4,0,0,0,0,0,0,0,0,0,0,0,62,0,0,0,0,0,6,0,0,0,0,0,49,0,0,0,0,0,22,0,0,12,0,0,0,0,0,0,16,141,24,0,0,0,0,0,4,0,0,0,0,19,0,0,0,0,0,0,45,0,0,0,0,0,0,0,0,0,0,0,0,0,0,0,0,0,0,0,0,0,strafe_right
0,0,0,0,0,0,0,0,0,0,0,0,0,0,6,0,0,0,0,0,0,0,0,0,0,0,67,0,0,0,0,0,6,0,0,0,0,0,52,0,0,0,0,0,25,0,0,6,0,0,0,0,0,0,14,139,26,0,0,0,0,0,3,0,0,0,0,19,0,0,0,0,0,0,41,0,0,0,0,0,0,0,0,0,0,0,0,0,0,0,0,0,0,0,0,0,strafe_right
0,0,0,0,0,0,0,0,0,0,0,0,0,0,3,0,0,0,0,0,0,0,0,0,0,0,64,0,0,0,0,0,10,0,0,0,0,0,51,0,0,0,0,0,26,0,0,7,0,0,0,0,0,0,15,143,30,0,0,0,0,0,0,0,0,0,0,20,0,0,0,0,0,0,38,0,0,0,0,0,0,0,0,0,0,0,0,0,0,0,0,0,0,0,0,0,strafe_right
0,0,0,0,0,0,0,0,0,0,0,0,0,0,4,0,0,0,0,0,4,0,0,0,0,0,62,0,0,0,0,0,11,0,0,0,0,0,52,0,0,0,0,0,28,0,0,6,0,0,0,0,0,0,14,141,28,0,0,0,0,0,5,0,0,0,0,18,0,0,0,0,0,0,52,0,0,0,0,0,0,0,0,0,0,0,0,0,0,0,0,0,0,0,0,0,strafe_right
0,0,0,0,0,0,0,0,0,0,0,0,0,0,3,0,0,0,0,0,0,0,0,0,0,0,83,0,0,0,0,0,0,0,0,0,0,9,69,0,0,0,0,0,30,0,0,0,0,0,0,0,0,0,8,112,6,0,0,0,0,0,15,0,0,0,0,0,0,0,0,0,0,0,64,0,0,0,0,0,0,0,0,0,0,0,0,0,0,0,0,0,0,0,0,0,strafe_right
0,0,0,0,0,0,0,0,0,0,0,0,0,0,0,0,0,0,0,0,0,0,0,0,0,0,92,0,0,0,0,0,0,0,0,0,0,16,75,0,0,0,0,0,30,0,0,0,0,0,0,0,0,0,9,114,0,0,0,0,0,0,16,0,0,0,0,0,0,0,0,0,0,0,63,0,0,0,0,0,0,0,0,0,0,0,0,0,0,0,0,0,0,0,0,0,strafe_right
0,0,0,0,0,0,0,0,0,0,0,0,0,0,0,0,0,0,0,0,0,0,0,0,0,0,86,0,0,0,0,0,0,0,0,0,0,14,69,0,0,0,0,0,35,0,0,0,0,0,0,0,0,0,12,130,15,0,0,0,0,0,8,0,0,0,0,15,0,0,0,0,0,0,58,0,0,0,0,0,0,0,0,0,0,0,0,0,0,0,0,0,0,0,0,0,strafe_right
0,0,0,0,0,0,0,0,0,0,0,0,0,0,0,0,0,0,0,0,0,0,0,0,0,0,81,0,0,0,0,0,0,0,0,0,0,7,65,0,0,0,0,0,33,0,0,0,0,0,0,0,0,0,16,142,26,0,0,0,0,0,7,0,0,0,0,19,0,0,0,0,0,0,48,0,0,0,0,0,0,0,0,0,0,0,0,0,0,0,0,0,0,0,0,0,strafe_right
0,0,0,0,0,0,0,10,84,0,0,0,0,0,39,23,0,0,0,0,0,0,0,0,0,0,97,0,0,0,0,0,0,0,0,0,0,0,0,0,0,0,0,0,0,0,0,0,0,0,0,0,0,0,0,0,0,0,0,0,0,0,0,0,0,0,0,0,0,0,0,0,0,0,0,0,0,0,0,8,19,0,14,0,0,5,11,0,0,0,0,46,26,0,0,0,strafe_left
0,0,0,0,0,0,0,19,100,0,0,0,0,0,23,12,0,0,0,0,0,0,0,0,0,0,74,0,0,0,0,0,0,0,0,0,0,0,0,0,0,0,0,0,0,0,0,0,0,0,0,0,0,0,0,0,0,0,0,0,0,0,0,0,0,0,0,0,0,0,0,0,0,0,0,0,0,0,0,9,22,0,17,0,0,0,8,0,0,0,0,44,26,0,0,0,strafe_left
0,0,0,0,0,0,0,30,133,0,0,0,0,0,18,0,0,0,0,0,14,0,0,0,0,0,52,0,0,0,0,0,0,0,0,0,0,0,0,0,0,0,0,0,0,0,0,0,0,0,0,0,0,0,0,0,0,0,0,0,0,0,0,0,0,0,0,0,0,0,0,0,0,0,0,0,0,0,0,9,21,0,16,0,0,0,9,0,0,0,0,45,25,0,0,0,strafe_left
0,0,0,0,0,0,0,33,135,0,0,0,0,0,17,0,0,0,0,0,15,0,0,0,0,0,52,0,0,0,0,0,0,0,0,0,0,0,0,0,0,0,0,0,0,0,0,0,0,0,0,0,0,0,0,0,0,0,0,0,0,0,0,0,0,0,0,0,0,0,0,0,0,0,0,0,0,0,0,9,18,0,17,0,0,0,9,0,0,0,0,45,25,0,0,0,strafe_left
0,0,0,0,0,0,0,16,88,0,0,0,0,0,25,9,0,0,0,0,7,0,0,0,0,0,83,0,0,0,0,0,0,0,0,0,0,0,0,0,0,0,0,0,0,0,0,0,0,0,0,0,0,0,0,0,0,0,0,0,0,0,0,0,0,0,0,4,10,0,0,0,0,0,0,0,0,0,0,23,36,0,64,0,0,0,0,0,0,0,0,47,36,0,0,0,strafe_left
0,0,0,0,0,0,0,0,31,0,0,0,0,0,38,19,0,0,0,0,39,0,0,0,0,0,26,0,0,0,0,0,0,0,0,0,0,0,0,0,0,0,0,0,0,0,0,0,0,0,0,0,0,0,0,5,0,0,0,0,0,0,0,0,0,0,0,22,23,0,0,0,0,0,0,0,0,0,0,24,32,0,19,0,0,0,11,0,0,0,0,35,27,0,0,0,strafe_left
0,0,7,0,0,0,0,0,43,0,0,0,0,0,17,0,0,0,0,0,47,0,0,0,0,0,0,0,0,0,0,0,0,0,0,0,0,0,0,0,0,0,0,0,0,0,0,0,0,0,0,0,0,0,0,5,0,0,0,0,0,0,0,0,0,0,0,21,22,0,0,0,0,0,0,0,0,0,0,26,35,0,40,0,0,0,6,0,0,0,0,40,32,0,0,0,strafe_left
0,0,12,0,0,0,0,0,7,0,0,0,0,6,41,26,0,0,0,0,25,0,0,0,0,0,79,0,0,0,0,0,0,0,0,0,0,0,0,0,0,0,0,0,0,0,0,0,0,0,0,0,0,0,0,0,0,0,0,0,0,0,0,0,0,0,0,15,15,0,0,0,0,0,0,0,0,0,0,16,24,0,3,0,0,12,21,0,0,0,0,31,20,0,0,0,strafe_left
0,0,0,0,0,0,0,39,7,0,0,0,0,72,99,22,0,0,0,0,0,0,0,0,0,8,77,0,0,0,0,0,0,0,0,0,0,0,0,0,0,0,0,0,0,0,0,0,0,0,0,0,0,0,0,0,0,0,0,0,0,0,0,0,0,0,0,19,7,0,0,0,0,0,30,0,0,0,0,0,9,0,0,0,0,0,0,0,0,0,0,27,38,0,0,0,strafe_left
0,0,0,0,0,0,0,38,7,0,0,0,0,74,99,23,0,0,0,0,0,0,0,0,0,9,78,0,0,0,0,0,0,0,0,0,0,0,0,0,0,0,0,0,0,0,0,0,0,0,0,0,0,0,0,0,0,0,0,0,0,0,0,0,0,0,0,18,8,0,0,0,0,0,33,0,0,0,0,0,8,0,0,0,0,0,0,0,0,0,0,27,40,0,0,0,strafe_left
0,0,0,0,0,0,0,41,11,0,0,0,0,3,74,21,0,0,0,0,0,0,0,0,0,0,49,0,0,0,0,0,0,0,0,0,0,0,0,0,0,0,0,0,0,0,0,0,0,0,0,0,0,0,0,0,0,0,0,0,0,0,0,0,0,0,0,19,8,0,0,0,0,0,33,0,0,0,0,0,9,0,0,0,0,0,0,0,0,0,0,24,40,0,0,0,strafe_left
0,0,4,0,0,0,0,16,7,0,0,0,0,51,97,11,0,0,0,0,0,0,0,0,0,0,52,0,0,0,0,0,0,0,0,0,0,0,0,0,0,0,0,0,0,0,0,0,0,0,0,0,0,0,0,0,0,0,0,0,0,0,0,0,0,0,0,0,0,0,0,0,0,0,27,0,0,0,0,0,0,0,0,0,0,0,0,0,0,0,0,23,41,0,0,0,strafe_left
0,0,5,0,0,0,0,21,0,0,0,0,0,75,104,21,0,0,0,0,0,0,0,0,0,6,64,0,0,0,0,0,0,0,0,0,0,0,0,0,0,0,0,0,0,0,0,0,0,0,0,0,0,0,0,0,0,0,0,0,0,0,0,0,0,0,0,7,0,0,0,0,0,0,31,0,0,0,0,0,4,0,0,0,0,0,0,0,0,0,0,22,36,0,0,0,strafe_left
0,0,3,0,0,0,0,21,0,0,0,0,0,73,105,21,0,0,0,0,0,0,0,0,0,8,65,0,0,0,0,0,0,0,0,0,0,0,0,0,0,0,0,0,0,0,0,0,0,0,0,0,0,0,0,0,0,0,0,0,0,0,0,0,0,0,0,11,0,0,0,0,0,0,31,0,0,0,0,0,3,0,0,0,0,0,0,0,0,0,0,23,36,0,0,0,strafe_left
0,0,0,0,0,0,0,25,6,0,0,0,0,15,83,16,0,0,0,0,0,0,0,0,0,0,49,0,0,0,0,0,0,0,0,0,0,0,0,0,0,0,0,0,0,0,0,0,0,0,0,0,0,0,0,0,0,0,0,0,0,0,0,0,0,0,0,13,0,0,0,0,0,0,33,0,0,0,0,0,3,0,0,0,0,0,0,0,0,0,0,17,32,0,0,0,strafe_left
0,0,0,0,0,0,0,28,3,0,0,0,0,25,87,22,0,0,0,0,0,0,0,0,0,0,69,0,0,0,0,0,0,0,0,0,0,0,0,0,0,0,0,0,0,0,0,0,0,0,0,0,0,0,0,5,0,0,0,0,0,0,0,0,0,0,0,22,0,0,0,0,0,0,39,0,0,0,0,0,0,0,0,0,0,0,4,0,0,0,0,0,7,0,0,0,strafe_left
0,0,0,0,0,0,0,0,0,0,0,0,0,0,0,0,0,0,0,0,0,0,0,0,0,0,51,0,0,0,0,0,47,9,0,0,0,0,68,0,0,0,0,0,5,0,0,0,0,0,0,0,0,0,0,55,0,0,0,0,0,0,11,0,0,0,0,15,0,0,0,0,0,0,49,0,0,0,0,0,0,0,0,0,0,0,0,0,0,0,0,0,0,0,0,0,strafe_right
0,0,0,0,0,0,0,0,0,0,0,0,0,0,0,0,0,0,0,0,0,0,0,0,0,0,47,0,0,0,0,0,45,11,0,0,0,0,53,0,0,0,0,0,6,0,0,0,0,0,0,0,0,0,0,55,0,0,0,0,0,0,11,0,0,0,0,15,0,0,0,0,0,0,49,0,0,0,0,0,0,0,0,0,0,0,0,0,0,0,0,0,0,0,0,0,strafe_right
0,0,0,0,0,0,0,0,0,0,0,0,0,0,0,0,0,0,0,0,0,0,0,0,0,0,36,0,0,0,0,0,54,21,0,0,0,0,28,0,0,0,0,0,14,0,0,0,0,0,0,0,0,0,0,83,21,0,0,0,0,0,0,0,0,0,0,46,17,0,0,0,0,0,27,0,0,0,0,0,0,0,0,0,0,0,0,0,0,0,0,0,0,0,0,0,strafe_right
0,0,0,0,0,0,0,0,0,0,0,0,0,0,0,0,0,0,0,0,0,0,0,8,0,0,28,0,0,0,0,0,57,24,0,0,0,0,18,0,0,0,0,0,17,0,0,0,0,0,0,0,0,0,0,88,32,0,0,0,0,0,0,0,0,0,0,51,22,0,0,0,0,0,19,0,0,0,0,0,0,0,0,0,0,0,0,0,0,0,0,0,0,0,0,0,strafe_right
0,0,0,0,0,0,0,0,0,0,0,0,0,0,0,0,0,0,0,0,0,0,0,6,0,0,36,0,0,0,0,0,52,17,0,0,0,0,30,0,0,0,0,0,15,0,0,0,0,0,0,0,0,0,0,87,33,0,0,0,0,0,0,0,0,0,0,49,20,0,0,0,0,0,25,0,0,0,0,0,0,0,0,0,0,0,0,0,0,0,0,0,0,0,0,0,strafe_right
0,0,0,0,0,0,0,0,0,0,0,0,0,0,0,0,0,0,0,0,0,0,0,0,0,0,38,0,0,0,0,0,48,14,0,0,0,0,41,0,0,0,0,0,14,0,0,0,0,0,0,0,0,0,0,79,23,0,0,0,0,0,0,0,0,0,0,43,14,0,0,0,0,0,40,0,0,0,0,0,0,0,0,0,0,0,0,0,0,0,0,0,0,0,0,0,strafe_right
0,0,0,0,0,0,0,0,0,0,0,0,0,0,0,0,0,0,0,0,0,0,0,0,0,0,43,0,0,0,0,0,57,17,0,0,0,0,45,0,0,0,0,0,16,0,0,0,0,0,0,0,0,0,0,79,23,0,0,0,0,0,0,0,0,0,0,43,14,0,0,0,0,0,40,0,0,0,0,0,0,0,0,0,0,0,0,0,0,0,0,0,0,0,0,0,strafe_right
0,0,0,0,0,0,0,0,0,0,0,0,0,0,0,0,0,0,0,0,0,0,0,0,0,0,49,0,0,0,0,0,46,5,0,0,0,0,62,0,0,0,0,0,0,0,0,0,0,0,0,0,0,0,0,79,23,0,0,0,0,0,0,0,0,0,0,43,14,0,0,0,0,0,40,0,0,0,0,0,0,0,0,0,0,0,0,0,0,0,0,0,0,0,0,0,strafe_right
0,0,0,0,0,0,0,0,0,0,0,0,0,0,18,0,0,0,0,0,0,0,0,0,0,7,74,0,0,0,0,0,10,0,0,0,0,38,106,0,0,0,0,0,0,0,0,0,0,0,0,0,0,0,0,79,23,0,0,0,0,0,0,0,0,0,0,43,14,0,0,0,0,0,40,0,0,0,0,0,0,0,0,0,0,0,0,0,0,0,0,0,0,0,0,0,strafe_right
0,0,0,0,0,0,0,0,0,0,0,0,0,0,0,0,0,0,0,0,0,0,0,0,0,0,64,0,0,0,0,0,27,0,0,0,0,24,86,0,0,0,0,0,0,0,0,0,0,0,0,0,0,0,0,79,23,0,0,0,0,0,0,0,0,0,0,43,14,0,0,0,0,0,40,0,0,0,0,0,0,0,0,0,0,0,0,0,0,0,0,0,0,0,0,0,strafe_right
0,0,0,0,0,0,0,0,0,0,0,0,0,0,0,0,0,0,0,0,0,0,0,0,0,0,56,0,0,0,0,0,30,0,0,0,0,16,81,0,0,0,0,0,0,0,0,0,0,0,0,0,0,0,0,79,23,0,0,0,0,0,0,0,0,0,0,43,14,0,0,0,0,0,40,0,0,0,0,0,0,0,0,0,0,0,0,0,0,0,0,0,0,0,0,0,strafe_right
0,0,0,0,0,0,0,0,0,0,0,0,0,0,0,0,0,0,0,0,0,0,0,0,0,0,47,0,0,0,0,0,34,0,0,0,0,0,69,0,0,0,0,0,7,0,0,0,0,0,0,0,0,0,0,79,23,0,0,0,0,0,0,0,0,0,0,43,14,0,0,0,0,0,40,0,0,0,0,0,0,0,0,0,0,0,0,0,0,0,0,0,0,0,0,0,strafe_right
0,0,0,0,0,0,0,0,0,0,0,0,0,0,0,0,0,0,0,0,0,0,0,0,0,0,41,0,0,0,0,0,38,4,0,0,0,0,50,0,0,0,0,0,9,0,0,0,0,0,0,0,0,0,0,56,0,0,0,0,0,0,20,0,0,0,0,18,0,0,0,0,0,0,69,0,0,0,0,0,0,0,0,0,0,0,0,0,0,0,0,0,0,0,0,0,strafe_right
0,0,0,0,0,0,0,0,0,0,0,8,0,0,0,0,0,0,0,0,0,0,0,0,0,0,35,0,0,0,0,0,37,5,0,0,0,0,41,0,0,0,0,0,5,0,0,0,0,0,0,0,0,0,0,69,0,0,0,0,0,0,12,0,0,0,0,23,0,0,0,0,0,0,62,0,0,0,0,0,0,0,0,0,0,0,0,0,0,0,0,0,0,0,0,0,strafe_right
0,0,0,0,0,0,0,0,0,0,0,31,0,0,0,0,0,0,0,0,0,0,0,0,0,0,33,0,0,0,0,0,33,0,0,0,0,0,47,0,0,0,0,0,0,0,0,0,0,0,0,0,0,0,0,44,0,0,0,0,0,0,10,0,0,0,0,22,0,0,0,0,0,0,58,0,0,0,0,0,0,0,0,0,0,0,0,0,0,0,0,0,0,0,0,0,strafe_right
0,0,0,0,0,0,0,0,0,0,0,0,0,0,0,0,0,0,0,0,0,0,0,0,0,0,53,0,0,0,0,0,34,0,0,0,0,5,76,0,0,0,0,0,4,0,0,0,0,0,0,0,0,0,0,44,0,0,0,0,0,0,10,0,0,0,0,22,0,0,0,0,0,0,58,0,0,0,0,0,0,0,0,0,0,0,0,0,0,0,0,0,0,0,0,0,strafe_right
0,0,0,0,0,0,0,0,0,0,0,0,0,0,0,0,0,0,0,0,0,0,0,0,0,0,49,0,0,0,0,0,35,0,0,0,0,0,70,0,0,0,0,0,8,0,0,0,0,0,0,0,0,0,0,44,0,0,0,0,0,0,10,0,0,0,0,22,0,0,0,0,0,0,58,0,0,0,0,0,0,0,0,0,0,0,0,0,0,0,0,0,0,0,0,0,strafe_right
0,0,0,0,0,0,0,0,0,0,0,3,0,0,0,0,0,0,0,0,0,0,0,0,0,0,37,0,0,0,0,0,41,10,0,0,0,0,41,0,0,0,0,0,15,0,0,0,0,0,0,0,0,0,0,76,0,0,0,0,0,0,14,0,0,0,0,11,0,0,0,0,0,0,67,0,0,0,0,0,0,0,0,0,0,0,0,0,0,0,0,0,0,0,0,0,strafe_right
0,0,0,0,0,0,0,0,0,0,0,6,0,0,0,0,0,0,0,0,0,0,0,0,0,0,36,0,0,0,0,0,39,6,0,0,0,0,40,0,0,0,0,0,16,0,0,0,0,0,0,0,0,0,0,80,0,0,0,0,0,0,14,0,0,0,0,15,0,0,0,0,0,0,65,0,0,0,0,0,0,0,0,0,0,0,0,0,0,0,0,0,0,0,0,0,strafe_right
0,0,0,0,0,0,0,0,0,0,0,3,0,0,0,0,0,0,0,0,0,0,0,0,0,0,55,0,0,0,0,0,35,0,0,0,0,3,69,0,0,0,0,0,6,0,0,0,0,0,0,0,0,0,0,66,0,0,0,0,0,0,14,0,0,0,0,17,0,0,0,0,0,0,68,0,0,0,0,0,0,0,0,0,0,0,0,0,0,0,0,0,0,0,0,0,strafe_right
0,0,0,0,0,0,0,31,8,0,0,0,0,10,34,0,0,0,0,10,3,0,0,0,0,61,91,0,0,0,0,0,5,0,0,0,0,35,66,0,0,0,0,0,5,0,0,0,0,0,0,0,0,0,0,61,5,0,0,0,0,0,14,0,0,0,0,27,16,0,0,0,0,0,40,0,0,0,0,0,0,0,0,0,0,0,0,0,0,0,0,0,0,0,0,0,none
0,0,0,0,0,0,0,31,12,0,0,0,0,10,34,0,0,0,0,9,3,0,0,0,0,61,91,0,0,0,0,0,5,0,0,0,0,35,65,0,0,0,0,0,6,0,0,0,0,0,0,0,0,0,0,61,0,0,0,0,0,0,14,0,0,0,0,27,17,0,0,0,0,0,39,0,0,0,0,0,0,0,0,0,0,0,0,0,0,0,0,0,0,0,0,0,none
0,0,0,0,0,0,0,53,21,0,0,0,0,0,15,0,0,0,0,21,15,0,0,0,0,25,67,0,0,0,0,0,26,0,0,0,0,0,35,0,0,0,0,0,21,0,0,0,0,0,0,0,0,0,0,57,5,0,0,0,0,0,11,0,0,0,0,31,25,0,0,0,0,0,35,0,0,0,0,5,0,0,0,0,0,0,0,0,0,0,0,5,0,0,0,0,none
0,0,0,0,0,0,0,51,20,0,0,0,0,0,16,0,0,0,0,20,14,0,0,0,0,30,71,0,0,0,0,0,24,0,0,0,0,0,42,0,0,0,0,0,19,0,0,0,0,0,0,0,0,0,0,58,5,0,0,0,0,0,10,0,0,0,0,32,25,0,0,0,0,0,36,0,0,0,0,3,0,0,0,0,0,0,0,0,0,0,0,3,0,0,0,0,none
0,0,0,0,0,0,0,50,19,0,0,0,0,0,23,0,0,0,0,18,11,0,0,0,0,36,76,0,0,0,0,0,20,0,0,0,0,0,51,0,0,0,0,0,18,0,0,0,0,0,0,0,0,0,0,58,5,0,0,0,0,0,15,0,0,0,0,27,20,0,0,0,0,0,38,0,0,0,0,0,0,0,0,0,0,0,0,0,0,0,0,0,0,0,0,0,none
0,0,0,0,0,0,0,55,22,0,0,0,0,0,3,0,0,0,0,18,23,0,0,0,0,0,47,0,0,0,0,0,39,0,0,0,0,0,30,0,0,0,0,0,30,0,0,0,0,0,0,0,0,0,0,51,0,0,0,0,0,0,0,0,0,0,0,42,54,0,0,0,0,0,0,0,0,0,0,23,29,0,33,0,0,0,0,0,0,0,0,29,36,0,0,0,forward
0,0,0,0,0,0,0,56,22,0,0,0,0,0,6,0,0,0,0,21,23,0,0,0,0,0,48,0,0,0,0,0,39,0,0,0,0,0,31,0,0,0,0,0,30,0,0,0,0,0,0,0,0,0,0,51,0,0,0,0,0,0,0,0,0,0,0,42,54,0,0,0,0,0,0,0,0,0,0,23,29,0,33,0,0,0,0,0,0,0,0,29,36,0,0,0,forward
0,0,0,0,0,0,0,12,30,0,0,0,0,0,0,0,0,0,0,26,38,0,0,0,0,0,38,0,0,0,0,0,46,0,0,0,0,0,7,0,0,0,0,0,27,0,0,0,0,0,0,0,0,0,4,71,0,0,0,0,0,0,0,0,0,0,0,69,62,0,0,0,0,0,0,0,0,0,0,16,23,0,46,0,0,0,0,0,0,0,0,9,0,0,0,0,forward
0,0,0,0,0,0,0,0,26,0,0,0,0,0,0,0,0,0,0,21,64,3,0,0,0,0,0,0,0,0,0,0,75,31,0,0,0,0,0,0,0,0,0,0,41,0,0,13,0,0,0,0,0,0,4,72,0,0,0,0,0,0,0,0,0,0,0,69,61,0,0,0,0,0,0,0,0,0,0,17,24,0,46,0,0,0,0,0,0,0,0,8,0,0,0,0,forward
0,0,0,0,0,0,0,0,23,0,0,0,0,0,0,0,0,0,0,21,61,0,0,0,0,0,18,0,0,0,0,0,67,23,0,0,0,0,0,0,0,0,0,0,38,0,0,5,0,0,0,0,0,0,5,71,0,0,0,0,0,0,0,0,0,0,0,70,61,0,0,0,0,0,0,0,0,0,0,17,23,0,44,0,0,0,0,0,0,0,0,9,0,0,0,0,forward
0,0,0,0,0,0,0,0,28,0,0,0,0,0,0,0,0,0,0,20,58,0,0,0,0,0,26,0,0,0,0,0,63,21,0,0,0,0,0,0,0,0,0,0,35,0,0,0,0,0,0,0,0,0,5,71,0,0,0,0,0,0,0,0,0,0,0,67,62,0,0,0,0,0,0,0,0,0,0,17,23,0,45,0,0,0,0,0,0,0,0,9,0,0,0,0,forward
0,0,0,0,0,0,0,0,28,0,0,0,0,0,0,0,0,0,0,18,59,0,0,0,0,0,22,0,0,0,0,0,66,23,0,0,0,0,0,0,0,0,0,0,35,0,0,6,0,0,0,0,0,0,6,71,0,0,0,0,0,0,0,0,0,0,0,70,61,0,0,0,0,0,0,0,0,0,0,18,21,0,47,0,0,0,0,0,0,0,0,8,0,0,0,0,forward
0,0,0,0,0,0,0,0,37,0,0,0,0,0,0,0,0,0,0,14,71,9,0,0,0,0,0,0,0,0,0,0,76,40,0,0,0,0,0,0,0,0,0,0,39,0,0,0,0,0,0,0,0,0,0,72,0,0,0,0,0,0,0,0,0,0,0,67,61,0,0,0,0,0,0,0,0,0,0,23,39,0,85,0,0,0,0,0,0,0,0,9,0,0,0,0,forward
0,0,0,0,0,0,0,0,33,0,0,0,0,0,0,0,0,0,0,0,88,28,0,0,0,0,0,0,0,0,0,0,90,69,0,0,0,0,0,0,0,0,0,0,47,0,0,27,0,0,0,0,0,0,0,67,0,0,0,0,0,0,0,0,0,0,0,61,62,0,0,0,0,0,0,0,0,0,0,19,47,0,112,0,0,0,0,0,0,0,0,14,17,0,0,0,forward
0,0,0,0,0,0,0,0,30,0,0,0,0,0,0,0,0,0,0,0,90,38,0,0,0,0,0,0,0,0,0,0,82,75,0,0,0,0,0,0,0,0,0,0,52,3,0,36,0,0,0,0,0,0,0,66,0,0,0,0,0,0,0,0,0,0,0,54,61,0,0,0,0,0,0,0,0,0,0,12,51,0,127,0,0,0,0,0,0,0,0,0,20,0,0,0,forward
0,0,0,0,0,0,0,0,30,0,0,0,0,0,0,0,0,0,0,0,85,25,0,0,0,0,0,0,0,0,0,0,89,65,0,0,0,0,0,0,0,0,0,0,49,0,0,0,0,0,0,0,0,0,0,75,0,0,0,0,0,0,0,0,0,0,0,66,66,0,0,0,0,0,0,0,0,0,0,22,43,0,51,0,0,0,0,0,0,0,0,5,14,0,0,0,forward
0,0,0,0,0,0,0,0,0,0,0,0,0,0,96,0,0,0,0,0,0,0,0,0,0,123,162,21,0,0,0,0,0,0,0,0,0,80,117,0,0,0,0,0,0,0,0,0,0,0,0,0,0,0,0,0,0,0,0,0,0,0,0,0,0,0,0,0,0,0,0,0,3,12,13,0,0,0,0,0,0,0,0,0,148,49,23,0,0,0,0,0,0,0,0,0,backward
0,0,0,0,0,0,0,0,0,0,0,0,0,0,108,0,0,0,0,0,0,0,0,0,0,131,164,24,0,0,0,0,0,0,0,0,0,87,118,0,0,0,0,0,0,0,0,0,0,0,0,0,0,0,0,0,0,0,0,0,0,0,0,0,0,0,0,0,0,0,0,0,25,4,0,0,0,0,0,0,0,0,0,0,169,40,7,0,0,0,0,0,0,0,0,0,backward
0,0,0,0,0,0,0,0,0,0,0,0,0,0,29,0,0,0,0,0,0,0,0,0,0,127,150,0,0,0,0,0,0,0,0,0,7,126,126,0,0,0,0,0,0,0,0,0,0,0,0,0,0,0,0,0,0,0,0,0,0,0,0,0,0,0,0,0,0,0,0,0,69,27,16,0,0,0,0,0,0,0,0,0,180,58,15,0,0,0,0,0,0,0,0,0,backward
0,0,0,0,0,0,0,0,0,0,0,0,0,0,16,0,0,0,0,0,0,0,0,0,0,111,148,0,0,0,0,0,0,0,0,0,6,135,124,0,0,0,0,0,0,0,0,0,0,0,0,0,0,0,0,0,0,0,0,0,0,0,0,0,0,0,0,0,0,0,0,0,73,34,38,0,0,0,0,0,0,0,0,0,160,51,16,0,0,0,0,0,0,0,0,0,backward
0,0,0,0,0,0,0,0,0,0,0,0,0,0,73,0,0,0,0,0,0,0,0,0,0,109,159,17,0,0,0,0,0,0,0,0,0,107,123,0,0,0,0,0,0,0,0,0,0,0,0,0,0,0,0,0,0,0,0,0,0,0,0,0,0,0,0,0,0,0,0,0,57,37,54,0,0,0,0,0,0,0,0,0,152,59,23,0,0,0,0,0,0,0,0,0,backward
0,0,0,0,0,0,0,0,0,0,0,0,0,0,78,0,0,0,0,0,0,0,0,0,0,99,158,20,0,0,0,0,0,0,0,0,0,109,126,0,0,0,0,0,0,0,0,0,0,0,0,0,0,0,0,0,0,0,0,0,0,0,0,0,0,0,0,0,0,0,0,0,41,37,55,0,0,0,0,0,0,0,0,0,145,64,33,0,0,0,0,0,0,0,0,0,backward
0,0,0,0,0,0,0,0,0,0,0,0,0,0,46,0,0,0,0,0,0,0,0,0,0,54,148,30,0,0,0,0,0,0,0,0,0,95,129,17,0,0,0,0,0,0,0,0,0,0,0,0,0,0,0,52,0,0,0,0,0,0,0,0,0,0,0,15,0,0,0,0,0,14,69,0,0,0,0,0,0,0,0,0,52,51,66,0,0,0,0,0,0,0,0,0,backward
0,0,0,0,0,0,0,0,0,0,0,0,0,0,45,0,0,0,0,0,0,0,0,0,0,51,148,30,0,0,0,0,0,0,0,0,0,93,129,17,0,0,0,0,0,0,0,0,0,0,0,0,0,0,0,53,0,0,0,0,0,0,0,0,0,0,0,19,0,0,0,0,0,14,67,0,0,0,0,0,0,0,0,0,50,48,65,0,0,0,0,0,0,0,0,0,backward
0,0,0,0,0,0,0,0,0,0,0,0,0,0,40,0,0,0,0,4,11,0,0,0,0,39,130,28,0,0,0,0,0,0,0,0,0,70,127,19,0,0,0,0,0,0,0,0,0,0,0,0,0,0,0,62,0,0,0,0,0,0,0,0,0,0,0,31,0,0,0,0,0,5,56,0,0,0,0,0,0,0,0,0,27,37,62,0,0,0,0,0,0,0,0,0,backward
0,0,0,0,0,0,0,0,0,0,0,0,0,0,92,0,0,0,0,0,0,0,0,0,0,83,163,33,0,0,0,0,0,0,0,0,0,52,120,0,0,0,0,0,0,0,0,0,0,0,0,0,0,0,0,49,0,0,0,0,0,0,29,0,0,0,0,9,0,0,0,0,0,0,65,0,0,0,0,0,0,0,0,0,0,0,0,0,0,0,0,0,0,0,0,0,backward
0,0,0,0,0,0,0,0,0,0,0,0,0,0,84,0,0,0,0,0,0,0,0,0,0,76,160,34,0,0,0,0,0,0,0,0,0,42,116,0,0,0,0,0,0,0,0,0,0,0,0,0,0,0,0,49,0,0,0,0,0,0,29,0,0,0,0,9,0,0,0,0,0,0,65,0,0,0,0,0,0,0,0,0,0,0,0,0,0,0,0,0,0,0,0,0,backward
0,0,0,0,0,0,0,0,0,0,0,0,0,0,0,0,0,0,0,0,7,0,0,0,0,0,72,0,0,0,0,0,17,6,0,0,0,0,42,0,0,0,0,0,37,5,0,0,0,0,0,0,0,0,0,71,0,0,0,0,0,0,8,0,0,0,0,9,0,0,0,0,0,0,61,0,0,0,0,0,0,0,0,0,0,0,30,0,0,0,0,0,0,0,0,0,strafe_right
0,0,0,0,0,0,0,0,0,0,0,0,0,0,0,0,0,0,0,0,10,0,0,0,0,0,64,0,0,0,0,0,24,16,0,0,0,0,37,0,0,0,0,0,38,16,0,0,0,0,0,0,0,0,0,30,0,0,0,0,0,0,14,0,0,0,0,86,14,0,0,0,0,0,52,0,0,0,0,0,0,0,0,0,0,0,29,0,0,0,0,0,0,0,0,0,strafe_right
0,0,0,0,0,0,0,0,0,0,0,0,0,0,0,0,0,0,0,0,23,0,0,0,0,0,69,0,0,0,0,0,19,15,0,0,0,0,47,0,0,0,0,0,32,9,0,0,9,0,0,0,0,0,0,66,12,0,0,0,0,0,38,0,0,0,0,0,0,0,0,0,0,0,43,0,0,0,0,0,0,0,0,0,0,0,0,0,0,0,0,0,0,0,0,0,strafe_right
0,0,0,0,0,0,0,0,0,0,0,0,0,0,0,0,0,0,0,0,23,0,0,0,0,0,53,0,0,0,0,0,32,26,0,0,0,0,27,0,0,0,0,0,37,18,0,15,11,5,0,0,0,0,0,70,16,0,0,0,0,0,40,0,0,0,0,0,0,0,0,0,0,0,44,0,0,0,0,0,0,0,0,0,0,0,0,0,0,0,0,0,0,0,0,0,strafe_right
0,0,0,0,0,0,0,0,0,0,0,0,0,0,0,0,0,0,0,0,21,3,0,0,0,0,54,0,0,0,0,0,31,25,0,0,0,0,27,0,0,0,0,0,37,17,0,16,10,6,0,0,0,0,0,70,16,0,0,0,0,0,39,0,0,0,0,0,0,0,0,0,0,0,44,0,0,0,0,0,0,0,0,0,0,0,0,0,0,0,0,0,0,0,0,0,strafe_right
0,0,0,0,0,0,0,0,0,0,0,0,0,0,0,0,0,0,0,0,20,3,0,0,0,0,57,0,0,0,0,0,31,25,0,0,0,0,28,0,0,0,0,0,36,18,0,13,11,5,0,0,0,0,0,69,16,0,0,0,0,0,40,0,0,0,0,0,0,0,0,0,0,0,45,0,0,0,0,0,0,0,0,0,0,0,0,0,0,0,0,0,0,0,0,0,strafe_right
0,0,0,0,0,0,0,0,0,0,0,0,0,0,0,0,0,0,0,0,13,0,0,0,0,0,62,0,0,0,0,0,22,14,0,0,0,0,41,0,0,0,0,0,33,11,0,0,10,5,0,0,0,0,0,70,17,0,0,0,0,0,36,0,0,0,0,0,0,0,0,0,0,0,46,0,0,0,0,0,0,0,0,0,0,0,0,0,0,0,0,0,0,0,0,0,strafe_right
0,0,0,0,0,0,0,13,100,0,0,0,0,7,101,63,0,0,0,0,0,0,0,0,0,0,115,0,0,0,0,0,0,0,0,0,0,0,0,0,0,0,0,0,0,0,0,0,0,0,0,0,0,0,0,0,0,0,0,0,0,0,0,0,0,0,0,0,0,0,0,0,0,0,0,0,0,0,0,0,18,0,31,0,0,5,27,0,0,0,0,30,32,0,0,0,strafe_left
0,0,0,0,0,0,0,11,100,0,0,0,0,11,101,63,0,0,0,0,0,0,0,0,0,0,118,0,0,0,0,0,0,0,0,0,0,0,3,0,0,0,0,0,0,0,0,0,0,0,0,0,0,0,0,0,0,0,0,0,0,0,0,0,0,0,0,0,0,0,0,0,0,0,0,0,0,0,0,0,17,0,20,0,0,4,27,0,0,0,0,31,28,0,0,0,strafe_left
0,0,0,0,0,0,0,15,101,0,0,0,0,21,112,67,0,0,0,0,0,0,0,0,0,0,120,0,0,0,0,0,0,0,0,0,0,0,0,0,0,0,0,0,0,0,0,0,0,0,0,0,0,0,0,0,0,0,0,0,0,0,0,0,0,0,0,0,0,0,0,0,0,0,0,0,0,0,0,0,16,0,24,0,0,4,27,0,0,0,0,25,29,0,0,0,strafe_left
0,0,0,0,0,0,0,15,109,0,0,0,0,23,113,69,0,0,0,0,0,0,0,0,0,0,119,0,0,0,0,0,0,0,0,0,0,0,0,0,0,0,0,0,0,0,0,0,0,0,0,0,0,0,0,0,0,0,0,0,0,0,0,0,0,0,0,0,0,0,0,0,0,0,0,0,0,0,0,0,15,0,18,0,0,4,28,0,0,0,0,22,27,0,0,0,strafe_left
0,0,0,0,0,0,0,35,161,0,0,0,0,0,63,40,0,0,0,0,0,0,0,0,0,0,95,0,0,0,0,0,0,0,0,0,0,0,0,0,0,0,0,0,0,0,0,0,0,0,0,0,0,0,0,0,0,0,0,0,0,0,0,0,0,0,0,0,0,0,0,0,0,0,0,0,0,0,0,0,16,0,21,0,0,0,25,0,0,0,0,24,31,0,0,0,strafe_left
0,0,0,0,0,0,0,32,142,0,0,0,0,0,61,37,0,0,0,0,0,0,0,0,0,0,91,0,0,0,0,0,0,0,0,0,0,0,0,0,0,0,0,0,0,0,0,0,0,0,0,0,0,0,0,0,0,0,0,0,0,0,0,0,0,0,0,0,0,0,0,0,0,0,0,0,0,0,0,0,15,0,8,0,0,0,26,0,0,0,0,20,24,0,0,0,strafe_left
0,0,0,0,0,0,0,22,78,0,0,0,0,11,94,51,0,0,0,0,0,0,0,0,0,0,117,0,0,0,0,0,0,0,0,0,0,0,0,0,0,0,0,0,0,0,0,0,0,0,0,0,0,0,0,0,0,0,0,0,0,0,0,0,0,0,0,0,0,0,0,0,0,0,0,0,0,0,0,0,14,0,4,0,0,10,28,0,0,0,0,20,21,0,0,0,strafe_left
0,0,0,0,0,0,0,13,48,0,0,0,0,9,88,44,0,0,0,0,0,0,0,0,0,0,123,10,0,0,0,0,0,0,0,0,0,0,28,0,0,0,0,0,0,0,0,0,0,0,0,0,0,0,0,0,0,0,0,0,0,0,0,0,0,0,0,0,0,0,0,0,0,0,3,0,0,0,0,0,18,0,0,0,0,15,31,0,0,0,0,22,22,0,0,0,strafe_left
0,0,0,0,0,0,0,8,42,0,0,0,0,11,98,50,0,0,0,0,0,0,0,0,0,0,137,17,0,0,0,0,0,0,0,0,0,0,45,0,0,0,0,0,0,0,0,0,0,0,0,0,0,0,0,0,0,0,0,0,0,0,0,0,0,0,0,0,0,0,0,0,0,0,5,0,0,0,0,0,18,0,0,0,0,16,34,0,0,0,0,20,19,0,0,0,strafe_left
0,0,0,0,0,0,0,0,41,0,0,0,0,4,106,59,0,0,0,0,0,0,0,0,0,4,131,17,0,0,0,0,0,0,0,0,0,0,56,0,0,0,0,0,0,0,0,0,0,0,0,0,0,0,0,0,0,0,0,0,0,0,0,0,0,0,0,0,0,0,0,0,0,0,8,0,0,0,0,0,20,0,0,0,3,14,35,0,0,0,0,7,31,0,0,0,strafe_left
0,0,0,0,0,0,0,0,21,0,0,0,0,16,119,58,0,0,0,0,0,0,0,0,0,29,146,21,0,0,0,0,0,0,0,0,0,0,66,0,0,0,0,0,0,0,0,0,0,0,0,0,0,0,0,0,0,0,0,0,0,0,0,0,0,0,0,10,12,0,0,0,0,0,24,0,0,0,0,0,14,0,0,0,8,17,36,0,0,0,0,0,19,0,0,0,strafe_left
0,0,0,0,0,0,0,0,29,0,0,0,0,18,120,61,0,0,0,0,0,0,0,0,0,22,146,24,0,0,0,0,0,0,0,0,0,0,61,0,0,0,0,0,0,0,0,0,0,0,0,0,0,0,0,0,0,0,0,0,0,0,0,0,0,0,0,0,0,0,0,0,0,0,18,0,0,0,0,0,20,0,0,0,6,16,32,0,0,0,0,8,25,0,0,0,strafe_left
0,0,0,0,0,0,0,0,63,0,0,0,0,0,98,54,0,0,0,0,0,0,0,0,0,0,128,15,0,0,0,0,0,0,0,0,0,0,50,0,0,0,0,0,0,0,0,0,0,0,0,0,0,0,0,0,0,0,0,0,0,0,0,0,0,0,0,0,0,0,0,0,0,0,11,0,0,0,0,0,20,0,0,0,6,17,32,0,0,0,0,9,27,0,0,0,strafe_left
0,0,0,0,0,0,0,3,69,0,0,0,0,0,92,50,0,0,0,0,0,0,0,0,0,0,124,18,0,0,0,0,0,0,0,0,0,0,55,0,0,0,0,0,0,0,0,0,0,0,0,0,0,0,0,0,0,0,0,0,0,0,0,0,0,0,0,0,0,0,0,0,0,0,13,0,0,0,0,0,20,0,0,0,6,17,33,0,0,0,0,8,27,0,0,0,strafe_left
0,0,0,0,0,0,0,4,70,0,0,0,0,0,85,46,0,0,0,0,0,0,0,0,0,0,122,17,0,0,0,0,0,0,0,0,0,0,58,0,0,0,0,0,0,0,0,0,0,0,0,0,0,0,0,0,0,0,0,0,0,0,0,0,0,0,0,0,0,0,0,0,0,0,13,0,0,0,0,0,21,0,0,0,6,18,32,0,0,0,0,7,25,0,0,0,strafe_left
0,0,0,0,0,0,0,20,108,0,0,0,0,0,50,28,0,0,0,0,0,0,0,0,0,0,96,6,0,0,0,0,0,0,0,0,0,0,18,0,0,0,0,0,0,0,0,0,0,0,0,0,0,0,0,0,0,0,0,0,0,0,0,0,0,0,0,0,7,0,0,0,0,0,11,0,0,0,0,0,24,0,0,0,0,9,29,0,0,0,0,10,28,0,0,0,strafe_left
0,0,0,0,0,0,0,28,127,0,0,0,0,0,34,14,0,0,0,0,0,0,0,0,0,0,89,0,0,0,0,0,0,0,0,0,0,0,0,0,0,0,0,0,0,0,0,0,0,0,0,0,0,0,0,0,0,0,0,0,0,0,0,0,0,0,0,6,13,0,0,0,0,0,12,0,0,0,0,0,23,0,0,0,0,11,29,0,0,0,0,7,25,0,0,0,strafe_left
0,0,0,0,0,0,0,25,116,0,0,0,0,0,43,22,0,0,0,0,0,0,0,0,0,0,88,0,0,0,0,0,0,0,0,0,0,0,0,0,0,0,0,0,0,0,0,0,0,0,0,0,0,0,0,0,0,0,0,0,0,0,0,0,0,0,0,5,13,0,0,0,0,0,12,0,0,0,0,0,24,0,0,0,0,9,29,0,0,0,0,4,23,0,0,0,strafe_left
0,0,0,0,0,0,0,0,37,0,0,0,0,28,145,72,0,0,0,0,0,0,0,0,0,19,147,7,0,0,0,0,0,0,0,0,0,0,49,0,0,0,0,0,0,0,0,0,0,0,0,0,0,0,0,0,0,0,0,0,0,0,0,0,0,0,0,8,14,0,0,0,0,0,17,0,0,0,0,0,21,0,0,0,0,12,34,0,0,0,0,0,20,0,0,0,strafe_left
0,0,0,0,0,0,0,0,37,0,0,0,0,23,152,76,0,0,0,0,0,0,0,0,0,17,150,16,0,0,0,0,0,0,0,0,0,0,53,0,0,0,0,0,0,0,0,0,0,0,0,0,0,0,0,0,0,0,0,0,0,0,0,0,0,0,0,0,6,0,0,0,0,0,15,0,0,0,0,0,20,0,0,0,6,14,33,0,0,0,0,8,23,0,0,0,strafe_left
0,0,0,0,0,0,0,0,35,0,0,0,0,10,145,74,0,0,0,0,0,0,0,0,0,20,152,26,0,0,0,0,0,0,0,0,0,0,62,0,0,0,0,0,0,0,0,0,0,0,0,0,0,0,0,0,0,0,0,0,0,0,0,0,0,0,0,0,0,0,0,0,0,0,4,0,0,0,0,0,18,0,0,0,5,18,32,0,0,0,0,10,35,0,0,0,strafe_left
0,0,0,0,0,0,0,0,51,0,0,0,0,0,91,47,0,0,0,0,0,0,0,0,0,0,136,29,0,0,0,0,0,0,0,0,0,0,60,0,0,0,0,0,0,0,0,0,0,0,0,0,0,0,0,0,0,0,0,0,0,0,0,0,0,0,0,0,0,0,0,0,0,0,8,0,0,0,0,0,18,0,0,0,0,17,32,0,0,0,0,8,31,0,0,0,strafe_left
0,0,0,0,0,0,0,19,108,0,0,0,0,0,39,20,0,0,0,0,0,0,0,0,0,0,79,0,0,0,0,0,0,0,0,0,0,0,5,0,0,0,0,0,0,0,0,0,0,0,0,0,0,0,0,0,0,0,0,0,0,0,0,0,0,0,0,0,0,0,0,0,0,0,5,0,0,0,0,0,21,0,0,0,0,7,27,0,0,0,0,8,32,0,0,0,strafe_left
0,0,0,0,0,0,0,25,120,0,0,0,0,0,26,6,0,0,0,0,0,0,0,0,0,0,38,0,0,0,0,0,0,0,0,0,0,0,0,0,0,0,0,0,0,0,0,0,0,0,0,0,0,0,0,0,0,0,0,0,0,0,0,0,0,0,0,0,0,0,0,0,0,0,0,0,0,0,0,0,21,0,0,0,0,4,27,0,0,0,0,14,29,0,0,0,strafe_left
0,0,0,0,0,0,0,33,152,0,0,0,0,0,17,0,0,0,0,0,0,0,0,0,0,0,9,0,0,0,0,0,0,0,0,0,0,0,0,0,0,0,0,0,0,0,0,0,0,0,0,0,0,0,0,0,0,0,0,0,0,0,0,0,0,0,0,0,0,0,0,0,0,0,0,0,0,0,0,0,22,0,7,0,0,0,26,0,0,0,0,14,29,0,0,0,strafe_left
0,0,0,0,0,0,0,42,202,4,0,0,0,0,0,0,0,0,0,0,0,0,0,0,0,0,0,0,0,0,0,0,0,0,0,0,0,0,0,0,0,0,0,0,0,0,0,0,0,0,0,0,0,0,0,0,0,0,0,0,0,0,0,0,0,0,0,0,0,0,0,0,0,0,0,0,0,0,0,0,23,0,28,0,0,0,10,0,0,0,0,19,36,0,0,0,strafe_left
0,0,0,0,0,0,0,29,129,0,0,0,0,0,33,11,0,0,0,0,0,0,0,0,0,0,43,0,0,0,0,0,0,0,0,0,0,0,0,0,0,0,0,0,0,0,0,0,0,0,0,0,0,0,0,0,0,0,0,0,0,0,0,0,0,0,0,0,0,0,0,0,0,0,0,0,0,0,0,0,24,0,26,0,0,0,15,0,0,0,0,17,38,0,0,0,strafe_left
0,0,10,0,0,0,0,24,119,0,0,0,0,0,41,23,0,0,0,0,0,0,0,0,0,0,56,0,0,0,0,0,0,0,0,0,0,0,0,0,0,0,0,0,0,0,0,0,0,0,0,0,0,0,0,0,0,0,0,0,0,0,0,0,0,0,0,0,0,0,0,0,0,0,0,0,0,0,0,0,21,0,14,0,0,0,20,0,0,0,0,13,36,0,0,0,strafe_left
0,0,17,0,0,0,0,23,125,0,0,0,0,0,52,29,0,0,0,0,0,0,0,0,0,0,52,0,0,0,0,0,0,0,0,0,0,0,0,0,0,0,0,0,0,0,0,0,0,0,0,0,0,0,0,0,0,0,0,0,0,0,0,0,0,0,0,0,0,0,0,0,0,0,0,0,0,0,0,0,20,0,7,0,0,0,22,0,0,0,0,15,33,0,0,0,strafe_left
0,0,11,0,0,0,0,25,161,0,0,0,0,0,44,20,0,0,0,0,0,0,0,0,0,0,20,0,0,0,0,0,0,0,0,0,0,0,0,0,0,0,0,0,0,0,0,0,0,0,0,0,0,0,0,0,0,0,0,0,0,0,0,0,0,0,0,0,0,0,0,0,0,0,0,0,0,0,0,0,22,0,8,0,0,0,21,0,0,0,0,16,33,0,0,0,strafe_left
0,0,25,0,0,0,0,10,87,0,0,0,0,0,77,44,0,0,0,0,0,0,0,0,0,0,88,0,0,0,0,0,0,0,0,0,0,0,0,0,0,0,0,0,0,0,0,0,0,0,0,0,0,0,0,0,0,0,0,0,0,0,0,0,0,0,0,0,0,0,0,0,0,0,3,0,0,0,0,0,22,0,0,0,0,0,23,0,0,0,0,13,31,0,0,0,strafe_left
0,0,0,0,0,0,0,13,67,0,0,0,0,0,37,17,0,0,0,0,0,0,0,0,0,0,86,0,0,0,0,0,0,0,0,0,0,0,0,0,0,0,0,0,0,0,0,0,0,0,0,0,0,0,0,0,0,0,0,0,0,0,0,0,0,0,0,0,0,0,0,0,0,0,6,0,0,0,0,0,19,0,0,0,0,0,30,0,0,0,0,11,30,0,0,0,strafe_left
0,0,0,0,0,0,0,0,0,0,0,0,0,0,0,0,0,0,0,0,0,0,0,0,0,0,63,0,0,0,0,0,20,4,0,0,0,0,35,0,0,0,0,0,56,17,0,29,0,0,0,0,0,0,0,82,5,0,0,0,0,0,51,0,0,0,0,0,0,0,0,0,0,0,65,0,0,0,0,0,0,0,0,0,0,0,0,0,0,0,0,0,0,0,0,0,strafe_right
0,0,0,0,0,0,0,0,0,0,0,0,0,0,0,0,0,0,0,0,0,0,0,0,0,0,64,0,0,0,0,0,19,5,0,0,0,0,36,0,0,0,0,0,55,18,0,33,0,0,0,0,0,0,0,81,6,0,0,0,0,0,52,0,0,0,0,0,0,0,0,0,0,0,66,0,0,0,0,0,0,0,0,0,0,0,0,0,0,0,0,0,0,0,0,0,strafe_right
0,0,0,0,0,0,0,0,0,0,0,0,0,0,0,0,0,0,0,0,0,0,0,0,0,0,65,0,0,0,0,0,19,6,0,0,0,0,35,0,0,0,0,0,56,19,0,33,0,0,0,0,0,0,3,85,6,0,0,0,0,0,52,0,0,0,0,0,0,0,0,0,0,0,66,0,0,0,0,0,0,0,0,0,0,0,0,0,0,0,0,0,0,0,0,0,strafe_right
0,0,0,0,0,0,0,0,0,0,0,0,0,0,0,0,0,0,0,0,0,0,0,0,0,0,62,0,0,0,0,0,18,7,0,0,0,0,37,0,0,0,0,0,56,20,0,34,0,0,0,0,0,0,4,85,6,0,0,0,0,0,52,0,0,0,0,0,0,0,0,0,0,0,65,0,0,0,0,0,0,0,0,0,0,0,0,0,0,0,0,0,0,0,0,0,strafe_right
0,0,0,0,0,0,0,0,0,0,0,0,0,0,0,0,0,0,0,0,8,0,0,0,0,0,53,0,0,0,0,0,26,14,0,0,0,0,22,0,0,0,0,0,54,24,0,46,0,0,0,0,0,0,7,95,10,0,0,0,0,0,45,0,0,0,0,0,0,0,0,0,0,0,63,0,0,0,0,0,0,0,0,0,0,0,0,0,0,0,0,0,0,0,0,0,strafe_right
0,0,0,0,0,0,0,0,0,0,0,0,0,0,0,0,0,0,0,0,12,0,0,0,0,0,51,0,0,0,0,0,31,19,0,0,0,0,16,0,0,0,0,0,57,26,0,54,0,0,0,0,0,0,17,129,29,0,0,0,0,0,21,0,0,0,0,0,0,0,0,0,0,0,50,0,0,0,0,0,0,0,0,0,0,0,0,0,0,0,0,0,0,0,0,0,strafe_right
0,0,0,0,0,0,0,0,0,0,0,0,0,0,0,0,0,0,0,0,0,0,0,0,0,0,66,0,0,0,0,0,0,0,0,0,0,0,29,0,0,0,0,0,45,9,0,23,0,0,0,0,0,0,21,137,35,0,0,0,0,0,13,0,0,0,0,5,0,0,0,0,0,0,44,0,0,0,0,0,0,0,0,0,0,0,0,0,0,0,0,0,0,0,0,0,strafe_right
0,0,0,0,0,0,0,0,0,0,0,0,0,0,0,0,0,0,0,0,0,0,0,0,0,0,68,0,0,0,0,0,0,0,0,0,0,0,30,0,0,0,0,0,45,7,0,19,0,0,0,0,0,0,21,137,35,0,0,0,0,0,13,0,0,0,0,5,0,0,0,0,0,0,44,0,0,0,0,0,0,0,0,0,0,0,0,0,0,0,0,0,0,0,0,0,strafe_right
0,0,0,0,0,0,0,0,0,0,0,0,0,0,0,0,0,0,0,0,0,0,0,0,0,0,67,0,0,0,0,0,0,0,0,0,0,0,30,0,0,0,0,0,46,8,0,15,0,0,0,0,0,0,11,108,19,0,0,0,0,0,40,0,0,0,0,0,0,0,0,0,0,0,64,0,0,0,0,0,0,0,0,0,0,0,6,0,0,0,0,0,0,0,0,0,strafe_right
0,0,0,0,0,0,0,0,0,0,0,0,0,0,0,0,0,0,0,0,0,0,0,0,0,0,60,0,0,0,0,0,0,0,0,0,0,0,31,0,0,0,0,0,43,10,0,13,0,0,0,0,0,0,23,129,32,0,0,0,0,0,28,0,0,0,0,0,0,0,0,0,0,0,62,0,0,0,0,0,0,0,0,0,0,0,0,0,0,0,0,0,0,0,0,0,strafe_right
0,0,0,0,0,0,0,0,0,0,0,0,0,0,0,0,0,0,0,0,0,0,0,0,0,0,81,0,0,0,0,0,0,0,0,0,0,0,50,0,0,0,0,0,36,0,0,0,0,0,0,0,0,0,5,78,6,0,0,0,0,0,48,0,0,0,0,0,0,0,0,0,0,0,69,0,0,0,0,0,0,0,0,0,0,0,4,0,0,0,0,0,0,0,0,0,strafe_right
0,0,0,0,0,0,0,0,0,0,0,0,0,0,0,0,0,0,0,0,0,0,0,0,0,0,84,0,0,0,0,0,0,0,0,0,0,4,55,0,0,0,0,0,29,0,0,0,0,0,0,0,0,0,0,38,0,0,0,0,0,9,65,0,0,0,0,0,0,0,0,0,0,19,71,0,0,0,0,0,0,0,0,0,0,0,8,0,0,0,0,0,0,0,0,0,strafe_right
0,0,0,0,0,0,0,0,0,0,0,0,0,0,0,0,0,0,0,0,0,0,0,0,0,0,85,0,0,0,0,0,0,0,0,0,0,3,52,0,0,0,0,0,32,0,0,0,0,0,0,0,0,0,0,60,0,0,0,0,0,0,64,0,0,0,0,0,0,0,0,0,0,11,69,0,0,0,0,0,0,0,0,0,0,0,0,0,0,0,0,0,0,0,0,0,strafe_right
0,0,0,0,0,0,0,0,0,0,0,0,0,0,0,0,0,0,0,0,0,0,0,0,0,0,72,0,0,0,0,0,0,0,0,0,0,0,35,0,0,0,0,0,33,0,0,13,0,0,0,0,0,0,13,78,0,0,0,0,0,0,52,0,0,0,0,0,0,0,0,0,0,0,64,0,0,0,0,0,0,0,0,0,0,0,0,0,0,0,0,0,0,0,0,0,strafe_right
0,0,0,0,0,0,0,0,0,0,0,0,0,0,0,0,0,0,0,0,0,0,0,0,0,0,57,0,0,0,0,0,0,0,0,0,0,0,25,0,0,0,0,0,37,4,0,25,0,0,0,0,0,0,24,102,22,0,0,0,0,0,34,0,0,0,0,0,0,0,0,0,0,0,57,0,0,0,0,0,0,0,0,0,0,0,0,0,0,0,0,0,0,0,0,0,strafe_right
0,0,0,0,0,0,0,0,0,0,0,0,0,0,0,0,0,0,0,0,0,0,0,0,0,0,58,0,0,0,0,0,0,0,0,0,0,0,22,0,0,0,0,0,42,5,0,32,0,0,0,0,0,0,26,107,25,0,0,0,0,0,31,0,0,0,0,0,0,0,0,0,0,0,55,0,0,0,0,0,0,0,0,0,0,0,0,0,0,0,0,0,0,0,0,0,strafe_right
0,0,0,0,0,0,0,0,0,0,0,0,0,0,0,0,0,0,0,0,0,0,0,0,0,0,68,0,0,0,0,0,0,0,0,0,0,0,38,0,0,0,0,0,36,0,0,0,0,0,0,0,0,0,26,135,36,0,0,0,0,0,20,0,0,0,0,0,0,0,0,0,0,0,50,0,0,0,0,0,0,0,0,0,0,0,0,0,0,0,0,0,0,0,0,0,strafe_right
0,0,0,0,0,0,0,0,21,0,0,0,0,0,56,7,0,0,0,0,7,0,0,0,0,4,103,23,0,0,0,0,0,0,0,0,0,0,88,7,0,0,0,0,0,0,0,0,0,0,0,0,0,0,0,49,0,0,0,0,0,0,0,0,0,0,0,28,39,0,0,0,0,0,25,0,0,0,0,3,24,0,0,0,0,6,33,0,0,0,0,0,9,0,0,0,none
0,0,0,0,0,0,0,0,20,0,0,0,0,0,39,3,0,0,0,0,12,0,0,0,0,0,89,17,0,0,0,0,11,0,0,0,0,0,61,0,0,0,0,0,19,0,0,0,0,0,0,0,0,0,0,47,0,0,0,0,0,0,0,0,0,0,0,29,39,0,0,0,0,0,21,0,0,0,0,0,23,0,0,0,0,7,35,0,0,0,0,0,8,0,0,0,none
0,0,0,0,0,0,0,0,23,0,0,0,0,0,0,0,0,0,0,8,23,0,0,0,0,0,80,7,0,0,0,0,18,0,0,0,0,0,64,0,0,0,0,0,12,0,0,0,0,0,0,0,0,0,0,68,22,0,0,0,0,0,0,0,0,0,0,41,37,0,0,0,0,0,20,0,0,0,0,16,7,0,0,0,0,0,10,0,0,0,0,0,0,0,0,0,none
0,0,0,0,0,0,0,0,22,0,0,0,0,0,0,0,0,0,0,4,17,0,0,0,0,0,85,6,0,0,0,0,9,0,0,0,0,8,76,3,0,0,0,0,5,0,0,0,0,0,0,0,0,0,0,68,22,0,0,0,0,0,0,0,0,0,0,41,37,0,0,0,0,0,20,0,0,0,0,16,7,0,0,0,0,0,10,0,0,0,0,0,0,0,0,0,none
0,0,0,0,0,0,0,0,24,0,0,0,0,0,0,0,0,0,0,8,17,0,0,0,0,0,92,13,0,0,0,0,13,0,0,0,0,12,80,4,0,0,0,0,12,0,0,0,0,0,0,0,0,0,0,19,0,0,0,0,0,0,0,0,0,0,0,55,52,0,0,0,0,0,22,0,0,0,0,0,17,0,0,0,0,0,21,0,0,0,0,7,40,0,0,0,none
0,0,0,0,0,0,0,0,25,0,0,0,0,0,0,0,0,0,0,9,21,0,0,0,0,0,93,15,0,0,0,0,16,0,0,0,0,12,71,0,0,0,0,0,12,0,0,0,0,0,0,0,0,0,0,14,0,0,0,0,0,0,0,0,0,0,0,49,40,0,0,0,0,0,35,0,0,0,0,0,10,0,0,0,3,26,33,0,0,0,0,6,31,0,0,0,none
0,0,0,0,0,0,0,0,20,0,0,0,0,0,0,0,0,0,0,6,17,0,0,0,0,0,97,18,0,0,0,0,5,0,0,0,0,31,91,8,0,0,0,0,3,0,0,0,0,0,0,0,0,0,0,20,0,0,0,0,0,0,0,0,0,0,0,50,41,0,0,0,0,0,36,0,0,0,0,0,10,0,0,0,4,24,32,0,0,0,0,4,32,0,0,0,none
0,0,0,0,0,0,0,0,25,0,0,0,0,0,0,0,0,0,0,4,13,0,0,0,0,0,101,19,0,0,0,0,0,0,0,0,0,34,94,7,0,0,0,0,0,0,0,0,0,0,0,0,0,0,0,21,0,0,0,0,0,0,0,0,0,0,0,50,42,0,0,0,0,0,37,0,0,0,0,0,10,0,0,0,5,21,32,0,0,0,0,0,31,0,0,0,none
0,0,0,0,0,0,0,0,25,0,0,0,0,0,4,0,0,0,0,3,13,0,0,0,0,0,101,19,0,0,0,0,0,0,0,0,0,35,98,8,0,0,0,0,0,0,0,0,0,0,0,0,0,0,0,21,0,0,0,0,0,0,0,0,0,0,0,51,43,0,0,0,0,0,34,0,0,0,0,0,9,0,0,0,4,23,33,0,0,0,0,5,29,0,0,0,none
0,0,0,0,0,0,0,0,23,0,0,0,0,0,3,0,0,0,0,3,12,0,0,0,0,0,103,17,0,0,0,0,0,0,0,0,0,47,100,9,0,0,0,0,0,0,0,0,0,0,0,0,0,0,0,19,0,0,0,0,0,0,0,0,0,0,0,47,31,0,0,0,0,0,38,0,0,0,0,0,8,0,0,0,0,20,30,0,0,0,0,7,25,0,0,0,none
0,0,0,0,0,0,0,0,0,0,0,0,0,0,0,0,0,0,0,0,0,0,0,0,0,0,0,0,0,0,0,0,0,0,0,0,0,0,0,0,0,0,0,0,0,0,0,0,0,0,0,0,0,0,0,0,0,0,0,0,0,0,0,0,0,0,0,0,0,0,0,0,0,0,0,0,0,0,0,0,0,0,0,0,0,0,0,0,0,0,0,0,0,0,0,0,none
0,0,0,0,0,0,0,0,0,0,0,0,0,0,0,0,0,0,0,0,0,0,0,0,0,0,0,0,0,0,0,0,0,0,0,0,0,0,0,0,0,0,0,0,0,0,0,0,0,0,0,0,0,0,0,0,0,0,0,0,0,0,0,0,0,0,0,0,0,0,0,0,0,0,0,0,0,0,0,0,0,0,0,0,0,0,0,0,0,0,0,0,0,0,0,0,none
0,0,0,0,0,0,0,0,0,0,0,0,0,0,0,0,0,0,0,0,0,0,0,0,0,0,0,0,0,0,0,0,0,0,0,0,0,0,0,0,0,0,0,0,0,0,0,0,0,0,0,0,0,0,0,0,0,0,0,0,0,0,0,0,0,0,0,0,0,0,0,0,0,0,0,0,0,0,0,0,0,0,0,0,0,0,0,0,0,0,0,0,0,0,0,0,none
0,0,0,0,0,0,0,0,0,0,0,0,0,0,0,0,0,0,0,0,0,0,0,0,0,0,0,0,0,0,0,0,0,0,0,0,0,0,0,0,0,0,0,0,0,0,0,0,0,0,0,0,0,0,0,0,0,0,0,0,0,0,0,0,0,0,0,0,0,0,0,0,0,0,0,0,0,0,0,0,0,0,0,0,0,0,0,0,0,0,0,0,0,0,0,0,none
0,0,0,0,0,0,0,0,0,0,0,0,0,185,134,0,0,0,0,0,0,0,0,0,0,162,120,0,0,0,0,0,0,0,0,0,0,0,0,0,0,0,0,0,0,0,0,0,0,0,0,0,0,0,0,0,0,0,0,0,0,12,74,0,0,0,0,0,0,0,0,0,0,72,88,0,0,0,0,0,0,0,0,0,0,3,20,0,0,0,0,0,0,0,0,0,backward
0,0,0,0,0,0,0,0,0,0,0,0,0,182,135,0,0,0,0,0,0,0,0,0,0,162,123,0,0,0,0,0,0,0,0,0,0,0,0,0,0,0,0,0,0,0,0,0,0,0,0,0,0,0,0,0,0,0,0,0,0,15,75,0,0,0,0,0,0,0,0,0,0,70,89,0,0,0,0,0,0,0,0,0,0,6,22,0,0,0,0,0,0,0,0,0,backward
0,0,0,0,0,0,0,0,0,0,0,0,0,180,133,0,0,0,0,0,0,0,0,0,0,160,123,0,0,0,0,0,0,0,0,0,0,0,0,0,0,0,0,0,0,0,0,0,0,0,0,0,0,0,0,0,0,0,0,0,0,14,76,0,0,0,0,0,0,0,0,0,0,69,90,0,0,0,0,0,0,0,0,0,0,6,23,0,0,0,0,0,0,0,0,0,backward
0,0,0,0,0,0,0,0,0,0,0,0,0,138,110,0,0,0,0,0,0,0,0,0,0,90,120,0,0,0,0,0,0,0,0,0,0,0,14,0,0,0,0,0,0,0,0,0,0,0,0,0,0,0,0,0,0,0,0,0,0,19,67,0,0,0,0,0,0,0,0,0,0,0,41,0,0,0,0,0,0,0,0,0,0,0,0,0,0,0,0,0,0,0,0,0,backward
0,0,0,0,0,0,0,0,0,0,0,0,0,97,97,0,0,0,0,0,0,0,0,0,0,91,125,0,0,0,0,0,0,0,0,0,0,30,57,0,0,0,0,0,0,0,0,0,0,0,0,0,0,0,0,0,0,0,0,0,0,19,73,0,0,0,0,0,0,0,0,0,0,4,64,0,0,0,0,0,0,0,0,0,0,0,0,0,0,0,0,0,0,0,0,0,backward
0,0,0,0,0,0,0,0,0,0,0,0,0,15,0,0,0,0,0,0,0,0,0,0,197,122,0,0,0,0,0,0,0,0,0,0,207,65,0,0,0,0,0,0,0,0,0,0,0,0,0,0,0,0,0,0,0,0,0,0,0,15,0,0,0,0,0,0,0,0,0,0,0,22,14,0,0,0,0,0,0,0,0,0,0,0,0,0,0,0,0,0,0,0,0,0,backward
0,0,0,0,0,0,0,0,0,0,0,0,0,0,0,0,0,0,0,25,0,0,0,0,0,55,46,0,0,0,0,0,0,0,0,0,171,118,67,0,0,0,0,0,0,0,0,0,0,0,0,0,0,31,0,0,0,0,0,0,0,0,0,0,0,7,13,0,0,0,0,0,0,0,0,0,0,0,0,0,0,0,0,0,0,0,0,0,0,0,4,0,0,0,0,0,backward
0,0,0,0,0,0,0,0,0,0,0,0,0,0,0,0,0,0,0,25,0,0,0,0,0,54,46,0,0,0,0,3,0,0,0,0,171,117,67,0,0,0,0,0,0,0,0,0,0,0,0,0,0,31,0,0,0,0,0,0,0,0,0,0,0,6,14,0,0,0,0,0,0,0,0,0,0,0,0,0,0,0,0,0,0,0,0,0,0,0,5,0,0,0,0,0,backward
0,0,0,0,0,0,0,0,0,0,0,0,0,0,0,0,0,0,0,27,0,0,0,0,0,31,32,0,0,0,0,0,0,0,0,0,138,105,57,0,0,0,0,0,0,0,0,0,33,0,0,0,0,0,0,11,0,0,0,0,40,0,5,0,0,0,0,0,0,0,0,0,0,0,0,0,0,0,0,0,0,0,0,0,0,0,0,0,0,0,0,0,0,0,0,0,backward
0,0,0,0,0,0,0,0,0,0,0,0,0,0,0,0,0,0,0,28,0,0,0,0,0,31,31,0,0,0,0,0,0,0,0,0,135,101,54,0,0,0,0,0,0,0,0,0,33,0,0,0,0,0,0,3,0,0,0,0,39,0,7,0,0,0,0,0,0,0,0,0,0,0,0,0,0,0,0,0,0,0,0,0,0,0,0,0,0,0,0,0,0,0,0,0,backward
0,0,0,0,0,0,0,0,0,0,0,0,0,0,0,0,0,0,0,24,0,0,0,0,0,14,16,0,0,0,0,4,0,0,0,0,134,94,41,0,0,0,0,0,7,0,0,0,45,0,0,0,0,0,0,3,0,0,0,0,39,0,9,0,0,0,0,0,0,0,0,0,0,0,0,0,0,0,0,0,0,0,0,0,0,0,0,0,0,0,0,0,0,0,0,0,backward
0,0,0,0,0,0,0,0,0,0,0,0,0,0,0,0,0,0,0,20,0,0,0,0,0,0,11,0,0,0,0,10,3,0,0,0,88,82,33,0,0,0,0,9,30,0,0,0,45,0,0,0,0,0,5,16,0,0,0,0,34,0,4,0,0,0,0,0,0,0,0,0,0,0,0,0,0,0,0,0,0,0,0,0,0,0,0,0,0,0,0,0,0,0,0,0,backward
0,0,0,0,0,0,0,0,0,0,0,0,0,0,0,0,0,0,0,0,0,0,0,0,0,0,0,0,0,0,0,6,16,0,0,0,53,45,12,0,0,0,0,11,39,0,0,0,52,0,0,0,0,0,9,39,0,0,0,0,33,0,6,0,0,0,0,4,0,0,0,0,0,0,0,0,0,0,0,0,0,0,0,0,0,0,0,0,0,0,0,0,0,0,0,0,strafe_right
0,0,0,0,0,0,0,0,0,0,0,0,0,0,0,0,0,0,0,18,0,0,0,0,0,0,0,0,0,0,0,10,46,0,0,0,0,0,0,0,0,0,0,0,37,0,0,0,16,0,0,0,0,0,21,59,0,0,0,0,0,0,0,0,0,0,0,20,0,0,0,0,0,0,0,0,0,0,0,0,0,0,0,0,0,0,0,0,0,0,0,0,0,0,0,0,strafe_right
0,0,0,0,0,0,0,0,0,0,0,0,0,0,0,0,0,0,0,20,0,0,0,0,0,0,0,0,0,0,0,13,47,0,0,0,0,0,0,0,0,0,0,0,39,0,0,0,14,0,0,0,0,0,21,61,0,0,0,0,0,0,0,0,0,0,0,21,0,0,0,0,0,0,0,0,0,0,0,0,0,0,0,0,0,0,0,0,0,0,0,0,0,0,0,0,strafe_right
0,0,0,0,0,0,0,0,0,0,0,0,0,0,0,0,0,0,0,22,0,0,0,0,0,0,0,0,0,0,0,14,46,0,0,0,0,0,0,0,0,0,0,0,39,0,0,0,5,0,0,0,0,0,23,60,0,0,0,0,0,0,0,0,0,0,0,23,0,0,0,0,0,0,0,0,0,0,0,0,0,0,0,0,0,0,0,0,0,0,0,0,0,0,0,0,strafe_right
0,0,0,0,0,0,0,0,0,0,0,0,0,0,0,0,0,0,0,0,0,0,0,0,0,0,0,0,0,0,0,0,26,0,0,0,0,17,5,0,0,0,0,0,51,0,0,0,0,0,0,0,0,0,29,101,0,0,0,0,0,0,7,0,0,0,0,0,0,0,0,0,0,0,53,0,0,0,0,0,0,0,0,0,0,0,0,0,0,0,0,0,0,0,0,0,strafe_right
0,0,0,0,0,0,0,0,0,0,0,0,0,0,0,0,0,0,0,0,0,0,0,0,0,0,0,0,0,0,0,0,27,0,0,0,0,16,7,0,0,0,0,0,51,0,0,0,0,0,0,0,0,0,29,100,0,0,0,0,0,0,8,0,0,0,0,0,0,0,0,0,0,0,53,0,0,0,0,0,0,0,0,0,0,0,0,0,0,0,0,0,0,0,0,0,strafe_right
0,0,0,0,0,0,0,0,0,0,0,0,0,0,0,0,0,0,0,0,0,0,0,0,0,0,0,0,0,0,0,0,23,0,0,0,0,16,7,0,0,0,0,0,50,0,0,0,0,0,0,0,0,0,27,94,0,0,0,0,0,0,8,0,0,0,0,0,0,0,0,0,0,0,54,0,0,0,0,0,0,0,0,0,0,0,0,0,0,0,0,0,0,0,0,0,strafe_right
0,0,0,0,0,0,0,0,0,0,0,0,0,0,0,0,0,0,0,3,0,0,0,0,0,0,3,0,0,0,0,0,30,0,0,0,10,29,21,0,0,0,0,0,42,0,0,0,0,0,0,0,0,0,21,76,0,0,0,0,0,0,10,0,0,0,0,0,0,0,0,0,0,0,57,0,0,0,0,0,0,0,0,0,0,0,0,0,0,0,0,0,0,0,0,0,strafe_right
0,0,0,0,0,0,0,0,0,0,0,0,0,0,0,0,0,0,0,0,0,0,0,0,0,0,0,0,0,0,0,0,32,0,0,0,0,20,12,0,0,0,0,0,44,0,0,0,0,0,0,0,0,0,22,82,0,0,0,0,0,0,9,0,0,0,0,0,0,0,0,0,0,0,55,0,0,0,0,0,0,0,0,0,0,0,0,0,0,0,0,0,0,0,0,0,strafe_right
0,0,0,0,0,0,0,0,0,0,0,0,0,0,0,0,0,0,0,4,0,0,0,0,0,0,0,0,0,0,0,0,37,0,0,0,0,0,0,0,0,0,0,0,43,0,0,0,0,0,0,0,0,0,30,102,0,0,0,0,0,0,0,0,0,0,0,0,0,0,0,0,0,0,46,0,0,0,0,0,0,0,0,0,0,0,0,0,0,0,0,0,0,0,0,0,strafe_right
0,0,0,0,0,0,0,0,0,0,0,0,0,0,0,0,0,0,0,0,6,0,0,0,0,0,0,0,0,0,0,0,77,15,0,0,0,0,0,0,0,0,0,0,78,0,0,0,0,0,0,0,0,0,27,173,23,0,0,0,0,0,0,0,0,0,0,64,14,0,0,0,0,0,0,0,0,0,0,4,0,0,0,0,0,0,0,0,0,0,0,0,0,0,0,0,strafe_right
0,0,0,0,0,0,0,0,0,0,0,0,0,0,0,0,0,0,0,0,6,0,0,0,0,0,0,0,0,0,0,0,76,12,0,0,0,0,0,0,0,0,0,0,79,0,0,0,0,0,0,0,0,0,26,179,26,0,0,0,0,0,0,0,0,0,0,66,15,0,0,0,0,0,0,0,0,0,0,0,0,0,0,0,0,0,0,0,0,0,0,0,0,0,0,0,strafe_right
0,0,0,0,0,0,0,0,0,0,0,0,0,0,0,0,0,0,0,0,0,0,0,0,0,0,0,0,0,0,0,0,67,7,0,0,0,0,0,0,0,0,0,0,67,0,0,0,0,0,0,0,0,0,20,130,9,0,0,0,0,0,0,0,0,0,0,48,0,0,0,0,0,0,0,0,0,0,0,0,0,0,0,0,0,0,0,0,0,0,0,0,0,0,0,0,strafe_right
0,0,0,0,0,0,0,0,0,0,0,0,0,0,0,0,0,0,0,0,0,0,0,0,0,0,0,0,0,0,0,0,39,0,0,0,0,15,20,0,0,0,0,0,48,0,0,0,11,0,0,0,0,0,0,62,0,0,0,0,0,0,30,0,0,0,0,0,0,0,0,0,0,0,46,0,0,0,0,0,0,0,0,0,0,0,0,0,0,0,0,0,0,0,0,0,strafe_right
0,0,0,0,0,0,0,0,0,0,0,0,0,0,0,0,0,0,0,21,6,0,0,0,0,0,17,0,0,0,0,0,30,0,0,0,0,35,37,0,0,0,0,0,29,0,0,0,0,0,0,0,0,0,0,45,0,0,0,0,0,0,13,0,0,0,0,21,0,0,0,0,0,0,42,0,0,0,0,0,0,0,0,0,0,0,0,0,0,0,0,0,0,0,0,0,strafe_right
0,0,0,0,0,0,0,32,13,0,0,0,0,0,0,0,0,0,6,57,0,0,0,0,0,48,95,0,0,0,0,0,0,0,0,0,0,0,22,0,0,0,0,0,0,0,0,0,0,0,0,0,0,0,0,0,0,0,0,0,0,0,0,0,0,0,0,0,0,0,0,0,0,0,0,0,0,0,0,16,3,0,0,0,0,0,0,0,0,0,0,56,0,0,0,0,strafe_left
0,0,0,0,0,0,0,35,12,0,0,0,0,0,0,0,0,0,6,57,0,0,0,0,0,44,95,0,0,0,0,0,0,0,0,0,0,0,24,0,0,0,0,0,0,0,0,0,0,0,0,0,0,0,0,0,0,0,0,0,0,0,0,0,0,0,0,0,0,0,0,0,0,0,0,0,0,0,0,15,4,0,0,0,0,0,0,0,0,0,0,58,0,0,0,0,strafe_left
0,0,0,0,0,0,0,68,10,0,0,0,0,42,51,8,0,0,0,26,0,0,0,0,0,22,82,0,0,0,0,0,0,0,0,0,0,0,0,0,0,0,0,0,0,0,0,0,0,0,0,0,0,0,0,0,0,0,0,0,0,0,0,0,0,0,0,7,0,0,0,0,0,0,0,0,0,0,0,17,7,0,0,0,0,0,0,0,0,0,0,56,0,0,0,0,strafe_left
0,0,0,0,0,0,0,78,14,0,0,0,0,9,27,0,0,0,0,42,0,0,0,0,0,0,63,0,0,0,0,0,0,0,0,0,0,0,0,0,0,0,0,0,0,0,0,0,0,0,0,0,0,0,0,0,0,0,0,0,0,0,0,0,0,0,0,12,0,0,0,0,0,0,3,0,0,0,0,18,6,0,0,0,0,0,0,0,0,0,0,52,0,0,0,0,strafe_left
0,0,0,0,0,0,0,75,11,0,0,0,0,0,20,0,0,0,0,48,0,0,0,0,0,0,58,0,0,0,0,0,0,0,0,0,0,0,0,0,0,0,0,0,0,0,0,0,0,0,0,0,0,0,0,0,0,0,0,0,0,0,0,0,0,0,0,9,0,0,0,0,0,0,0,0,0,0,0,18,9,0,0,0,0,0,0,0,0,0,0,57,10,0,0,0,strafe_left
0,0,0,0,0,0,0,5,0,0,0,0,0,53,58,10,0,0,0,33,0,0,0,0,0,50,87,0,0,0,0,0,0,0,0,0,0,0,0,0,0,0,0,0,0,0,0,0,0,0,0,0,0,0,0,0,0,0,0,0,0,0,0,0,0,0,0,0,0,0,0,0,0,0,0,0,0,0,0,10,8,0,0,0,27,7,0,0,0,0,0,68,9,0,0,0,strafe_left
0,0,0,0,0,0,0,0,0,0,0,0,0,61,65,10,0,0,0,37,0,0,0,0,0,67,88,0,0,0,0,0,0,0,0,0,0,0,0,0,0,0,0,0,0,0,0,0,0,0,0,0,0,0,0,0,0,0,0,0,0,0,0,0,0,0,0,0,0,0,0,0,0,0,0,0,0,0,0,12,9,0,0,0,27,7,0,0,0,0,0,62,7,0,0,0,strafe_left
0,0,0,0,0,0,0,0,0,0,0,0,0,26,49,0,0,0,0,33,0,0,0,0,0,104,106,0,0,0,0,0,0,0,0,0,0,32,55,0,0,0,0,0,0,0,0,0,0,0,0,0,0,0,0,0,0,0,0,0,0,0,0,0,0,0,0,0,0,0,0,0,0,0,0,0,0,0,0,17,10,0,0,0,26,4,0,0,0,0,0,60,0,0,0,0,strafe_left
0,0,0,0,0,0,0,102,45,0,0,0,0,11,42,3,0,0,0,4,0,0,0,0,0,26,87,0,0,0,0,0,0,0,0,0,0,0,13,0,0,0,0,0,0,0,0,0,0,0,0,0,0,0,0,0,0,0,0,0,0,0,0,0,0,0,0,0,0,0,0,0,0,0,3,0,0,0,0,24,21,0,0,0,0,0,0,0,0,0,0,56,12,0,0,0,strafe_left
0,0,0,0,0,0,0,102,46,0,0,0,0,10,41,3,0,0,0,5,0,0,0,0,0,23,85,0,0,0,0,0,0,0,0,0,0,0,8,0,0,0,0,0,0,0,0,0,0,0,0,0,0,0,0,0,0,0,0,0,0,0,0,0,0,0,0,0,0,0,0,0,0,0,4,0,0,0,0,25,22,0,0,0,0,0,0,0,0,0,0,57,13,0,0,0,strafe_left
0,0,0,0,0,0,0,110,53,0,0,0,0,7,39,5,0,0,0,0,0,0,0,0,0,0,76,0,0,0,0,0,0,0,0,0,0,0,0,0,0,0,0,0,0,0,0,0,0,0,0,0,0,0,0,0,0,0,0,0,0,0,0,0,0,0,0,0,0,0,0,0,0,0,0,0,0,0,0,24,23,0,12,0,0,0,0,0,0,0,0,60,19,0,0,0,strafe_left
0,0,0,0,0,5,0,126,62,0,0,0,0,0,35,9,0,0,0,0,0,0,0,0,0,0,60,0,0,0,0,0,0,0,0,0,0,0,0,0,0,0,0,0,0,0,0,0,0,0,0,0,0,0,0,0,0,0,0,0,0,0,0,0,0,0,0,0,0,0,0,0,0,0,0,0,0,0,0,25,22,0,8,0,0,0,0,0,0,0,0,57,18,0,0,0,strafe_left
0,0,0,0,0,7,0,137,70,0,0,0,0,0,34,8,0,0,0,0,0,0,0,0,0,0,53,0,0,0,0,0,0,0,0,0,0,0,0,0,0,0,0,0,0,0,0,0,0,0,0,0,0,0,0,0,0,0,0,0,0,0,0,0,0,0,0,0,0,0,0,0,0,0,0,0,0,0,0,26,22,0,0,0,0,0,0,0,0,0,0,54,13,0,0,0,strafe_left
0,0,0,0,0,5,0,128,60,0,0,0,0,0,42,12,0,0,0,0,0,0,0,0,0,0,67,0,0,0,0,0,0,0,0,0,0,0,0,0,0,0,0,0,0,0,0,0,0,0,0,0,0,0,0,0,0,0,0,0,0,0,0,0,0,0,0,0,0,0,0,0,0,0,4,0,0,0,0,25,20,0,0,0,0,0,0,0,0,0,0,51,8,0,0,0,strafe_left
0,0,0,0,0,0,0,0,4,0,0,0,0,0,12,0,0,0,0,18,10,0,0,0,0,38,83,0,0,0,0,0,13,0,0,0,0,75,86,0,0,0,0,0,20,0,0,0,0,0,0,0,0,0,0,50,11,0,0,0,0,0,5,0,0,0,0,21,9,0,0,0,0,0,30,0,0,0,0,17,0,0,0,0,0,0,0,0,0,0,0,0,0,0,0,0,none
0,0,0,0,0,0,0,0,0,0,0,0,0,62,66,0,0,0,0,0,0,0,0,0,0,164,144,0,0,0,0,0,0,0,0,0,60,153,91,0,0,0,0,0,0,0,0,0,0,0,0,0,0,0,0,0,0,0,0,0,0,0,0,0,0,0,0,0,0,0,0,0,148,0,0,0,0,0,0,0,0,0,0,0,169,0,0,0,0,0,0,0,0,0,0,0,backward
0,0,0,0,0,0,0,0,0,0,0,0,0,66,71,0,0,0,0,0,0,0,0,0,0,164,144,0,0,0,0,0,0,0,0,0,60,153,90,0,0,0,0,0,0,0,0,0,0,0,0,0,0,0,0,0,0,0,0,0,0,0,0,0,0,0,0,0,0,0,0,0,149,0,0,0,0,0,0,0,0,0,0,0,168,0,0,0,0,0,0,0,0,0,0,0,backward
0,0,0,0,0,0,0,0,0,0,0,0,0,142,142,0,0,0,0,0,0,0,0,0,0,169,160,0,0,0,0,0,0,0,0,0,0,79,79,0,0,0,0,0,0,0,0,0,0,0,0,0,0,0,0,0,0,0,0,0,0,0,0,0,0,0,0,0,0,0,0,0,34,0,0,0,0,0,0,0,0,0,0,0,85,0,0,0,0,0,0,0,0,0,0,0,backward
0,0,0,0,0,0,0,0,0,0,0,0,0,212,163,0,0,0,0,0,0,0,0,0,0,181,147,0,0,0,0,0,0,0,0,0,0,0,14,0,0,0,0,0,0,0,0,0,0,0,0,0,0,0,0,0,0,0,0,0,0,0,0,0,0,0,0,0,0,0,0,0,0,0,0,0,0,0,0,0,0,0,0,0,52,0,0,0,0,0,0,0,0,0,0,0,backward
0,0,0,0,0,0,0,0,0,0,0,0,0,133,83,0,0,0,0,0,0,0,0,0,0,203,141,0,0,0,0,0,0,0,0,0,34,106,70,0,0,0,0,0,0,0,0,0,0,0,0,0,0,0,0,0,0,0,0,0,0,0,0,0,0,0,0,0,0,0,0,0,77,0,0,0,0,0,0,0,0,0,0,0,140,0,0,0,0,0,0,0,0,0,0,0,backward
0,0,0,0,0,0,0,0,0,0,0,0,0,6,0,0,0,0,0,0,0,0,0,0,151,188,59,0,0,0,0,0,0,0,0,0,278,141,0,0,0,0,0,0,0,0,0,0,0,0,0,0,0,0,0,0,0,0,0,0,0,0,0,0,0,0,0,0,0,0,0,0,146,0,0,0,0,0,0,0,0,0,0,0,171,0,0,0,0,0,0,0,0,0,0,0,backward
0,0,0,0,0,0,0,0,0,0,0,0,0,4,0,0,0,0,0,0,0,0,0,0,171,183,51,0,0,0,0,0,0,0,0,0,282,137,0,0,0,0,0,0,0,0,0,0,0,0,0,0,0,0,0,0,0,0,0,0,0,0,0,0,0,0,0,0,0,0,0,0,131,0,0,0,0,0,0,0,0,0,0,0,184,0,0,0,0,0,0,0,0,0,0,0,backward
0,0,0,0,0,0,0,0,0,0,0,0,0,19,0,0,0,0,0,0,0,0,0,0,153,190,54,0,0,0,0,0,0,0,0,0,262,146,0,0,0,0,0,0,0,0,0,0,0,0,0,0,0,0,0,0,0,0,0,0,0,0,0,0,0,0,0,0,0,0,0,0,141,0,0,0,0,0,0,0,0,0,0,0,213,0,0,0,0,0,0,0,0,0,0,0,backward
0,0,0,0,0,0,0,0,0,0,0,0,0,35,0,0,0,0,0,0,0,0,0,0,104,199,79,0,0,0,0,0,0,0,0,0,240,159,16,0,0,0,0,0,0,0,0,0,0,0,0,0,0,0,0,0,0,0,0,0,0,0,0,0,0,0,0,0,0,0,0,0,72,0,0,0,0,0,0,0,0,0,0,0,229,0,0,0,0,0,0,0,0,0,0,0,backward
0,0,19,0,0,0,0,0,26,0,0,0,0,36,71,31,0,0,0,0,14,0,0,0,0,0,103,0,0,0,0,0,0,0,0,0,0,0,30,0,0,0,0,0,5,0,0,0,0,0,0,0,0,0,0,0,0,0,0,0,0,0,34,0,0,0,0,11,43,0,0,0,0,0,61,0,0,0,0,0,0,0,0,0,0,0,41,0,0,0,0,0,27,0,0,0,none
0,0,0,0,0,0,0,0,33,0,0,0,0,0,52,15,0,0,0,0,24,0,0,0,0,0,69,0,0,0,0,0,23,4,0,0,0,0,12,0,0,0,0,0,26,0,0,0,0,0,0,0,0,0,0,0,8,0,0,0,0,0,30,0,0,0,0,12,49,0,0,0,0,0,58,0,0,0,0,0,0,0,0,0,0,0,49,0,0,0,0,0,19,0,0,0,none
0,0,0,0,0,0,0,0,33,0,0,0,0,0,50,14,0,0,0,0,27,3,0,0,0,0,67,0,0,0,0,0,24,4,0,0,0,0,10,0,0,0,0,0,28,0,0,0,0,0,0,0,0,0,0,0,8,0,0,0,0,0,31,0,0,0,0,12,48,0,0,0,0,0,57,0,0,0,0,0,0,0,0,0,0,0,49,0,0,0,0,0,20,0,0,0,none
0,0,0,0,0,0,0,0,33,0,0,0,0,0,50,13,0,0,0,0,27,0,0,0,0,0,66,0,0,0,0,0,26,6,0,0,0,0,8,0,0,0,0,0,30,0,0,0,0,0,0,0,0,0,0,0,9,0,0,0,0,0,33,0,0,0,0,11,45,0,0,0,0,0,59,0,0,0,0,0,0,0,0,0,0,0,48,0,0,0,0,0,19,0,0,0,none
0,0,0,0,0,0,0,0,32,0,0,0,0,0,51,13,0,0,0,0,28,0,0,0,0,0,65,0,0,0,0,0,26,7,0,0,0,0,8,0,0,0,0,0,34,0,0,0,0,0,0,0,0,0,0,0,8,0,0,0,0,0,33,0,0,0,0,10,42,0,0,0,0,0,61,0,0,0,0,0,0,0,0,0,0,0,52,0,0,0,0,0,17,0,0,0,none
0,0,0,0,0,0,0,0,30,0,0,0,0,0,39,5,0,0,0,0,27,0,0,0,0,0,58,0,0,0,0,0,31,11,0,0,0,0,7,0,0,0,0,0,35,0,0,0,0,0,0,0,0,0,0,0,6,0,0,0,0,0,29,0,0,0,0,10,47,0,0,0,0,0,57,0,0,0,0,0,0,0,0,0,0,0,44,0,0,0,0,0,20,0,0,0,none
0,0,0,0,0,0,0,0,31,0,0,0,0,0,57,24,0,0,0,0,22,0,0,0,0,0,80,0,0,0,0,0,20,0,0,0,0,0,13,0,0,0,0,0,25,0,0,0,0,0,0,0,0,0,0,3,11,0,0,0,0,0,35,0,0,0,0,0,28,0,0,0,0,0,85,8,0,0,0,0,0,0,0,0,0,0,69,0,0,0,0,0,0,0,0,0,none
0,0,0,0,0,0,0,0,31,0,0,0,0,0,55,23,0,0,0,0,22,0,0,0,0,0,81,0,0,0,0,0,17,0,0,0,0,0,16,0,0,0,0,0,25,0,0,0,0,0,0,0,0,0,0,3,10,0,0,0,0,0,34,0,0,0,0,0,28,0,0,0,0,0,85,8,0,0,0,0,0,0,0,0,0,0,68,0,0,0,0,0,0,0,0,0,none
0,0,0,0,0,0,0,0,30,0,0,0,0,0,57,25,0,0,0,0,20,0,0,0,0,0,80,0,0,0,0,0,20,0,0,0,0,0,17,0,0,0,0,0,24,0,0,0,0,0,0,0,0,0,0,0,10,0,0,0,0,0,34,0,0,0,0,0,28,0,0,0,0,0,84,5,0,0,0,0,0,0,0,0,0,0,68,0,0,0,0,0,0,0,0,0,none
0,0,0,0,0,0,0,0,31,0,0,0,0,0,57,24,0,0,0,0,22,0,0,0,0,0,81,0,0,0,0,0,19,0,0,0,0,0,17,0,0,0,0,0,24,0,0,0,0,0,0,0,0,0,0,3,10,0,0,0,0,0,33,0,0,0,0,0,28,0,0,0,0,0,85,7,0,0,0,0,0,0,0,0,0,0,69,0,0,0,0,0,0,0,0,0,none
0,0,0,0,0,0,0,0,31,0,0,0,0,0,57,24,0,0,0,0,22,0,0,0,0,0,80,0,0,0,0,0,20,0,0,0,0,0,17,0,0,0,0,0,25,0,0,0,0,0,0,0,0,0,0,3,10,0,0,0,0,0,35,0,0,0,0,0,28,0,0,0,0,0,84,8,0,0,0,0,0,0,0,0,0,0,69,0,0,0,0,0,0,0,0,0,none
0,0,3,0,0,0,0,20,54,0,0,0,0,3,49,18,0,0,0,0,20,0,0,0,0,0,79,0,0,0,0,0,18,0,0,0,0,0,0,0,0,0,0,0,12,0,0,0,0,0,0,0,0,0,0,0,0,0,0,0,0,0,0,0,0,0,0,0,46,0,0,0,0,0,47,0,0,0,0,0,5,0,0,0,0,0,34,0,0,0,0,0,47,0,0,0,strafe_left
0,0,0,0,0,0,0,21,61,0,0,0,0,0,37,12,0,0,0,0,21,0,0,0,0,0,69,0,0,0,0,0,21,0,0,0,0,0,0,0,0,0,0,0,16,0,0,0,0,0,0,0,0,0,0,0,0,0,0,0,0,0,0,0,0,0,0,0,51,0,0,0,0,0,43,0,0,0,0,0,6,0,0,0,0,0,28,0,0,0,0,0,55,0,0,0,strafe_left
0,0,3,0,0,0,0,17,69,0,0,0,0,0,27,6,0,0,0,0,8,0,0,0,0,0,57,0,0,0,0,0,22,0,0,0,0,0,0,0,0,0,0,0,0,0,0,0,0,0,0,0,0,0,0,0,0,0,0,0,0,0,0,0,0,0,0,0,0,0,0,0,0,0,43,0,0,0,0,0,4,0,0,0,0,0,23,0,0,0,0,0,63,0,0,0,strafe_left
0,0,5,0,0,0,0,24,77,0,0,0,0,0,28,8,0,0,0,0,11,0,0,0,0,0,56,0,0,0,0,0,22,0,0,0,0,0,0,0,0,0,0,0,0,0,0,0,0,0,0,0,0,0,0,0,0,0,0,0,0,0,0,0,0,0,0,0,0,0,0,0,0,0,44,0,0,0,0,0,0,0,0,0,0,0,27,0,0,0,0,0,59,0,0,0,strafe_left
0,0,3,0,0,0,0,24,78,0,0,0,0,0,27,8,0,0,0,0,11,0,0,0,0,0,59,0,0,0,0,0,23,0,0,0,0,0,0,0,0,0,0,0,0,0,0,0,0,0,0,0,0,0,0,0,0,0,0,0,0,0,0,0,0,0,0,0,9,0,0,0,0,0,46,0,0,0,0,0,0,0,0,0,0,0,28,0,0,0,0,0,53,0,0,0,strafe_left
0,0,4,0,0,0,0,21,70,0,0,0,0,0,28,9,0,0,0,0,11,0,0,0,0,0,64,0,0,0,0,0,24,0,0,0,0,0,0,0,0,0,0,0,0,0,0,0,0,0,0,0,0,0,0,0,0,0,0,0,0,0,0,0,0,0,0,0,15,0,0,0,0,0,47,0,0,0,0,0,0,0,0,0,0,0,30,0,0,0,0,0,56,0,0,0,strafe_left
0,0,3,0,0,0,0,21,67,0,0,0,0,0,32,8,0,0,0,0,12,0,0,0,0,0,67,0,0,0,0,0,22,0,0,0,0,0,0,0,0,0,0,0,0,0,0,0,0,0,0,0,0,0,0,0,0,0,0,0,0,0,0,0,0,0,0,0,18,0,0,0,0,0,46,0,0,0,0,0,6,0,0,0,0,0,30,0,0,0,0,0,52,0,0,0,strafe_left
0,0,0,0,0,0,0,0,5,0,0,0,0,0,44,0,0,0,0,0,0,0,0,0,0,0,57,0,0,0,0,0,33,17,0,0,0,0,14,0,0,0,0,0,76,26,0,13,0,0,0,0,0,0,0,20,30,0,0,0,0,0,34,0,0,0,0,0,8,0,0,0,0,0,80,0,0,0,0,0,0,0,0,0,0,0,25,0,0,0,0,0,0,0,0,0,strafe_right
0,0,0,0,0,0,0,0,0,0,0,0,0,0,45,0,0,0,0,0,0,0,0,0,0,0,56,0,0,0,0,0,33,15,0,0,0,0,13,0,0,0,0,0,76,24,0,12,0,0,0,0,0,0,0,20,30,0,0,0,0,0,34,0,0,0,0,0,8,0,0,0,0,0,80,0,0,0,0,0,0,0,0,0,0,0,24,0,0,0,0,0,0,0,0,0,strafe_right
0,0,0,0,0,0,0,0,0,0,0,0,0,0,43,0,0,0,0,0,0,0,0,0,0,0,67,0,0,0,0,0,28,12,0,0,0,0,21,0,0,0,0,0,72,18,0,0,0,0,0,0,0,0,0,19,28,0,0,0,0,0,37,0,0,0,0,0,6,0,0,0,0,0,75,0,0,0,0,0,0,0,0,0,0,0,28,0,0,0,0,0,0,0,0,0,strafe_right
0,0,0,0,0,0,0,0,0,0,0,0,0,0,0,0,0,0,0,0,0,0,0,0,0,0,62,0,0,0,0,0,23,11,0,0,0,0,38,0,0,0,0,0,69,29,0,9,0,0,0,0,0,0,0,22,32,0,0,0,0,0,27,0,0,0,0,0,26,0,0,0,0,0,66,0,0,0,0,0,0,0,0,0,0,0,0,0,0,0,0,0,0,0,0,0,strafe_right
0,0,0,0,0,0,0,0,0,0,0,0,0,0,0,0,0,0,0,0,0,0,0,0,0,0,60,0,0,0,0,0,24,8,0,0,0,0,39,0,0,0,0,0,69,29,0,9,0,0,0,0,0,0,0,21,31,0,0,0,0,0,28,0,0,0,0,0,23,0,0,0,0,0,73,0,0,0,0,0,0,0,0,0,0,0,0,0,0,0,0,0,0,0,0,0,strafe_right
0,0,0,0,0,0,0,0,0,0,0,0,0,0,0,0,0,0,0,0,0,0,0,0,0,0,59,0,0,0,0,0,23,9,0,0,0,0,45,0,0,0,0,0,69,28,0,7,0,0,0,0,0,0,0,20,31,0,0,0,0,0,29,0,0,0,0,0,25,0,0,0,0,0,73,0,0,0,0,0,0,0,0,0,0,0,0,0,0,0,0,0,0,0,0,0,strafe_right
0,0,0,0,0,0,0,0,0,0,0,0,0,0,0,0,0,0,0,0,0,0,0,0,0,0,72,0,0,0,0,0,4,0,0,0,0,28,68,0,0,0,0,0,39,0,0,0,0,0,0,0,0,0,0,8,5,0,0,0,0,0,53,0,0,0,0,0,4,0,0,0,0,0,79,0,0,0,0,0,0,0,0,0,0,0,0,0,0,0,0,0,0,0,0,0,strafe_right
0,0,0,0,0,0,0,0,0,0,0,0,0,0,0,0,0,0,0,0,0,0,0,0,0,0,73,0,0,0,0,0,5,0,0,0,0,28,69,0,0,0,0,0,38,0,0,0,0,0,0,0,0,0,0,8,0,0,0,0,0,0,55,0,0,0,0,0,0,0,0,0,0,0,79,0,0,0,0,0,0,0,0,0,0,0,0,0,0,0,0,0,0,0,0,0,strafe_right
0,0,0,0,0,0,0,0,0,0,0,0,0,0,0,0,0,0,0,0,0,0,0,0,0,0,81,0,0,0,0,0,0,0,0,0,0,35,74,0,0,0,0,0,29,0,0,0,0,5,0,0,0,0,0,0,0,0,0,0,0,7,69,0,0,0,0,0,0,0,0,0,0,0,80,0,0,0,0,0,0,0,0,0,0,0,0,0,0,0,0,0,0,0,0,0,strafe_right
0,0,0,0,0,0,0,0,0,0,0,0,0,0,0,0,0,0,0,0,0,0,0,0,0,0,80,0,0,0,0,0,6,0,0,0,0,30,72,0,0,0,0,0,25,0,0,0,0,0,0,0,0,0,0,17,9,0,0,0,0,0,49,0,0,0,0,0,21,0,0,0,0,0,85,0,0,0,0,0,0,0,0,0,0,0,0,0,0,0,0,0,0,0,0,0,strafe_right
0,0,0,0,0,0,0,0,0,0,0,0,0,0,0,0,0,0,0,0,0,0,0,0,0,0,80,0,0,0,0,0,7,0,0,0,0,30,71,0,0,0,0,0,25,0,0,0,0,0,0,0,0,0,0,20,14,0,0,0,0,0,42,0,0,0,0,0,24,0,0,0,0,0,85,0,0,0,0,0,0,0,0,0,0,0,0,0,0,0,0,0,0,0,0,0,strafe_right
0,0,0,0,0,0,0,0,0,0,0,0,0,0,0,0,0,0,0,0,0,0,0,0,0,0,78,0,0,0,0,0,9,0,0,0,0,29,69,0,0,0,0,0,34,0,0,0,0,0,0,0,0,0,0,22,17,0,0,0,0,0,39,0,0,0,0,0,22,0,0,0,0,0,80,0,0,0,0,0,0,0,0,0,0,0,0,0,0,0,0,0,0,0,0,0,strafe_right
0,0,0,0,0,0,0,0,0,0,0,0,0,0,0,0,0,0,0,0,0,0,0,0,0,0,68,0,0,0,0,0,14,0,0,0,0,19,58,0,0,0,0,0,39,0,0,0,0,0,0,0,0,0,0,20,16,0,0,0,0,0,44,0,0,0,0,0,19,0,0,0,0,0,81,0,0,0,0,0,0,0,0,0,0,0,0,0,0,0,0,0,0,0,0,0,strafe_right
0,0,0,0,0,0,0,0,0,0,0,0,0,0,0,0,0,0,0,0,0,0,0,0,0,0,74,0,0,0,0,0,14,0,0,0,0,25,64,0,0,0,0,0,38,0,0,0,0,0,0,0,0,0,0,15,8,0,0,0,0,0,53,0,0,0,0,0,11,0,0,0,0,0,82,0,0,0,0,0,0,0,0,0,0,0,0,0,0,0,0,0,0,0,0,0,strafe_right
0,0,0,0,0,0,0,0,0,0,0,0,0,0,0,0,0,0,0,0,0,0,0,0,0,0,68,0,0,0,0,0,18,0,0,0,0,19,57,0,0,0,0,0,41,0,0,0,0,0,0,0,0,0,0,21,17,0,0,0,0,0,41,0,0,0,0,0,24,0,0,0,0,0,79,0,0,0,0,0,0,0,0,0,0,0,0,0,0,0,0,0,0,0,0,0,strafe_right
0,0,0,0,0,0,0,0,0,0,0,0,0,0,0,0,0,0,0,0,0,0,0,0,0,0,54,0,0,0,0,0,22,7,0,0,0,0,33,0,0,0,0,0,50,14,0,15,0,0,0,0,0,0,0,25,33,0,0,0,0,0,24,0,0,0,0,0,28,0,0,0,0,0,66,0,0,0,0,0,0,0,0,0,0,0,0,0,0,0,0,0,0,0,0,0,strafe_right
0,0,0,0,0,0,0,0,0,0,0,0,0,0,0,0,0,0,0,0,0,0,0,0,0,0,47,0,0,0,0,0,27,11,0,0,0,0,27,0,0,0,0,0,51,17,0,21,0,0,0,0,0,0,0,25,35,0,0,0,0,0,23,0,0,0,0,0,31,0,0,0,0,0,67,0,0,0,0,0,0,0,0,0,0,0,0,0,0,0,0,0,0,0,0,0,strafe_right
0,0,0,0,0,0,0,0,0,0,0,0,0,0,0,0,0,0,0,0,0,0,0,0,0,0,46,0,0,0,0,0,27,9,0,0,0,0,31,0,0,0,0,0,34,0,0,14,0,0,0,0,0,0,0,26,36,0,0,0,0,0,12,0,0,0,0,6,37,0,0,0,0,0,59,0,0,0,0,0,0,0,0,0,0,0,0,0,0,0,0,0,0,0,0,0,strafe_right
0,0,9,0,0,0,0,0,26,0,0,0,0,18,69,33,0,0,0,0,11,0,0,0,0,0,102,9,0,0,0,0,0,0,0,0,0,0,36,0,0,0,0,0,0,0,0,0,0,0,0,0,0,0,0,17,18,0,0,0,0,0,21,0,0,0,0,16,39,0,0,0,0,0,63,0,0,0,0,0,0,0,0,0,0,8,59,0,0,0,0,0,14,0,0,0,none
0,0,11,0,0,0,0,0,27,0,0,0,0,19,68,34,0,0,0,0,14,0,0,0,0,0,101,9,0,0,0,0,0,0,0,0,0,0,36,0,0,0,0,0,0,0,0,0,0,0,0,0,0,0,0,17,19,0,0,0,0,0,19,0,0,0,0,16,39,0,0,0,0,0,64,0,0,0,0,0,0,0,0,0,0,10,60,0,0,0,0,0,14,0,0,0,none
0,0,11,0,0,0,0,0,26,0,0,0,0,19,68,33,0,0,0,0,14,0,0,0,0,0,103,10,0,0,0,0,0,0,0,0,0,0,36,0,0,0,0,0,0,0,0,0,0,0,0,0,0,0,0,18,19,0,0,0,0,0,21,0,0,0,0,16,38,0,0,0,0,0,61,0,0,0,0,0,0,0,0,0,0,10,60,0,0,0,0,0,14,0,0,0,none
0,0,11,0,0,0,0,0,25,0,0,0,0,17,69,34,0,0,0,0,11,0,0,0,0,0,102,9,0,0,0,0,0,0,0,0,0,0,34,0,0,0,0,0,0,0,0,0,0,0,0,0,0,0,0,16,13,0,0,0,0,0,21,0,0,0,0,15,38,0,0,0,0,0,63,0,0,0,0,0,0,0,0,0,0,10,60,0,0,0,0,0,15,0,0,0,none
0,0,0,0,0,0,0,0,24,0,0,0,0,3,58,25,0,0,0,0,17,0,0,0,0,0,87,5,0,0,0,0,10,0,0,0,0,0,27,0,0,0,0,0,12,0,0,0,0,0,0,0,0,0,0,15,14,0,0,0,0,0,18,0,0,0,0,15,38,0,0,0,0,0,62,0,0,0,0,0,0,0,0,0,0,8,60,0,0,0,0,0,18,0,0,0,none
0,0,0,0,0,0,0,0,24,0,0,0,0,0,49,18,0,0,0,0,22,0,0,0,0,0,74,0,0,0,0,0,17,5,0,0,0,0,22,0,0,0,0,0,21,0,0,0,0,0,0,0,0,0,0,5,0,0,0,0,0,0,0,0,0,0,0,9,36,0,0,0,0,0,61,0,0,0,0,0,3,0,0,0,0,21,55,0,0,0,0,0,25,0,0,0,none
0,0,0,0,0,0,0,0,25,0,0,0,0,0,51,16,0,0,0,0,22,3,0,0,0,0,77,3,0,0,0,0,20,7,0,0,0,0,27,0,0,0,0,0,19,0,0,0,0,0,0,0,0,0,0,0,0,0,0,0,0,0,0,0,0,0,0,10,37,0,0,0,0,0,59,0,0,0,0,0,4,0,0,0,0,22,54,0,0,0,0,0,31,0,0,0,none
0,0,0,0,0,0,0,0,24,0,0,0,0,0,50,14,0,0,0,0,21,4,0,0,0,0,70,0,0,0,0,0,22,10,0,0,0,0,25,0,0,0,0,0,24,0,0,0,0,0,0,0,0,0,0,0,0,0,0,0,0,0,0,0,0,0,0,11,36,0,0,0,0,0,59,0,0,0,0,0,5,0,0,0,0,21,52,0,0,0,0,0,32,0,0,0,none
0,0,0,0,0,0,0,0,20,0,0,0,0,0,49,5,0,0,0,0,17,4,0,0,0,0,72,0,0,0,0,0,27,12,0,0,0,0,24,0,0,0,0,0,37,0,0,0,0,0,0,0,0,0,0,0,0,0,0,0,0,0,0,0,0,0,0,8,33,0,0,0,0,0,58,0,0,0,0,0,5,0,0,0,0,21,51,0,0,0,0,0,32,0,0,0,none
0,0,0,0,0,0,0,0,16,0,0,0,0,0,51,0,0,0,0,0,11,4,0,0,0,0,74,0,0,0,0,0,30,15,0,0,0,0,29,0,0,0,0,0,44,0,0,0,0,0,0,0,0,0,0,0,0,0,0,0,0,0,0,0,0,0,0,10,33,0,0,0,0,0,58,0,0,0,0,0,3,0,0,0,0,20,49,0,0,0,0,0,36,0,0,0,none
0,0,0,0,0,0,0,0,17,0,0,0,0,0,43,0,0,0,0,0,17,7,0,0,0,0,65,0,0,0,0,0,31,19,0,0,0,0,23,0,0,0,0,0,44,6,0,0,0,0,0,0,0,0,0,0,0,0,0,0,0,0,0,0,0,0,0,9,29,0,0,0,0,0,57,0,0,0,0,0,8,0,0,0,0,20,48,0,0,0,0,0,42,0,0,0,none
0,0,0,0,0,0,0,0,18,0,0,0,0,0,44,0,0,0,0,0,16,6,0,0,0,0,69,0,0,0,0,0,32,19,0,0,0,0,25,0,0,0,0,0,46,5,0,0,0,0,0,0,0,0,0,0,0,0,0,0,0,0,0,0,0,0,0,9,32,0,0,0,0,0,57,0,0,0,0,0,7,0,0,0,0,19,48,0,0,0,0,0,41,0,0,0,none
0,0,0,0,0,0,0,0,19,0,0,0,0,0,47,0,0,0,0,0,16,5,0,0,0,0,72,0,0,0,0,0,29,16,0,0,0,0,28,0,0,0,0,0,42,0,0,0,0,0,0,0,0,0,0,0,0,0,0,0,0,0,0,0,0,0,0,11,34,0,0,0,0,0,56,0,0,0,0,0,6,0,0,0,0,20,50,0,0,0,0,0,40,0,0,0,none
0,0,0,0,0,0,0,0,20,0,0,0,0,0,46,3,0,0,0,0,16,4,0,0,0,0,74,0,0,0,0,0,24,13,0,0,0,0,30,0,0,0,0,0,35,0,0,0,0,0,0,0,0,0,0,0,0,0,0,0,0,0,0,0,0,0,0,11,31,0,0,0,0,0,56,0,0,0,0,0,6,0,0,0,0,19,51,0,0,0,0,0,32,0,0,0,none
0,0,0,0,0,0,0,0,20,0,0,0,0,0,49,3,0,0,0,0,18,4,0,0,0,0,73,0,0,0,0,0,27,12,0,0,0,0,29,0,0,0,0,0,36,0,0,0,0,0,0,0,0,0,0,0,0,0,0,0,0,0,0,0,0,0,0,11,32,0,0,0,0,0,56,0,0,0,0,0,6,0,0,0,0,20,51,0,0,0,0,0,32,0,0,0,none
0,0,0,0,0,0,0,0,21,0,0,0,0,0,48,5,0,0,0,0,17,4,0,0,0,0,75,3,0,0,0,0,25,13,0,0,0,0,30,0,0,0,0,0,33,0,0,0,0,0,0,0,0,0,0,0,0,0,0,0,0,0,0,0,0,0,0,12,31,0,0,0,0,0,56,0,0,0,0,0,6,0,0,0,0,21,52,0,0,0,0,0,31,0,0,0,none
0,0,0,0,0,0,0,0,15,0,0,0,0,0,50,0,0,0,0,0,15,5,0,0,0,0,73,0,0,0,0,0,27,14,0,0,0,0,33,0,0,0,0,0,38,0,0,0,0,0,0,0,0,0,0,0,0,0,0,0,0,0,0,0,0,0,0,11,31,0,0,0,0,0,56,0,0,0,0,0,6,0,0,0,0,22,50,0,0,0,0,0,32,0,0,0,none
0,0,0,0,0,0,0,0,17,0,0,0,0,0,27,0,0,0,0,0,14,10,0,0,0,0,52,0,0,0,0,0,32,22,0,0,0,0,5,0,0,0,0,0,46,6,0,0,0,0,0,0,0,0,0,0,0,0,0,0,0,0,0,0,0,0,0,9,27,0,0,0,0,0,56,0,0,0,0,0,0,0,0,0,0,26,54,0,0,0,0,0,27,0,0,0,none
0,0,0,0,0,0,0,0,27,0,0,0,0,0,50,5,0,0,0,0,0,0,0,0,0,12,103,14,0,0,0,0,5,0,0,0,0,0,96,0,0,0,0,0,0,0,0,0,0,0,0,0,0,0,0,9,16,0,0,0,0,0,40,0,0,0,0,0,26,0,0,0,0,0,86,0,0,0,0,0,0,0,0,0,0,0,45,0,0,0,0,0,0,0,0,0,none
0,0,0,0,0,0,0,0,28,0,0,0,0,0,49,5,0,0,0,0,0,0,0,0,0,13,104,14,0,0,0,0,0,0,0,0,0,0,96,0,0,0,0,0,0,0,0,0,0,0,0,0,0,0,0,9,16,0,0,0,0,0,39,0,0,0,0,0,27,0,0,0,0,0,86,0,0,0,0,0,0,0,0,0,0,0,44,0,0,0,0,0,0,0,0,0,none
0,0,0,0,0,0,0,0,28,0,0,0,0,0,49,5,0,0,0,0,0,0,0,0,0,12,101,15,0,0,0,0,5,0,0,0,0,0,92,0,0,0,0,0,0,0,0,0,0,0,0,0,0,0,0,9,14,0,0,0,0,0,39,0,0,0,0,0,28,0,0,0,0,0,85,0,0,0,0,0,0,0,0,0,0,0,43,0,0,0,0,0,0,0,0,0,none
0,0,0,0,0,0,0,0,27,0,0,0,0,0,50,5,0,0,0,0,0,0,0,0,0,12,103,15,0,0,0,0,6,0,0,0,0,0,96,0,0,0,0,0,0,0,0,0,0,0,0,0,0,0,0,3,9,0,0,0,0,0,37,0,0,0,0,0,26,0,0,0,0,0,82,0,0,0,0,0,0,0,0,0,0,0,46,0,0,0,0,0,0,0,0,0,none
0,0,0,0,0,0,0,0,23,0,0,0,0,0,47,3,0,0,0,0,0,0,0,0,0,13,101,13,0,0,0,0,8,0,0,0,0,0,93,0,0,0,0,0,3,0,0,0,0,0,0,0,0,0,0,0,0,0,0,0,0,0,34,0,0,0,0,0,32,0,0,0,0,0,68,0,0,0,0,0,0,0,0,0,0,0,37,0,0,0,0,0,4,0,0,0,none
0,0,0,0,0,0,0,0,21,0,0,0,0,0,35,0,0,0,0,0,3,0,0,0,0,0,79,9,0,0,0,0,21,10,0,0,0,0,68,0,0,0,0,0,18,0,0,0,0,0,0,0,0,0,0,0,0,0,0,0,0,0,40,0,0,0,0,0,33,0,0,0,0,0,58,0,0,0,0,0,0,0,0,0,0,0,40,0,0,0,0,0,18,0,0,0,none
0,0,0,0,0,0,0,0,17,0,0,0,0,0,40,0,0,0,0,0,0,0,0,0,0,3,87,11,0,0,0,0,17,5,0,0,0,0,77,0,0,0,0,0,16,0,0,0,0,0,0,0,0,0,0,0,0,0,0,0,0,0,40,0,0,0,0,0,36,0,0,0,0,0,58,0,0,0,0,0,0,0,0,0,0,0,42,0,0,0,0,0,18,0,0,0,none
0,0,0,0,0,0,0,0,18,0,0,0,0,0,55,3,0,0,0,0,13,0,0,0,0,7,99,14,0,0,0,0,11,8,0,0,0,0,62,0,0,0,0,0,21,0,0,0,0,0,0,0,0,0,0,47,51,0,0,0,0,0,0,0,0,0,0,0,34,0,0,0,0,0,68,0,0,0,0,0,0,0,0,0,0,8,83,4,0,0,0,0,0,0,0,0,none
0,0,0,0,0,0,0,0,19,0,0,0,0,0,53,0,0,0,0,0,13,0,0,0,0,3,95,12,0,0,0,0,12,9,0,0,0,0,65,0,0,0,0,0,20,0,0,0,0,0,0,0,0,0,0,41,44,0,0,0,0,0,0,0,0,0,0,0,35,0,0,0,0,0,66,0,0,0,0,0,0,0,0,0,0,9,81,3,0,0,0,0,0,0,0,0,none
0,0,0,0,0,0,0,0,18,0,0,0,0,0,55,4,0,0,0,0,11,0,0,0,0,4,97,14,0,0,0,0,14,9,0,0,0,0,68,0,0,0,0,0,23,0,0,0,0,0,0,0,0,0,0,14,25,0,0,0,0,0,0,0,0,0,0,0,27,0,0,0,0,0,59,0,0,0,0,0,0,0,0,0,0,6,71,0,0,0,0,0,0,0,0,0,none
0,0,0,0,0,0,0,0,21,0,0,0,0,0,53,3,0,0,0,0,11,0,0,0,0,0,84,8,0,0,0,0,19,8,0,0,0,0,52,0,0,0,0,0,17,0,0,0,0,0,0,0,0,0,0,0,14,0,0,0,0,0,0,0,0,0,0,0,40,0,0,0,0,0,38,0,0,0,0,0,18,0,0,0,0,0,36,0,0,0,0,0,12,0,0,0,none
0,0,0,0,0,0,0,0,20,0,0,0,0,0,55,4,0,0,0,0,13,0,0,0,0,0,85,10,0,0,0,0,18,8,0,0,0,0,51,0,0,0,0,0,18,0,0,0,0,0,0,0,0,0,0,0,15,0,0,0,0,0,0,0,0,0,0,0,39,0,0,0,0,0,39,0,0,0,0,0,18,0,0,0,0,0,36,0,0,0,0,0,12,0,0,0,none
0,0,0,0,0,0,0,0,21,0,0,0,0,0,53,4,0,0,0,0,13,0,0,0,0,0,85,11,0,0,0,0,16,9,0,0,0,0,52,0,0,0,0,0,19,0,0,0,0,0,0,0,0,0,0,22,38,0,0,0,0,0,0,0,0,0,0,0,44,4,0,0,0,0,49,0,0,0,0,0,13,0,0,0,0,0,48,0,0,0,0,0,0,0,0,0,none
0,0,0,0,0,0,0,0,18,0,0,0,0,0,38,0,0,0,0,0,5,0,0,0,0,9,100,17,0,0,0,0,3,0,0,0,0,4,88,12,0,0,0,0,0,0,0,0,0,0,0,0,0,0,0,43,56,0,0,0,0,0,41,0,0,0,0,0,32,0,0,0,0,0,69,0,0,0,0,0,0,0,0,0,0,0,70,0,0,0,0,0,0,0,0,0,none
0,0,0,0,0,0,0,0,18,0,0,0,0,0,38,0,0,0,0,0,5,0,0,0,0,11,101,20,0,0,0,0,3,0,0,0,0,3,88,11,0,0,0,0,0,0,0,0,0,0,0,0,0,0,0,43,56,0,0,0,0,0,40,0,0,0,0,0,32,0,0,0,0,0,65,0,0,0,0,0,0,0,0,0,0,0,71,0,0,0,0,0,0,0,0,0,none
0,0,0,0,0,0,0,0,18,0,0,0,0,0,39,0,0,0,0,0,5,0,0,0,0,12,102,18,0,0,0,0,3,0,0,0,0,3,89,12,0,0,0,0,0,0,0,0,0,0,0,0,0,0,0,44,57,0,0,0,0,0,41,0,0,0,0,0,32,0,0,0,0,0,68,0,0,0,0,0,0,0,0,0,0,0,71,0,0,0,0,0,0,0,0,0,none
0,0,0,0,0,0,0,0,22,0,0,0,0,0,49,4,0,0,0,0,5,0,0,0,0,12,107,25,0,0,0,0,0,0,0,0,0,0,95,0,0,0,0,0,0,0,0,0,0,0,0,0,0,0,0,46,61,0,0,0,0,0,44,0,0,0,0,0,29,0,0,0,0,0,73,0,0,0,0,0,0,0,0,0,0,0,71,0,0,0,0,0,0,0,0,0,none
0,0,0,0,0,0,0,0,22,0,0,0,0,0,50,5,0,0,0,0,5,0,0,0,0,11,107,25,0,0,0,0,0,0,0,0,0,0,95,0,0,0,0,0,0,0,0,0,0,0,0,0,0,0,0,50,62,0,0,0,0,0,40,0,0,0,0,0,29,0,0,0,0,0,75,0,0,0,0,0,0,0,0,0,0,0,69,0,0,0,0,0,0,0,0,0,none
0,0,0,0,0,0,0,0,22,0,0,0,0,0,49,4,0,0,0,0,5,0,0,0,0,9,105,22,0,0,0,0,0,0,0,0,0,0,91,0,0,0,0,0,0,0,0,0,0,0,0,0,0,0,0,48,61,0,0,0,0,0,44,0,0,0,0,0,29,0,0,0,0,0,74,0,0,0,0,0,0,0,0,0,0,0,70,0,0,0,0,0,0,0,0,0,none
0,0,0,0,0,0,0,0,31,0,0,0,0,0,0,0,0,0,0,0,34,17,0,0,0,0,55,0,0,0,0,0,32,35,0,0,0,0,35,0,0,0,0,0,12,0,0,0,0,0,0,0,0,0,0,17,60,19,0,0,0,0,0,0,0,0,0,0,61,40,0,0,0,0,0,0,0,0,0,0,35,43,0,0,0,0,16,0,0,0,0,0,0,0,0,0,forward
0,0,0,0,0,0,0,0,30,0,0,0,0,0,0,0,0,0,0,0,34,18,0,0,0,0,54,0,0,0,0,0,31,31,0,0,0,0,36,0,0,0,0,0,12,0,0,0,0,0,0,0,0,0,0,17,60,20,0,0,0,0,0,0,0,0,0,0,61,40,0,0,0,0,0,0,0,0,0,0,35,43,0,0,0,0,11,0,0,0,0,0,0,0,0,0,forward
0,0,0,0,0,0,0,0,33,0,0,0,0,0,0,0,0,0,0,0,35,19,0,0,0,0,52,0,0,0,0,0,34,37,0,0,0,0,28,0,0,0,0,0,11,0,0,0,0,0,0,0,0,0,0,12,59,20,0,0,0,0,0,0,0,0,0,0,61,40,0,0,0,0,0,0,0,0,0,0,37,40,0,0,0,0,8,0,0,0,0,0,0,0,0,0,forward
0,0,0,0,0,0,0,0,45,0,0,0,0,0,0,0,0,0,0,0,27,3,0,0,0,0,48,0,0,0,0,0,19,12,0,0,0,0,36,0,0,0,0,0,7,0,0,0,0,0,0,0,0,0,0,8,58,18,0,0,0,0,0,0,0,0,0,0,60,41,0,0,0,0,0,0,0,0,0,0,41,50,0,0,0,0,9,0,0,0,0,0,0,0,0,0,forward
0,0,0,0,0,0,0,0,53,0,0,0,0,0,15,0,0,0,0,0,22,0,0,0,0,0,52,0,0,0,0,0,12,0,0,0,0,0,42,0,0,0,0,0,0,0,0,0,0,0,0,0,0,0,0,10,55,13,0,0,0,0,0,0,0,0,0,0,60,41,0,0,0,0,0,0,0,0,0,0,32,36,0,0,0,0,25,0,0,0,0,0,0,0,0,0,forward
0,0,0,0,0,0,0,0,24,0,0,0,0,0,45,5,0,0,0,0,5,0,0,0,0,7,114,34,0,0,0,0,0,0,0,0,0,0,114,18,0,0,0,0,0,0,0,0,0,0,0,0,0,0,0,9,42,4,0,0,0,0,0,0,0,0,0,0,37,19,0,0,0,0,74,0,0,0,0,0,16,12,0,0,0,8,91,16,0,0,0,0,0,0,0,0,none
0,0,0,0,0,0,0,0,24,0,0,0,0,0,45,4,0,0,0,0,5,0,0,0,0,6,116,34,0,0,0,0,0,0,0,0,0,0,112,18,0,0,0,0,0,0,0,0,0,0,0,0,0,0,0,10,42,4,0,0,0,0,0,0,0,0,0,0,38,20,0,0,0,0,74,0,0,0,0,0,16,12,0,0,0,7,91,18,0,0,0,0,0,0,0,0,none
0,0,0,0,0,0,0,0,22,0,0,0,0,0,40,0,0,0,0,0,5,0,0,0,0,0,104,32,0,0,0,0,0,0,0,0,0,0,97,15,0,0,0,0,0,0,0,0,0,0,0,0,0,0,0,7,40,3,0,0,0,0,0,0,0,0,0,0,37,19,0,0,0,0,72,0,0,0,0,0,17,10,0,0,0,6,89,16,0,0,0,0,0,0,0,0,none
0,0,0,0,0,0,0,0,25,0,0,0,0,0,45,3,0,0,0,0,6,0,0,0,0,6,117,37,0,0,0,0,0,0,0,0,0,0,112,20,0,0,0,0,0,0,0,0,0,0,0,0,0,0,0,34,57,6,0,0,0,0,0,0,0,0,0,0,34,0,0,0,0,0,87,13,0,0,0,0,0,0,0,0,0,7,100,26,0,0,0,0,0,0,0,0,none
0,0,0,0,0,0,0,0,24,0,0,0,0,0,49,6,0,0,0,0,8,0,0,0,0,0,117,38,0,0,0,0,0,0,0,0,0,0,113,18,0,0,0,0,0,0,0,0,0,0,0,0,0,0,0,30,58,0,0,0,0,0,56,0,0,0,0,0,27,0,0,0,0,0,80,6,0,0,0,0,0,0,0,0,0,0,65,0,0,0,0,0,0,0,0,0,none
0,0,0,0,0,0,0,0,22,0,0,0,0,0,49,7,0,0,0,0,6,0,0,0,0,0,117,37,0,0,0,0,0,0,0,0,0,0,112,20,0,0,0,0,0,0,0,0,0,0,0,0,0,0,0,31,57,0,0,0,0,0,56,0,0,0,0,0,27,0,0,0,0,0,80,8,0,0,0,0,0,0,0,0,0,0,65,0,0,0,0,0,0,0,0,0,none
0,0,0,0,0,0,0,0,23,0,0,0,0,0,49,5,0,0,0,0,8,0,0,0,0,0,117,38,0,0,0,0,0,0,0,0,0,0,113,20,0,0,0,0,0,0,0,0,0,0,0,0,0,0,0,30,56,0,0,0,0,0,56,0,0,0,0,0,27,0,0,0,0,0,80,9,0,0,0,0,0,0,0,0,0,0,65,0,0,0,0,0,0,0,0,0,none
0,0,0,0,0,0,0,0,24,0,0,0,0,0,50,9,0,0,0,0,8,0,0,0,0,0,117,37,0,0,0,0,0,0,0,0,0,0,113,18,0,0,0,0,0,0,0,0,0,0,0,0,0,0,0,30,56,0,0,0,0,0,56,0,0,0,0,0,25,0,0,0,0,0,80,9,0,0,0,0,0,0,0,0,0,0,64,0,0,0,0,0,0,0,0,0,none
0,0,0,0,0,0,0,0,24,0,0,0,0,0,50,10,0,0,0,0,8,0,0,0,0,0,117,37,0,0,0,0,0,0,0,0,0,0,113,21,0,0,0,0,0,0,0,0,0,0,0,0,0,0,0,31,58,0,0,0,0,0,56,0,0,0,0,0,28,0,0,0,0,0,81,10,0,0,0,0,0,0,0,0,0,0,65,0,0,0,0,0,0,0,0,0,none
0,0,0,0,0,0,0,0,0,0,0,0,0,0,0,0,0,0,0,0,0,0,0,0,0,0,85,0,0,0,0,0,14,20,0,0,0,0,61,0,0,0,0,0,50,45,0,0,0,0,0,0,0,0,0,26,61,0,0,0,0,0,81,4,0,0,0,0,0,0,0,0,0,0,93,0,0,0,0,0,0,0,0,0,0,0,36,0,0,0,0,0,0,0,0,0,strafe_right
0,0,0,0,0,0,0,0,0,0,0,0,0,0,0,0,0,0,0,0,0,0,0,0,0,0,86,0,0,0,0,0,11,18,0,0,0,0,61,0,0,0,0,0,54,47,0,3,0,0,0,0,0,0,0,26,63,0,0,0,0,0,80,4,0,0,0,0,0,0,0,0,0,0,92,0,0,0,0,0,0,0,0,0,0,0,30,0,0,0,0,0,0,0,0,0,strafe_right
0,0,0,0,0,0,0,0,0,0,0,0,0,0,0,0,0,0,0,0,0,0,0,0,0,0,85,0,0,0,0,0,11,21,0,0,0,0,61,0,0,0,0,0,52,45,0,0,0,0,0,0,0,0,0,26,61,0,0,0,0,0,81,4,0,0,0,0,0,0,0,0,0,0,93,0,0,0,0,0,0,0,0,0,0,0,33,0,0,0,0,0,0,0,0,0,strafe_right
0,0,0,0,0,0,0,0,0,0,0,0,0,0,0,0,0,0,0,0,0,0,0,0,0,0,85,0,0,0,0,0,12,18,0,0,0,0,64,0,0,0,0,0,53,46,0,0,0,0,0,0,0,0,0,24,62,0,0,0,0,0,80,0,0,0,0,0,0,0,0,0,0,0,94,0,0,0,0,0,0,0,0,0,0,0,33,0,0,0,0,0,0,0,0,0,strafe_right
0,0,0,0,0,0,0,0,21,0,0,0,0,0,44,0,0,0,0,0,6,0,0,0,0,11,124,33,0,0,0,0,0,5,0,0,0,5,116,27,0,0,0,0,0,0,0,0,0,0,0,0,0,0,0,17,56,7,0,0,0,0,59,0,0,0,0,0,30,0,0,0,0,0,63,0,0,0,0,0,7,0,0,0,0,0,78,0,0,0,0,0,0,0,0,0,none
0,0,0,0,0,0,0,0,21,0,0,0,0,0,44,0,0,0,0,0,6,0,0,0,0,11,125,36,0,0,0,0,0,5,0,0,0,4,116,27,0,0,0,0,0,0,0,0,0,0,0,0,0,0,0,18,52,7,0,0,0,0,59,0,0,0,0,0,30,0,0,0,0,0,63,0,0,0,0,0,7,0,0,0,0,0,77,0,0,0,0,0,0,0,0,0,none
0,0,0,0,0,0,0,0,21,0,0,0,0,0,44,0,0,0,0,0,6,0,0,0,0,11,124,36,0,0,0,0,0,5,0,0,0,5,116,27,0,0,0,0,0,0,0,0,0,0,0,0,0,0,0,18,56,8,0,0,0,0,59,0,0,0,0,0,29,0,0,0,0,0,64,0,0,0,0,0,7,0,0,0,0,0,77,0,0,0,0,0,0,0,0,0,none
0,0,0,0,0,0,0,0,98,0,0,0,0,6,66,42,0,0,0,0,0,0,0,0,0,0,112,11,0,0,0,0,0,0,0,0,0,0,0,0,0,0,0,0,0,0,0,0,0,0,0,0,0,0,0,0,24,0,0,0,0,0,6,0,0,0,0,0,12,0,0,0,0,0,54,0,0,0,0,0,25,13,0,0,0,0,76,0,0,0,0,0,0,0,0,0,strafe_left
0,0,0,0,0,0,0,4,97,0,0,0,0,0,64,42,0,0,0,0,0,0,0,0,0,0,113,11,0,0,0,0,0,0,0,0,0,0,0,0,0,0,0,0,0,0,0,0,0,0,0,0,0,0,0,0,25,0,0,0,0,0,5,0,0,0,0,0,10,0,0,0,0,0,53,0,0,0,0,0,25,13,0,0,0,0,75,0,0,0,0,0,0,0,0,0,strafe_left
0,0,0,0,0,0,0,4,99,0,0,0,0,0,60,40,0,0,0,0,0,0,0,0,0,0,112,7,0,0,0,0,0,0,0,0,0,0,0,0,0,0,0,0,0,0,0,0,0,0,0,0,0,0,0,0,23,0,0,0,0,0,5,0,0,0,0,0,9,0,0,0,0,0,54,0,0,0,0,0,26,13,0,0,0,0,75,0,0,0,0,0,0,0,0,0,strafe_left
0,0,0,0,0,0,0,12,106,0,0,0,0,0,67,48,0,0,0,0,0,0,0,0,0,0,114,8,0,0,0,0,0,0,0,0,0,0,0,0,0,0,0,0,0,0,0,0,0,0,0,0,0,0,0,0,0,0,0,0,0,0,9,0,0,0,0,0,18,0,0,0,0,0,49,0,0,0,0,0,8,0,0,0,0,0,55,0,0,0,0,0,39,0,0,0,strafe_left
0,0,0,0,0,0,0,13,105,0,0,0,0,0,70,49,0,0,0,0,0,0,0,0,0,0,120,14,0,0,0,0,0,0,0,0,0,0,0,0,0,0,0,0,0,0,0,0,0,0,0,0,0,0,0,0,0,0,0,0,0,0,8,0,0,0,0,0,22,0,0,0,0,0,52,0,0,0,0,0,5,0,0,0,0,0,56,0,0,0,0,0,39,0,0,0,strafe_left
0,0,0,0,0,0,0,12,104,0,0,0,0,0,69,48,0,0,0,0,0,0,0,0,0,0,120,16,0,0,0,0,0,0,0,0,0,0,0,0,0,0,0,0,0,0,0,0,0,0,0,0,0,0,0,0,0,0,0,0,0,0,11,0,0,0,0,0,22,0,0,0,0,0,52,0,0,0,0,0,7,0,0,0,0,0,58,0,0,0,0,0,39,0,0,0,strafe_left
0,0,0,0,0,0,0,19,115,0,0,0,0,0,59,47,0,0,0,0,0,0,0,0,0,0,111,8,0,0,0,0,0,0,0,0,0,0,0,0,0,0,0,0,0,0,0,0,0,0,0,0,0,0,0,0,0,0,0,0,0,0,0,0,0,0,0,0,20,0,0,0,0,0,53,0,0,0,0,0,4,0,0,0,0,0,58,0,0,0,0,0,37,0,0,0,strafe_left
0,23,36,0,0,0,0,0,55,0,0,0,0,11,87,53,0,0,0,0,0,0,0,0,0,0,83,0,0,0,0,0,0,0,0,0,0,0,0,0,0,0,0,0,0,0,0,0,0,0,0,0,0,0,0,0,0,0,0,0,0,0,0,0,0,0,0,0,24,6,0,0,0,0,0,0,0,0,0,0,41,32,0,0,0,0,0,0,0,0,0,0,49,13,0,0,strafe_left
0,22,36,0,0,0,0,0,53,0,0,0,0,10,88,54,0,0,0,0,0,0,0,0,0,0,83,0,0,0,0,0,0,0,0,0,0,0,0,0,0,0,0,0,0,0,0,0,0,0,0,0,0,0,0,0,0,0,0,0,0,0,0,0,0,0,0,0,24,6,0,0,0,0,0,0,0,0,0,0,41,32,0,0,0,0,0,0,0,0,0,0,49,13,0,0,strafe_left
0,23,36,0,0,0,0,0,55,0,0,0,0,11,89,54,0,0,0,0,0,0,0,0,0,0,83,0,0,0,0,0,0,0,0,0,0,0,0,0,0,0,0,0,0,0,0,0,0,0,0,0,0,0,0,0,0,0,0,0,0,0,0,0,0,0,0,0,24,6,0,0,0,0,0,0,0,0,0,0,41,32,0,0,0,0,0,0,0,0,0,0,49,13,0,0,strafe_left
0,24,40,0,0,0,0,0,56,0,0,0,0,16,92,57,0,0,0,0,0,0,0,0,0,0,92,0,0,0,0,0,0,0,0,0,0,0,0,0,0,0,0,0,0,0,0,0,0,0,0,0,0,0,0,0,0,0,0,0,0,0,0,0,0,0,0,0,26,0,0,0,0,0,36,0,0,0,0,0,12,0,0,0,0,0,36,0,0,0,0,0,22,0,0,0,strafe_left
0,14,29,0,0,0,0,7,62,0,0,0,0,8,82,50,0,0,0,0,0,0,0,0,0,0,90,0,0,0,0,0,0,0,0,0,0,0,0,0,0,0,0,0,0,0,0,0,0,0,0,0,0,0,0,0,0,0,0,0,0,0,0,0,0,0,0,0,23,0,0,0,0,0,50,0,0,0,0,0,11,0,0,0,0,0,45,0,0,0,0,0,27,0,0,0,strafe_left
0,31,41,0,0,0,0,0,52,0,0,0,0,21,101,63,0,0,0,0,0,0,0,0,0,0,97,0,0,0,0,0,0,0,0,0,0,0,0,0,0,0,0,0,0,0,0,0,0,0,0,0,0,0,0,0,0,0,0,0,0,0,0,0,0,0,0,0,23,0,0,0,0,0,50,0,0,0,0,0,11,0,0,0,0,0,45,0,0,0,0,0,27,0,0,0,strafe_left
0,0,0,0,0,0,0,0,62,0,0,0,0,48,99,59,0,0,0,0,0,0,0,0,0,0,130,12,0,0,0,0,0,0,0,0,0,0,0,0,0,0,0,0,0,0,0,0,0,0,0,0,0,0,0,0,0,0,0,0,0,0,32,0,0,0,0,0,14,0,0,0,0,0,50,0,0,0,0,0,13,0,0,0,0,0,37,0,0,0,0,0,49,0,0,0,strafe_left
0,0,0,0,0,0,0,22,104,0,0,0,0,0,40,21,0,0,0,0,0,0,0,0,0,0,85,0,0,0,0,0,0,0,0,0,0,0,0,0,0,0,0,0,0,0,0,0,0,0,0,0,0,0,0,0,0,0,0,0,0,0,0,0,0,0,0,0,29,3,0,0,0,0,34,0,0,0,0,0,24,5,0,0,0,0,20,0,0,0,0,0,51,3,0,0,strafe_left
0,0,0,0,0,0,0,24,117,0,0,0,0,0,16,0,0,0,0,0,6,0,0,0,0,0,59,0,0,0,0,0,0,0,0,0,0,0,0,0,0,0,0,0,0,0,0,0,0,0,0,0,0,0,0,0,0,0,0,0,0,0,0,0,0,0,0,0,28,5,0,0,0,0,35,0,0,0,0,0,21,4,0,0,0,0,23,0,0,0,0,0,50,0,0,0,strafe_left
0,0,0,0,0,0,0,30,127,0,0,0,0,0,20,4,0,0,0,0,0,0,0,0,0,0,0,0,0,0,0,0,0,0,0,0,0,0,0,0,0,0,0,0,0,0,0,0,0,0,0,0,0,0,0,0,0,0,0,0,0,0,0,0,0,0,0,0,26,0,0,0,0,0,35,0,0,0,0,0,22,0,0,0,0,0,23,0,0,0,0,0,50,0,0,0,strafe_left
0,0,0,0,0,0,0,41,180,0,0,0,0,0,0,0,0,0,0,0,7,0,0,0,0,0,0,0,0,0,0,0,0,0,0,0,0,0,0,0,0,0,0,0,0,0,0,0,0,0,0,0,0,0,0,0,0,0,0,0,0,0,0,0,0,0,0,0,16,0,0,0,0,0,20,0,0,0,0,0,32,16,0,0,0,0,15,0,0,0,0,0,63,19,0,0,strafe_left
0,0,0,0,0,0,0,49,233,22,0,0,0,0,0,0,0,0,0,0,12,0,0,0,0,0,0,0,0,0,0,0,0,0,0,0,0,0,0,0,0,0,0,0,0,0,0,0,0,0,0,0,0,0,0,0,0,0,0,0,0,0,0,0,0,0,0,0,20,0,0,0,0,0,0,0,0,0,0,0,38,27,0,0,0,0,0,0,0,0,0,0,61,22,0,0,strafe_left
0,0,0,0,0,0,0,41,167,3,0,0,0,0,15,0,0,0,0,0,0,0,0,0,0,0,0,0,0,0,0,0,0,0,0,0,0,0,0,0,0,0,0,0,0,0,0,0,0,0,0,0,0,0,0,0,0,0,0,0,0,0,0,0,0,0,0,0,20,0,0,0,0,0,0,0,0,0,0,0,38,27,0,0,0,0,0,0,0,0,0,0,61,22,0,0,strafe_left
0,0,15,0,0,0,0,13,86,0,0,0,0,0,67,43,0,0,0,0,0,0,0,0,0,0,86,0,0,0,0,0,0,0,0,0,0,0,0,0,0,0,0,0,0,0,0,0,0,0,0,0,0,0,0,0,0,0,0,0,0,0,0,0,0,0,0,0,20,0,0,0,0,0,0,0,0,0,0,0,38,27,0,0,0,0,0,0,0,0,0,0,61,22,0,0,strafe_left
0,0,19,0,0,0,0,7,77,0,0,0,0,0,75,48,0,0,0,0,0,0,0,0,0,0,94,0,0,0,0,0,0,0,0,0,0,0,0,0,0,0,0,0,0,0,0,0,0,0,0,0,0,0,0,0,0,0,0,0,0,0,0,0,0,0,0,0,20,0,0,0,0,0,0,0,0,0,0,0,38,27,0,0,0,0,0,0,0,0,0,0,61,22,0,0,strafe_left
0,0,21,0,0,0,0,7,77,0,0,0,0,0,78,49,0,0,0,0,0,0,0,0,0,0,96,0,0,0,0,0,0,0,0,0,0,0,0,0,0,0,0,0,0,0,0,0,0,0,0,0,0,0,0,0,0,0,0,0,0,0,0,0,0,0,0,0,20,0,0,0,0,0,0,0,0,0,0,0,38,27,0,0,0,0,0,0,0,0,0,0,61,22,0,0,strafe_left
0,0,22,0,0,0,0,4,74,0,0,0,0,0,80,50,0,0,0,0,0,0,0,0,0,0,102,0,0,0,0,0,0,0,0,0,0,0,0,0,0,0,0,0,0,0,0,0,0,0,0,0,0,0,0,0,0,0,0,0,0,0,0,0,0,0,0,0,20,0,0,0,0,0,0,0,0,0,0,0,38,27,0,0,0,0,0,0,0,0,0,0,61,22,0,0,strafe_left
0,0,17,0,0,0,0,8,83,0,0,0,0,0,81,53,0,0,0,0,0,0,0,0,0,0,103,0,0,0,0,0,0,0,0,0,0,0,0,0,0,0,0,0,0,0,0,0,0,0,0,0,0,0,0,0,0,0,0,0,0,0,0,0,0,0,0,0,20,0,0,0,0,0,0,0,0,0,0,0,38,27,0,0,0,0,0,0,0,0,0,0,61,22,0,0,strafe_left
0,0,24,0,0,0,0,0,54,0,0,0,0,18,104,68,0,0,0,0,0,0,0,0,0,0,118,0,0,0,0,0,0,0,0,0,0,0,0,0,0,0,0,0,0,0,0,0,0,0,0,0,0,0,0,0,0,0,0,0,0,0,0,0,0,0,0,0,29,0,0,0,0,0,51,0,0,0,0,0,8,0,0,0,0,0,30,0,0,0,0,0,47,7,0,0,strafe_left
0,0,28,0,0,0,0,0,56,0,0,0,0,18,103,68,0,0,0,0,0,0,0,0,0,0,118,0,0,0,0,0,0,0,0,0,0,0,0,0,0,0,0,0,0,0,0,0,0,0,0,0,0,0,0,0,0,0,0,0,0,0,0,0,0,0,0,0,33,0,0,0,0,0,51,0,0,0,0,0,7,0,0,0,0,0,31,0,0,0,0,0,47,7,0,0,strafe_left
0,0,26,0,0,0,0,0,55,0,0,0,0,17,102,68,0,0,0,0,0,0,0,0,0,0,119,0,0,0,0,0,0,0,0,0,0,0,0,0,0,0,0,0,0,0,0,0,0,0,0,0,0,0,0,0,0,0,0,0,0,0,0,0,0,0,0,0,34,0,0,0,0,0,52,0,0,0,0,0,4,0,0,0,0,0,32,0,0,0,0,0,47,6,0,0,strafe_left
0,0,0,0,0,0,0,0,0,0,0,0,0,0,44,0,0,0,0,0,0,0,0,0,0,0,107,20,0,0,0,0,11,23,0,0,0,0,62,0,0,0,0,0,43,42,0,0,0,0,0,0,0,0,0,3,25,0,0,0,0,0,64,0,0,0,0,0,0,0,0,0,0,0,89,0,0,0,0,0,0,0,0,0,0,0,0,0,0,0,0,0,0,0,0,0,strafe_right
0,0,0,0,0,0,0,0,0,0,0,0,0,0,46,4,0,0,0,0,0,0,0,0,0,0,111,21,0,0,0,0,8,21,0,0,0,0,64,3,0,0,0,0,48,44,0,0,0,0,7,0,0,0,0,0,15,0,0,0,0,0,71,0,0,0,0,0,0,0,0,0,0,0,87,0,0,0,0,0,0,0,0,0,0,0,0,0,0,0,0,0,0,0,0,0,strafe_right
0,0,0,0,0,0,0,0,0,0,0,0,0,0,46,5,0,0,0,0,0,0,0,0,0,0,112,21,0,0,0,0,9,24,0,0,0,0,64,3,0,0,0,0,48,44,0,0,0,0,0,0,0,0,0,7,26,0,0,0,0,0,62,0,0,0,0,0,11,0,0,0,0,0,86,0,0,0,0,0,0,0,0,0,0,0,0,0,0,0,0,0,0,0,0,0,strafe_right
0,0,0,0,0,0,0,0,0,0,0,0,0,0,47,6,0,0,0,0,0,0,0,0,0,0,112,21,0,0,0,0,9,25,0,0,0,0,64,3,0,0,0,0,47,43,0,0,0,0,0,0,0,0,0,9,29,0,0,0,0,0,55,0,0,0,0,0,14,0,0,0,0,0,82,0,0,0,0,0,0,0,0,0,0,0,0,0,0,0,0,0,0,0,0,0,strafe_right
0,0,0,0,0,0,0,0,8,0,0,0,0,0,69,22,0,0,0,0,0,0,0,0,0,0,112,28,0,0,0,0,5,15,0,0,0,0,68,9,0,0,0,0,10,8,0,0,0,0,0,0,0,0,0,10,28,0,0,0,0,0,56,0,0,0,0,0,15,0,0,0,0,0,88,0,0,0,0,0,0,0,0,0,0,0,0,0,0,0,0,0,0,0,0,0,strafe_right
0,0,27,0,0,0,0,0,48,0,0,0,0,14,111,70,0,0,0,0,0,0,0,0,0,0,121,0,0,0,0,0,0,0,0,0,0,0,0,0,0,0,0,0,0,0,0,0,0,0,0,0,0,0,0,0,0,0,0,0,0,0,33,0,0,0,0,0,16,0,0,0,0,0,45,0,0,0,0,0,11,0,0,0,0,0,8,0,0,0,0,0,50,0,0,0,strafe_left
0,4,33,0,0,0,0,0,50,0,0,0,0,7,108,72,0,0,0,0,0,0,0,0,0,0,120,0,0,0,0,0,0,0,0,0,0,0,0,0,0,0,0,0,0,0,0,0,0,0,0,0,0,0,0,0,0,0,0,0,0,0,0,0,0,0,0,0,19,0,0,0,0,0,0,0,0,0,0,0,25,0,0,0,0,0,28,0,0,0,0,0,44,0,0,0,strafe_left
0,0,22,0,0,0,0,0,69,0,0,0,0,0,91,61,0,0,0,0,0,0,0,0,0,0,94,0,0,0,0,0,0,0,0,0,0,0,0,0,0,0,0,0,0,0,0,0,0,0,0,0,0,0,0,0,0,0,0,0,0,0,0,0,0,0,0,0,20,0,0,0,0,0,0,0,0,0,0,0,26,0,0,0,0,0,27,0,0,0,0,0,45,0,0,0,strafe_left
0,0,0,0,0,0,0,23,118,0,0,0,0,0,48,37,0,0,0,0,0,0,0,0,0,0,52,0,0,0,0,0,0,0,0,0,0,0,0,0,0,0,0,0,0,0,0,0,0,0,0,0,0,0,0,0,0,0,0,0,0,0,0,0,0,0,0,0,20,0,0,0,0,0,0,0,0,0,0,0,27,0,0,0,0,0,28,0,0,0,0,0,43,0,0,0,strafe_left
0,0,0,0,0,0,0,22,111,0,0,0,0,0,56,43,0,0,0,0,0,0,0,0,0,0,72,0,0,0,0,0,0,0,0,0,0,0,0,0,0,0,0,0,0,0,0,0,0,0,0,0,0,0,0,0,0,0,0,0,0,0,0,0,0,0,0,0,20,0,0,0,0,0,0,0,0,0,0,0,25,0,0,0,0,0,29,0,0,0,0,0,41,0,0,0,strafe_left
0,0,0,0,0,0,0,9,79,0,0,0,0,0,67,52,0,0,0,0,0,0,0,0,0,0,120,25,0,0,0,0,0,0,0,0,0,0,0,0,0,0,0,0,0,0,0,0,0,0,0,0,0,0,0,0,0,0,0,0,0,0,0,0,0,0,0,0,20,0,0,0,0,0,0,0,0,0,0,0,23,0,0,0,0,0,34,0,0,0,0,0,30,0,0,0,strafe_left
0,0,0,0,0,0,0,0,17,0,0,0,0,0,83,55,0,0,0,0,13,0,0,0,0,0,136,52,0,0,0,0,0,7,0,0,0,0,100,9,0,0,0,0,0,0,0,0,0,0,0,0,0,0,0,44,61,0,0,0,0,0,53,0,0,0,0,0,22,0,0,0,0,0,74,0,0,0,0,0,0,0,0,0,0,0,83,0,0,0,0,0,0,0,0,0,none
0,0,0,0,0,0,0,0,17,0,0,0,0,0,83,55,0,0,0,0,13,0,0,0,0,0,136,51,0,0,0,0,0,7,0,0,0,0,101,9,0,0,0,0,0,0,0,0,0,0,0,0,0,0,0,44,60,0,0,0,0,0,53,0,0,0,0,0,23,0,0,0,0,0,74,3,0,0,0,0,0,0,0,0,0,0,83,0,0,0,0,0,0,0,0,0,none
0,0,0,0,0,0,0,0,14,0,0,0,0,0,63,46,0,0,0,0,26,11,0,0,0,0,112,39,0,0,0,0,4,25,0,0,0,0,58,4,0,0,0,0,0,0,0,0,0,0,0,0,0,0,0,20,41,0,0,0,0,0,0,0,0,0,0,0,37,12,0,0,0,0,52,0,0,0,0,0,27,14,0,0,0,0,69,0,0,0,0,0,0,0,0,0,none
0,0,0,0,0,0,0,0,18,0,0,0,0,0,60,45,0,0,0,0,25,12,0,0,0,0,112,40,0,0,0,0,4,26,0,0,0,0,59,5,0,0,0,0,0,4,0,0,0,0,0,0,0,0,0,14,40,3,0,0,0,0,0,0,0,0,0,0,40,12,0,0,0,0,52,0,0,0,0,0,29,16,0,0,0,0,67,0,0,0,0,0,0,0,0,0,none
0,0,0,0,0,0,0,0,18,0,0,0,0,0,61,46,0,0,0,0,23,11,0,0,0,0,114,42,0,0,0,0,4,26,0,0,0,0,61,6,0,0,0,0,0,0,0,0,0,0,0,0,0,0,0,0,34,0,0,0,0,0,0,0,0,0,0,0,39,12,0,0,0,0,52,0,0,0,0,0,33,19,0,0,0,0,65,0,0,0,0,0,0,0,0,0,none
0,0,0,0,0,0,0,0,16,0,0,0,0,0,68,50,0,0,0,0,25,11,0,0,0,0,117,43,0,0,0,0,3,25,0,0,0,0,67,7,0,0,0,0,0,0,0,0,0,0,0,0,0,0,0,0,31,0,0,0,0,0,0,0,0,0,0,0,36,5,0,0,0,0,48,0,0,0,0,0,28,11,0,0,0,0,71,0,0,0,0,0,0,0,0,0,none
0,0,0,0,0,0,0,0,20,0,0,0,0,0,36,31,0,0,0,0,30,19,0,0,0,0,96,31,0,0,0,0,9,43,0,0,0,0,53,0,0,0,0,0,0,11,0,0,0,0,0,0,0,0,0,17,44,7,0,0,0,0,0,0,0,0,0,0,43,21,0,0,0,0,59,0,0,0,0,0,39,27,0,0,0,0,58,0,0,0,0,0,0,0,0,0,forward
0,0,0,0,0,0,0,0,21,0,0,0,0,0,38,30,0,0,0,0,29,18,0,0,0,0,95,28,0,0,0,0,9,43,0,0,0,0,56,0,0,0,0,0,0,12,0,0,0,0,0,0,0,0,0,18,43,4,0,0,0,0,0,0,0,0,0,0,44,21,0,0,0,0,59,0,0,0,0,0,40,26,0,0,0,0,60,0,0,0,0,0,0,0,0,0,forward
0,0,0,0,0,0,0,0,25,0,0,0,0,0,22,23,0,0,0,0,29,16,0,0,0,0,79,18,0,0,0,0,13,45,0,0,0,0,29,0,0,0,0,0,0,5,0,0,0,0,0,0,0,0,0,19,44,7,0,0,0,0,0,0,0,0,0,0,45,22,0,0,0,0,56,0,0,0,0,0,39,27,0,0,0,0,54,0,0,0,0,0,0,0,0,0,forward
0,0,0,0,0,0,0,0,17,0,0,0,0,0,0,0,0,0,0,0,38,34,0,0,0,0,57,0,0,0,0,0,25,56,0,0,0,0,12,0,0,0,0,0,19,31,0,0,0,0,0,0,0,0,0,24,46,13,0,0,0,0,0,0,0,0,0,0,50,27,0,0,0,0,45,0,0,0,0,0,39,28,0,0,0,0,48,0,0,0,0,0,0,0,0,0,forward
0,0,0,0,0,0,0,0,19,0,0,0,0,0,0,0,0,0,0,0,37,28,0,0,0,0,54,0,0,0,0,0,25,57,0,0,0,0,10,0,0,0,0,0,12,25,0,0,0,0,0,0,0,0,0,24,46,13,0,0,0,0,0,0,0,0,0,0,50,28,0,0,0,0,47,0,0,0,0,0,40,30,0,0,0,0,46,0,0,0,0,0,0,0,0,0,forward
0,0,0,0,0,0,0,0,19,0,0,0,0,0,0,0,0,0,0,0,38,37,0,0,0,0,52,0,0,0,0,0,25,59,0,0,0,0,5,0,0,0,0,0,8,23,0,0,0,0,0,0,0,0,0,21,46,14,0,0,0,0,0,0,0,0,0,0,50,29,0,0,0,0,45,0,0,0,0,0,40,31,0,0,0,0,46,0,0,0,0,0,0,0,0,0,forward
0,0,0,0,0,0,0,0,20,0,0,0,0,0,0,0,0,0,0,0,37,36,0,0,0,0,48,0,0,0,0,0,27,60,0,0,0,0,5,0,0,0,0,0,10,23,0,0,0,0,0,0,0,0,0,26,47,16,0,0,0,0,0,0,0,0,0,0,48,33,0,0,0,0,39,0,0,0,0,0,44,35,0,0,0,0,39,0,0,0,0,0,0,0,0,0,forward
0,0,0,0,0,0,0,0,0,0,0,0,0,0,99,53,0,0,0,0,0,0,0,0,0,19,160,61,0,0,0,0,0,0,0,0,0,0,129,27,0,0,0,0,0,0,0,0,0,0,0,0,0,0,0,0,0,0,0,0,0,0,50,0,0,0,0,0,0,0,0,0,0,14,95,6,0,0,0,0,0,0,0,0,0,42,100,0,0,0,0,0,0,0,0,0,backward
0,0,0,0,0,0,0,0,0,0,0,0,0,0,100,51,0,0,0,0,0,0,0,0,0,21,161,62,0,0,0,0,0,0,0,0,0,0,128,27,0,0,0,0,0,0,0,0,0,0,0,0,0,0,0,0,0,0,0,0,0,0,45,0,0,0,0,0,0,0,0,0,0,13,96,4,0,0,0,0,0,0,0,0,0,41,101,0,0,0,0,0,0,0,0,0,backward
0,0,0,0,0,0,0,0,0,0,0,0,0,0,103,53,0,0,0,0,0,0,0,0,0,19,163,62,0,0,0,0,0,0,0,0,0,0,133,26,0,0,0,0,0,0,0,0,0,0,0,0,0,0,0,0,0,0,0,0,0,0,54,0,0,0,0,0,0,0,0,0,0,16,95,3,0,0,0,0,0,0,0,0,0,46,99,0,0,0,0,0,0,0,0,0,backward
0,0,0,0,0,0,0,0,0,0,0,0,0,5,117,55,0,0,0,0,0,0,0,0,0,29,170,61,0,0,0,0,0,0,0,0,0,0,132,21,0,0,0,0,0,0,0,0,0,0,0,0,0,0,0,0,0,0,0,0,0,0,56,0,0,0,0,0,0,0,0,0,0,26,96,0,0,0,0,0,0,0,0,0,0,51,98,0,0,0,0,0,0,0,0,0,backward
0,0,0,0,0,0,0,0,0,0,0,0,0,25,124,35,0,0,0,0,0,0,0,0,0,54,179,60,0,0,0,0,0,0,0,0,0,0,133,4,0,0,0,0,0,0,0,0,0,0,0,0,0,0,0,0,0,0,0,0,0,0,47,0,0,0,0,0,0,0,0,0,0,26,95,0,0,0,0,0,0,0,0,0,0,53,96,0,0,0,0,0,0,0,0,0,backward
0,0,0,0,0,0,0,0,0,0,0,0,0,28,124,16,0,0,0,0,0,0,0,0,0,71,183,50,0,0,0,0,0,0,0,0,0,19,144,0,0,0,0,0,0,0,0,0,0,0,0,0,0,0,0,0,0,0,0,0,0,0,62,0,0,0,0,0,0,0,0,0,0,33,98,0,0,0,0,0,0,0,0,0,0,51,91,0,0,0,0,0,0,0,0,0,backward
0,0,0,0,0,0,0,0,0,0,0,0,0,30,131,25,0,0,0,0,0,0,0,0,0,71,185,54,0,0,0,0,0,0,0,0,0,16,147,0,0,0,0,0,0,0,0,0,0,0,0,0,0,0,0,0,0,0,0,0,0,0,62,0,0,0,0,0,0,0,0,0,0,33,98,0,0,0,0,0,0,0,0,0,0,52,92,0,0,0,0,0,0,0,0,0,backward
0,0,0,0,0,0,0,0,0,0,0,0,0,0,131,48,0,0,0,0,0,0,0,0,0,49,186,67,0,0,0,0,0,0,0,0,0,0,150,21,0,0,0,0,0,0,0,0,0,0,0,0,0,0,0,0,0,0,0,0,0,0,67,0,0,0,0,0,0,0,0,0,0,32,99,0,0,0,0,0,0,0,0,0,0,45,94,0,0,0,0,0,0,0,0,0,backward
0,0,0,0,0,0,0,85,0,0,0,0,120,81,39,0,0,0,0,3,0,0,0,0,0,12,32,0,0,0,0,0,0,0,0,0,0,0,0,0,0,0,0,0,0,0,0,0,0,0,0,0,0,0,0,0,0,0,0,0,0,0,0,0,0,0,18,0,0,0,0,0,0,0,0,0,0,0,5,16,0,0,0,0,14,0,0,0,0,0,32,23,0,0,0,0,strafe_left
0,0,0,0,0,0,0,84,0,0,0,0,121,82,40,0,0,0,0,3,0,0,0,0,0,12,36,0,0,0,0,0,0,0,0,0,0,0,0,0,0,0,0,0,0,0,0,0,0,0,0,0,0,0,0,0,0,0,0,0,0,0,0,0,0,0,18,0,0,0,0,0,0,0,0,0,0,0,6,16,0,0,0,0,12,0,0,0,0,0,36,24,0,0,0,0,strafe_left
0,0,0,0,0,0,0,83,0,0,0,0,114,80,38,0,0,0,0,5,0,0,0,0,0,12,30,0,0,0,0,0,0,0,0,0,0,0,0,0,0,0,0,0,0,0,0,0,0,0,0,0,0,0,0,0,0,0,0,0,0,0,0,0,0,0,17,0,0,0,0,0,0,0,0,0,0,0,5,13,0,0,0,0,14,0,0,0,0,0,36,26,0,0,0,0,strafe_left
0,0,0,0,0,4,10,152,0,0,0,0,26,28,13,0,0,0,3,3,0,0,0,0,0,0,0,0,0,0,0,0,0,0,0,0,0,0,0,0,0,0,0,0,0,0,0,0,0,0,0,0,0,0,0,0,0,0,0,0,0,0,0,0,0,0,0,0,0,0,0,0,0,0,0,0,0,0,0,8,0,0,0,0,6,0,0,0,0,0,35,23,0,0,0,0,strafe_left
0,0,0,0,0,4,12,155,0,0,0,0,11,22,12,0,0,0,4,3,0,0,0,0,0,0,0,0,0,0,0,0,0,0,0,0,0,0,0,0,0,0,0,0,0,0,0,0,0,0,0,0,0,0,0,0,0,0,0,0,0,0,0,0,0,0,0,0,0,0,0,0,0,0,0,0,0,0,0,8,0,0,0,0,14,0,0,0,0,0,36,25,0,0,0,0,strafe_left
0,0,0,0,0,6,13,169,0,0,0,0,10,19,10,0,0,0,0,3,0,0,0,0,0,0,0,0,0,0,0,0,0,0,0,0,0,0,0,0,0,0,0,0,0,0,0,0,0,0,0,0,0,0,0,0,0,0,0,0,0,0,0,0,0,0,0,0,0,0,0,0,0,0,0,0,0,0,0,8,0,0,0,0,14,0,0,0,0,0,37,25,0,0,0,0,strafe_left
0,0,0,0,0,7,17,182,0,0,0,0,3,17,7,0,0,0,4,7,0,0,0,0,0,0,0,0,0,0,0,0,0,0,0,0,0,0,0,0,0,0,0,0,0,0,0,0,0,0,0,0,0,0,0,0,0,0,0,0,0,0,0,0,0,0,5,0,0,0,0,0,0,0,0,0,0,0,0,12,0,12,0,0,0,0,0,0,0,0,38,30,0,0,0,0,strafe_left
0,0,0,0,0,8,20,194,0,0,0,0,0,15,4,0,0,0,7,6,0,0,0,0,0,0,0,0,0,0,0,0,0,0,0,0,0,0,0,0,0,0,0,0,0,0,0,0,0,0,0,0,0,0,0,0,0,0,0,0,0,0,0,0,0,0,5,0,0,0,0,0,0,0,0,0,0,0,0,15,0,14,0,0,0,0,0,0,0,0,40,35,0,0,0,0,strafe_left
0,0,0,0,0,10,30,187,0,0,0,0,4,13,0,0,0,0,0,5,0,0,0,0,0,0,0,0,0,0,0,0,0,0,0,0,0,0,0,0,0,0,0,0,0,0,0,0,0,0,0,0,0,0,0,0,0,0,0,0,0,0,0,0,0,0,0,0,0,0,0,0,0,0,0,0,0,0,0,10,0,0,0,0,0,0,0,0,0,0,35,23,0,0,0,0,strafe_left
0,0,0,0,0,12,30,189,0,0,0,0,6,15,3,0,0,0,0,5,0,0,0,0,0,0,0,0,0,0,0,0,0,0,0,0,0,0,0,0,0,0,0,0,0,0,0,0,0,0,0,0,0,0,0,0,0,0,0,0,0,0,0,0,0,0,0,0,0,0,0,0,0,0,0,0,0,0,0,6,0,0,0,0,0,0,0,0,0,0,34,22,0,0,0,0,strafe_left
0,0,0,0,0,0,12,112,0,0,0,0,44,46,21,0,0,0,0,0,0,0,0,0,0,0,0,0,0,0,0,0,0,0,0,0,0,0,0,0,0,0,0,0,0,0,0,0,0,0,0,0,0,0,0,0,0,0,0,0,0,0,0,0,0,0,0,0,0,0,0,0,0,0,0,0,0,0,0,8,0,0,0,0,8,0,0,0,0,0,35,17,0,0,0,0,strafe_left
42,26,0,0,0,0,0,69,0,0,0,0,95,78,34,0,0,0,0,0,0,0,0,0,0,0,0,0,0,0,0,0,0,0,0,0,0,0,0,0,0,0,0,0,0,0,0,0,0,0,0,0,0,0,0,0,0,0,0,0,0,0,0,0,0,0,0,0,0,0,0,0,0,0,0,0,0,0,0,0,0,0,0,0,15,0,0,0,0,0,12,0,0,0,0,0,strafe_left
41,22,0,0,0,0,0,69,0,0,0,0,93,79,35,0,0,0,0,0,0,0,0,0,0,0,0,0,0,0,0,0,0,0,0,0,0,0,0,0,0,0,0,0,0,0,0,0,0,0,0,0,0,0,0,0,0,0,0,0,0,0,0,0,0,0,3,0,0,0,0,0,0,0,0,0,0,0,0,0,0,0,0,0,15,0,0,0,0,0,11,0,0,0,0,0,strafe_left
9,14,0,0,0,0,0,71,0,0,0,0,97,76,34,0,0,0,0,4,0,0,0,0,0,0,6,0,0,0,0,0,0,0,0,0,0,0,0,0,0,0,0,0,0,0,0,0,0,0,0,0,0,0,0,0,0,0,0,0,0,0,0,0,0,0,6,0,0,0,0,0,0,0,0,0,0,0,0,0,0,0,0,0,11,0,0,0,0,0,17,0,0,0,0,0,strafe_left
18,20,0,0,0,0,0,77,0,0,0,0,97,75,34,0,0,0,0,0,0,0,0,0,0,0,0,0,0,0,0,0,0,0,0,0,0,0,0,0,0,0,0,0,0,0,0,0,0,0,0,0,0,0,0,0,0,0,0,0,0,0,0,0,0,0,0,0,0,0,0,0,0,0,0,0,0,0,0,0,0,0,0,0,10,0,0,0,0,0,16,0,0,0,0,0,strafe_left
20,19,0,0,0,0,0,79,0,0,0,0,98,75,34,0,0,0,0,0,0,0,0,0,0,0,0,0,0,0,0,0,0,0,0,0,0,0,0,0,0,0,0,0,0,0,0,0,0,0,0,0,0,0,0,0,0,0,0,0,0,0,0,0,0,0,7,0,0,0,0,0,0,0,0,0,0,0,0,0,0,0,0,0,10,0,0,0,0,0,16,0,0,0,0,0,strafe_left
0,0,0,0,0,0,0,81,0,0,0,0,39,50,25,0,0,0,13,14,0,0,0,0,0,0,21,0,0,0,0,0,0,0,0,0,0,0,0,0,0,0,0,0,0,0,0,0,0,0,0,0,0,0,0,0,0,0,0,0,0,0,0,0,0,0,14,0,0,0,0,0,3,0,0,0,0,0,3,0,0,0,0,0,14,0,0,0,0,0,5,0,0,0,0,0,strafe_left
0,0,0,0,0,0,0,0,0,0,0,0,0,0,0,0,0,0,0,0,0,0,0,0,0,0,12,0,0,0,0,4,0,0,0,0,76,22,0,0,0,0,0,50,37,0,0,0,0,0,0,0,0,21,29,0,0,0,0,0,0,0,0,0,0,0,0,0,0,0,0,0,0,0,0,0,0,0,0,0,0,0,0,0,0,0,0,0,0,0,0,0,0,0,0,0,strafe_right
0,0,0,0,0,0,0,0,0,0,0,0,0,0,0,0,0,0,0,0,0,0,0,0,0,0,11,0,0,0,0,5,4,0,0,0,76,20,0,0,0,0,0,51,38,0,0,0,0,0,0,0,0,21,31,0,0,0,0,0,0,0,0,0,0,0,0,0,0,0,0,0,0,0,0,0,0,0,0,0,0,0,0,0,0,0,0,0,0,0,0,0,0,0,0,0,strafe_right
0,0,0,0,0,0,0,0,0,0,0,0,0,0,0,0,0,0,0,0,0,0,0,0,0,0,11,0,0,0,0,3,4,0,0,0,74,20,0,0,0,0,0,54,38,0,0,0,0,0,0,0,0,23,36,0,0,0,0,0,0,0,0,0,0,0,0,0,0,0,0,0,0,0,0,0,0,0,0,0,0,0,0,0,0,0,0,0,0,0,0,0,0,0,0,0,strafe_right
0,0,0,0,0,0,0,0,0,0,0,0,0,0,0,0,0,0,0,0,0,0,0,0,0,0,10,0,0,0,0,7,7,0,0,0,72,20,0,0,0,0,0,52,38,0,0,0,0,0,0,0,0,27,50,0,0,0,0,0,0,0,0,0,0,0,0,0,0,0,0,0,0,0,0,0,0,0,0,0,0,0,0,0,0,0,0,0,0,0,0,0,0,0,0,0,strafe_right
0,0,0,0,0,0,0,0,0,0,0,0,0,0,0,0,0,0,0,0,0,0,0,0,0,0,0,0,0,0,0,0,0,0,0,0,83,26,0,0,0,0,0,42,36,0,0,0,25,0,0,0,0,16,65,0,0,0,0,0,0,0,0,0,0,0,27,0,0,0,0,0,0,0,0,0,0,0,0,0,0,0,0,0,0,0,0,0,0,0,0,0,0,0,0,0,strafe_right
0,0,0,0,0,0,0,0,0,0,0,0,0,0,0,0,0,0,0,0,0,0,0,0,0,0,0,0,0,0,0,0,0,0,0,0,99,35,0,0,0,0,0,40,37,0,0,0,31,0,0,0,0,10,41,0,0,0,0,0,0,0,0,0,0,0,14,0,0,0,0,0,0,0,0,0,0,0,0,0,0,0,0,0,0,0,0,0,0,0,0,0,0,0,0,0,strafe_right
0,0,0,0,0,0,0,0,0,0,0,0,0,0,0,0,0,0,0,0,0,0,0,0,0,0,0,0,0,0,0,0,0,0,0,0,85,28,0,0,0,0,0,41,39,0,3,0,23,0,0,0,0,18,61,0,0,0,0,0,0,0,0,0,0,0,26,0,0,0,0,0,0,0,0,0,0,0,0,0,0,0,0,0,0,0,0,0,0,0,0,0,0,0,0,0,strafe_right
0,0,0,0,0,0,0,0,0,0,0,0,0,0,0,0,0,0,0,0,0,0,0,0,0,0,0,0,0,0,0,0,0,0,0,0,58,13,0,0,0,0,0,40,39,0,14,0,9,0,0,0,0,24,79,0,0,0,0,0,0,0,0,0,0,0,35,0,0,0,0,0,0,0,0,0,0,0,0,0,0,0,0,0,0,0,0,0,0,0,0,0,0,0,0,0,strafe_right
0,0,0,0,0,0,0,0,0,0,0,0,0,0,0,0,0,0,0,0,0,0,0,0,0,0,0,0,0,0,0,0,0,0,0,0,31,0,0,0,0,0,0,42,37,0,26,0,0,0,0,0,0,35,113,0,0,0,0,0,0,0,0,0,0,0,44,0,0,0,0,0,0,0,0,0,0,0,0,0,0,0,0,0,0,0,0,0,0,0,0,0,0,0,0,0,strafe_right
0,0,0,0,0,0,0,0,0,0,0,0,0,0,0,0,0,0,0,0,0,0,0,0,0,0,0,0,0,0,0,0,0,0,0,0,34,0,0,0,0,0,0,43,42,0,26,0,0,0,0,0,0,38,133,4,0,0,0,0,0,0,0,0,0,0,50,0,0,0,0,0,0,0,0,0,0,0,0,0,0,0,0,0,0,0,0,0,0,0,0,0,0,0,0,0,strafe_right
0,0,0,0,0,0,0,0,0,0,0,0,0,0,0,0,0,0,0,0,0,0,0,0,0,0,0,0,0,0,0,0,0,0,0,0,33,0,0,0,0,0,0,43,43,0,33,0,0,0,0,0,0,41,140,7,0,0,0,0,0,0,0,0,0,0,53,0,0,0,0,0,0,0,0,0,0,0,0,0,0,0,0,0,0,0,0,0,0,0,0,0,0,0,0,0,strafe_right
0,0,0,0,0,0,0,0,0,0,0,0,0,0,0,0,0,0,0,0,0,0,0,0,0,0,0,0,0,0,0,0,3,0,0,0,38,0,0,0,0,0,0,45,43,0,30,0,0,0,0,0,0,34,113,9,0,0,0,0,0,0,0,0,0,0,44,0,0,0,0,0,0,0,0,0,0,0,0,0,0,0,0,0,0,0,0,0,0,0,0,0,0,0,0,0,strafe_right
0,0,0,0,0,0,0,0,0,0,0,0,0,0,0,0,0,0,0,0,0,0,0,0,0,0,0,0,0,0,0,0,0,0,0,0,53,7,0,0,0,0,0,44,41,0,16,0,5,0,0,0,0,23,83,0,0,0,0,0,0,0,0,0,0,0,35,0,0,0,0,0,0,0,0,0,0,0,0,0,0,0,0,0,0,0,0,0,0,0,0,0,0,0,0,0,strafe_right
0,0,0,0,0,0,0,0,0,0,0,0,0,0,0,0,0,0,0,0,0,0,0,0,0,0,0,0,0,0,0,0,0,0,0,0,73,17,0,0,0,0,0,44,39,0,8,0,20,0,0,0,0,14,62,0,0,0,0,0,0,0,0,0,0,0,27,0,0,0,0,0,0,0,0,0,0,0,0,0,0,0,0,0,0,0,0,0,0,0,0,0,0,0,0,0,strafe_right
0,0,0,0,0,0,0,0,0,0,0,0,0,0,0,0,0,0,0,0,0,0,0,0,0,0,0,0,0,0,0,0,0,0,0,0,77,23,0,0,0,0,0,44,36,0,0,0,33,0,0,0,0,11,44,0,0,0,0,0,0,0,0,0,0,0,0,0,0,0,0,0,0,0,0,0,0,0,0,0,0,0,0,0,0,0,0,0,0,0,0,0,0,0,0,0,strafe_right
0,0,0,0,0,0,0,0,0,0,0,0,0,0,0,0,0,0,0,0,0,0,0,0,0,0,0,0,0,0,0,0,0,0,0,0,75,22,0,0,0,0,0,46,36,0,0,0,26,0,0,0,0,25,84,0,0,0,0,0,0,0,0,0,0,0,24,0,0,0,0,0,0,0,0,0,0,0,0,0,0,0,0,0,0,0,0,0,0,0,0,0,0,0,0,0,strafe_right
0,0,0,0,0,0,0,0,0,0,0,0,0,0,0,0,0,0,0,0,0,0,0,0,0,0,0,0,0,0,0,0,0,0,0,0,67,15,0,0,0,0,0,47,38,0,10,0,15,0,0,0,0,29,100,0,0,0,0,0,0,0,0,0,0,0,31,0,0,0,0,0,0,0,0,0,0,0,0,0,0,0,0,0,0,0,0,0,0,0,0,0,0,0,0,0,strafe_right
0,0,0,0,0,0,0,0,0,0,0,0,0,0,0,0,0,0,0,0,0,0,0,0,0,0,0,0,0,0,0,0,0,0,0,0,57,10,0,0,0,0,0,49,40,0,17,0,0,0,0,0,0,34,118,8,0,0,0,0,0,0,0,0,0,0,43,0,0,0,0,0,0,0,0,0,0,0,0,0,0,0,0,0,0,0,0,0,0,0,0,0,0,0,0,0,strafe_right
0,0,0,0,0,0,0,0,0,0,0,0,0,0,0,0,0,0,0,0,0,0,0,0,0,0,9,0,0,0,0,0,11,0,0,0,49,13,0,0,0,0,0,41,38,0,18,0,0,0,0,0,0,37,158,25,0,0,0,0,0,0,0,0,0,0,63,8,0,0,0,0,0,0,0,0,0,0,0,0,0,0,0,0,0,0,0,0,0,0,0,0,0,0,0,0,strafe_right
0,0,0,0,0,0,0,0,0,0,0,0,0,0,0,0,0,0,0,0,0,0,0,0,0,0,12,0,0,0,0,0,11,0,0,0,64,19,0,0,0,0,0,42,39,0,10,0,0,0,0,0,0,19,84,6,0,0,0,0,0,0,0,0,0,0,30,0,0,0,0,0,0,0,0,0,0,0,0,0,0,0,0,0,0,0,0,0,0,0,0,0,0,0,0,0,strafe_right
0,0,0,0,0,0,0,0,0,0,0,0,0,0,0,0,0,0,0,0,0,0,0,0,0,0,23,0,0,0,0,11,18,0,0,0,63,19,0,0,0,0,0,31,30,0,9,0,0,0,0,0,0,16,72,0,0,0,0,0,0,0,0,0,0,0,30,0,0,0,0,0,0,0,0,0,0,0,0,0,0,0,0,0,0,0,0,0,0,0,0,0,0,0,0,0,strafe_right
0,0,0,0,0,0,0,0,0,0,0,0,0,0,0,0,0,0,0,0,0,0,0,0,0,0,17,0,0,0,0,4,15,0,0,0,64,19,0,0,0,0,0,40,36,0,6,0,0,0,0,0,0,14,69,0,0,0,0,0,0,0,0,0,0,0,32,0,0,0,0,0,0,0,0,0,0,0,0,0,0,0,0,0,0,0,0,0,0,0,0,0,0,0,0,0,strafe_right
0,0,0,0,0,0,0,0,0,0,0,0,0,0,0,0,0,0,0,0,0,0,0,0,0,0,18,0,0,0,0,0,10,0,0,0,85,25,0,0,0,0,0,36,35,0,0,0,0,0,0,0,0,10,59,0,0,0,0,0,0,0,0,0,0,0,15,0,0,0,0,0,0,0,0,0,0,0,0,0,0,0,0,0,0,0,0,0,0,0,0,0,0,0,0,0,strafe_right
0,0,0,0,0,0,0,0,0,0,0,0,0,0,0,0,0,0,0,0,0,0,0,0,0,0,14,0,0,0,0,0,8,0,0,0,89,28,0,0,0,0,0,42,38,0,0,0,9,0,0,0,0,9,54,0,0,0,0,0,0,0,0,0,0,0,15,0,0,0,0,0,0,0,0,0,0,0,0,0,0,0,0,0,0,0,0,0,0,0,0,0,0,0,0,0,strafe_right
0,0,0,0,0,0,0,0,0,0,0,0,0,0,0,0,0,0,0,0,0,0,0,0,0,10,19,0,0,0,0,0,10,0,0,0,100,39,5,0,0,0,0,38,33,0,0,0,10,0,0,0,0,9,55,0,0,0,0,0,0,0,0,0,0,0,16,0,0,0,0,0,0,0,0,0,0,0,0,0,0,0,0,0,0,0,0,0,0,0,0,0,0,0,0,0,strafe_right
0,0,0,0,0,0,0,0,0,0,0,0,0,0,0,0,0,0,0,0,0,0,0,0,0,6,20,0,0,0,0,15,28,0,0,0,77,22,0,0,0,0,0,42,41,0,0,0,8,0,0,0,0,17,102,5,0,0,0,0,0,0,0,0,0,0,20,0,0,0,0,0,0,0,0,0,0,0,0,0,0,0,0,0,0,0,0,0,0,0,0,0,0,0,0,0,strafe_right
0,0,0,0,0,0,0,0,0,0,0,0,0,0,0,0,0,0,0,0,0,0,0,0,0,24,20,0,0,0,0,4,17,0,0,0,114,49,11,0,0,0,0,42,36,0,0,0,14,0,0,0,0,15,86,0,0,0,0,0,0,0,0,0,0,0,15,0,0,0,0,0,0,0,0,0,0,0,0,0,0,0,0,0,0,0,0,0,0,0,0,0,0,0,0,0,strafe_right
0,0,0,0,0,0,0,0,0,0,0,0,0,0,0,0,0,0,0,0,0,0,0,0,18,30,22,0,0,0,0,0,14,0,0,0,132,58,13,0,0,0,0,44,39,0,0,0,14,0,0,0,0,15,87,0,0,0,0,0,0,0,0,0,0,0,18,0,0,0,0,0,0,0,0,0,0,0,0,0,0,0,0,0,0,0,0,0,0,0,0,0,0,0,0,0,strafe_right
0,0,0,0,0,0,0,0,0,0,0,0,0,0,0,0,0,0,0,0,0,0,0,0,44,38,35,0,0,0,0,14,14,0,0,0,131,60,19,0,0,0,0,21,25,0,0,0,0,0,0,0,0,18,91,5,0,0,0,0,0,0,0,0,0,0,27,0,0,0,0,0,0,0,0,0,0,0,0,0,0,0,0,0,0,0,0,0,0,0,0,0,0,0,0,0,strafe_right
23,0,0,0,0,0,0,121,0,0,0,0,75,68,33,0,0,0,3,11,0,0,0,0,0,0,13,0,0,0,0,0,0,0,0,0,0,0,0,0,0,0,0,0,0,0,0,0,0,0,0,0,0,0,0,27,0,0,0,0,0,0,0,0,0,0,0,18,0,0,0,0,0,0,0,0,0,0,0,71,34,0,0,0,0,0,0,0,0,0,0,24,0,0,0,0,strafe_left
24,0,0,0,0,0,0,121,0,0,0,0,75,68,33,0,0,0,3,12,0,0,0,0,0,0,13,0,0,0,0,0,0,0,0,0,0,0,0,0,0,0,0,0,0,0,0,0,0,0,0,0,0,0,0,24,0,0,0,0,0,0,0,0,0,0,0,17,0,0,0,0,0,0,0,0,0,0,0,68,33,0,0,0,0,0,0,0,0,0,0,29,0,0,0,0,strafe_left
12,0,0,0,0,0,0,131,0,0,0,0,74,68,31,4,0,0,0,10,0,0,0,0,0,0,11,0,0,0,0,0,0,0,0,0,0,0,0,0,0,0,0,0,0,0,0,0,0,0,0,0,0,0,0,0,0,0,0,0,0,0,0,0,0,0,0,13,0,0,0,0,0,0,0,0,0,0,0,22,0,0,0,0,0,0,0,0,0,0,0,56,4,0,0,0,strafe_left
0,0,0,0,0,0,0,120,0,0,0,0,79,71,33,4,0,0,4,14,0,0,0,0,0,0,32,0,0,0,0,0,0,0,0,0,0,0,0,0,0,0,0,0,0,0,0,0,0,0,0,0,0,0,0,0,0,0,0,0,0,0,0,0,0,0,0,15,0,0,0,0,0,0,0,0,0,0,0,24,0,0,0,0,0,0,0,0,0,0,0,56,6,0,0,0,strafe_left
0,0,0,0,0,0,0,131,0,0,0,0,30,28,10,0,0,0,0,15,0,0,0,0,0,4,50,0,0,0,0,0,0,0,0,0,0,0,0,0,0,0,0,0,0,0,0,0,0,0,0,0,0,0,0,0,0,0,0,0,0,0,0,0,0,0,0,39,0,0,0,0,0,0,0,0,0,0,0,14,0,0,0,0,22,0,0,0,0,0,0,43,34,0,0,0,strafe_left
0,0,0,0,0,0,0,170,0,0,0,0,30,31,13,0,0,0,3,9,0,0,0,0,0,0,41,0,0,0,0,0,0,0,0,0,0,0,0,0,0,0,0,0,0,0,0,0,0,0,0,0,0,0,0,0,0,0,0,0,0,0,0,0,0,0,0,35,0,0,0,0,0,0,0,0,0,0,0,10,0,0,0,0,13,0,0,0,0,0,0,45,41,0,0,0,strafe_left
0,0,0,0,0,5,16,177,0,0,0,0,27,30,16,0,0,0,14,7,0,0,0,0,0,0,33,0,0,0,0,0,0,0,0,0,0,0,0,0,0,0,0,0,0,0,0,0,0,0,0,0,0,0,0,0,0,0,0,0,0,0,0,0,0,0,0,31,0,0,0,0,0,0,0,0,0,0,0,10,0,0,0,0,3,0,0,0,0,0,0,47,46,0,0,0,strafe_left
0,0,0,0,0,9,30,204,0,0,0,0,21,30,21,0,0,0,11,0,0,0,0,0,0,0,22,0,0,0,0,0,0,0,0,0,0,0,0,0,0,0,0,0,0,0,0,0,0,0,0,0,0,0,0,0,0,0,0,0,0,0,0,0,0,0,0,19,0,0,0,0,0,0,0,0,0,0,0,6,0,0,0,0,5,0,0,0,0,0,0,53,49,0,0,0,strafe_left
0,0,0,0,0,9,34,211,0,0,0,0,12,24,18,0,0,0,6,0,0,0,0,0,0,0,14,0,0,0,0,0,0,0,0,0,0,0,0,0,0,0,0,0,0,0,0,0,0,0,0,0,0,0,0,0,0,0,0,0,0,0,0,0,0,0,0,26,0,0,0,0,0,0,0,0,0,0,0,11,0,0,0,0,5,0,0,0,0,0,0,51,48,0,0,0,strafe_left
0,0,0,0,0,13,42,273,9,0,0,0,0,0,0,0,0,0,0,0,0,0,0,0,0,0,0,0,0,0,0,0,0,0,0,0,0,0,0,0,0,0,0,0,0,0,0,0,0,0,0,0,0,0,0,0,0,0,0,0,0,0,0,0,0,0,0,29,0,0,0,0,0,0,0,0,0,0,0,14,0,0,0,0,0,0,0,0,0,0,0,53,51,0,0,0,strafe_left
0,0,0,0,0,11,47,279,16,0,0,0,0,0,0,0,0,0,0,5,0,0,0,0,0,0,0,0,0,0,0,0,0,0,0,0,0,0,0,0,0,0,0,0,0,0,0,0,0,0,0,0,0,0,0,0,0,0,0,0,0,0,0,0,0,0,0,29,0,0,0,0,0,0,0,0,0,0,0,18,0,0,0,0,0,0,0,0,0,0,0,53,51,0,0,0,strafe_left
0,0,0,0,0,11,43,238,10,0,0,0,0,3,6,0,0,0,0,8,0,0,0,0,0,0,3,0,0,0,0,0,0,0,0,0,0,0,0,0,0,0,0,0,0,0,0,0,0,0,0,0,0,0,0,0,0,0,0,0,0,0,0,0,0,0,0,33,0,0,0,0,0,0,0,0,0,0,0,15,0,0,0,0,0,0,0,0,0,0,0,47,42,0,0,0,strafe_left
0,0,0,0,0,4,31,184,0,0,0,0,0,35,25,0,0,0,0,0,0,0,0,0,0,0,26,0,0,0,0,0,0,0,0,0,0,0,0,0,0,0,0,0,0,0,0,0,0,0,0,0,0,0,0,0,0,0,0,0,0,0,0,0,0,0,0,31,0,0,0,0,0,0,0,0,0,0,0,9,0,0,0,0,26,0,0,0,0,0,0,46,39,0,0,0,strafe_left
0,0,0,0,0,9,41,223,3,0,0,0,0,26,20,0,0,0,0,0,0,0,0,0,0,0,20,0,0,0,0,0,0,0,0,0,0,0,0,0,0,0,0,0,0,0,0,0,0,0,0,0,0,0,0,0,0,0,0,0,0,0,0,0,0,0,0,34,0,0,0,0,0,0,0,0,0,0,0,13,0,0,0,0,10,0,0,0,0,0,0,50,45,0,0,0,strafe_left
0,0,0,0,0,13,45,252,7,0,0,0,0,15,13,0,0,0,0,0,0,0,0,0,0,0,4,0,0,0,0,0,0,0,0,0,0,0,0,0,0,0,0,0,0,0,0,0,0,0,0,0,0,0,0,0,0,0,0,0,0,0,0,0,0,0,0,35,0,0,0,0,0,0,0,0,0,0,0,14,0,0,0,0,0,0,0,0,0,0,0,51,47,0,0,0,strafe_left
0,0,0,0,0,14,45,264,12,0,0,0,0,21,10,0,0,0,0,0,0,0,0,0,0,0,3,0,0,0,0,0,0,0,0,0,0,0,0,0,0,0,0,0,0,0,0,0,0,0,0,0,0,0,0,0,0,0,0,0,0,0,0,0,0,0,0,11,0,0,0,0,0,0,0,0,0,0,0,3,0,0,0,0,0,0,0,0,0,0,0,51,51,0,0,0,strafe_left
0,0,0,0,0,12,41,243,12,0,0,0,9,26,10,0,0,0,0,0,0,0,0,0,0,0,0,0,0,0,0,0,0,0,0,0,0,0,0,0,0,0,0,0,0,0,0,0,0,0,0,0,0,0,0,0,0,0,0,0,0,0,0,0,0,0,0,0,0,0,0,0,0,0,0,0,0,0,0,0,0,0,0,0,0,0,0,0,0,0,0,41,46,0,0,0,strafe_left
0,0,0,0,0,9,33,209,3,0,0,0,35,50,29,0,0,0,0,0,0,0,0,0,0,0,4,0,0,0,0,0,0,0,0,0,0,0,0,0,0,0,0,0,0,0,0,0,0,0,0,0,0,0,0,0,0,0,0,0,0,0,0,0,0,0,0,3,0,0,0,0,0,0,0,0,0,0,0,0,0,0,0,0,27,0,0,0,0,0,0,49,47,0,0,0,strafe_left
0,0,0,0,0,9,33,208,3,0,0,0,37,50,30,0,0,0,0,0,0,0,0,0,0,0,7,0,0,0,0,0,0,0,0,0,0,0,0,0,0,0,0,0,0,0,0,0,0,0,0,0,0,0,0,0,0,0,0,0,0,0,0,0,0,0,0,6,0,0,0,0,0,0,0,0,0,0,0,0,0,0,0,0,28,0,0,0,0,0,0,47,47,0,0,0,strafe_left
0,0,0,0,0,13,36,230,9,0,0,0,23,45,27,0,0,0,0,0,0,0,0,0,0,0,5,0,0,0,0,0,0,0,0,0,0,0,0,0,0,0,0,0,0,0,0,0,0,0,0,0,0,0,0,0,0,0,0,0,0,0,0,0,0,0,0,10,0,0,0,0,0,0,0,0,0,0,0,5,0,0,0,0,22,0,0,0,0,0,0,54,49,0,0,0,strafe_left
0,0,0,0,0,14,41,234,10,0,0,0,17,39,26,0,0,0,0,0,0,0,0,0,0,0,0,0,0,0,0,0,0,0,0,0,0,0,0,0,0,0,0,0,0,0,0,0,0,0,0,0,0,0,0,0,0,0,0,0,0,0,0,0,0,0,0,9,0,0,0,0,0,0,0,0,0,0,0,4,0,0,0,0,19,0,0,0,0,0,0,53,50,0,0,0,strafe_left
0,0,0,0,0,0,25,169,0,0,0,0,34,57,37,5,0,0,0,0,0,0,0,0,0,0,16,0,0,0,0,0,0,0,0,0,0,0,0,0,0,0,0,0,0,0,0,0,0,0,0,0,0,0,0,0,0,0,0,0,0,0,0,0,0,0,0,13,0,0,0,0,0,0,0,0,0,0,0,5,0,0,0,0,32,0,0,0,0,0,0,46,41,0,0,0,strafe_left
0,0,0,0,0,0,22,176,0,0,0,0,52,55,33,4,0,0,0,0,0,0,0,0,0,0,27,0,0,0,0,0,0,0,0,0,0,0,0,0,0,0,0,0,0,0,0,0,0,0,0,0,0,0,0,0,0,0,0,0,0,0,0,0,0,0,0,14,0,0,0,0,0,0,12,0,0,0,0,6,0,0,0,0,24,0,0,0,0,0,0,20,20,0,0,0,strafe_left
0,0,0,0,0,0,12,132,0,0,0,0,74,92,50,11,0,0,0,0,0,0,0,0,0,20,32,0,0,0,0,0,0,0,0,0,0,0,0,0,0,0,0,0,0,0,0,0,0,0,0,0,0,0,0,0,0,0,0,0,0,0,0,0,0,0,0,14,0,0,0,0,0,0,12,0,0,0,0,6,0,0,0,0,24,0,0,0,0,0,0,20,20,0,0,0,strafe_left
0,0,0,0,0,0,4,95,0,0,0,0,77,104,57,10,0,0,0,0,0,0,0,0,0,33,37,0,0,0,0,0,0,0,0,0,0,0,0,0,0,0,0,0,0,0,0,0,0,0,0,0,0,0,0,0,0,0,0,0,0,0,0,0,0,0,0,14,0,0,0,0,0,0,12,0,0,0,0,6,0,0,0,0,24,0,0,0,0,0,0,20,20,0,0,0,strafe_left
0,0,0,0,0,0,17,162,0,0,0,0,30,70,46,12,0,0,0,0,0,0,0,0,0,8,40,0,0,0,0,0,0,0,0,0,0,0,0,0,0,0,0,0,0,0,0,0,0,0,0,0,0,0,0,0,0,0,0,0,0,0,0,0,0,0,0,0,0,0,0,0,0,0,0,0,0,0,0,0,3,0,0,0,0,0,0,0,0,0,0,35,57,0,0,0,strafe_left
0,0,0,0,0,3,18,166,0,0,0,0,18,56,40,11,0,0,0,0,0,0,0,0,0,4,43,0,0,0,0,0,0,0,0,0,0,0,0,0,0,0,0,0,0,0,0,0,0,0,0,0,0,0,0,0,0,0,0,0,0,0,0,0,0,0,0,0,0,0,0,0,0,0,0,0,0,0,0,0,6,0,0,0,0,0,0,0,0,0,0,37,58,0,0,0,strafe_left
0,0,0,0,0,0,0,68,0,0,0,0,0,0,0,0,0,0,0,41,15,0,0,0,0,0,30,0,0,0,0,26,32,0,0,0,6,0,11,0,0,0,0,0,13,0,0,0,0,0,0,0,0,0,0,31,0,0,0,0,0,0,0,0,0,0,0,52,28,0,0,0,0,0,16,0,0,0,0,19,8,0,0,0,0,0,13,0,0,0,0,0,20,0,0,0,forward
0,0,0,0,0,0,0,0,0,0,0,0,0,0,0,0,0,0,0,23,12,0,0,0,0,0,18,0,0,0,0,7,42,0,0,0,32,33,18,0,0,0,0,37,75,0,0,0,0,0,0,0,0,0,0,62,0,0,0,0,0,0,0,0,0,0,0,14,0,0,0,0,0,0,59,0,0,0,0,0,0,0,0,0,0,0,12,0,0,0,0,0,0,0,0,0,strafe_right
0,0,0,0,0,0,0,0,0,0,0,0,0,0,0,0,0,0,0,9,9,0,0,0,0,0,13,0,0,0,0,0,40,0,0,0,37,39,25,0,0,0,0,32,96,0,0,0,46,0,0,0,0,0,0,55,0,0,0,0,0,0,0,0,0,0,0,47,0,0,0,0,0,0,0,0,0,0,0,0,0,0,0,0,0,0,0,0,0,0,0,0,0,0,0,0,strafe_right
0,0,0,0,0,0,0,0,0,0,0,0,0,0,0,0,0,0,0,10,10,0,0,0,0,0,14,0,0,0,0,0,39,0,0,0,37,40,24,0,0,0,0,33,94,0,0,0,48,0,0,0,0,0,0,56,0,0,0,0,0,0,0,0,0,0,0,47,0,0,0,0,0,0,0,0,0,0,0,0,0,0,0,0,0,0,0,0,0,0,0,0,0,0,0,0,strafe_right
0,0,0,0,0,0,0,0,0,0,0,0,0,0,0,0,0,0,0,11,10,0,0,0,0,0,12,0,0,0,0,0,40,0,0,0,37,40,25,0,0,0,0,32,93,0,0,0,49,0,0,0,0,0,0,56,0,0,0,0,0,0,0,0,0,0,0,47,0,0,0,0,0,0,0,0,0,0,0,0,0,0,0,0,0,0,0,0,0,0,0,0,0,0,0,0,strafe_right
0,0,0,0,0,0,0,0,0,0,0,0,0,0,0,0,0,0,0,0,0,0,0,0,0,0,12,0,0,0,0,0,19,0,0,0,116,85,42,0,0,0,0,30,68,0,0,0,71,0,0,0,0,0,0,43,0,0,0,0,0,0,3,0,0,0,0,23,0,0,0,0,0,0,0,0,0,0,0,0,0,0,0,0,0,0,0,0,0,0,0,0,0,0,0,0,strafe_right
0,0,0,0,0,0,0,0,0,0,0,0,0,0,0,0,0,0,0,0,0,0,0,0,0,0,9,0,0,0,0,0,23,0,0,0,96,74,37,0,0,0,0,31,76,0,0,0,69,0,0,0,0,0,0,44,0,0,0,0,0,0,4,0,0,0,0,24,0,0,0,0,0,0,0,0,0,0,0,0,0,0,0,0,0,0,0,0,0,0,0,0,0,0,0,0,strafe_right
0,0,0,0,0,0,0,0,0,0,0,0,0,0,0,0,0,0,0,0,0,0,0,0,0,0,12,0,0,0,0,0,22,0,0,0,108,86,43,0,0,0,0,30,70,0,0,0,69,0,0,0,0,0,0,46,0,0,0,0,0,0,4,0,0,0,0,24,0,0,0,0,0,0,0,0,0,0,0,0,0,0,0,0,0,0,0,0,0,0,0,0,0,0,0,0,strafe_right
0,0,0,0,0,0,0,0,0,0,0,0,0,0,0,0,0,0,0,0,0,0,0,0,0,0,15,0,0,0,0,0,17,0,0,0,120,93,45,0,0,0,0,27,59,0,0,0,68,0,0,0,0,0,0,45,0,0,0,0,0,0,4,0,0,0,0,26,0,0,0,0,0,0,0,0,0,0,0,0,0,0,0,0,0,0,0,0,0,0,0,0,0,0,0,0,strafe_right
0,0,0,0,0,0,0,0,0,0,0,0,0,0,0,0,0,0,0,0,0,0,0,0,0,0,13,0,0,0,0,0,23,0,0,0,100,79,40,0,0,0,0,30,68,0,0,0,47,0,0,0,0,0,0,62,0,0,0,0,0,0,0,0,0,0,0,49,0,0,0,0,0,0,0,0,0,0,0,0,0,0,0,0,0,0,0,0,0,0,0,0,0,0,0,0,strafe_right
0,0,0,0,0,0,0,0,0,0,0,0,0,0,0,10,0,0,0,0,0,0,0,0,0,0,67,18,0,0,0,0,0,0,0,0,0,0,19,5,0,0,0,0,0,0,0,0,0,0,0,0,0,0,0,0,0,0,0,0,0,0,0,0,0,0,0,14,58,17,0,0,0,0,22,0,0,0,0,0,8,0,0,0,0,0,24,0,0,0,0,0,0,0,0,0,strafe_right
0,0,0,0,0,0,0,0,11,0,0,0,0,0,33,39,0,0,0,0,0,10,0,0,0,0,149,74,0,0,0,0,0,13,0,0,0,0,129,69,0,0,0,0,0,0,0,0,0,0,0,0,0,0,0,0,15,40,0,0,0,0,0,0,0,0,0,0,19,38,0,0,0,0,38,0,0,0,0,0,0,35,0,0,0,0,0,0,0,0,0,0,0,10,0,0,none
0,0,0,0,0,0,0,0,4,0,0,0,0,0,54,44,0,0,0,0,0,0,0,0,0,0,182,104,0,0,0,0,0,0,0,0,0,0,160,97,0,0,0,0,0,0,0,0,0,0,0,0,0,0,0,0,12,35,0,0,0,0,98,47,0,0,0,0,0,0,0,0,0,0,109,78,0,0,0,0,0,0,0,0,0,0,30,7,0,0,0,0,0,0,0,0,backward
0,0,0,0,0,0,0,0,0,0,0,0,0,0,54,44,0,0,0,0,0,0,0,0,0,0,182,104,0,0,0,0,0,0,0,0,0,0,161,98,0,0,0,0,0,0,0,0,0,0,0,0,0,0,0,0,11,34,0,0,0,0,102,47,0,0,0,0,0,0,0,0,0,0,109,76,0,0,0,0,0,0,0,0,0,0,29,7,0,0,0,0,0,0,0,0,backward
0,0,0,0,0,0,0,0,15,3,0,0,0,0,34,39,0,0,0,0,0,12,0,0,0,0,171,100,0,0,0,0,0,11,0,0,0,0,155,88,0,0,0,0,0,0,0,0,0,0,0,0,0,0,0,0,7,37,0,0,0,0,67,17,0,0,0,0,0,16,0,0,0,0,65,24,0,0,0,0,0,10,0,0,0,0,0,0,0,0,0,0,0,0,0,0,backward
0,0,0,0,0,0,0,0,19,21,0,0,0,0,0,6,0,0,0,0,0,35,0,0,0,0,95,53,0,0,0,0,0,51,0,0,0,0,83,48,0,0,0,0,0,20,0,0,0,0,0,0,0,0,0,0,7,37,0,0,0,0,67,17,0,0,0,0,0,16,0,0,0,0,65,24,0,0,0,0,0,10,0,0,0,0,0,0,0,0,0,0,0,0,0,0,none
0,0,0,0,0,0,0,0,19,21,0,0,0,0,0,3,0,0,0,0,3,36,0,0,0,0,89,50,0,0,0,0,0,50,0,0,0,0,76,44,0,0,0,0,0,20,0,0,0,0,0,0,0,0,0,0,7,37,0,0,0,0,67,17,0,0,0,0,0,16,0,0,0,0,65,24,0,0,0,0,0,10,0,0,0,0,0,0,0,0,0,0,0,0,0,0,none
0,0,0,0,0,0,0,0,19,22,0,0,0,0,0,0,0,0,0,0,3,36,0,0,0,0,85,49,0,0,0,0,0,51,0,0,0,0,72,42,0,0,0,0,0,21,0,0,0,0,0,0,0,0,0,0,7,37,0,0,0,0,67,17,0,0,0,0,0,16,0,0,0,0,65,24,0,0,0,0,0,10,0,0,0,0,0,0,0,0,0,0,0,0,0,0,none
0,0,0,0,0,0,0,0,16,22,0,0,0,0,0,0,0,0,0,0,4,37,0,0,0,0,85,48,0,0,0,0,0,50,0,0,0,0,70,41,0,0,0,0,0,18,0,0,0,0,0,0,0,0,0,0,7,37,0,0,0,0,67,17,0,0,0,0,0,16,0,0,0,0,65,24,0,0,0,0,0,10,0,0,0,0,0,0,0,0,0,0,0,0,0,0,none
0,0,0,0,0,0,0,0,19,22,0,0,0,0,0,0,0,0,0,0,4,37,0,0,0,0,85,47,0,0,0,0,0,51,0,0,0,0,71,41,0,0,0,0,0,21,0,0,0,0,0,0,0,0,0,0,7,37,0,0,0,0,67,17,0,0,0,0,0,16,0,0,0,0,65,24,0,0,0,0,0,10,0,0,0,0,0,0,0,0,0,0,0,0,0,0,none
0,0,0,0,0,0,0,0,19,19,0,0,0,0,0,8,0,0,0,0,0,35,0,0,0,0,111,67,0,0,0,0,0,48,0,0,0,0,96,61,0,0,0,0,0,20,0,0,0,0,0,0,0,0,0,0,3,57,0,0,0,0,0,0,0,0,0,0,0,48,0,0,0,0,32,13,0,0,0,0,0,42,0,0,0,0,0,0,0,0,0,0,0,3,0,0,none
0,0,0,0,0,0,0,81,25,0,0,0,0,24,25,5,0,0,0,0,0,0,0,0,0,0,79,0,0,0,0,0,0,0,0,0,0,0,0,0,0,0,0,0,0,0,0,0,0,0,0,0,0,0,0,0,0,0,0,0,0,0,0,0,0,0,0,0,26,22,0,0,0,0,46,0,0,0,0,0,30,21,0,0,0,0,43,0,0,0,0,0,54,10,0,0,strafe_left
0,0,0,0,0,0,0,80,23,0,0,0,0,32,35,11,0,0,0,0,0,0,0,0,0,0,84,0,0,0,0,0,0,0,0,0,0,0,0,0,0,0,0,0,0,0,0,0,0,0,0,0,0,0,0,0,0,0,0,0,0,0,0,0,0,0,0,0,23,15,0,0,0,0,44,0,0,0,0,0,26,17,0,0,0,0,47,0,0,0,0,0,56,11,0,0,strafe_left
0,0,0,0,0,0,0,90,35,0,0,0,0,4,15,0,0,0,0,0,0,0,0,0,0,0,62,0,0,0,0,0,0,0,0,0,0,0,0,0,0,0,0,0,0,0,0,0,0,0,0,0,0,0,0,0,0,0,0,0,0,0,0,0,0,0,0,0,20,13,0,0,0,0,45,0,0,0,0,0,25,16,0,0,0,0,46,0,0,0,0,0,56,11,0,0,strafe_left
0,0,0,0,0,3,0,102,57,0,0,0,0,0,0,0,0,0,0,0,0,0,0,0,0,0,50,0,0,0,0,0,0,0,0,0,0,0,0,0,0,0,0,0,0,0,0,0,0,0,0,0,0,0,0,0,0,0,0,0,0,0,0,0,0,0,0,0,19,14,0,0,0,0,42,0,0,0,0,0,25,16,0,0,0,0,47,0,0,0,0,0,52,9,0,0,strafe_left
0,0,0,0,0,0,0,76,21,0,0,0,0,49,45,19,0,0,0,0,0,0,0,0,0,0,97,0,0,0,0,0,0,0,0,0,0,0,0,0,0,0,0,0,0,0,0,0,0,0,0,0,0,0,0,0,0,0,0,0,0,0,14,0,0,0,0,0,10,0,0,0,0,0,44,0,0,0,0,0,18,5,0,0,0,0,63,0,0,0,0,0,47,0,0,0,strafe_left
0,0,0,0,0,0,0,0,0,0,0,0,0,0,0,0,0,0,0,0,0,0,0,0,0,4,69,0,0,0,0,0,0,0,0,0,16,63,60,0,0,0,0,0,80,0,0,0,0,0,0,0,0,0,0,32,85,0,0,0,0,0,54,0,0,0,0,0,0,0,0,0,0,0,88,0,0,0,0,0,0,0,0,0,0,0,9,0,0,0,0,0,0,0,0,0,strafe_right
0,0,0,0,0,0,0,0,0,0,0,0,0,0,0,0,0,0,0,0,0,0,0,0,0,6,69,0,0,0,0,0,3,0,0,0,14,62,60,0,0,0,0,0,81,0,0,0,0,0,0,0,0,0,0,33,86,0,0,0,0,0,54,0,0,0,0,0,0,0,0,0,0,0,83,0,0,0,0,0,0,0,0,0,0,0,9,0,0,0,0,0,0,0,0,0,strafe_right
0,0,0,0,0,0,0,0,0,0,0,0,0,0,0,0,0,0,0,0,0,0,0,0,0,0,62,0,0,0,0,0,0,0,0,0,11,58,58,0,0,0,0,0,85,0,0,7,0,0,0,0,0,0,0,36,96,0,0,0,0,0,46,0,0,0,0,0,3,0,0,0,0,0,85,0,0,0,0,0,0,0,0,0,0,0,7,0,0,0,0,0,0,0,0,0,strafe_right
0,0,0,0,0,0,0,0,0,0,0,0,0,0,0,0,0,0,0,0,0,0,0,0,0,24,78,0,0,0,0,0,0,0,0,0,47,94,71,0,0,0,0,0,63,0,0,0,0,0,3,0,0,0,0,20,40,0,0,0,0,16,74,5,0,0,0,0,0,0,0,0,0,0,95,0,0,0,0,0,0,0,0,0,0,0,18,0,0,0,0,0,0,0,0,0,strafe_right
0,0,0,0,0,0,0,0,0,0,0,0,0,0,0,0,0,0,0,0,0,0,0,0,0,23,76,0,0,0,0,0,0,0,0,0,50,102,78,0,0,0,0,0,73,0,0,0,0,0,8,0,0,0,0,15,24,0,0,0,0,29,86,0,0,0,0,0,0,0,0,0,0,5,94,0,0,0,0,0,0,0,0,0,0,0,12,0,0,0,0,0,0,0,0,0,strafe_right
0,0,0,0,0,0,0,0,0,0,0,0,0,0,0,0,0,0,0,0,0,0,0,0,0,23,76,0,0,0,0,0,0,0,0,0,54,103,80,0,0,0,0,0,74,0,0,0,0,0,10,0,0,0,0,18,20,0,0,0,0,28,91,0,0,0,0,0,0,0,0,0,0,6,96,0,0,0,0,0,0,0,0,0,0,0,17,0,0,0,0,0,0,0,0,0,strafe_right
0,0,0,0,0,0,0,0,0,0,0,0,0,0,0,0,0,0,0,0,0,0,0,0,0,0,54,0,0,0,0,0,0,0,0,0,26,76,68,0,0,0,0,0,101,0,0,0,0,0,11,0,0,0,0,17,27,0,0,0,0,29,90,0,0,0,0,0,0,0,0,0,0,3,95,0,0,0,0,0,0,0,0,0,0,0,13,0,0,0,0,0,0,0,0,0,strafe_right
0,0,0,0,0,0,0,0,0,0,0,0,0,0,0,0,0,0,0,0,0,0,0,0,0,0,45,0,0,0,0,0,0,0,0,0,12,55,58,0,0,0,0,0,107,0,0,0,0,0,9,0,0,0,0,18,26,0,0,0,0,30,91,0,0,0,0,0,0,0,0,0,0,4,96,0,0,0,0,0,0,0,0,0,0,0,14,0,0,0,0,0,0,0,0,0,strafe_right
0,0,0,0,0,0,0,0,0,0,0,0,0,0,0,0,0,0,0,0,0,0,0,0,0,0,42,0,0,0,0,0,0,0,0,0,7,47,50,0,0,0,0,0,113,0,0,0,0,0,5,0,0,0,0,25,51,0,0,0,0,7,80,0,0,0,0,0,0,0,0,0,0,0,86,0,0,0,0,0,0,0,0,0,0,0,0,0,0,0,0,0,0,0,0,0,strafe_right
0,0,0,0,0,0,0,0,0,0,0,0,0,0,0,0,0,0,0,0,0,0,0,0,0,0,47,0,0,0,0,0,0,0,0,0,7,46,50,0,0,0,0,0,112,0,0,0,0,0,4,0,0,0,0,28,64,0,0,0,0,6,70,0,0,0,0,0,0,0,0,0,0,0,88,0,0,0,0,0,0,0,0,0,0,0,0,0,0,0,0,0,0,0,0,0,strafe_right
0,0,0,0,0,0,0,0,0,0,0,0,0,0,0,0,0,0,0,0,0,0,0,0,0,0,45,0,0,0,0,0,0,0,0,0,6,48,51,0,0,0,0,0,114,0,0,0,0,0,8,0,0,0,0,21,41,0,0,0,0,19,85,0,0,0,0,0,0,0,0,0,0,0,93,0,0,0,0,0,0,0,0,0,0,0,0,0,0,0,0,0,0,0,0,0,strafe_right
0,0,0,0,0,0,0,0,0,0,0,0,0,0,0,0,0,0,0,0,0,0,0,0,0,0,44,0,0,0,0,0,0,0,0,0,9,61,57,0,0,0,0,0,110,0,0,0,0,0,10,0,0,0,0,20,33,0,0,0,0,19,85,0,0,0,0,0,0,0,0,0,0,0,96,0,0,0,0,0,0,0,0,0,0,0,7,0,0,0,0,0,0,0,0,0,strafe_right
0,0,0,0,0,0,0,0,0,0,0,0,0,0,0,0,0,0,0,0,0,0,0,0,0,0,45,0,0,0,0,0,0,0,0,0,13,64,59,0,0,0,0,0,103,0,0,0,0,0,11,0,0,0,0,21,34,0,0,0,0,19,90,0,0,0,0,0,0,0,0,0,0,0,95,0,0,0,0,0,0,0,0,0,0,0,8,0,0,0,0,0,0,0,0,0,strafe_right
0,0,0,0,0,0,0,0,0,0,0,0,0,0,0,0,0,0,0,0,0,0,0,0,0,0,57,0,0,0,0,0,0,0,0,0,27,84,68,0,0,0,0,0,91,0,0,0,0,0,7,0,0,0,0,16,22,0,0,0,0,29,98,3,0,0,0,0,0,0,0,0,0,5,97,0,0,0,0,0,0,0,0,0,0,0,15,0,0,0,0,0,0,0,0,0,strafe_right
0,0,0,0,0,0,0,0,19,0,0,0,0,0,30,0,0,0,0,0,0,0,0,0,0,71,101,0,0,0,0,0,19,0,0,0,0,81,99,0,0,0,0,0,24,0,0,0,0,0,0,0,0,0,0,55,0,0,0,0,0,0,0,0,0,0,0,38,23,0,0,0,0,11,33,0,0,0,0,11,0,0,0,0,26,33,30,0,0,0,0,10,15,0,0,0,none
0,0,0,0,0,0,0,0,19,0,0,0,0,0,30,0,0,0,0,0,0,0,0,0,0,73,102,3,0,0,0,0,19,0,0,0,0,81,98,0,0,0,0,0,23,0,0,0,0,0,0,0,0,0,0,56,0,0,0,0,0,0,0,0,0,0,0,38,21,0,0,0,0,10,33,0,0,0,0,11,0,0,0,0,29,33,31,0,0,0,0,11,15,0,0,0,none
0,0,0,0,0,0,0,36,16,0,0,0,0,51,40,0,0,0,0,3,15,0,0,0,0,37,80,0,0,0,0,0,25,0,0,0,0,0,5,0,0,0,0,0,23,0,0,0,0,0,0,0,0,0,0,59,0,0,0,0,0,0,0,0,0,0,0,32,10,0,0,0,0,8,42,0,0,0,0,0,0,0,0,0,30,27,33,0,0,0,0,0,0,0,0,0,none
0,0,0,0,0,0,0,10,10,0,0,0,0,42,41,0,0,0,0,0,4,0,0,0,0,56,95,0,0,0,0,0,16,0,0,0,0,14,61,0,0,0,0,0,23,0,0,0,0,0,0,0,0,0,0,58,0,0,0,0,0,0,0,0,0,0,0,37,18,0,0,0,0,3,33,0,0,0,0,0,0,0,0,0,33,48,47,0,0,0,0,0,0,0,0,0,none
0,0,0,0,0,0,0,10,6,0,0,0,0,42,41,0,0,0,0,0,3,0,0,0,0,57,96,0,0,0,0,0,16,0,0,0,0,14,64,0,0,0,0,0,22,0,0,0,0,0,0,0,0,0,0,58,0,0,0,0,0,0,0,0,0,0,0,38,18,0,0,0,0,3,37,0,0,0,0,0,0,0,0,0,33,48,46,0,0,0,0,0,4,0,0,0,none
0,0,0,0,0,0,0,10,10,0,0,0,0,42,42,0,0,0,0,0,0,0,0,0,0,56,95,0,0,0,0,0,16,0,0,0,0,14,64,0,0,0,0,0,22,0,0,0,0,0,0,0,0,0,0,57,0,0,0,0,0,0,0,0,0,0,0,37,18,0,0,0,0,0,36,0,0,0,0,0,0,0,0,0,33,49,46,0,0,0,0,0,3,0,0,0,none
0,0,0,0,0,0,0,10,9,0,0,0,0,42,42,0,0,0,0,0,4,0,0,0,0,57,96,0,0,0,0,0,16,0,0,0,0,13,63,0,0,0,0,0,22,0,0,0,0,0,0,0,0,0,0,58,0,0,0,0,0,0,0,0,0,0,0,37,18,0,0,0,0,3,35,0,0,0,0,0,0,0,0,0,33,49,43,0,0,0,0,0,3,0,0,0,none
0,0,0,0,0,0,0,0,0,0,0,0,0,72,67,0,0,0,0,0,0,0,0,0,0,84,132,0,0,0,0,0,0,0,0,0,0,36,78,0,0,0,0,0,0,0,0,0,0,0,0,0,0,0,0,54,0,0,0,0,0,0,0,0,0,0,0,34,5,0,0,0,0,5,43,0,0,0,0,0,0,0,0,0,58,52,66,0,0,0,0,0,0,0,0,0,backward
0,0,0,0,0,0,0,0,0,0,0,0,0,71,69,0,0,0,0,0,0,0,0,0,0,84,131,0,0,0,0,0,0,0,0,0,0,36,79,0,0,0,0,0,0,0,0,0,0,0,0,0,0,0,0,54,0,0,0,0,0,0,0,0,0,0,0,35,8,0,0,0,0,6,43,0,0,0,0,0,0,0,0,0,55,50,64,0,0,0,0,0,0,0,0,0,backward
0,0,0,0,0,0,0,0,0,0,0,0,0,72,67,0,0,0,0,0,0,0,0,0,0,80,130,0,0,0,0,0,0,0,0,0,0,34,79,0,0,0,0,0,0,0,0,0,0,0,0,0,0,0,0,50,0,0,0,0,0,0,0,0,0,0,0,36,9,0,0,0,0,6,42,0,0,0,0,0,0,0,0,0,56,52,62,0,0,0,0,0,0,0,0,0,backward
0,0,0,0,0,0,0,0,5,0,0,0,0,61,57,0,0,0,0,0,0,0,0,0,0,81,115,0,0,0,0,0,0,0,0,0,0,27,68,0,0,0,0,0,0,0,0,0,0,0,0,0,0,0,0,58,0,0,0,0,0,0,0,0,0,0,0,34,13,0,0,0,0,9,42,0,0,0,0,0,0,0,0,0,43,54,56,0,0,0,0,0,0,0,0,0,backward
0,0,0,0,0,0,0,0,8,0,0,0,0,61,57,0,0,0,0,0,0,0,0,0,0,80,115,0,0,0,0,0,0,0,0,0,0,27,67,0,0,0,0,0,0,0,0,0,0,0,0,0,0,0,0,59,0,0,0,0,0,0,0,0,0,0,0,37,14,0,0,0,0,9,42,0,0,0,0,0,0,0,0,0,45,54,55,0,0,0,0,0,0,0,0,0,backward
0,0,0,0,0,0,0,0,9,0,0,0,0,57,53,0,0,0,0,0,0,0,0,0,0,80,111,0,0,0,0,0,7,0,0,0,0,28,64,0,0,0,0,0,6,0,0,0,0,0,0,0,0,0,0,59,0,0,0,0,0,0,0,0,0,0,0,38,15,0,0,0,0,8,41,0,0,0,0,0,0,0,0,0,44,55,54,0,0,0,0,0,0,0,0,0,backward
0,0,0,0,0,0,0,35,17,0,0,0,0,24,37,0,0,0,0,0,12,0,0,0,0,48,85,0,0,0,0,0,29,0,0,0,0,0,54,0,0,0,0,0,29,0,0,0,0,0,0,0,0,0,0,62,0,0,0,0,0,0,0,0,0,0,3,44,27,0,0,0,0,0,34,0,0,0,0,0,0,0,0,0,25,44,45,0,0,0,0,0,0,0,0,0,none
0,0,0,0,0,0,0,38,18,0,0,0,0,23,37,0,0,0,0,0,12,0,0,0,0,48,85,0,0,0,0,0,29,0,0,0,0,0,53,0,0,0,0,0,28,0,0,0,0,0,0,0,0,0,0,62,0,0,0,0,0,0,0,0,0,0,3,44,28,0,0,0,0,0,35,0,0,0,0,0,0,0,0,0,26,44,47,0,0,0,0,0,0,0,0,0,none
0,0,0,0,0,0,0,39,18,0,0,0,0,22,35,0,0,0,0,0,13,0,0,0,0,46,84,0,0,0,0,0,30,0,0,0,0,0,51,0,0,0,0,0,29,0,0,0,0,0,0,0,0,0,0,62,0,0,0,0,0,0,0,0,0,0,3,44,28,0,0,0,0,0,35,0,0,0,0,0,0,0,0,0,24,45,47,0,0,0,0,0,0,0,0,0,none
0,0,0,0,0,0,0,34,16,0,0,0,0,32,41,0,0,0,0,0,10,0,0,0,0,57,90,0,0,0,0,0,25,0,0,0,0,12,60,0,0,0,0,0,28,0,0,0,0,0,0,0,0,0,0,60,0,0,0,0,0,0,0,0,0,0,0,42,23,0,0,0,0,0,39,0,0,0,0,0,0,0,0,0,40,54,50,0,0,0,0,0,0,0,0,0,none
0,0,0,0,0,0,0,35,17,0,0,0,0,28,37,0,0,0,0,0,10,0,0,0,0,55,89,0,0,0,0,0,24,0,0,0,0,9,58,0,0,0,0,0,29,0,0,0,0,0,0,0,0,0,0,60,0,0,0,0,0,0,0,0,0,0,0,42,23,0,0,0,0,3,39,0,0,0,0,0,0,0,0,0,41,54,50,0,0,0,0,0,0,0,0,0,none
0,0,0,0,0,0,0,37,17,0,0,0,0,27,38,0,0,0,0,0,11,0,0,0,0,53,85,0,0,0,0,0,27,0,0,0,0,7,57,0,0,0,0,0,27,0,0,0,0,0,0,0,0,0,0,60,0,0,0,0,0,0,0,0,0,0,0,41,23,0,0,0,0,0,39,0,0,0,0,0,0,0,0,0,42,55,50,0,0,0,0,0,0,0,0,0,none
0,0,0,0,0,0,0,37,18,0,0,0,0,26,38,0,0,0,0,0,12,0,0,0,0,55,88,0,0,0,0,0,28,0,0,0,0,4,55,0,0,0,0,0,30,0,0,0,0,0,0,0,0,0,0,56,0,0,0,0,0,0,0,0,0,0,0,41,23,0,0,0,0,4,39,0,0,0,0,0,0,0,0,0,42,55,50,0,0,0,0,0,0,0,0,0,none
0,0,0,0,0,0,0,34,13,0,0,0,0,27,40,0,0,0,0,0,11,0,0,0,0,57,90,0,0,0,0,0,28,0,0,0,0,11,59,0,0,0,0,0,30,0,0,0,0,0,0,0,0,0,0,59,0,0,0,0,0,0,9,0,0,0,0,31,6,0,0,0,0,7,47,0,0,0,0,0,0,0,0,0,0,0,0,0,0,0,0,0,0,0,0,0,none
0,0,0,0,0,0,0,29,14,0,0,0,0,39,44,0,0,0,0,0,7,0,0,0,0,63,94,0,0,0,0,0,23,0,0,0,0,16,62,0,0,0,0,0,27,0,0,0,0,0,0,0,0,0,0,59,0,0,0,0,0,0,10,0,0,0,0,31,6,0,0,0,0,7,48,0,0,0,0,0,0,0,0,0,0,0,0,0,0,0,0,0,0,0,0,0,none
0,0,0,0,0,0,0,24,13,0,0,0,0,43,45,0,0,0,0,0,7,0,0,0,0,63,98,0,0,0,0,0,18,0,0,0,0,19,64,0,0,0,0,0,25,0,0,0,0,0,0,0,0,0,0,59,0,0,0,0,0,0,9,0,0,0,0,30,6,0,0,0,0,7,46,0,0,0,0,0,0,0,0,0,0,0,0,0,0,0,0,0,0,0,0,0,none
0,0,0,0,0,0,0,22,13,0,0,0,0,45,47,0,0,0,0,0,7,0,0,0,0,65,97,0,0,0,0,0,17,0,0,0,0,22,64,0,0,0,0,0,24,0,0,0,0,0,0,0,0,0,0,59,0,0,0,0,0,0,9,0,0,0,0,30,6,0,0,0,0,7,44,0,0,0,0,0,0,0,0,0,0,0,0,0,0,0,0,0,0,0,0,0,none
0,0,0,0,0,0,0,14,11,0,0,0,0,46,48,0,0,0,0,0,6,0,0,0,0,69,101,0,0,0,0,0,18,0,0,0,0,24,63,0,0,0,0,0,24,0,0,0,0,0,0,0,0,0,0,60,0,0,0,0,0,0,10,0,0,0,0,30,4,0,0,0,0,6,45,0,0,0,0,0,0,0,0,0,0,0,0,0,0,0,0,0,0,0,0,0,none
0,0,0,0,0,0,0,0,0,0,0,0,0,60,59,0,0,0,0,0,0,0,0,0,0,85,114,0,0,0,0,0,0,0,0,0,0,44,72,0,0,0,0,0,0,0,0,0,0,0,0,0,0,0,0,52,0,0,0,0,0,0,14,0,0,0,0,17,0,0,0,0,0,6,56,0,0,0,0,0,0,0,0,0,0,0,8,0,0,0,0,0,0,0,0,0,backward
0,0,0,0,0,0,0,0,0,0,0,0,0,66,63,0,0,0,0,0,0,0,0,0,0,87,117,0,0,0,0,0,0,0,0,0,0,48,76,0,0,0,0,0,0,0,0,0,0,0,0,0,0,0,0,0,0,0,0,0,0,6,32,0,0,0,0,0,0,0,0,0,31,34,70,0,0,0,0,0,0,0,0,0,0,0,0,0,0,0,0,0,0,0,0,0,backward
0,0,0,0,0,0,0,0,0,0,0,0,0,65,63,0,0,0,0,0,0,0,0,0,0,88,117,0,0,0,0,0,0,0,0,0,0,49,74,0,0,0,0,0,0,0,0,0,0,0,0,0,0,0,0,11,0,0,0,0,0,6,28,0,0,0,0,0,0,0,0,0,25,35,72,0,0,0,0,0,0,0,0,0,0,0,0,0,0,0,0,0,0,0,0,0,backward
0,0,0,0,0,0,0,0,0,0,0,0,0,65,63,0,0,0,0,0,0,0,0,0,0,86,116,0,0,0,0,0,0,0,0,0,0,49,74,0,0,0,0,0,0,0,0,0,0,0,0,0,0,0,0,13,0,0,0,0,0,5,28,0,0,0,0,0,0,0,0,0,24,37,67,0,0,0,0,0,0,0,0,0,0,0,0,0,0,0,0,0,0,0,0,0,backward
0,0,0,0,0,0,0,0,0,0,0,0,0,63,62,0,0,0,0,0,0,0,0,0,0,86,115,0,0,0,0,0,0,0,0,0,0,47,73,0,0,0,0,0,0,0,0,0,0,0,0,0,0,0,0,14,0,0,0,0,0,6,29,0,0,0,0,3,0,0,0,0,25,36,72,0,0,0,0,0,0,0,0,0,0,0,0,0,0,0,0,0,0,0,0,0,backward
0,0,0,0,0,0,8,0,0,0,0,0,178,33,0,0,0,0,36,8,0,0,0,0,153,14,0,0,0,0,0,0,0,0,0,0,88,0,0,0,0,0,0,0,0,0,0,0,0,0,0,0,0,0,0,0,0,0,0,0,0,0,0,0,0,0,31,20,0,0,0,0,47,0,0,0,0,0,4,27,0,0,0,0,46,0,0,0,0,0,25,24,0,0,0,0,backward
0,0,0,0,0,0,8,0,0,0,0,0,180,33,0,0,0,0,36,8,0,0,0,0,153,14,0,0,0,0,0,0,0,0,0,0,90,0,0,0,0,0,0,0,0,0,0,0,0,0,0,0,0,0,0,0,0,0,0,0,0,0,0,0,0,0,31,21,0,0,0,0,47,0,0,0,0,0,4,28,0,0,0,0,46,0,0,0,0,0,25,26,0,0,0,0,backward
0,0,0,0,0,0,4,0,0,0,0,0,180,35,0,0,0,0,36,7,0,0,0,0,154,14,0,0,0,0,0,0,0,0,0,0,91,0,0,0,0,0,0,0,0,0,0,0,0,0,0,0,0,0,0,0,0,0,0,0,0,0,0,0,0,0,28,10,0,0,0,0,51,0,0,0,0,0,7,21,0,0,0,0,48,0,0,0,0,0,12,9,0,0,0,0,backward
0,0,0,0,0,0,5,0,0,0,0,0,176,32,0,0,0,0,36,8,0,0,0,0,160,17,0,0,0,0,0,0,0,0,0,0,104,0,0,0,0,0,0,0,0,0,0,0,0,0,0,0,0,0,0,0,0,0,0,0,0,0,0,0,0,0,22,0,0,0,0,0,75,0,0,0,0,0,0,0,0,0,0,0,42,0,0,0,0,0,0,0,0,0,0,0,backward
0,0,0,0,0,0,4,0,0,0,0,0,177,32,0,0,0,0,35,9,0,0,0,0,159,19,0,0,0,0,0,0,0,0,0,0,105,0,0,0,0,0,0,0,0,0,0,0,0,0,0,0,0,0,0,0,0,0,0,0,0,0,0,0,0,0,22,0,0,0,0,0,77,0,0,0,0,0,0,0,0,0,0,0,41,0,0,0,0,0,0,0,0,0,0,0,backward
0,0,0,0,0,0,15,0,0,0,0,0,180,40,0,0,0,0,40,13,0,0,0,0,136,12,0,0,0,0,0,0,0,0,0,0,76,0,0,0,0,0,0,0,0,0,0,0,0,0,0,0,0,0,0,0,0,0,0,0,0,0,0,0,0,0,26,14,0,0,0,0,53,0,0,0,0,0,5,27,0,0,0,0,45,0,0,0,0,0,21,18,0,0,0,0,backward
0,0,0,0,0,0,14,0,0,0,0,0,180,40,0,0,0,0,40,14,0,0,0,0,134,12,0,0,0,0,0,3,0,0,0,0,76,0,0,0,0,0,0,0,0,0,0,0,0,0,0,0,0,0,0,0,0,0,0,0,0,0,0,0,0,0,29,15,0,0,0,0,52,0,0,0,0,0,5,29,0,0,0,0,46,0,0,0,0,0,32,27,0,0,0,0,backward
0,0,0,0,0,0,15,0,0,0,0,0,173,38,0,0,0,0,40,15,0,0,0,0,132,11,0,0,0,0,0,10,0,0,0,0,77,0,0,0,0,0,0,0,0,0,0,0,0,0,0,0,0,0,0,0,0,0,0,0,0,0,0,0,0,0,27,16,0,0,0,0,52,0,0,0,0,0,7,33,0,0,0,0,48,0,0,0,0,0,34,30,0,0,0,0,backward
0,0,0,0,0,0,12,0,0,0,0,0,174,38,0,0,0,0,40,15,0,0,0,0,131,12,0,0,0,0,0,11,0,0,0,0,77,0,0,0,0,0,0,0,0,0,0,0,0,0,0,0,0,0,0,0,0,0,0,0,0,0,0,0,0,0,28,13,0,0,0,0,53,0,0,0,0,0,6,33,0,0,0,0,48,0,0,0,0,0,34,30,0,0,0,0,backward
0,0,0,0,0,0,17,0,0,0,0,0,174,38,0,0,0,0,39,12,0,0,0,0,128,12,0,0,0,0,0,15,0,0,0,0,61,0,0,0,0,0,0,0,0,0,0,0,0,0,0,0,0,0,0,0,0,0,0,0,0,0,0,0,0,0,29,18,0,0,0,0,54,0,0,0,0,0,6,33,0,0,0,0,48,0,0,0,0,0,31,27,0,0,0,0,backward
0,0,0,0,0,0,12,0,0,0,0,0,199,45,0,0,0,0,38,10,0,0,0,0,164,17,0,0,0,0,0,0,0,0,0,0,92,0,0,0,0,0,0,0,0,0,0,0,0,0,0,0,0,0,0,0,0,0,0,0,0,0,0,0,0,0,28,3,0,0,0,0,67,0,0,0,0,0,10,19,0,0,0,0,47,0,0,0,0,0,0,0,0,0,0,0,backward
6,0,0,0,0,0,12,0,0,0,0,0,205,45,0,0,0,0,37,4,0,0,0,0,168,18,0,0,0,0,0,0,0,0,0,0,91,0,0,0,0,0,0,0,0,0,0,0,0,0,0,0,0,0,0,0,0,0,0,0,0,0,0,0,0,0,26,0,0,0,0,0,69,0,0,0,0,0,10,8,0,0,0,0,48,0,0,0,0,0,0,0,0,0,0,0,backward
7,0,0,0,0,0,11,0,0,0,0,0,207,47,0,0,0,0,37,6,0,0,0,0,167,17,0,0,0,0,0,0,0,0,0,0,94,0,0,0,0,0,0,0,0,0,0,0,0,0,0,0,0,0,0,0,0,0,0,0,0,0,0,0,0,0,25,0,0,0,0,0,72,0,0,0,0,0,6,0,0,0,0,0,50,0,0,0,0,0,0,0,0,0,0,0,backward
4,0,0,0,0,0,8,0,0,0,0,0,207,47,0,0,0,0,37,6,0,0,0,0,169,16,0,0,0,0,0,0,0,0,0,0,96,0,0,0,0,0,0,0,0,0,0,0,0,0,0,0,0,0,0,0,0,0,0,0,0,0,0,0,0,0,25,0,0,0,0,0,72,0,0,0,0,0,6,0,0,0,0,0,50,0,0,0,0,0,0,0,0,0,0,0,backward
0,0,0,0,0,0,0,0,0,0,0,0,0,0,0,0,0,0,0,0,0,0,0,0,43,0,0,0,0,0,0,16,0,0,0,0,130,9,0,0,0,0,35,60,0,0,0,0,4,0,0,0,0,3,70,0,0,0,0,0,50,0,0,0,0,0,24,0,0,0,0,0,23,0,0,0,0,0,0,0,0,0,0,0,0,0,0,0,0,0,0,0,0,0,0,0,strafe_right
0,0,0,0,0,0,0,0,0,0,0,0,0,0,0,0,0,0,0,0,0,0,0,0,37,0,0,0,0,0,0,16,0,0,0,0,124,6,0,0,0,0,36,60,0,0,0,0,0,0,0,0,0,4,73,0,0,0,0,0,40,0,0,0,0,0,31,0,0,0,0,0,9,0,0,0,0,0,0,0,0,0,0,0,0,0,0,0,0,0,0,0,0,0,0,0,strafe_right
0,0,0,0,0,0,0,0,0,0,0,0,0,0,0,0,0,0,0,0,0,0,0,0,6,0,0,0,0,0,0,14,0,0,0,0,105,0,0,0,0,0,34,61,0,0,0,0,0,0,0,0,0,5,81,0,0,0,0,0,38,0,0,0,0,0,33,0,0,0,0,0,0,0,0,0,0,0,0,0,0,0,0,0,0,0,0,0,0,0,0,0,0,0,0,0,strafe_right
0,0,0,0,0,0,0,0,0,0,0,0,0,0,0,0,0,0,0,0,0,0,0,0,21,0,0,0,0,0,0,9,0,0,0,0,117,3,0,0,0,0,34,60,0,0,0,0,0,0,0,0,0,4,79,0,0,0,0,0,45,0,0,0,0,0,28,0,0,0,0,0,0,0,0,0,0,0,0,0,0,0,0,0,0,0,0,0,0,0,0,0,0,0,0,0,strafe_right
0,0,0,0,0,0,0,0,0,0,0,0,0,0,0,0,0,0,0,0,0,0,0,0,30,0,0,0,0,0,0,6,0,0,0,0,133,10,0,0,0,0,34,62,0,0,0,0,9,0,0,0,0,0,64,0,0,0,0,0,48,0,0,0,0,0,21,0,0,0,0,0,15,0,0,0,0,0,0,0,0,0,0,0,0,0,0,0,0,0,0,0,0,0,0,0,strafe_right
0,0,0,0,0,0,0,0,0,0,0,0,0,0,0,0,0,0,0,0,0,0,0,0,9,0,0,0,0,0,0,0,0,0,0,0,142,7,0,0,0,0,34,55,0,0,0,0,7,0,0,0,0,0,58,0,0,0,0,0,57,0,0,0,0,0,21,0,0,0,0,0,17,0,0,0,0,0,0,0,0,0,0,0,0,0,0,0,0,0,0,0,0,0,0,0,strafe_right
0,0,0,0,0,0,0,0,0,0,0,0,0,0,0,0,0,0,0,0,0,0,0,0,0,0,0,0,0,0,0,6,0,0,0,0,128,5,0,0,0,0,34,67,0,0,0,0,0,0,0,0,0,12,95,0,0,0,0,0,19,0,0,0,0,0,40,0,0,0,0,0,0,0,0,0,0,0,0,0,0,0,0,0,0,0,0,0,0,0,0,0,0,0,0,0,strafe_right
0,0,0,0,0,0,0,0,0,0,0,0,0,0,0,0,0,0,0,0,0,0,0,0,0,0,0,0,0,0,0,7,0,0,0,0,107,0,0,0,0,0,36,77,0,0,0,0,0,0,0,0,0,19,114,20,0,0,0,0,4,0,0,0,0,0,46,6,0,0,0,0,0,0,0,0,0,0,0,0,0,0,0,0,0,0,0,0,0,0,0,0,0,0,0,0,strafe_right
0,0,0,0,0,0,0,0,0,0,0,0,0,0,0,0,0,0,0,0,0,0,0,0,0,0,0,0,0,0,0,9,0,0,0,0,112,6,0,0,0,0,36,87,0,0,0,0,0,0,0,0,0,0,72,0,0,0,0,0,40,0,0,0,0,0,29,0,0,0,0,0,0,0,0,0,0,0,0,0,0,0,0,0,0,0,0,0,0,0,0,0,0,0,0,0,strafe_right
0,0,0,0,0,0,0,0,0,0,0,0,0,0,0,0,0,0,0,0,0,0,0,0,0,0,0,0,0,0,0,11,0,0,0,0,83,0,0,0,0,0,30,85,0,0,0,0,0,0,0,0,0,7,88,4,0,0,0,0,30,0,0,0,0,0,40,4,0,0,0,0,0,0,0,0,0,0,0,0,0,0,0,0,0,0,0,0,0,0,0,0,0,0,0,0,strafe_right
0,0,0,0,0,0,0,0,0,0,0,0,0,0,0,0,0,0,0,0,0,0,0,0,0,0,0,0,0,0,0,12,0,0,0,0,55,0,0,0,0,0,31,88,3,0,0,0,0,0,0,0,0,16,109,17,0,0,0,0,8,0,0,0,0,0,45,8,0,0,0,0,0,0,0,0,0,0,0,0,0,0,0,0,0,0,0,0,0,0,0,0,0,0,0,0,strafe_right
0,0,0,0,0,0,0,0,0,0,0,0,0,0,0,0,0,0,0,0,0,0,0,0,0,0,0,0,0,0,0,17,0,0,0,0,52,0,0,0,0,0,33,85,3,0,0,0,0,0,0,0,0,23,113,25,0,0,0,0,0,0,0,0,0,0,51,14,0,0,0,0,0,0,0,0,0,0,0,0,0,0,0,0,0,0,0,0,0,0,0,0,0,0,0,0,strafe_right
0,0,0,0,0,0,0,0,0,0,0,0,0,0,0,0,0,0,0,0,0,0,0,0,0,0,0,0,0,0,0,14,0,0,0,0,71,0,0,0,0,0,31,84,3,0,0,0,0,0,0,0,0,21,114,24,0,0,0,0,9,0,0,0,0,0,44,9,0,0,0,0,0,0,0,0,0,0,0,0,0,0,0,0,0,0,0,0,0,0,0,0,0,0,0,0,strafe_right
0,0,0,0,0,0,0,0,0,0,0,0,0,0,0,0,0,0,0,0,0,0,0,0,0,0,0,0,0,0,0,10,0,0,0,0,108,5,0,0,0,0,20,66,0,0,0,0,0,0,0,0,0,7,87,5,0,0,0,0,41,0,0,0,0,0,26,0,0,0,0,0,0,0,0,0,0,0,0,0,0,0,0,0,0,0,0,0,0,0,0,0,0,0,0,0,strafe_right
0,0,0,0,0,0,0,0,0,0,0,0,0,0,0,0,0,0,0,0,0,0,0,0,0,0,0,0,0,0,0,3,0,0,0,0,137,10,0,0,0,0,23,67,0,0,0,0,0,0,0,0,0,0,68,0,0,0,0,0,55,0,0,0,0,0,18,0,0,0,0,0,15,0,0,0,0,0,0,0,0,0,0,0,0,0,0,0,0,0,0,0,0,0,0,0,strafe_right
0,0,0,0,0,0,0,0,0,0,0,0,0,0,0,0,0,0,0,0,0,0,0,0,18,0,0,0,0,0,0,0,0,0,0,0,155,22,0,0,0,0,28,72,0,0,0,0,0,0,0,0,0,0,73,0,0,0,0,0,53,0,0,0,0,0,19,0,0,0,0,0,12,0,0,0,0,0,0,0,0,0,0,0,0,0,0,0,0,0,0,0,0,0,0,0,strafe_right
0,0,0,0,0,0,0,0,0,0,0,0,0,0,0,0,0,0,0,0,0,0,0,0,0,0,0,0,0,0,0,19,0,0,0,0,113,10,0,0,0,0,33,95,0,0,0,0,0,0,0,0,0,0,59,0,0,0,0,0,25,0,0,0,0,0,38,9,0,0,0,0,10,0,0,0,0,0,0,0,0,0,0,0,0,0,0,0,0,0,0,0,0,0,0,0,strafe_right
0,0,0,0,0,0,0,0,0,0,0,0,0,0,0,0,0,0,0,0,0,0,0,0,0,0,0,0,0,0,0,21,0,0,0,0,100,4,0,0,0,0,33,90,0,0,0,0,0,0,0,0,0,7,74,11,0,0,0,0,16,0,0,0,0,0,45,16,0,0,0,0,0,0,0,0,0,0,0,0,0,0,0,0,0,0,0,0,0,0,0,0,0,0,0,0,strafe_right
0,0,0,0,0,0,0,0,0,0,0,0,0,0,0,0,0,0,0,0,0,0,0,0,18,0,0,0,0,0,0,36,0,0,0,0,110,9,0,0,0,0,24,71,0,0,0,0,0,0,0,0,0,9,79,19,0,0,0,0,6,0,0,0,0,0,48,24,0,0,0,0,0,0,0,0,0,0,0,0,0,0,0,0,0,0,0,0,0,0,0,0,0,0,0,0,strafe_right
0,0,0,0,0,0,0,0,0,0,0,0,0,0,0,0,0,0,0,0,0,0,0,0,26,0,0,0,0,0,0,29,0,0,0,0,130,12,0,0,0,0,23,96,3,0,0,0,0,0,0,0,0,3,59,5,0,0,0,0,8,0,0,0,0,0,42,17,0,0,0,0,8,0,0,0,0,0,0,0,0,0,0,0,0,0,0,0,0,0,0,0,0,0,0,0,strafe_right
0,0,0,0,0,0,0,0,0,0,0,0,0,0,0,0,0,0,0,0,0,0,0,0,22,0,0,0,0,0,0,24,0,0,0,0,129,13,0,0,0,0,24,99,4,0,0,0,0,0,0,0,0,5,63,6,0,0,0,0,12,0,0,0,0,0,40,17,0,0,0,0,8,0,0,0,0,0,0,0,0,0,0,0,0,0,0,0,0,0,0,0,0,0,0,0,strafe_right
0,0,0,0,0,0,0,0,0,0,0,0,0,0,0,0,0,0,0,0,0,0,0,0,24,0,0,0,0,0,0,20,0,0,0,0,143,15,0,0,0,0,26,97,4,0,0,0,0,0,0,0,0,4,63,4,0,0,0,0,26,0,0,0,0,0,37,10,0,0,0,0,17,0,0,0,0,0,0,0,0,0,0,0,0,0,0,0,0,0,0,0,0,0,0,0,strafe_right
0,0,0,0,0,0,0,0,0,0,0,0,0,0,0,0,0,0,0,0,0,0,0,0,88,0,0,0,0,0,0,21,0,0,0,0,168,25,0,0,0,0,17,55,0,0,0,0,0,0,0,0,0,3,61,0,0,0,0,0,26,0,0,0,0,0,37,9,0,0,0,0,21,0,0,0,0,0,0,0,0,0,0,0,0,0,0,0,0,0,0,0,0,0,0,0,strafe_right
119,26,0,0,0,0,75,0,0,0,0,0,211,47,0,0,0,0,0,0,0,0,0,0,53,0,0,0,0,0,0,0,0,0,0,0,0,0,0,0,0,0,0,0,0,0,0,0,0,0,0,0,0,0,0,0,0,0,0,0,0,0,0,0,0,0,16,12,0,0,0,0,14,0,0,0,0,0,0,24,0,0,0,0,32,0,0,0,0,0,39,34,0,0,0,0,strafe_left
118,25,0,0,0,3,108,0,0,0,0,0,188,45,0,0,0,0,0,0,0,0,0,0,12,0,0,0,0,0,0,0,0,0,0,0,0,0,0,0,0,0,0,0,0,0,0,0,0,0,0,0,0,0,0,0,0,0,0,0,0,0,0,0,0,0,16,12,0,0,0,0,14,0,0,0,0,0,0,24,0,0,0,0,32,0,0,0,0,0,39,34,0,0,0,0,strafe_left
101,26,0,0,0,3,142,8,0,0,0,0,158,39,0,0,0,0,0,0,0,0,0,0,0,0,0,0,0,0,0,0,0,0,0,0,0,0,0,0,0,0,0,0,0,0,0,0,0,0,0,0,0,0,0,0,0,0,0,0,0,0,0,0,0,0,16,12,0,0,0,0,14,0,0,0,0,0,0,24,0,0,0,0,32,0,0,0,0,0,39,34,0,0,0,0,strafe_left
59,6,0,0,0,10,169,35,0,0,0,0,92,16,0,0,0,0,0,0,0,0,0,0,0,0,0,0,0,0,0,0,0,0,0,0,0,0,0,0,0,0,0,0,0,0,0,0,0,0,0,0,0,0,0,0,0,0,0,0,0,0,0,0,0,0,16,12,0,0,0,0,14,0,0,0,0,0,0,24,0,0,0,0,32,0,0,0,0,0,39,34,0,0,0,0,strafe_left
69,12,0,0,0,0,122,41,14,0,0,0,119,26,0,0,0,0,0,0,0,0,0,0,29,0,0,0,0,0,0,0,0,0,0,0,0,0,0,0,0,0,0,0,0,0,0,0,0,0,0,0,0,0,0,0,0,0,0,0,0,0,0,0,0,0,16,3,0,0,0,0,11,0,0,0,0,0,0,34,0,0,0,0,78,0,0,0,0,0,27,45,0,0,0,0,strafe_left
65,11,0,0,0,0,127,43,15,0,0,0,110,24,0,0,0,0,0,0,0,0,0,0,22,0,0,0,0,0,0,0,0,0,0,0,0,0,0,0,0,0,0,0,0,0,0,0,0,0,0,0,0,0,0,0,0,0,0,0,0,0,0,0,0,0,8,0,0,0,0,0,9,0,0,0,0,0,0,29,0,0,0,0,79,0,0,0,0,0,26,45,0,0,0,0,strafe_left
68,12,0,0,0,0,127,41,13,0,0,0,118,27,0,0,0,0,0,0,0,0,0,0,24,0,0,0,0,0,0,0,0,0,0,0,0,0,0,0,0,0,0,0,0,0,0,0,0,0,0,0,0,0,0,0,0,0,0,0,0,0,0,0,0,0,0,0,0,0,0,0,0,0,0,0,0,0,0,19,0,0,0,0,66,0,0,0,0,0,17,39,0,0,0,0,strafe_left
15,0,0,0,0,0,72,22,0,0,0,0,99,26,0,0,0,0,32,17,0,0,0,0,25,0,0,0,0,0,0,0,0,0,0,0,0,0,0,0,0,0,0,0,0,0,0,0,0,0,0,0,0,0,0,0,0,0,0,0,0,0,0,0,0,0,0,0,0,0,0,0,0,0,0,0,0,0,0,17,0,0,0,0,37,0,0,0,0,0,16,38,0,0,0,0,strafe_left
19,0,0,0,0,0,76,23,0,0,0,0,105,27,0,0,0,0,29,15,0,0,0,0,31,0,0,0,0,0,0,0,0,0,0,0,0,0,0,0,0,0,0,0,0,0,0,0,0,0,0,0,0,0,0,0,0,0,0,0,0,0,0,0,0,0,0,0,0,0,0,0,0,0,0,0,0,0,0,20,0,0,0,0,38,0,0,0,0,0,16,37,0,0,0,0,strafe_left
49,8,0,0,0,5,135,38,4,0,0,0,125,28,0,0,0,0,0,0,0,0,0,0,22,0,0,0,0,0,0,0,0,0,0,0,0,0,0,0,0,0,0,0,0,0,0,0,0,0,0,0,0,0,0,0,0,0,0,0,0,0,0,0,0,0,0,0,0,0,0,0,0,0,0,0,0,0,0,20,0,0,0,0,58,0,0,0,0,0,17,40,0,0,0,0,strafe_left
75,9,0,0,0,0,137,34,3,0,0,0,140,31,0,0,0,0,0,0,0,0,0,0,26,0,0,0,0,0,0,0,0,0,0,0,0,0,0,0,0,0,0,0,0,0,0,0,0,0,0,0,0,0,0,0,0,0,0,0,0,0,0,0,0,0,0,0,0,0,0,0,0,0,0,0,0,0,0,23,0,0,0,0,59,0,0,0,0,0,18,43,0,0,0,0,strafe_left
69,9,0,0,0,7,129,31,0,0,0,0,137,31,0,0,0,0,12,0,0,0,0,0,20,0,0,0,0,0,0,0,0,0,0,0,0,0,0,0,0,0,0,0,0,0,0,0,0,0,0,0,0,0,0,0,0,0,0,0,0,0,0,0,0,0,0,0,0,0,0,0,0,0,0,0,0,0,0,25,0,0,0,0,63,0,0,0,0,0,18,44,0,0,0,0,strafe_left
60,0,0,0,0,3,101,23,0,0,0,0,130,32,0,0,0,0,31,0,0,0,0,0,27,0,0,0,0,0,0,0,0,0,0,0,0,0,0,0,0,0,0,0,0,0,0,0,0,0,0,0,0,0,0,0,0,0,0,0,0,0,0,0,0,0,0,0,0,0,0,0,0,0,0,0,0,0,0,27,0,0,0,0,63,0,0,0,0,0,17,42,0,0,0,0,strafe_left
67,7,0,0,0,5,126,27,0,0,0,0,138,33,0,0,0,0,28,0,0,0,0,0,28,0,0,0,0,0,0,0,0,0,0,0,0,0,0,0,0,0,0,0,0,0,0,0,0,0,0,0,0,0,0,0,0,0,0,0,0,0,0,0,0,0,0,0,0,0,0,0,0,0,0,0,0,0,0,26,0,0,0,0,64,0,0,0,0,0,17,40,0,0,0,0,strafe_left
135,36,0,0,0,0,75,0,0,0,0,0,225,50,0,0,0,0,0,0,0,0,0,0,108,0,0,0,0,0,0,0,0,0,0,0,0,0,0,0,0,0,0,0,0,0,0,0,0,0,0,0,0,0,0,0,0,0,0,0,0,0,0,0,0,0,0,0,0,0,0,0,35,0,0,0,0,0,0,22,0,0,0,0,82,0,0,0,0,0,6,15,0,0,0,0,strafe_left
133,38,0,0,0,0,74,0,0,0,0,0,221,50,0,0,0,0,0,0,0,0,0,0,130,0,0,0,0,0,0,0,0,0,0,0,0,0,0,0,0,0,0,0,0,0,0,0,0,0,0,0,0,0,0,0,0,0,0,0,0,0,0,0,0,0,0,0,0,0,0,0,35,0,0,0,0,0,0,17,0,0,0,0,74,0,0,0,0,0,0,8,0,0,0,0,strafe_left
116,35,0,0,0,0,95,0,0,0,0,0,190,47,0,0,0,0,4,0,0,0,0,0,98,0,0,0,0,0,0,0,0,0,0,0,0,0,0,0,0,0,0,0,0,0,0,0,0,0,0,0,0,0,0,0,0,0,0,0,0,0,0,0,0,0,0,0,0,0,0,0,13,0,0,0,0,0,0,19,0,0,0,0,76,0,0,0,0,0,7,16,0,0,0,0,strafe_left
92,25,0,0,0,3,121,13,0,0,0,0,161,39,0,0,0,0,6,0,0,0,0,0,49,0,0,0,0,0,0,0,0,0,0,0,0,0,0,0,0,0,0,0,0,0,0,0,0,0,0,0,0,0,0,0,0,0,0,0,0,0,0,0,0,0,0,0,0,0,0,0,0,0,0,0,0,0,0,20,0,0,0,0,67,0,0,0,0,0,11,28,0,0,0,0,strafe_left
56,0,0,0,0,6,116,28,9,0,0,0,111,34,0,0,0,0,26,6,0,0,0,0,17,0,0,0,0,0,0,0,0,0,0,0,0,0,0,0,0,0,0,0,0,0,0,0,0,0,0,0,0,0,0,0,0,0,0,0,0,0,0,0,0,0,0,0,0,0,0,0,0,0,0,0,0,0,0,29,0,0,0,0,47,0,0,0,0,0,15,34,0,0,0,0,strafe_left
9,0,0,0,0,0,53,9,0,0,0,0,108,34,0,0,0,0,36,13,0,0,0,0,49,0,0,0,0,0,0,0,0,0,0,0,0,0,0,0,0,0,0,0,0,0,0,0,0,0,0,0,0,0,0,0,0,0,0,0,0,0,0,0,0,0,0,0,0,0,0,0,0,0,0,0,0,0,0,35,0,0,0,0,35,0,0,0,0,0,17,39,0,0,0,0,strafe_left
0,0,0,0,0,0,76,21,0,0,0,0,76,24,0,0,0,0,38,15,0,0,0,0,26,0,0,0,0,0,0,0,0,0,0,0,0,0,0,0,0,0,0,0,0,0,0,0,0,0,0,0,0,0,0,0,0,0,0,0,0,0,0,0,0,0,0,0,0,0,0,0,0,0,0,0,0,0,0,30,0,0,0,0,25,0,0,0,0,0,17,42,0,5,0,0,strafe_left
0,0,0,0,0,0,56,17,13,0,0,0,60,17,0,0,0,0,39,19,0,0,0,0,26,0,0,0,0,0,0,0,0,0,0,0,0,0,0,0,0,0,0,0,0,0,0,0,0,0,0,0,0,0,0,0,0,0,0,0,0,0,0,0,0,0,0,0,0,0,0,0,0,0,0,0,0,0,0,36,0,0,0,0,11,0,0,0,0,0,12,44,0,8,0,0,strafe_left
0,0,0,0,0,11,126,44,12,0,0,0,18,0,0,0,0,0,47,25,0,0,0,0,0,0,0,0,0,0,0,0,0,0,0,0,0,0,0,0,0,0,0,0,0,0,0,0,0,0,0,0,0,0,0,0,0,0,0,0,0,0,0,0,0,0,0,0,0,0,0,0,0,0,0,0,0,0,0,39,0,0,0,0,0,0,0,0,0,0,9,41,0,6,0,0,strafe_left
0,0,0,0,0,23,190,67,21,0,0,0,5,0,0,0,0,0,44,15,0,0,0,0,0,0,0,0,0,0,0,0,0,0,0,0,0,0,0,0,0,0,0,0,0,0,0,0,0,0,0,0,0,0,0,0,0,0,0,0,0,0,0,0,0,0,0,0,0,0,0,0,0,0,0,0,0,0,0,35,0,0,0,0,23,0,0,0,0,0,8,43,0,5,0,0,strafe_left
0,0,0,0,0,23,202,70,24,0,0,0,0,0,0,0,0,0,43,17,0,0,0,0,0,0,0,0,0,0,0,0,0,0,0,0,0,0,0,0,0,0,0,0,0,0,0,0,0,0,0,0,0,0,0,0,0,0,0,0,0,0,0,0,0,0,0,0,0,0,0,0,0,0,0,0,0,0,0,35,0,0,0,0,21,0,0,0,0,0,7,45,0,8,0,0,strafe_left
0,0,0,0,0,12,148,57,20,0,0,0,0,0,0,0,0,0,46,26,0,0,0,0,0,0,0,0,0,0,0,0,0,0,0,0,0,0,0,0,0,0,0,0,0,0,0,0,0,0,0,0,0,0,0,0,0,0,0,0,0,0,0,0,0,0,0,0,0,0,0,0,0,0,0,0,0,0,0,41,0,0,0,0,0,0,0,0,0,0,9,51,0,17,0,0,strafe_left
13,0,0,0,0,0,99,28,0,0,0,0,63,16,0,0,0,0,31,6,0,0,0,0,33,0,0,0,0,0,0,0,0,0,0,0,0,0,0,0,0,0,0,0,0,0,0,0,0,0,0,0,0,0,0,0,0,0,0,0,0,0,0,0,0,0,0,0,0,0,0,0,0,0,0,0,0,0,0,32,0,0,0,0,54,0,0,0,0,0,5,36,0,0,0,0,strafe_left
55,0,0,0,0,0,88,14,0,0,0,0,134,39,0,0,0,0,22,0,0,0,0,0,73,0,0,0,0,0,0,0,0,0,0,0,0,0,0,0,0,0,0,0,0,0,0,0,0,0,0,0,0,0,0,0,0,0,0,0,0,0,0,0,0,0,0,0,0,0,0,0,24,0,0,0,0,0,0,28,0,0,0,0,62,0,0,0,0,0,5,23,0,0,0,0,strafe_left
62,0,0,0,0,0,103,18,0,0,0,0,138,38,0,0,0,0,7,0,0,0,0,0,67,0,0,0,0,0,0,0,0,0,0,0,0,0,0,0,0,0,0,0,0,0,0,0,0,0,0,0,0,0,0,0,0,0,0,0,0,0,0,0,0,0,0,0,0,0,0,0,0,0,0,0,0,0,0,28,0,0,0,0,48,0,0,0,0,0,9,31,0,0,0,0,strafe_left
24,0,0,0,0,10,153,41,0,0,0,0,76,23,0,0,0,0,24,4,0,0,0,0,19,0,0,0,0,0,0,0,0,0,0,0,0,0,0,0,0,0,0,0,0,0,0,0,0,0,0,0,0,0,0,0,0,0,0,0,0,0,0,0,0,0,0,0,0,0,0,0,0,0,0,0,0,0,0,31,0,0,0,0,40,0,0,0,0,0,9,38,0,0,0,0,strafe_left
20,0,0,0,0,11,156,44,4,0,0,0,75,21,0,0,0,0,26,4,0,0,0,0,18,0,0,0,0,0,0,0,0,0,0,0,0,0,0,0,0,0,0,0,0,0,0,0,0,0,0,0,0,0,0,0,0,0,0,0,0,0,0,0,0,0,0,0,0,0,0,0,0,0,0,0,0,0,0,34,0,0,0,0,57,0,0,0,0,0,10,38,0,0,0,0,strafe_left
66,5,0,0,0,0,103,21,0,0,0,0,134,41,0,0,0,0,13,0,0,0,0,0,59,0,0,0,0,0,0,0,0,0,0,0,0,0,0,0,0,0,0,0,0,0,0,0,0,0,0,0,0,0,0,0,0,0,0,0,0,0,0,0,0,0,0,0,0,0,0,0,19,0,0,0,0,0,0,33,0,0,0,0,66,0,0,0,0,0,10,33,0,0,0,0,strafe_left
47,0,0,0,0,10,138,36,0,0,0,0,108,26,0,0,0,0,29,6,0,0,0,0,25,0,0,0,0,0,0,0,0,0,0,0,0,0,0,0,0,0,0,0,0,0,0,0,0,0,0,0,0,0,0,0,0,0,0,0,0,0,0,0,0,0,0,0,0,0,0,0,8,0,0,0,0,0,0,34,0,0,0,0,52,0,0,0,0,0,12,40,0,0,0,0,strafe_left
47,0,0,0,0,8,137,36,0,0,0,0,109,25,0,0,0,0,30,5,0,0,0,0,32,0,0,0,0,0,0,0,0,0,0,0,0,0,0,0,0,0,0,0,0,0,0,0,0,0,0,0,0,0,0,0,0,0,0,0,0,0,0,0,0,0,0,0,0,0,0,0,14,0,0,0,0,0,0,36,0,0,0,0,62,0,0,0,0,0,10,37,0,0,0,0,strafe_left
69,0,0,0,0,0,59,8,0,0,0,0,157,45,0,0,0,0,32,9,0,0,0,0,92,0,0,0,0,0,0,0,0,0,0,0,0,0,0,0,0,0,0,0,0,0,0,0,0,0,0,0,0,0,0,0,0,0,0,0,0,0,0,0,0,0,11,0,0,0,0,0,36,0,0,0,0,0,0,35,0,0,0,0,75,0,0,0,0,0,8,25,0,0,0,0,strafe_left
0,0,0,0,0,0,0,0,0,0,0,0,0,0,0,0,0,0,0,6,0,0,0,0,70,0,0,0,0,0,0,31,0,0,0,0,63,0,0,0,0,0,38,75,0,0,0,0,0,0,0,0,0,12,59,0,0,0,0,0,35,0,0,0,0,0,51,9,0,0,0,0,0,0,0,0,0,0,0,0,0,0,0,0,0,0,0,0,0,0,0,0,0,0,0,0,strafe_right
0,0,0,0,0,0,0,0,0,0,0,0,0,0,0,0,0,0,0,0,0,0,0,0,61,0,0,0,0,0,0,23,0,0,0,0,74,0,0,0,0,0,41,89,0,0,0,0,0,0,0,0,0,14,65,0,0,0,0,0,51,0,0,0,0,0,44,0,0,0,0,0,0,0,0,0,0,0,0,0,0,0,0,0,0,0,0,0,0,0,0,0,0,0,0,0,strafe_right
0,0,0,0,0,0,0,0,0,0,0,0,0,0,0,0,0,0,0,0,0,0,0,0,62,0,0,0,0,0,0,25,0,0,0,0,79,0,0,0,0,0,42,96,0,0,0,0,0,0,0,0,0,0,27,0,0,0,0,0,40,0,0,0,0,0,39,10,0,0,0,0,17,0,0,0,0,0,4,0,0,0,0,0,0,0,0,0,0,0,0,0,0,0,0,0,strafe_right
0,0,0,0,0,0,0,0,0,0,0,0,0,0,0,0,0,0,0,0,0,0,0,0,56,0,0,0,0,0,0,24,0,0,0,0,80,0,0,0,0,0,42,94,0,0,0,0,0,0,0,0,0,0,22,0,0,0,0,0,34,0,0,0,0,0,36,11,0,0,0,0,33,0,0,0,0,0,5,5,0,0,0,0,0,0,0,0,0,0,0,0,0,0,0,0,strafe_right
0,0,0,0,0,0,0,0,0,0,0,0,0,0,0,0,0,0,0,0,0,0,0,0,55,0,0,0,0,0,0,25,0,0,0,0,84,0,0,0,0,0,41,105,0,0,0,0,0,0,0,0,0,0,30,0,0,0,0,0,41,0,0,0,0,0,43,11,0,0,0,0,27,0,0,0,0,0,8,3,0,0,0,0,0,0,0,0,0,0,0,0,0,0,0,0,strafe_right
0,0,0,0,0,0,0,0,0,0,0,0,0,0,0,0,0,0,0,0,0,3,0,0,25,0,0,0,0,0,0,25,0,0,0,0,58,0,0,0,0,0,36,104,0,0,0,0,0,0,0,0,0,11,44,0,0,0,0,0,23,0,0,0,0,0,54,21,0,0,0,0,0,0,0,0,0,0,8,5,0,0,0,0,0,0,0,0,0,0,0,0,0,0,0,0,strafe_right
0,0,0,0,0,0,0,0,0,0,0,0,0,0,0,0,0,0,0,0,0,0,0,0,32,0,0,0,0,0,0,24,0,0,0,0,60,0,0,0,0,0,35,102,0,0,0,0,0,0,0,0,0,12,50,0,0,0,0,0,19,0,0,0,0,0,56,21,0,0,0,0,0,0,0,0,0,0,6,5,0,0,0,0,0,0,0,0,0,0,0,0,0,0,0,0,strafe_right
0,0,0,0,0,0,0,0,0,0,0,0,0,0,0,0,0,0,0,0,0,0,0,0,54,0,0,0,0,0,0,19,0,0,0,0,89,0,0,0,0,0,30,94,0,0,0,0,0,0,0,0,0,11,52,0,0,0,0,0,31,0,0,0,0,0,50,15,0,0,0,0,6,0,0,0,0,0,0,0,0,0,0,0,0,0,0,0,0,0,0,0,0,0,0,0,strafe_right
0,0,0,0,0,0,0,0,0,0,0,0,0,0,0,0,0,0,0,0,0,0,0,0,94,0,0,0,0,0,0,14,0,0,0,0,124,13,0,0,0,0,33,88,0,0,0,0,0,0,0,0,0,3,47,0,0,0,0,0,69,0,0,0,0,0,27,0,0,0,0,0,30,0,0,0,0,0,0,0,0,0,0,0,0,0,0,0,0,0,0,0,0,0,0,0,strafe_right
0,0,0,0,0,0,0,0,0,0,0,0,0,0,0,0,0,0,0,0,0,0,0,0,119,5,0,0,0,0,0,12,0,0,0,0,144,17,0,0,0,0,32,75,0,0,0,0,0,0,0,0,0,0,44,0,0,0,0,0,84,0,0,0,0,0,26,0,0,0,0,0,30,0,0,0,0,0,0,0,0,0,0,0,0,0,0,0,0,0,0,0,0,0,0,0,strafe_right
0,0,0,0,0,0,0,0,0,0,0,0,0,0,0,0,0,0,0,0,0,0,0,0,122,8,0,0,0,0,0,14,0,0,0,0,146,22,0,0,0,0,33,73,0,0,0,0,0,0,0,0,0,0,36,0,0,0,0,0,74,0,0,0,0,0,32,0,0,0,0,0,31,0,0,0,0,0,0,0,0,0,0,0,0,0,0,0,0,0,0,0,0,0,0,0,strafe_right
0,0,0,0,0,0,0,0,0,0,0,0,0,0,0,0,0,0,0,0,0,0,0,0,99,0,0,0,0,0,0,18,0,0,0,0,125,15,0,0,0,0,40,85,0,0,0,0,0,0,0,0,0,6,38,0,0,0,0,0,53,0,0,0,0,0,39,0,0,0,0,0,11,0,0,0,0,0,0,0,0,0,0,0,0,0,0,0,0,0,0,0,0,0,0,0,strafe_right
0,0,0,0,0,0,0,0,0,0,0,0,0,0,0,0,0,0,0,0,0,0,0,0,66,0,0,0,0,0,0,20,0,0,0,0,112,12,0,0,0,0,38,94,0,0,0,0,0,0,0,0,0,9,44,0,0,0,0,0,32,0,0,0,0,0,48,15,0,0,0,0,4,0,0,0,0,0,0,0,0,0,0,0,0,0,0,0,0,0,0,0,0,0,0,0,strafe_right
0,0,0,0,0,0,0,0,0,0,0,0,0,0,0,0,0,0,0,0,0,0,0,0,73,0,0,0,0,0,0,26,0,0,0,0,108,8,0,0,0,0,25,74,0,0,0,0,0,0,0,0,0,0,17,0,0,0,0,0,0,0,0,0,0,0,40,19,0,0,0,0,16,0,0,0,0,0,15,23,0,0,0,0,0,0,0,0,0,0,9,0,0,0,0,0,strafe_right
0,0,0,0,0,0,0,0,0,0,0,0,0,0,0,0,0,0,0,0,0,0,0,0,74,0,0,0,0,0,0,29,0,0,0,0,120,13,0,0,0,0,29,89,0,0,0,0,0,0,0,0,0,0,16,0,0,0,0,0,0,0,0,0,0,0,35,16,0,0,0,0,26,0,0,0,0,0,9,16,0,0,0,0,22,0,0,0,0,0,0,0,0,0,0,0,strafe_right
0,0,0,0,0,0,0,0,0,0,0,0,0,0,0,0,0,0,0,0,0,0,0,0,120,4,0,0,0,0,0,20,0,0,0,0,152,23,0,0,0,0,28,79,0,0,0,0,0,0,0,0,0,0,25,0,0,0,0,0,45,0,0,0,0,0,30,0,0,0,0,0,44,0,0,0,0,0,0,0,0,0,0,0,11,0,0,0,0,0,0,0,0,0,0,0,strafe_right
0,0,0,0,0,0,0,0,0,0,0,0,0,0,0,0,0,0,0,0,0,0,0,0,117,3,0,0,0,0,0,10,0,0,0,0,166,28,0,0,0,0,34,73,0,0,0,0,0,0,0,0,0,0,31,0,0,0,0,0,72,0,0,0,0,0,25,0,0,0,0,0,31,0,0,0,0,0,0,0,0,0,0,0,0,0,0,0,0,0,0,0,0,0,0,0,strafe_right
0,0,0,0,0,0,0,0,0,0,0,0,0,0,0,0,0,0,0,0,0,0,0,0,115,4,0,0,0,0,0,12,0,0,0,0,162,28,0,0,0,0,36,82,0,0,0,0,0,0,0,0,0,0,34,0,0,0,0,0,73,0,0,0,0,0,28,0,0,0,0,0,30,0,0,0,0,0,0,0,0,0,0,0,0,0,0,0,0,0,0,0,0,0,0,0,strafe_right
0,0,0,0,0,0,0,0,0,0,0,0,0,0,0,0,0,0,0,0,0,0,0,0,105,0,0,0,0,0,0,17,0,0,0,0,147,24,0,0,0,0,38,88,0,0,0,0,0,0,0,0,0,9,61,0,0,0,0,0,73,0,0,0,0,0,33,0,0,0,0,0,5,0,0,0,0,0,0,0,0,0,0,0,0,0,0,0,0,0,0,0,0,0,0,0,strafe_right
0,0,0,0,0,0,0,0,0,0,0,0,0,0,0,0,0,0,0,0,0,0,0,0,74,0,0,0,0,0,0,25,0,0,0,0,124,18,0,0,0,0,38,107,0,0,0,0,0,0,0,0,0,5,35,0,0,0,0,0,52,0,0,0,0,0,46,9,0,0,0,0,13,0,0,0,0,0,0,0,0,0,0,0,0,0,0,0,0,0,0,0,0,0,0,0,strafe_right
0,0,0,0,0,0,0,0,0,0,0,0,0,0,0,0,0,0,0,0,0,0,0,0,52,0,0,0,0,0,0,26,0,0,0,0,96,11,0,0,0,0,29,113,0,0,0,0,0,0,0,0,0,10,48,0,0,0,0,0,30,0,0,0,0,0,56,19,0,0,0,0,0,0,0,0,0,0,3,0,0,0,0,0,0,0,0,0,0,0,0,0,0,0,0,0,strafe_right
0,0,0,0,0,0,0,0,0,0,0,0,0,0,0,0,0,0,0,0,0,0,0,0,41,0,0,0,0,0,0,30,0,0,0,0,80,0,0,0,0,0,24,105,0,0,0,0,0,0,0,0,0,0,35,0,0,0,0,0,12,0,0,0,0,0,54,24,0,0,0,0,11,0,0,0,0,0,8,10,0,0,0,0,0,0,0,0,0,0,0,0,0,0,0,0,strafe_right
0,0,0,0,0,0,0,0,0,0,0,0,0,0,0,0,0,0,0,0,0,0,0,0,25,0,0,0,0,0,0,31,0,0,0,0,67,0,0,0,0,0,26,113,0,0,0,0,0,0,0,0,0,4,43,0,0,0,0,0,8,0,0,0,0,0,59,29,0,0,0,0,0,0,0,0,0,0,8,11,0,0,0,0,0,0,0,0,0,0,0,0,0,0,0,0,strafe_right
0,0,0,0,0,0,0,0,0,0,0,0,0,0,0,0,0,0,0,0,0,0,0,0,16,0,0,0,0,0,0,31,0,0,0,0,65,0,0,0,0,0,28,115,0,0,0,0,0,0,0,0,0,4,45,3,0,0,0,0,8,0,0,0,0,0,59,27,0,0,0,0,0,0,0,0,0,0,8,12,0,0,0,0,0,0,0,0,0,0,0,0,0,0,0,0,strafe_right
0,0,0,0,0,0,0,0,0,0,0,0,0,0,0,0,0,0,0,0,0,0,0,0,20,0,0,0,0,0,0,30,0,0,0,0,61,0,0,0,0,0,30,119,0,0,0,0,0,0,0,0,0,4,47,4,0,0,0,0,8,0,0,0,0,0,63,28,0,0,0,0,0,0,0,0,0,0,10,11,0,0,0,0,0,0,0,0,0,0,0,0,0,0,0,0,strafe_right
0,0,0,0,0,0,0,0,0,0,0,0,0,0,0,0,0,0,0,0,0,0,0,0,23,0,0,0,0,0,0,31,0,0,0,0,68,0,0,0,0,0,28,111,0,0,0,0,0,0,0,0,0,11,51,7,0,0,0,0,14,0,0,0,0,0,64,28,0,0,0,0,0,0,0,0,0,0,9,8,0,0,0,0,0,0,0,0,0,0,0,0,0,0,0,0,strafe_right
0,0,0,0,0,0,0,0,0,0,0,0,0,0,0,0,0,0,0,0,0,0,0,0,116,11,0,0,0,0,0,32,0,0,0,0,151,27,0,0,0,0,21,101,0,0,0,0,40,0,0,0,0,0,31,0,0,0,0,0,39,0,0,0,0,0,59,18,0,0,0,0,0,0,0,0,0,0,0,0,0,0,0,0,0,0,0,0,0,0,0,0,0,0,0,0,strafe_right
0,0,0,0,0,0,0,0,0,0,0,0,0,0,0,0,0,0,0,0,0,0,0,0,69,0,0,0,0,0,0,31,0,0,0,0,137,21,0,0,0,0,28,139,0,0,0,0,35,0,0,0,0,0,36,0,0,0,0,0,34,0,0,0,0,0,62,21,0,0,0,0,0,0,0,0,0,0,0,0,0,0,0,0,0,0,0,0,0,0,0,0,0,0,0,0,strafe_right
0,0,0,0,0,0,0,0,0,0,0,0,0,0,0,0,0,0,0,0,0,0,0,0,59,0,0,0,0,0,0,28,0,0,0,0,130,23,0,0,0,0,29,138,0,0,0,0,18,0,0,0,0,0,47,0,0,0,0,0,22,0,0,0,0,0,67,28,0,0,0,0,0,0,0,0,0,0,0,0,0,0,0,0,0,0,0,0,0,0,0,0,0,0,0,0,strafe_right
0,0,0,0,0,0,0,0,0,0,0,0,0,0,0,0,0,0,0,0,0,0,0,0,53,0,0,0,0,0,0,33,0,0,0,0,112,18,0,0,0,0,28,138,0,0,0,0,0,0,0,0,0,0,53,5,0,0,0,0,9,0,0,0,0,0,70,30,0,0,0,0,0,0,0,0,0,0,0,0,0,0,0,0,0,0,0,0,0,0,0,0,0,0,0,0,strafe_right
0,0,0,0,0,0,0,0,0,0,0,0,0,0,0,0,0,0,0,0,0,0,0,0,25,0,0,0,0,0,0,27,0,0,0,0,85,3,0,0,0,0,21,121,0,0,0,0,0,0,0,0,0,0,56,8,0,0,0,0,0,0,0,0,0,0,77,36,0,0,0,0,0,0,0,0,0,0,0,5,0,9,0,0,0,0,0,0,0,0,0,0,0,0,0,0,strafe_right
0,0,0,0,0,0,0,0,0,0,0,0,0,0,0,0,0,0,0,0,0,6,0,0,16,0,0,0,0,0,0,26,0,0,0,0,76,0,0,0,0,0,21,120,0,0,0,0,0,0,0,0,0,0,61,14,0,0,0,0,0,0,0,0,0,0,86,41,0,0,0,0,0,0,0,0,0,0,0,11,0,10,0,0,0,0,0,0,0,0,0,0,0,0,0,0,strafe_right
0,0,0,0,0,0,0,0,0,0,0,0,0,0,0,0,0,0,0,0,0,0,0,0,64,0,0,0,0,0,0,25,0,0,0,0,138,23,0,0,0,0,23,113,0,0,0,0,4,0,0,0,0,0,65,10,0,0,0,0,19,0,0,0,0,0,71,30,0,0,0,0,0,0,0,0,0,0,0,0,0,0,0,0,0,0,0,0,0,0,0,0,0,0,0,0,strafe_right
0,0,0,0,0,0,0,0,0,0,0,0,0,0,0,0,0,0,0,0,0,0,0,0,77,3,0,0,0,0,0,25,0,0,0,0,147,26,0,0,0,0,25,115,0,0,0,0,36,0,0,0,0,0,40,0,0,0,0,0,45,0,0,0,0,0,49,9,0,0,0,0,0,0,0,0,0,0,0,0,0,0,0,0,0,0,0,0,0,0,0,0,0,0,0,0,strafe_right
0,0,0,0,0,0,0,0,0,0,0,0,0,0,0,0,0,0,0,0,0,0,0,0,64,0,0,0,0,0,0,23,0,0,0,0,138,28,0,0,0,0,25,120,0,0,0,0,18,0,0,0,0,0,55,0,0,0,0,0,28,0,0,0,0,0,69,28,0,0,0,0,0,0,0,0,0,0,0,0,0,0,0,0,0,0,0,0,0,0,0,0,0,0,0,0,strafe_right
0,0,0,0,0,0,0,0,0,0,0,0,0,0,0,0,0,0,0,0,0,0,0,0,55,0,0,0,0,0,0,28,0,0,0,0,118,18,0,0,0,0,27,122,0,0,0,0,9,0,0,0,0,4,57,7,0,0,0,0,12,0,0,0,0,0,76,32,0,0,0,0,0,0,0,0,0,0,0,0,0,0,0,0,0,0,0,0,0,0,0,0,0,0,0,0,strafe_right
0,0,0,0,0,0,0,0,0,0,0,0,0,0,0,0,0,0,0,0,0,0,0,0,32,0,0,0,0,0,0,29,0,0,0,0,102,11,0,0,0,0,24,125,0,0,0,0,0,0,0,0,0,7,66,14,0,0,0,0,0,0,0,0,0,0,81,38,0,0,0,0,0,0,0,0,0,0,0,0,0,0,0,0,0,0,0,0,0,0,0,0,0,0,0,0,strafe_right
0,0,0,0,0,0,0,0,0,0,0,0,0,0,0,0,0,0,0,0,0,0,0,0,50,0,0,0,0,0,0,30,0,0,0,0,112,17,0,0,0,0,26,128,0,0,0,0,10,0,0,0,0,0,61,10,0,0,0,0,18,0,0,0,0,0,81,38,0,0,0,0,0,0,0,0,0,0,0,0,0,0,0,0,0,0,0,0,0,0,0,0,0,0,0,0,strafe_right
0,0,0,0,0,0,0,0,0,0,0,0,0,0,0,0,0,0,0,0,0,0,0,0,38,0,0,0,0,0,0,31,0,0,0,0,102,13,0,0,0,0,24,130,0,0,0,0,29,0,0,0,0,0,50,3,0,0,0,0,27,0,0,0,0,0,71,32,0,0,0,0,0,0,0,0,0,0,0,0,0,0,0,0,0,0,0,0,0,0,0,0,0,0,0,0,strafe_right
0,0,0,0,0,0,0,0,0,0,0,0,0,0,0,0,0,0,0,4,0,0,0,0,55,0,0,0,0,0,0,34,0,0,0,0,86,3,0,0,0,0,8,71,0,0,0,0,3,0,0,0,0,5,66,13,0,0,0,0,9,0,0,0,0,0,88,42,0,0,0,0,0,0,0,0,0,0,0,9,0,0,0,0,0,0,0,0,0,0,0,0,0,0,0,0,strafe_right
18,0,0,0,0,3,119,39,5,0,0,0,47,5,0,0,0,0,15,0,0,0,0,0,0,0,0,0,0,0,0,0,0,0,0,0,0,0,0,0,0,0,0,0,0,0,0,0,0,0,0,0,0,0,0,0,0,0,0,0,0,0,0,0,0,0,30,24,0,0,0,0,5,0,0,0,0,0,4,36,0,0,0,0,0,0,0,0,0,0,34,45,0,36,0,0,strafe_left
22,0,0,0,0,0,121,38,8,0,0,0,48,9,0,0,0,0,15,0,0,0,0,0,0,0,0,0,0,0,0,0,0,0,0,0,0,0,0,0,0,0,0,0,0,0,0,0,0,0,0,0,0,0,0,0,0,0,0,0,0,0,0,0,0,0,29,23,0,0,0,0,9,0,0,0,0,0,4,34,0,0,0,0,0,0,0,0,0,0,36,47,0,49,0,0,strafe_left
13,0,0,0,0,4,131,43,12,0,0,0,33,0,0,0,0,0,28,5,0,0,0,0,0,0,0,0,0,0,0,0,0,0,0,0,0,0,0,0,0,0,0,0,0,0,0,0,0,0,0,0,0,0,0,0,0,0,0,0,0,0,0,0,0,0,29,20,0,0,0,0,4,0,0,0,0,0,5,35,0,0,0,0,0,0,0,0,0,0,38,50,0,51,0,0,strafe_left
11,0,0,0,0,4,133,44,12,0,0,0,31,0,0,0,0,0,30,6,0,0,0,0,0,0,0,0,0,0,0,0,0,0,0,0,0,0,0,0,0,0,0,0,0,0,0,0,0,0,0,0,0,0,0,0,0,0,0,0,0,0,0,0,0,0,29,24,0,0,0,0,8,0,0,0,0,0,4,35,0,0,0,0,0,0,0,0,0,0,38,47,0,40,0,0,strafe_left
5,0,0,0,0,6,136,46,13,0,0,0,32,0,0,0,0,0,27,7,0,0,0,0,0,0,0,0,0,0,0,0,0,0,0,0,0,0,0,0,0,0,0,0,0,0,0,0,0,0,0,0,0,0,0,0,0,0,0,0,0,0,0,0,0,0,27,23,0,0,0,0,12,0,0,0,0,0,0,33,0,0,0,0,0,0,0,0,0,0,33,43,0,40,0,0,strafe_left
29,0,0,0,0,0,120,39,8,0,0,0,56,13,0,0,0,0,8,0,0,0,0,0,0,0,0,0,0,0,0,0,0,0,0,0,0,0,0,0,0,0,0,0,0,0,0,0,0,0,0,0,0,0,0,0,0,0,0,0,0,0,0,0,0,0,20,15,0,0,0,0,12,0,0,0,0,0,0,25,0,0,0,0,0,0,0,0,0,0,28,39,0,44,0,0,strafe_left
86,19,0,0,0,0,77,8,0,0,0,0,163,42,0,0,0,0,0,0,0,0,0,0,72,0,0,0,0,0,0,0,0,0,0,0,0,0,0,0,0,0,0,0,0,0,0,0,0,0,0,0,0,0,0,0,0,0,0,0,0,0,0,0,0,0,0,0,0,0,0,0,29,0,0,0,0,0,0,11,0,0,0,0,47,0,0,0,0,0,16,17,0,8,0,0,strafe_left
115,26,0,0,0,0,70,0,0,0,0,0,206,55,5,0,0,0,0,0,0,0,0,0,93,0,0,0,0,0,0,0,0,0,0,0,0,0,0,0,0,0,0,0,0,0,0,0,0,0,0,0,0,0,0,0,0,0,0,0,0,0,0,0,0,0,0,0,0,0,0,0,38,0,0,0,0,0,0,12,0,0,0,0,50,0,0,0,0,0,16,15,0,0,0,0,strafe_left
69,8,0,0,0,0,99,17,0,0,0,0,119,30,0,0,0,0,0,0,0,0,0,0,37,0,0,0,0,0,0,0,0,0,0,0,0,0,0,0,0,0,0,0,0,0,0,0,0,0,0,0,0,0,0,0,0,0,0,0,0,0,0,0,0,0,0,0,0,0,0,0,22,0,0,0,0,0,0,13,0,0,0,0,27,0,0,0,0,0,20,21,0,22,0,0,strafe_left
62,6,0,0,0,0,112,27,0,0,0,0,88,25,0,0,0,0,0,0,0,0,0,0,11,0,0,0,0,0,0,0,0,0,0,0,0,0,0,0,0,0,0,0,0,0,0,0,0,0,0,0,0,0,0,0,0,0,0,0,0,0,0,0,0,0,0,0,0,0,0,0,22,0,0,0,0,0,0,15,0,0,0,0,29,0,0,0,0,0,20,22,0,32,0,0,strafe_left
43,0,0,0,0,0,117,34,6,0,0,0,79,22,0,0,0,0,0,0,0,0,0,0,0,0,0,0,0,0,0,0,0,0,0,0,0,0,0,0,0,0,0,0,0,0,0,0,0,0,0,0,0,0,0,0,0,0,0,0,0,0,0,0,0,0,0,0,0,0,0,0,18,0,0,0,0,0,0,15,0,0,0,0,27,0,0,0,0,0,20,22,0,35,0,0,strafe_left
34,0,0,0,0,0,120,38,11,0,0,0,50,15,0,0,0,0,0,0,0,0,0,0,0,0,0,0,0,0,0,0,0,0,0,0,0,0,0,0,0,0,0,0,0,0,0,0,0,0,0,0,0,0,0,0,0,0,0,0,0,0,0,0,0,0,6,0,0,0,0,0,8,0,0,0,0,0,0,17,0,0,0,0,5,0,0,0,0,0,23,28,0,46,0,0,strafe_left
33,0,0,0,0,0,118,37,12,0,0,0,51,13,0,0,0,0,0,0,0,0,0,0,0,0,0,0,0,0,0,0,0,0,0,0,0,0,0,0,0,0,0,0,0,0,0,0,0,0,0,0,0,0,0,0,0,0,0,0,0,0,0,0,0,0,10,0,0,0,0,0,10,0,0,0,0,0,0,19,0,0,0,0,5,0,0,0,0,0,23,31,0,41,0,0,strafe_left
87,17,0,0,0,0,79,15,0,0,0,0,139,37,0,0,0,0,0,0,0,0,0,0,50,0,0,0,0,0,0,0,0,0,0,0,0,0,0,0,0,0,0,0,0,0,0,0,0,0,0,0,0,0,0,0,0,0,0,0,0,0,0,0,0,0,8,0,0,0,0,0,38,0,0,0,0,0,0,18,0,0,0,0,32,0,0,0,0,0,20,25,0,13,0,0,strafe_left
87,17,0,0,0,0,79,15,0,0,0,0,139,37,0,0,0,0,0,0,0,0,0,0,50,0,0,0,0,0,0,0,0,0,0,0,0,0,0,0,0,0,0,0,0,0,0,0,0,0,0,0,0,0,0,0,0,0,0,0,0,0,0,0,0,0,8,0,0,0,0,0,38,0,0,0,0,0,0,18,0,0,0,0,32,0,0,0,0,0,20,25,0,13,0,0,strafe_left
115,30,0,0,0,0,62,0,0,0,0,0,209,49,0,0,0,0,0,0,0,0,0,0,93,0,0,0,0,0,0,0,0,0,0,0,0,0,0,0,0,0,0,0,0,0,0,0,0,0,0,0,0,0,0,0,0,0,0,0,0,0,0,0,0,0,0,0,0,0,0,0,51,0,0,0,0,0,0,9,0,0,0,0,52,0,0,0,0,0,12,11,0,0,0,0,strafe_left
121,29,0,0,0,0,56,0,0,0,0,0,228,53,0,0,0,0,0,0,0,0,0,0,100,0,0,0,0,0,0,0,0,0,0,0,0,0,0,0,0,0,0,0,0,0,0,0,0,0,0,0,0,0,0,0,0,0,0,0,0,0,0,0,0,0,0,0,0,0,0,0,51,0,0,0,0,0,0,7,0,0,0,0,59,0,0,0,0,0,11,11,0,0,0,0,strafe_left
155,32,0,0,0,0,43,0,0,0,0,0,264,62,0,0,0,0,0,0,0,0,0,0,119,0,0,0,0,0,0,0,0,0,0,0,0,0,0,0,0,0,0,0,0,0,0,0,0,0,0,0,0,0,0,0,0,0,0,0,0,0,0,0,0,0,0,0,0,0,0,0,48,0,0,0,0,0,0,0,0,0,0,0,56,0,0,0,0,0,12,11,0,0,0,0,strafe_left
103,30,0,0,0,0,72,6,0,0,0,0,149,41,0,0,0,0,0,0,0,0,0,0,47,0,0,0,0,0,0,0,0,0,0,0,0,0,0,0,0,0,0,0,0,0,0,0,0,0,0,0,0,0,0,0,0,0,0,0,0,0,0,0,0,0,0,0,0,0,0,0,21,0,0,0,0,0,0,7,0,0,0,0,42,0,0,0,0,0,18,18,0,19,0,0,strafe_left
80,20,0,0,0,0,83,17,3,0,0,0,111,29,0,0,0,0,0,0,0,0,0,0,7,0,0,0,0,0,0,0,0,0,0,0,0,0,0,0,0,0,0,0,0,0,0,0,0,0,0,0,0,0,0,0,0,0,0,0,0,0,0,0,0,0,0,0,0,0,0,0,0,0,0,0,0,0,0,7,0,0,0,0,20,0,0,0,0,0,16,21,0,52,0,0,strafe_left
50,0,0,0,0,0,117,30,8,0,0,0,61,17,0,0,0,0,0,0,0,0,0,0,0,0,0,0,0,0,0,0,0,0,0,0,0,0,0,0,0,0,0,0,0,0,0,0,0,0,0,0,0,0,0,0,0,0,0,0,0,0,0,0,0,0,0,0,0,0,0,0,0,0,0,0,0,0,0,9,0,0,0,0,3,0,0,0,0,0,17,24,0,63,0,0,strafe_left
37,0,0,0,0,0,121,34,10,0,0,0,45,0,0,0,0,0,0,0,0,0,0,0,0,0,0,0,0,0,0,0,0,0,0,0,0,0,0,0,0,0,0,0,0,0,0,0,0,0,0,0,0,0,0,0,0,0,0,0,0,0,0,0,0,0,0,0,0,0,0,0,0,0,0,0,0,0,0,10,0,0,0,0,0,0,0,0,0,0,15,24,0,60,0,0,strafe_left
36,0,0,0,0,0,128,38,12,0,0,0,50,7,0,0,0,0,0,0,0,0,0,0,0,0,0,0,0,0,0,0,0,0,0,0,0,0,0,0,0,0,0,0,0,0,0,0,0,0,0,0,0,0,0,0,0,0,0,0,0,0,0,0,0,0,0,0,0,0,0,0,0,0,0,0,0,0,0,9,0,0,0,0,9,0,0,0,0,0,16,23,0,54,0,0,strafe_left
31,0,0,0,0,0,126,40,5,0,0,0,59,14,0,0,0,0,4,0,0,0,0,0,0,0,0,0,0,0,0,0,0,0,0,0,0,0,0,0,0,0,0,0,0,0,0,0,0,0,0,0,0,0,0,0,0,0,0,0,0,0,0,0,0,0,0,0,0,0,0,0,27,0,0,0,0,0,0,13,0,0,0,0,33,0,0,0,0,0,12,19,0,23,0,0,strafe_left
64,7,0,0,0,0,101,29,0,0,0,0,114,30,0,0,0,0,0,0,0,0,0,0,17,0,0,0,0,0,0,0,0,0,0,0,0,0,0,0,0,0,0,0,0,0,0,0,0,0,0,0,0,0,0,0,0,0,0,0,0,0,0,0,0,0,0,0,0,0,0,0,23,0,0,0,0,0,0,10,0,0,0,0,35,0,0,0,0,0,16,22,0,21,0,0,strafe_left
72,13,0,0,0,0,93,21,0,0,0,0,123,28,0,0,0,0,0,0,0,0,0,0,28,0,0,0,0,0,0,0,0,0,0,0,0,0,0,0,0,0,0,0,0,0,0,0,0,0,0,0,0,0,0,0,0,0,0,0,0,0,0,0,0,0,0,0,0,0,0,0,19,0,0,0,0,0,0,10,0,0,0,0,30,0,0,0,0,0,16,22,0,30,0,0,strafe_left
44,0,0,0,0,0,131,41,14,0,0,0,50,8,0,0,0,0,0,0,0,0,0,0,0,0,0,0,0,0,0,0,0,0,0,0,0,0,0,0,0,0,0,0,0,0,0,0,0,0,0,0,0,0,0,0,0,0,0,0,0,0,0,0,0,0,0,0,0,0,0,0,0,0,0,0,0,0,0,11,0,0,0,0,0,0,0,0,0,0,15,22,0,51,0,0,strafe_left
6,0,0,0,0,6,157,57,20,0,0,0,13,0,0,0,0,0,0,0,0,0,0,0,0,0,0,0,0,0,0,0,0,0,0,0,0,0,0,0,0,0,0,0,0,0,0,0,0,0,0,0,0,0,0,0,0,0,0,0,0,0,0,0,0,0,0,0,0,0,0,0,0,0,0,0,0,0,0,14,0,0,0,0,0,0,0,0,0,0,16,26,0,52,0,0,strafe_left
5,0,0,0,0,7,156,56,20,0,0,0,10,0,0,0,0,0,0,0,0,0,0,0,0,0,0,0,0,0,0,0,0,0,0,0,0,0,0,0,0,0,0,0,0,0,0,0,0,0,0,0,0,0,0,0,0,0,0,0,0,0,0,0,0,0,0,0,0,0,0,0,0,0,0,0,0,0,0,13,0,0,0,0,0,0,0,0,0,0,16,24,0,48,0,0,strafe_left
65,3,0,0,0,0,89,21,0,0,0,0,95,22,0,0,0,0,0,0,0,0,0,0,16,0,0,0,0,0,0,0,0,0,0,0,0,0,0,0,0,0,0,0,0,0,0,0,0,0,0,0,0,0,0,0,0,0,0,0,0,0,0,0,0,0,0,0,0,0,0,0,20,0,0,0,0,0,0,14,0,0,0,0,24,0,0,0,0,0,11,16,0,13,0,0,strafe_left
0,0,0,0,0,0,0,0,0,0,0,0,0,0,0,0,0,0,0,0,0,0,0,0,0,32,57,0,0,0,0,0,5,0,0,0,89,109,75,0,0,0,0,0,67,0,0,0,64,0,0,0,0,0,17,27,0,0,0,0,41,0,11,0,0,0,0,0,0,0,0,0,0,0,5,0,0,0,0,0,0,0,0,0,0,0,0,0,0,0,0,0,0,0,0,0,strafe_right
0,0,0,0,0,0,0,0,0,0,0,0,0,0,0,0,0,0,0,0,0,0,0,0,0,28,53,0,0,0,0,0,0,0,0,0,90,106,74,0,0,0,0,0,67,0,0,0,65,0,0,0,0,0,17,27,0,0,0,0,41,0,11,0,0,0,0,0,0,0,0,0,0,0,4,0,0,0,0,0,0,0,0,0,0,0,0,0,0,0,0,0,0,0,0,0,strafe_right
0,0,0,0,0,0,0,0,0,0,0,0,0,0,0,0,0,0,0,0,0,0,0,0,0,14,46,0,0,0,0,0,0,0,0,0,64,90,68,0,0,0,0,0,64,0,0,0,59,0,0,0,0,0,19,36,0,0,0,0,33,0,8,0,0,0,0,9,0,0,0,0,0,0,6,0,0,0,0,0,0,0,0,0,0,0,0,0,0,0,0,0,0,0,0,0,strafe_right
0,0,0,0,0,0,0,0,0,0,0,0,0,0,0,0,0,0,0,0,0,0,0,0,0,11,36,0,0,0,0,0,0,0,0,0,76,100,61,0,0,0,0,0,55,0,0,0,61,0,0,0,0,0,19,39,0,0,0,0,19,0,0,0,0,0,0,11,0,0,0,0,0,0,7,0,0,0,0,0,0,0,0,0,0,0,0,0,0,0,0,0,0,0,0,0,strafe_right
0,0,0,0,0,0,0,0,0,0,0,0,0,0,0,0,0,0,0,0,0,0,0,0,0,28,52,0,0,0,0,0,8,0,0,0,80,107,68,0,0,0,0,0,40,0,0,0,70,0,0,0,0,0,13,22,0,0,0,0,48,0,13,0,0,0,0,0,0,0,0,0,0,0,0,0,0,0,0,0,0,0,0,0,0,0,0,0,0,0,0,0,0,0,0,0,strafe_right
0,0,0,0,0,0,0,0,0,0,0,0,0,0,0,0,0,0,0,0,0,0,0,0,0,25,49,0,0,0,0,0,0,0,0,0,85,117,71,0,0,0,0,0,50,0,0,0,77,0,0,0,0,0,15,22,0,0,0,0,46,0,17,0,0,0,0,0,0,0,0,0,0,0,0,0,0,0,0,0,0,0,0,0,0,0,0,0,0,0,0,0,0,0,0,0,strafe_right
0,0,0,0,0,0,0,0,0,0,0,0,0,0,0,0,0,0,0,0,0,0,0,0,0,24,48,0,0,0,0,0,0,0,0,0,87,117,70,0,0,0,0,0,51,0,0,0,76,0,0,0,0,0,14,21,0,0,0,0,50,0,18,0,0,0,0,0,0,0,0,0,0,0,0,0,0,0,0,0,0,0,0,0,0,0,0,0,0,0,0,0,0,0,0,0,strafe_right
0,0,0,0,0,0,0,0,0,0,0,0,0,0,0,0,0,0,0,0,0,0,0,0,0,24,46,0,0,0,0,0,0,0,0,0,91,120,70,0,0,0,0,0,54,0,0,0,74,0,0,0,0,0,13,19,0,0,0,0,51,0,19,0,0,0,0,0,0,0,0,0,4,0,0,0,0,0,0,0,0,0,0,0,0,0,0,0,0,0,0,0,0,0,0,0,strafe_right
0,0,0,0,0,0,0,0,0,0,0,0,0,0,0,0,0,0,0,0,0,0,0,0,0,24,48,0,0,0,0,0,0,0,0,0,90,118,71,0,0,0,0,0,56,0,0,0,57,0,0,0,0,0,16,25,0,0,0,0,40,0,13,0,0,0,0,0,0,0,0,0,5,0,3,0,0,0,0,0,0,0,0,0,0,0,0,0,0,0,0,0,0,0,0,0,strafe_right
0,0,0,0,0,0,0,0,0,0,0,0,0,0,0,0,0,0,0,0,0,0,0,0,0,15,41,0,0,0,0,0,8,0,0,0,74,100,62,0,0,0,0,0,59,0,0,0,59,0,0,0,0,0,18,28,0,0,0,0,42,0,12,0,0,0,0,0,0,0,0,0,0,0,8,0,0,0,0,0,0,0,0,0,0,0,0,0,0,0,0,0,0,0,0,0,strafe_right
0,0,0,0,0,0,0,0,0,0,0,0,0,0,0,0,0,0,0,0,0,0,0,0,0,15,38,0,0,0,0,0,7,0,0,0,63,88,59,0,0,0,0,0,56,0,0,0,63,0,0,0,0,0,17,28,0,0,0,0,45,0,12,0,0,0,0,0,0,0,0,0,4,0,11,0,0,0,0,0,0,0,0,0,0,0,0,0,0,0,0,0,0,0,0,0,strafe_right
0,0,0,0,0,0,0,0,0,0,0,0,0,0,0,0,0,0,0,0,0,0,0,0,0,11,39,0,0,0,0,0,9,0,0,0,53,79,55,0,0,0,0,0,59,0,0,0,55,0,0,0,0,0,17,32,0,0,0,0,27,0,9,0,0,0,0,8,0,0,0,0,0,0,12,0,0,0,0,0,0,0,0,0,0,0,0,0,0,0,0,0,0,0,0,0,strafe_right
0,0,0,0,0,0,0,0,0,0,0,0,0,0,0,0,0,0,0,0,0,0,0,0,0,11,40,0,0,0,0,0,5,0,0,0,60,83,56,0,0,0,0,0,58,0,0,0,58,0,0,0,0,0,17,31,0,0,0,0,34,0,7,0,0,0,0,9,0,0,0,0,0,0,12,0,0,0,0,0,0,0,0,0,0,0,0,0,0,0,0,0,0,0,0,0,strafe_right
0,0,0,0,0,0,0,0,0,0,0,0,0,0,0,0,0,0,0,0,0,0,0,0,0,16,41,0,0,0,0,0,8,0,0,0,66,88,59,0,0,0,0,0,57,0,0,0,62,0,0,0,0,0,17,31,0,0,0,0,42,0,9,0,0,0,0,8,0,0,0,0,0,0,13,0,0,0,0,0,0,0,0,0,0,0,0,0,0,0,0,0,0,0,0,0,strafe_right
0,0,0,0,0,0,0,0,0,0,0,0,0,0,0,0,0,0,0,0,0,0,0,0,0,24,48,0,0,0,0,0,6,0,0,0,84,103,66,0,0,0,0,0,54,0,0,0,68,0,0,0,0,0,17,31,0,0,0,0,47,0,9,0,0,0,0,8,0,0,0,0,0,0,13,0,0,0,0,0,0,0,0,0,0,0,0,0,0,0,0,0,0,0,0,0,strafe_right
0,0,0,0,0,0,0,0,0,0,0,0,0,0,0,0,0,0,0,0,0,0,0,0,0,18,44,0,0,0,0,0,9,0,0,0,63,90,59,0,0,0,0,0,56,0,0,0,63,0,0,0,0,0,16,31,0,0,0,0,38,0,7,0,0,0,0,9,0,0,0,0,0,0,13,0,0,0,0,0,0,0,0,0,0,0,0,0,0,0,0,0,0,0,0,0,strafe_right
0,0,0,0,0,0,0,0,0,0,0,0,0,0,0,0,0,0,0,0,0,0,0,0,0,0,31,0,0,0,0,0,7,0,0,0,21,32,32,0,0,0,0,0,54,0,0,0,42,0,0,0,0,0,20,39,0,0,0,0,14,0,0,0,0,0,0,13,0,0,0,0,0,0,7,0,0,0,0,0,0,0,0,0,0,0,0,0,0,0,0,0,0,0,0,0,strafe_right
0,0,0,0,0,0,0,50,6,0,0,0,0,0,0,0,0,0,0,15,8,0,0,0,0,41,37,0,0,0,0,26,28,0,0,0,57,61,39,0,0,0,0,33,0,0,0,0,0,0,0,0,0,0,0,0,0,0,0,0,0,0,0,0,0,0,0,0,0,0,0,0,0,0,0,0,0,0,0,0,0,0,0,0,0,0,0,0,0,0,0,0,0,0,0,0,strafe_right
0,0,0,0,0,0,0,22,3,0,0,0,0,75,95,0,0,0,0,0,0,0,0,0,0,83,142,0,0,0,0,0,0,0,0,0,0,45,97,0,0,0,0,0,0,0,0,0,0,0,0,0,0,0,0,0,34,0,0,0,0,0,74,0,0,0,0,0,7,0,0,0,0,16,128,60,0,0,0,0,0,0,0,0,0,45,134,38,0,0,0,0,0,0,0,0,backward
0,0,0,0,0,0,0,17,0,0,0,0,0,75,94,0,0,0,0,0,0,0,0,0,0,84,142,0,0,0,0,0,0,0,0,0,0,45,99,0,0,0,0,0,0,0,0,0,0,0,0,0,0,0,0,0,31,0,0,0,0,0,74,0,0,0,0,0,8,0,0,0,0,15,129,59,0,0,0,0,0,0,0,0,0,45,135,36,0,0,0,0,0,0,0,0,backward
0,0,0,0,0,0,0,23,3,0,0,0,0,72,90,0,0,0,0,0,0,0,0,0,0,82,140,0,0,0,0,0,0,0,0,0,0,45,99,0,0,0,0,0,0,0,0,0,0,0,0,0,0,0,0,0,34,0,0,0,0,0,74,0,0,0,0,0,9,0,0,0,0,12,128,59,0,0,0,0,0,0,0,0,0,43,134,40,0,0,0,0,0,0,0,0,backward
0,0,0,0,0,0,0,37,26,0,0,0,0,31,66,0,0,0,0,0,8,0,0,0,0,59,106,0,0,0,0,0,12,0,0,0,0,37,102,0,0,0,0,0,0,0,0,0,0,0,0,0,0,0,0,19,64,27,0,0,0,0,23,0,0,0,0,0,39,25,0,0,0,0,83,30,0,0,0,0,0,4,0,0,0,0,89,29,0,0,0,0,0,0,0,0,none
0,0,0,0,0,0,0,36,27,0,0,0,0,32,67,0,0,0,0,0,8,0,0,0,0,60,108,0,0,0,0,0,12,0,0,0,0,37,103,0,0,0,0,0,0,0,0,0,0,0,0,0,0,0,0,16,63,26,0,0,0,0,28,0,0,0,0,0,39,23,0,0,0,0,81,31,0,0,0,0,0,0,0,0,0,0,94,31,0,0,0,0,0,0,0,0,none
0,0,0,0,0,0,0,36,25,0,0,0,0,34,68,0,0,0,0,0,7,0,0,0,0,59,109,0,0,0,0,0,12,0,0,0,0,37,101,0,0,0,0,0,0,0,0,0,0,0,0,0,0,0,0,16,60,22,0,0,0,0,44,0,0,0,0,0,31,12,0,0,0,0,88,33,0,0,0,0,0,0,0,0,0,9,103,34,0,0,0,0,0,0,0,0,none
0,0,0,0,0,0,0,37,31,0,0,0,0,13,57,0,0,0,0,0,16,0,0,0,0,44,103,0,0,0,0,0,21,0,0,0,0,13,97,0,0,0,0,0,0,0,0,0,0,0,0,0,0,0,0,3,50,20,0,0,0,0,7,0,0,0,0,0,46,38,0,0,0,0,87,22,0,0,0,0,3,17,0,0,0,8,93,31,0,0,0,0,0,0,0,0,none
0,0,0,0,0,0,0,35,26,0,0,0,0,26,65,0,0,0,0,0,8,0,0,0,0,58,106,0,0,0,0,0,13,0,0,0,0,37,104,0,0,0,0,0,0,0,0,0,0,0,0,0,0,0,0,6,52,12,0,0,0,0,43,0,0,0,0,0,29,9,0,0,0,0,89,29,0,0,0,0,0,0,0,0,0,18,111,40,0,0,0,0,0,0,0,0,none
0,0,0,0,0,0,0,37,29,0,0,0,0,29,67,0,0,0,0,0,7,0,0,0,0,62,111,0,0,0,0,0,10,0,0,0,0,38,105,0,0,0,0,0,0,0,0,0,0,0,0,0,0,0,0,0,47,9,0,0,0,0,30,0,0,0,0,0,32,18,0,0,0,0,85,25,0,0,0,0,0,5,0,0,0,20,103,36,0,0,0,0,0,0,0,0,none
0,0,0,0,0,0,0,36,30,0,0,0,0,36,71,0,0,0,0,0,7,0,0,0,0,62,114,0,0,0,0,0,9,0,0,0,0,28,102,0,0,0,0,0,0,0,0,0,0,0,0,0,0,0,0,0,45,11,0,0,0,0,0,0,0,0,0,0,44,37,0,0,0,0,83,22,0,0,0,0,15,28,0,0,0,0,83,26,0,0,0,0,0,0,0,0,none
0,0,0,0,0,0,0,37,31,0,0,0,0,30,67,0,0,0,0,0,11,0,0,0,0,55,110,0,0,0,0,0,12,0,0,0,0,21,97,0,0,0,0,0,0,0,0,0,0,0,0,0,0,0,0,0,46,12,0,0,0,0,0,0,0,0,0,0,44,38,0,0,0,0,82,20,0,0,0,0,14,26,0,0,0,0,78,24,0,0,0,0,0,0,0,0,none
0,0,0,0,0,0,0,37,30,0,0,0,0,32,68,0,0,0,0,0,10,0,0,0,0,56,111,0,0,0,0,0,10,0,0,0,0,22,100,0,0,0,0,0,0,0,0,0,0,0,0,0,0,0,0,0,47,12,0,0,0,0,0,0,0,0,0,0,48,40,0,0,0,0,83,21,0,0,0,0,14,27,0,0,0,0,78,25,0,0,0,0,0,0,0,0,none
0,0,0,0,0,0,0,36,30,0,0,0,0,34,71,0,0,0,0,0,9,0,0,0,0,61,113,0,0,0,0,0,10,0,0,0,0,28,103,0,0,0,0,0,0,0,0,0,0,0,0,0,0,0,0,0,43,15,0,0,0,0,3,0,0,0,0,0,44,37,0,0,0,0,85,23,0,0,0,0,13,25,0,0,0,0,82,29,0,0,0,0,0,0,0,0,none
0,0,0,0,0,0,0,36,30,0,0,0,0,36,73,0,0,0,0,0,8,0,0,0,0,62,115,0,0,0,0,0,10,0,0,0,0,31,105,0,0,0,0,0,0,0,0,0,0,0,0,0,0,0,0,0,46,15,0,0,0,0,3,0,0,0,0,0,44,37,0,0,0,0,86,22,0,0,0,0,14,26,0,0,0,4,83,27,0,0,0,0,0,0,0,0,none
0,0,0,0,0,0,0,36,29,0,0,0,0,37,73,0,0,0,0,0,8,0,0,0,0,64,113,0,0,0,0,0,9,0,0,0,0,31,106,0,0,0,0,0,0,0,0,0,0,0,0,0,0,0,0,0,46,15,0,0,0,0,4,0,0,0,0,0,43,37,0,0,0,0,86,23,0,0,0,0,13,26,0,0,0,4,84,30,0,0,0,0,0,0,0,0,none
0,0,0,0,0,0,0,31,7,0,0,0,0,79,110,13,0,0,0,0,0,0,0,0,0,104,151,0,0,0,0,0,0,0,0,0,0,37,91,0,0,0,0,0,0,0,0,0,0,0,0,0,0,0,0,0,41,0,0,0,0,0,47,0,0,0,0,0,22,0,0,0,0,0,95,36,0,0,0,0,0,0,0,0,0,28,130,51,0,0,0,0,0,0,0,0,backward
0,0,0,0,0,0,0,33,8,0,0,0,0,80,106,12,0,0,0,0,0,0,0,0,0,100,151,0,0,0,0,0,0,0,0,0,0,36,92,0,0,0,0,0,0,0,0,0,0,0,0,0,0,0,0,0,38,0,0,0,0,0,48,0,0,0,0,0,22,0,0,0,0,0,93,35,0,0,0,0,0,0,0,0,0,30,128,51,0,0,0,0,0,0,0,0,backward
0,0,0,0,0,0,0,33,8,0,0,0,0,80,107,13,0,0,0,0,0,0,0,0,0,101,147,0,0,0,0,0,0,0,0,0,0,37,93,0,0,0,0,0,0,0,0,0,0,0,0,0,0,0,0,0,42,0,0,0,0,0,47,0,0,0,0,0,22,0,0,0,0,0,94,36,0,0,0,0,0,0,0,0,0,30,129,50,0,0,0,0,0,0,0,0,backward
0,0,0,0,0,0,0,33,8,0,0,0,0,80,108,13,0,0,0,0,0,0,0,0,0,102,151,0,0,0,0,0,0,0,0,0,0,39,93,0,0,0,0,0,0,0,0,0,0,0,0,0,0,0,0,0,42,0,0,0,0,0,48,0,0,0,0,0,22,0,0,0,0,0,93,35,0,0,0,0,0,0,0,0,0,29,127,50,0,0,0,0,0,0,0,0,backward
0,0,0,0,0,0,0,33,8,0,0,0,0,81,108,13,0,0,0,0,0,0,0,0,0,104,150,3,0,0,0,0,0,0,0,0,0,38,89,0,0,0,0,0,0,0,0,0,0,0,0,0,0,0,0,0,43,0,0,0,0,0,48,0,0,0,0,0,22,0,0,0,0,0,94,35,0,0,0,0,0,0,0,0,0,29,128,52,0,0,0,0,0,0,0,0,backward
0,0,0,0,0,0,0,33,7,0,0,0,0,81,109,13,0,0,0,0,0,0,0,0,0,100,150,3,0,0,0,0,0,0,0,0,0,38,93,0,0,0,0,0,0,0,0,0,0,0,0,0,0,0,0,0,41,0,0,0,0,0,48,0,0,0,0,0,21,0,0,0,0,0,94,35,0,0,0,0,0,0,0,0,0,30,128,52,0,0,0,0,0,0,0,0,backward
0,0,0,0,0,0,0,0,0,0,0,0,0,0,0,0,0,0,0,21,13,0,0,0,0,49,89,0,0,0,0,0,6,0,0,0,0,99,88,0,0,0,0,0,20,0,0,0,0,0,0,0,0,0,0,0,45,9,0,0,0,0,31,0,0,0,0,0,33,22,0,0,0,0,92,32,0,0,0,0,0,8,0,0,0,24,112,45,0,0,0,0,0,0,0,0,none
0,0,0,0,0,0,0,0,0,0,0,0,0,0,0,0,0,0,0,21,13,0,0,0,0,49,87,0,0,0,0,0,6,0,0,0,0,97,88,0,0,0,0,0,20,0,0,0,0,0,0,0,0,0,0,0,44,9,0,0,0,0,31,0,0,0,0,0,32,21,0,0,0,0,93,33,0,0,0,0,0,8,0,0,0,27,113,47,0,0,0,0,0,0,0,0,none
0,0,0,0,0,0,0,0,0,0,0,0,0,0,0,0,0,0,0,22,13,0,0,0,0,49,89,0,0,0,0,0,6,0,0,0,0,98,85,0,0,0,0,0,20,0,0,0,0,0,0,0,0,0,0,0,44,9,0,0,0,0,31,0,0,0,0,0,32,21,0,0,0,0,92,32,0,0,0,0,0,8,0,0,0,25,110,44,0,0,0,0,0,0,0,0,none
0,0,0,0,0,0,0,0,0,0,0,0,0,0,0,0,0,0,0,22,13,0,0,0,0,50,90,0,0,0,0,0,4,0,0,0,0,98,88,0,0,0,0,0,20,0,0,0,0,0,0,0,0,0,0,0,43,8,0,0,0,0,31,0,0,0,0,0,31,21,0,0,0,0,93,32,0,0,0,0,0,8,0,0,0,25,113,45,0,0,0,0,0,0,0,0,none
0,0,0,0,0,0,0,0,0,0,0,0,0,0,0,0,0,0,0,22,14,0,0,0,0,49,89,0,0,0,0,0,5,0,0,0,3,98,89,0,0,0,0,0,19,0,0,0,0,0,0,0,0,0,0,0,43,8,0,0,0,0,32,0,0,0,0,0,31,20,0,0,0,0,91,32,0,0,0,0,0,8,0,0,0,24,109,44,0,0,0,0,0,0,0,0,none
0,0,0,0,0,0,0,0,0,0,0,0,0,0,0,0,0,0,0,22,14,0,0,0,0,50,88,0,0,0,0,0,5,0,0,0,0,98,89,0,0,0,0,0,19,0,0,0,0,0,0,0,0,0,0,0,39,8,0,0,0,0,31,0,0,0,0,0,31,20,0,0,0,0,92,32,0,0,0,0,0,7,0,0,0,24,112,45,0,0,0,0,0,0,0,0,none
0,0,0,0,0,0,0,0,0,0,0,0,0,0,0,0,0,0,0,21,11,0,0,0,0,48,88,0,0,0,0,0,8,0,0,0,4,96,84,0,0,0,0,0,26,0,0,0,0,0,0,0,0,0,0,0,43,7,0,0,0,0,33,0,0,0,0,0,31,19,0,0,0,0,92,33,0,0,0,0,0,5,0,0,0,25,115,47,0,0,0,0,0,0,0,0,none
0,0,0,0,0,0,0,47,23,0,0,0,0,0,27,0,0,0,0,0,6,0,0,0,0,64,108,0,0,0,0,0,13,0,0,0,0,75,92,0,0,0,0,0,4,0,0,0,0,0,0,0,0,0,0,0,0,0,0,0,0,0,40,0,0,0,0,0,56,0,0,0,0,0,84,30,0,0,0,0,0,0,0,0,0,14,96,37,0,0,0,0,0,0,0,0,none
0,0,0,0,0,0,0,50,24,0,0,0,0,0,27,0,0,0,0,0,7,0,0,0,0,60,104,3,0,0,0,0,15,0,0,0,0,70,90,0,0,0,0,0,7,0,0,0,0,0,0,0,0,0,0,0,0,0,0,0,0,0,7,0,0,0,0,8,67,17,0,0,0,0,76,21,0,0,0,0,19,24,0,0,0,0,63,22,0,0,0,0,17,0,0,0,none
0,0,0,0,0,0,0,51,24,0,0,0,0,0,27,0,0,0,0,0,6,0,0,0,0,62,105,3,0,0,0,0,13,0,0,0,0,70,91,0,0,0,0,0,7,0,0,0,0,0,0,0,0,0,0,0,0,0,0,0,0,0,8,0,0,0,0,7,66,19,0,0,0,0,76,19,0,0,0,0,16,22,0,0,0,0,69,24,0,0,0,0,14,0,0,0,none
0,0,0,0,0,0,0,49,24,0,0,0,0,0,29,0,0,0,0,0,3,0,0,0,0,69,109,4,0,0,0,0,13,0,0,0,0,78,95,0,0,0,0,0,3,0,0,0,0,0,0,0,0,0,0,0,0,0,0,0,0,0,22,0,0,0,0,4,59,11,0,0,0,0,79,25,0,0,0,0,10,13,0,0,0,5,80,31,0,0,0,0,12,0,0,0,none
0,0,0,0,0,0,0,50,24,0,0,0,0,0,29,0,0,0,0,0,3,0,0,0,0,69,108,4,0,0,0,0,13,0,0,0,0,78,96,0,0,0,0,0,4,0,0,0,0,0,0,0,0,0,0,0,0,0,0,0,0,0,25,0,0,0,0,3,59,9,0,0,0,0,80,26,0,0,0,0,8,10,0,0,0,5,82,33,0,0,0,0,10,0,0,0,none
0,0,0,0,0,0,0,50,25,0,0,0,0,0,29,0,0,0,0,0,5,0,0,0,0,70,106,3,0,0,0,0,13,0,0,0,0,79,98,0,0,0,0,0,4,0,0,0,0,0,0,0,0,0,0,0,0,0,0,0,0,0,25,0,0,0,0,3,59,9,0,0,0,0,81,27,0,0,0,0,8,11,0,0,0,5,83,33,0,0,0,0,12,0,0,0,none
0,0,0,0,0,0,0,51,21,0,0,0,0,0,29,0,0,0,0,0,6,0,0,0,0,71,108,4,0,0,0,0,13,0,0,0,0,79,98,0,0,0,0,0,4,0,0,0,0,0,0,0,0,0,0,0,0,0,0,0,0,0,23,0,0,0,0,3,61,10,0,0,0,0,81,27,0,0,0,0,9,12,0,0,0,6,83,32,0,0,0,0,11,0,0,0,none
0,0,0,0,0,0,0,47,24,0,0,0,0,0,29,0,0,0,0,0,6,0,0,0,0,69,108,0,0,0,0,0,16,0,0,0,0,79,96,0,0,0,0,0,11,0,0,0,0,0,0,0,0,0,0,0,0,0,0,0,0,0,23,0,0,0,0,4,61,10,0,0,0,0,80,27,0,0,0,0,10,12,0,0,0,6,81,32,0,0,0,0,13,0,0,0,none
0,0,0,0,0,0,0,0,0,0,0,0,0,0,0,0,0,0,0,37,6,0,0,0,0,59,77,0,0,0,0,0,0,0,0,0,64,113,90,0,0,0,0,0,9,0,0,0,0,0,0,0,0,0,0,0,0,0,0,0,0,0,0,0,0,0,0,23,57,0,0,0,0,0,39,0,0,0,0,0,24,6,0,0,0,41,50,0,0,0,0,0,47,0,0,0,none
0,0,0,0,0,0,0,0,0,0,0,0,0,0,0,0,0,0,0,38,6,0,0,0,0,53,75,0,0,0,0,0,0,0,0,0,57,102,83,0,0,0,0,0,13,0,0,0,0,0,0,0,0,0,0,0,0,0,0,0,0,0,0,0,0,0,0,23,57,0,0,0,0,0,39,0,0,0,0,0,24,6,0,0,0,41,50,0,0,0,0,0,47,0,0,0,none
0,0,0,0,0,0,0,0,0,0,0,0,0,0,0,0,0,0,0,38,8,0,0,0,0,51,71,0,0,0,0,0,5,0,0,0,52,96,81,0,0,0,0,0,11,0,0,0,0,0,0,0,0,0,0,0,0,0,0,0,0,0,0,0,0,0,0,23,57,0,0,0,0,0,39,0,0,0,0,0,24,6,0,0,0,41,50,0,0,0,0,0,47,0,0,0,none
0,0,0,0,0,0,0,0,0,0,0,0,0,0,0,0,0,0,0,37,8,0,0,0,0,50,72,0,0,0,0,0,4,0,0,0,54,100,83,0,0,0,0,0,12,0,0,0,0,0,0,0,0,0,0,0,0,0,0,0,0,0,0,0,0,0,0,23,57,0,0,0,0,0,39,0,0,0,0,0,24,6,0,0,0,41,50,0,0,0,0,0,47,0,0,0,none
0,0,0,0,0,0,0,0,0,0,0,0,0,0,0,0,0,0,0,37,5,0,0,0,0,54,75,0,0,0,0,0,0,0,0,0,58,105,86,0,0,0,0,0,13,0,0,0,0,0,0,0,0,0,0,0,0,0,0,0,0,0,0,0,0,0,0,23,57,0,0,0,0,0,39,0,0,0,0,0,24,6,0,0,0,41,50,0,0,0,0,0,47,0,0,0,none
0,0,0,0,0,0,0,0,0,0,0,0,0,0,0,0,0,0,0,37,7,0,0,0,0,54,76,0,0,0,0,0,3,0,0,0,59,106,86,0,0,0,0,0,11,0,0,0,0,0,0,0,0,0,0,0,0,0,0,0,0,0,0,0,0,0,0,23,57,0,0,0,0,0,39,0,0,0,0,0,24,6,0,0,0,41,50,0,0,0,0,0,47,0,0,0,none
0,0,0,0,0,0,0,0,0,0,0,0,0,0,0,0,0,0,0,37,7,0,0,0,0,57,77,0,0,0,0,0,0,0,0,0,61,108,88,0,0,0,0,0,8,0,0,0,0,0,0,0,0,0,0,0,0,0,0,0,0,0,0,0,0,0,0,23,57,0,0,0,0,0,39,0,0,0,0,0,24,6,0,0,0,41,50,0,0,0,0,0,47,0,0,0,none
0,0,0,0,0,0,0,0,0,0,0,0,0,0,0,0,0,0,0,36,0,0,0,0,0,61,75,0,0,0,0,0,0,0,0,0,43,92,80,0,0,0,0,0,0,0,0,0,0,0,0,0,0,0,0,0,0,0,0,0,0,0,0,0,0,0,0,23,57,0,0,0,0,0,39,0,0,0,0,0,24,6,0,0,0,41,50,0,0,0,0,0,47,0,0,0,none
0,0,0,0,0,0,0,0,3,0,0,0,0,0,0,0,0,0,0,40,0,0,0,0,0,70,82,0,0,0,0,0,0,0,0,0,27,80,83,0,0,0,0,0,0,0,0,0,0,0,0,0,0,0,0,0,0,0,0,0,0,0,0,0,0,0,0,23,57,0,0,0,0,0,39,0,0,0,0,0,24,6,0,0,0,41,50,0,0,0,0,0,47,0,0,0,none
0,0,0,0,0,0,0,18,41,0,0,0,0,0,49,0,0,0,0,0,13,0,0,0,0,27,105,16,0,0,0,0,12,0,0,0,0,22,97,0,0,0,0,0,6,0,0,0,0,0,0,0,0,0,0,0,0,0,0,0,0,0,42,0,0,0,0,0,37,30,0,0,0,0,94,42,0,0,0,0,0,34,0,0,0,0,73,30,0,0,0,0,5,18,0,0,none
0,0,0,0,0,0,0,22,42,0,0,0,0,0,46,0,0,0,0,0,14,0,0,0,0,25,101,16,0,0,0,0,16,0,0,0,0,15,97,0,0,0,0,0,9,0,0,0,0,0,0,0,0,0,0,0,0,0,0,0,0,0,38,0,0,0,0,0,36,30,0,0,0,0,94,43,0,0,0,0,0,33,0,0,0,0,72,28,0,0,0,0,5,18,0,0,none
0,0,0,0,0,0,0,21,43,0,0,0,0,0,45,0,0,0,0,0,16,0,0,0,0,21,97,14,0,0,0,0,17,0,0,0,0,11,93,0,0,0,0,0,7,0,0,0,0,0,0,0,0,0,0,0,0,0,0,0,0,0,40,0,0,0,0,0,37,30,0,0,0,0,91,42,0,0,0,0,0,34,0,0,0,0,72,28,0,0,0,0,3,18,0,0,none
0,0,0,0,0,0,0,24,43,0,0,0,0,0,40,0,0,0,0,0,16,0,0,0,0,14,92,10,0,0,0,0,20,0,0,0,0,12,87,0,0,0,0,0,15,0,0,0,0,0,0,0,0,0,0,0,0,0,0,0,0,0,41,0,0,0,0,0,37,30,0,0,0,0,94,42,0,0,0,0,0,34,0,0,0,0,73,29,0,0,0,0,5,17,0,0,none
0,0,0,0,0,0,0,25,39,0,0,0,0,0,35,0,0,0,0,0,18,0,0,0,0,7,85,9,0,0,0,0,22,0,0,0,0,4,78,0,0,0,0,0,19,0,0,0,0,0,0,0,0,0,0,0,0,0,0,0,0,0,41,0,0,0,0,0,38,30,0,0,0,0,94,43,0,0,0,0,0,35,0,0,0,0,73,27,0,0,0,0,5,19,0,0,none
0,0,0,0,0,0,0,26,43,0,0,0,0,0,34,0,0,0,0,0,19,0,0,0,0,0,83,7,0,0,0,0,23,0,0,0,0,0,79,0,0,0,0,0,19,0,0,0,0,0,0,0,0,0,0,0,0,0,0,0,0,0,40,0,0,0,0,0,38,31,0,0,0,0,94,43,0,0,0,0,0,35,0,0,0,0,72,28,0,0,0,0,5,19,0,0,none
0,0,0,0,0,0,0,27,43,0,0,0,0,0,35,0,0,0,0,0,17,0,0,0,0,3,82,6,0,0,0,0,20,0,0,0,0,0,80,0,0,0,0,0,17,0,0,0,0,0,0,0,0,0,0,0,0,0,0,0,0,0,40,0,0,0,0,0,38,30,0,0,0,0,91,43,0,0,0,0,0,35,0,0,0,0,73,28,0,0,0,0,5,19,0,0,none
0,0,0,0,0,0,0,26,43,0,0,0,0,0,35,0,0,0,0,0,17,0,0,0,0,6,82,7,0,0,0,0,19,0,0,0,0,0,82,0,0,0,0,0,14,0,0,0,0,0,0,0,0,0,0,0,0,0,0,0,0,0,41,0,0,0,0,0,38,30,0,0,0,0,95,44,0,0,0,0,0,35,0,0,0,0,72,29,0,0,0,0,5,19,0,0,none
0,0,0,0,0,0,0,29,44,0,0,0,0,0,35,0,0,0,0,0,17,0,0,0,0,6,82,7,0,0,0,0,18,0,0,0,0,0,79,0,0,0,0,0,14,0,0,0,0,0,0,0,0,0,0,0,0,0,0,0,0,0,41,0,0,0,0,0,38,30,0,0,0,0,94,44,0,0,0,0,0,35,0,0,0,0,74,30,0,0,0,0,5,17,0,0,none
0,0,0,0,0,0,0,27,43,0,0,0,0,0,39,0,0,0,0,0,16,0,0,0,0,13,90,10,0,0,0,0,16,0,0,0,0,10,90,0,0,0,0,0,11,0,0,0,0,0,0,0,0,0,0,0,0,0,0,0,0,0,42,0,0,0,0,0,37,29,0,0,0,0,95,44,0,0,0,0,0,34,0,0,0,0,75,30,0,0,0,0,5,19,0,0,none
0,0,0,0,0,0,0,27,43,0,0,0,0,0,40,0,0,0,0,0,14,0,0,0,0,13,90,10,0,0,0,0,16,0,0,0,0,12,93,0,0,0,0,0,11,0,0,0,0,0,0,0,0,0,0,0,0,0,0,0,0,0,44,0,0,0,0,0,37,30,0,0,0,0,96,44,0,0,0,0,0,33,0,0,0,0,77,31,0,0,0,0,5,19,0,0,none
0,0,0,0,0,0,0,25,43,0,0,0,0,0,43,0,0,0,0,0,15,0,0,0,0,21,94,12,0,0,0,0,13,0,0,0,0,16,95,0,0,0,0,0,9,0,0,0,0,0,0,0,0,0,0,0,0,0,0,0,0,0,49,0,0,0,0,0,35,27,0,0,0,0,93,44,0,0,0,0,0,29,0,0,0,0,78,33,0,0,0,0,4,13,0,0,none
0,0,0,0,0,0,0,24,43,0,0,0,0,0,43,0,0,0,0,0,15,0,0,0,0,23,95,12,0,0,0,0,13,0,0,0,0,17,95,0,0,0,0,0,9,0,0,0,0,0,0,0,0,0,0,0,0,0,0,0,0,0,49,0,0,0,0,0,35,28,0,0,0,0,93,43,0,0,0,0,0,28,0,0,0,0,77,32,0,0,0,0,4,11,0,0,none
0,0,0,0,0,0,0,21,43,0,0,0,0,0,43,0,0,0,0,0,14,0,0,0,0,27,97,13,0,0,0,0,13,0,0,0,0,19,97,0,0,0,0,0,5,0,0,0,0,0,0,0,0,0,0,0,0,0,0,0,0,0,49,0,0,0,0,0,36,28,0,0,0,0,94,44,0,0,0,0,0,28,0,0,0,0,77,29,0,0,0,0,4,13,0,0,none
0,0,0,0,0,0,0,22,43,0,0,0,0,0,47,0,0,0,0,0,14,0,0,0,0,28,97,11,0,0,0,0,13,0,0,0,0,21,98,0,0,0,0,0,7,0,0,0,0,0,0,0,0,0,0,0,0,0,0,0,0,0,51,0,0,0,0,0,35,28,0,0,0,0,94,44,0,0,0,0,0,25,0,0,0,0,79,33,0,0,0,0,4,12,0,0,none
0,0,0,0,0,0,0,22,42,0,0,0,0,0,48,0,0,0,0,0,15,0,0,0,0,29,98,14,0,0,0,0,13,0,0,0,0,23,98,0,0,0,0,0,7,0,0,0,0,0,0,0,0,0,0,0,0,0,0,0,0,0,52,0,0,0,0,0,34,27,0,0,0,0,95,43,0,0,0,0,0,23,0,0,0,0,80,33,0,0,0,0,0,12,0,0,none
0,0,0,0,0,0,0,21,43,0,0,0,0,0,49,0,0,0,0,0,15,0,0,0,0,27,98,14,0,0,0,0,12,0,0,0,0,22,98,0,0,0,0,0,7,0,0,0,0,0,0,0,0,0,0,0,0,0,0,0,0,0,52,0,0,0,0,0,33,26,0,0,0,0,95,43,0,0,0,0,0,23,0,0,0,0,75,32,0,0,0,0,3,12,0,0,none
0,0,0,0,0,0,0,21,43,0,0,0,0,0,49,0,0,0,0,0,14,0,0,0,0,27,98,14,0,0,0,0,12,0,0,0,0,22,97,0,0,0,0,0,7,0,0,0,0,0,0,0,0,0,0,0,0,0,0,0,0,0,53,0,0,0,0,0,33,25,0,0,0,0,95,42,0,0,0,0,0,22,0,0,0,0,78,32,0,0,0,0,3,11,0,0,none
0,0,0,0,0,0,0,21,43,0,0,0,0,0,48,0,0,0,0,0,14,0,0,0,0,30,99,14,0,0,0,0,12,0,0,0,0,23,97,0,0,0,0,0,7,0,0,0,0,0,0,0,0,0,0,0,0,0,0,0,0,0,51,0,0,0,0,0,33,25,0,0,0,0,95,43,0,0,0,0,0,21,0,0,0,0,78,34,0,0,0,0,0,11,0,0,none
0,0,0,0,0,0,0,59,0,0,0,0,0,0,0,0,0,0,0,28,0,0,0,0,0,30,38,0,0,0,0,13,3,0,0,0,89,42,24,0,0,0,0,8,5,0,0,0,0,0,0,0,0,0,0,0,0,0,0,0,0,0,28,0,0,0,0,6,38,0,0,0,0,6,57,0,0,0,0,0,23,7,0,0,0,0,38,0,0,0,0,0,55,0,0,0,none
0,0,0,0,0,0,0,60,0,0,0,0,0,0,0,0,0,0,0,28,0,0,0,0,0,31,40,0,0,0,0,13,3,0,0,0,89,42,27,0,0,0,0,8,5,0,0,0,0,0,0,0,0,0,0,0,0,0,0,0,0,0,28,0,0,0,0,6,40,0,0,0,0,8,56,0,0,0,0,0,25,5,0,0,0,0,38,0,0,0,0,0,55,0,0,0,none
0,0,0,0,0,0,0,59,0,0,0,0,0,0,0,0,0,0,0,27,0,0,0,0,0,29,39,0,0,0,0,11,3,0,0,0,91,41,26,0,0,0,0,8,5,0,0,0,0,0,0,0,0,0,0,0,0,0,0,0,0,0,28,0,0,0,0,5,39,0,0,0,0,7,56,0,0,0,0,0,25,6,0,0,0,0,38,0,0,0,0,0,55,0,0,0,none
0,0,0,0,0,0,0,60,0,0,0,0,0,0,0,0,0,0,0,28,0,0,0,0,0,31,39,0,0,0,0,12,3,0,0,0,93,43,24,0,0,0,0,7,4,0,0,0,0,0,0,0,0,0,0,0,0,0,0,0,0,0,29,0,0,0,0,6,38,0,0,0,0,4,56,0,0,0,0,0,24,6,0,0,0,0,37,0,0,0,0,0,55,0,0,0,none
0,0,0,0,0,0,0,60,0,0,0,0,0,0,0,0,0,0,0,28,0,0,0,0,0,31,41,0,0,0,0,12,3,0,0,0,94,43,27,0,0,0,0,6,4,0,0,0,0,0,0,0,0,0,0,0,0,0,0,0,0,0,27,0,0,0,0,6,38,0,0,0,0,5,53,0,0,0,0,0,24,7,0,0,0,0,38,0,0,0,0,0,55,0,0,0,none
0,0,0,0,0,0,0,59,0,0,0,0,0,0,0,0,0,0,0,26,0,0,0,0,0,32,42,0,0,0,0,12,0,0,0,0,96,44,27,0,0,0,0,7,3,0,0,0,0,0,0,0,0,0,0,0,0,0,0,0,0,0,29,0,0,0,0,5,36,0,0,0,0,5,57,0,0,0,0,0,23,3,0,0,0,0,41,0,0,0,0,0,54,0,0,0,none
0,0,0,0,0,0,0,60,0,0,0,0,0,0,0,0,0,0,0,27,0,0,0,0,0,32,42,0,0,0,0,12,0,0,0,0,97,45,27,0,0,0,0,6,3,0,0,0,0,0,0,0,0,0,0,0,0,0,0,0,0,0,29,0,0,0,0,4,36,0,0,0,0,7,56,0,0,0,0,0,22,3,0,0,0,0,41,0,0,0,0,0,54,0,0,0,none
0,0,0,0,0,0,0,58,0,0,0,0,0,0,0,0,0,0,0,25,0,0,0,0,0,36,43,0,0,0,0,10,0,0,0,0,100,46,28,0,0,0,0,6,0,0,0,0,0,0,0,0,0,0,0,0,0,0,0,0,0,0,27,0,0,0,0,4,35,0,0,0,0,12,61,0,0,0,0,0,20,0,0,0,0,0,44,0,0,0,0,0,54,0,0,0,none
0,0,0,0,0,0,0,59,0,0,0,0,0,0,0,0,0,0,0,26,0,0,0,0,0,35,43,0,0,0,0,9,0,0,0,0,100,47,28,0,0,0,0,6,0,0,0,0,0,0,0,0,0,0,0,0,0,0,0,0,0,0,28,0,0,0,0,4,35,0,0,0,0,12,60,0,0,0,0,0,21,0,0,0,0,0,45,0,0,0,0,0,50,0,0,0,none
0,0,0,0,0,0,0,59,0,0,0,0,0,0,0,0,0,0,0,28,0,0,0,0,0,33,43,0,0,0,0,12,0,0,0,0,100,45,28,0,0,0,0,7,3,0,0,0,0,0,0,0,0,0,0,0,0,0,0,0,0,0,29,0,0,0,0,4,35,0,0,0,0,13,58,0,0,0,0,0,21,0,0,0,0,0,46,0,0,0,0,0,51,0,0,0,none
0,0,0,0,0,0,0,57,0,0,0,0,0,0,0,0,0,0,0,29,0,0,0,0,0,29,39,0,0,0,0,14,3,0,0,0,87,40,26,0,0,0,0,8,5,0,0,0,0,0,0,0,0,0,0,0,0,0,0,0,0,0,29,0,0,0,0,4,34,0,0,0,0,12,62,0,0,0,0,0,22,0,0,0,0,0,45,0,0,0,0,0,55,0,0,0,none
0,0,0,0,0,0,0,62,0,0,0,0,0,0,0,0,0,0,0,31,0,0,0,0,0,26,37,0,0,0,0,15,4,0,0,0,81,38,22,0,0,0,0,9,6,0,0,0,0,0,0,0,0,0,0,0,0,0,0,0,0,0,29,0,0,0,0,4,35,0,0,0,0,12,61,0,0,0,0,0,22,0,0,0,0,0,45,0,0,0,0,0,54,0,0,0,none
0,0,0,0,0,0,0,64,0,0,0,0,0,0,0,0,0,0,0,33,0,0,0,0,0,18,35,0,0,0,0,17,7,0,0,0,69,30,22,0,0,0,0,10,7,0,0,0,0,0,0,0,0,0,0,0,0,0,0,0,0,0,29,0,0,0,0,4,35,0,0,0,0,12,61,0,0,0,0,0,23,3,0,0,0,0,45,0,0,0,0,0,52,0,0,0,none
0,0,0,0,0,0,0,64,0,0,0,0,0,0,0,0,0,0,0,33,0,0,0,0,0,13,33,0,0,0,0,18,10,0,0,0,57,28,21,0,0,0,0,10,7,0,0,0,0,0,0,0,0,0,0,0,0,0,0,0,0,0,29,0,0,0,0,5,35,0,0,0,0,11,61,0,0,0,0,0,23,3,0,0,0,0,44,0,0,0,0,0,56,0,0,0,none
0,0,0,0,0,0,0,64,0,0,0,0,0,0,0,0,0,0,0,33,0,0,0,0,0,17,34,0,0,0,0,18,10,0,0,0,58,25,20,0,0,0,0,6,6,0,0,0,0,0,0,0,0,0,0,0,0,0,0,0,0,0,26,0,0,0,0,5,36,0,0,0,0,11,59,0,0,0,0,0,24,4,0,0,0,0,42,0,0,0,0,0,55,0,0,0,none
0,0,0,0,0,0,0,63,0,0,0,0,0,0,0,0,0,0,0,34,0,0,0,0,0,16,34,0,0,0,0,19,10,0,0,0,58,26,21,0,0,0,0,9,7,0,0,0,0,0,0,0,0,0,0,0,0,0,0,0,0,0,26,0,0,0,0,5,36,0,0,0,0,11,59,0,0,0,0,0,25,4,0,0,0,0,42,0,0,0,0,0,55,0,0,0,none
0,0,0,0,0,0,0,66,0,0,0,0,0,0,0,0,0,0,0,35,0,0,0,0,0,15,32,0,0,0,0,19,10,0,0,0,48,23,19,0,0,0,0,11,7,0,0,0,0,0,0,0,0,0,0,0,0,0,0,0,0,0,27,0,0,0,0,5,35,0,0,0,0,4,56,0,0,0,0,0,26,8,0,0,0,0,38,0,0,0,0,0,58,0,0,0,none
0,0,0,0,0,0,0,66,0,0,0,0,0,0,0,0,0,0,0,34,0,0,0,0,0,13,31,0,0,0,0,15,9,0,0,0,50,21,19,0,0,0,0,11,7,0,0,0,0,0,0,0,0,0,0,0,0,0,0,0,0,0,25,0,0,0,0,5,37,0,0,0,0,4,54,0,0,0,0,0,27,8,0,0,0,0,35,0,0,0,0,0,61,0,0,0,none
0,0,0,0,0,0,0,65,0,0,0,0,0,0,0,0,0,0,0,34,0,0,0,0,0,14,31,0,0,0,0,17,11,0,0,0,55,22,19,0,0,0,0,10,7,0,0,0,0,0,0,0,0,0,0,0,0,0,0,0,0,0,27,0,0,0,0,3,36,0,0,0,0,4,55,0,0,0,0,0,27,8,0,0,0,0,37,0,0,0,0,0,56,0,0,0,none
0,0,0,0,0,0,0,65,0,0,0,0,0,0,0,0,0,0,0,35,0,0,0,0,0,15,33,0,0,0,0,17,10,0,0,0,55,22,20,0,0,0,0,10,7,0,0,0,0,0,0,0,0,0,0,0,0,0,0,0,0,0,27,0,0,0,0,6,37,0,0,0,0,5,56,0,0,0,0,0,27,9,0,0,0,0,38,0,0,0,0,0,56,0,0,0,none
0,0,0,0,0,0,0,76,0,0,0,0,0,0,0,0,0,0,0,32,0,0,0,0,4,29,38,0,0,0,0,14,11,0,0,0,86,41,27,0,0,0,0,7,8,0,0,0,0,0,0,0,0,0,0,0,0,0,0,0,0,0,30,0,0,0,0,0,33,0,0,0,0,12,66,0,0,0,0,0,19,0,0,0,0,0,52,0,0,0,0,0,50,0,0,0,none
0,0,0,0,0,0,0,76,0,0,0,0,0,0,0,0,0,0,0,32,0,0,0,0,4,29,38,0,0,0,0,15,9,0,0,0,85,38,27,0,0,0,0,10,9,0,0,0,0,0,0,0,0,0,0,0,0,0,0,0,0,0,29,0,0,0,0,0,33,0,0,0,0,13,63,0,0,0,0,0,18,0,0,0,0,0,51,0,0,0,0,0,50,0,0,0,none
0,0,0,0,0,0,0,76,0,0,0,0,0,0,0,0,0,0,0,32,0,0,0,0,4,29,37,0,0,0,0,15,12,0,0,0,82,37,26,0,0,0,0,11,10,0,0,0,0,0,0,0,0,0,0,0,0,0,0,0,0,0,30,0,0,0,0,0,33,0,0,0,0,13,66,0,0,0,0,0,18,0,0,0,0,0,51,0,0,0,0,0,49,0,0,0,none
0,0,0,0,0,0,0,77,0,0,0,0,0,0,0,0,0,0,0,32,0,0,0,0,4,29,37,0,0,0,0,15,12,0,0,0,82,38,26,0,0,0,0,10,10,0,0,0,0,0,0,0,0,0,0,0,0,0,0,0,0,0,30,0,0,0,0,0,32,0,0,0,0,12,67,0,0,0,0,0,18,0,0,0,0,0,50,0,0,0,0,0,49,0,0,0,none
0,0,0,0,0,0,0,72,0,0,0,0,0,0,0,0,0,0,0,32,0,0,0,0,6,29,38,0,0,0,0,15,11,0,0,0,83,39,27,0,0,0,0,11,9,0,0,0,0,0,0,0,0,0,0,0,0,0,0,0,0,0,29,0,0,0,0,0,34,0,0,0,0,13,66,0,0,0,0,0,21,0,0,0,0,0,52,0,0,0,0,0,54,0,0,0,none
0,0,0,0,0,0,0,76,0,0,0,0,0,0,0,0,0,0,0,32,0,0,0,0,6,30,38,0,0,0,0,15,11,0,0,0,85,39,27,0,0,0,0,10,9,0,0,0,0,0,0,0,0,0,0,0,0,0,0,0,0,0,29,0,0,0,0,0,36,0,0,0,0,11,64,0,0,0,0,0,22,0,0,0,0,0,50,0,0,0,0,0,54,0,0,0,none
0,0,0,0,0,0,0,76,0,0,0,0,0,0,0,0,0,0,0,32,0,0,0,0,6,30,37,0,0,0,0,15,11,0,0,0,84,40,25,0,0,0,0,10,8,0,0,0,0,0,0,0,0,0,0,0,0,0,0,0,0,0,29,0,0,0,0,0,35,0,0,0,0,12,65,0,0,0,0,0,22,0,0,0,0,0,50,0,0,0,0,0,55,0,0,0,none
0,0,0,0,0,0,0,77,0,0,0,0,0,0,0,0,0,0,0,32,0,0,0,0,8,30,38,0,0,0,0,15,12,0,0,0,84,40,27,0,0,0,0,11,9,0,0,0,0,0,0,0,0,0,0,0,0,0,0,0,0,0,29,0,0,0,0,0,35,0,0,0,0,13,66,0,0,0,0,0,22,0,0,0,0,0,51,0,0,0,0,0,54,0,0,0,none
0,0,0,0,0,0,0,77,0,0,0,0,0,0,0,0,0,0,0,33,0,0,0,0,8,30,38,0,0,0,0,14,11,0,0,0,85,39,27,0,0,0,0,10,9,0,0,0,0,0,0,0,0,0,0,0,0,0,0,0,0,0,30,0,0,0,0,0,35,0,0,0,0,14,67,0,0,0,0,0,22,0,0,0,0,0,51,0,0,0,0,0,54,0,0,0,none
0,0,0,0,0,0,0,58,3,0,0,0,0,19,15,0,0,0,0,5,0,0,0,0,3,72,71,0,0,0,0,0,7,0,0,0,79,93,65,0,0,0,0,0,0,0,0,0,0,0,0,0,0,0,0,0,29,0,0,0,0,0,43,0,0,0,0,0,30,0,0,0,0,6,68,0,0,0,0,0,22,3,0,0,0,0,31,0,0,0,0,0,43,0,0,0,none
0,0,0,0,0,0,0,62,0,0,0,0,0,12,13,0,0,0,0,7,0,0,0,0,0,59,67,0,0,0,0,0,10,0,0,0,59,81,59,0,0,0,0,0,0,0,0,0,0,0,0,0,0,0,0,3,31,0,0,0,0,0,41,0,0,0,0,0,30,3,0,0,0,0,65,0,0,0,0,0,24,5,0,0,0,0,28,0,0,0,0,0,45,0,0,0,none
0,0,0,0,0,0,0,65,6,0,0,0,0,11,12,0,0,0,0,8,0,0,0,0,0,55,65,0,0,0,0,0,10,0,0,0,54,78,58,0,0,0,0,0,0,0,0,0,0,0,0,0,0,0,0,0,30,0,0,0,0,0,41,0,0,0,0,0,32,6,0,0,0,0,64,0,0,0,0,0,25,7,0,0,0,0,28,0,0,0,0,0,42,0,0,0,none
0,0,0,0,0,0,0,68,6,0,0,0,0,9,12,0,0,0,0,9,0,0,0,0,0,51,63,0,0,0,0,0,11,0,0,0,49,72,57,0,0,0,0,0,0,0,0,0,0,0,0,0,0,0,0,0,31,0,0,0,0,0,42,0,0,0,0,0,32,9,0,0,0,0,63,0,0,0,0,0,28,10,0,0,0,0,26,0,0,0,0,0,47,0,0,0,none
0,0,0,0,0,0,0,67,6,0,0,0,0,9,11,0,0,0,0,9,0,0,0,0,0,54,62,0,0,0,0,0,10,0,0,0,52,75,59,0,0,0,0,0,0,0,0,0,0,0,0,0,0,0,0,3,31,0,0,0,0,0,40,0,0,0,0,0,33,9,0,0,0,0,65,0,0,0,0,0,28,11,0,0,0,0,28,0,0,0,0,0,47,0,0,0,none
0,0,0,0,0,0,0,64,6,0,0,0,0,14,13,0,0,0,0,8,0,0,0,0,0,61,68,0,0,0,0,0,10,0,0,0,60,83,64,0,0,0,0,0,0,0,0,0,0,0,0,0,0,0,0,3,31,0,0,0,0,0,43,0,0,0,0,0,33,9,0,0,0,0,64,0,0,0,0,0,28,11,0,0,0,0,29,0,0,0,0,0,47,0,0,0,none
0,0,0,0,0,0,0,66,3,0,0,0,0,9,12,0,0,0,0,8,0,0,0,0,0,56,64,0,0,0,0,0,9,0,0,0,53,77,61,0,0,0,0,0,0,0,0,0,0,0,0,0,0,0,0,3,31,0,0,0,0,0,43,0,0,0,0,0,33,9,0,0,0,0,65,0,0,0,0,0,29,13,0,0,0,0,26,0,0,0,0,0,47,0,0,0,none
0,0,0,0,0,0,0,71,7,0,0,0,0,0,10,0,0,0,0,9,3,0,0,0,0,42,56,0,0,0,0,0,8,0,0,0,29,65,56,0,0,0,0,0,0,0,0,0,0,0,0,0,0,0,0,3,30,0,0,0,0,0,43,0,0,0,0,0,35,11,0,0,0,0,63,0,0,0,0,0,29,13,0,0,0,0,25,0,0,0,0,0,49,0,0,0,none
0,0,0,0,0,0,0,72,7,0,0,0,0,0,11,0,0,0,0,10,0,0,0,0,0,43,56,0,0,0,0,0,9,0,0,0,28,65,55,0,0,0,0,0,3,0,0,0,0,0,0,0,0,0,0,3,29,0,0,0,0,0,44,0,0,0,0,0,34,11,0,0,0,0,64,0,0,0,0,0,30,13,0,0,0,0,26,0,0,0,0,0,48,0,0,0,none
0,0,0,0,0,0,0,72,8,0,0,0,0,0,9,0,0,0,0,10,4,0,0,0,0,42,55,0,0,0,0,0,7,0,0,0,24,60,53,0,0,0,0,0,0,0,0,0,0,0,0,0,0,0,0,3,30,0,0,0,0,0,43,0,0,0,0,0,34,11,0,0,0,0,62,0,0,0,0,0,30,14,0,0,0,0,26,0,0,0,0,0,49,0,0,0,none
0,0,0,0,0,0,0,70,7,0,0,0,0,0,9,0,0,0,0,10,5,0,0,0,0,41,54,0,0,0,0,0,9,0,0,0,18,60,53,0,0,0,0,0,3,0,0,0,0,0,0,0,0,0,0,3,30,0,0,0,0,0,45,0,0,0,0,0,36,13,0,0,0,0,64,0,0,0,0,0,31,15,0,0,0,0,22,0,0,0,0,0,50,0,0,0,none
0,0,0,0,0,0,0,33,5,0,0,0,0,0,0,0,0,0,0,22,20,0,0,0,0,0,57,0,0,0,0,0,12,0,0,0,5,99,96,0,0,0,0,0,12,0,0,0,0,0,0,0,0,0,0,0,0,0,0,0,0,0,0,0,0,0,0,0,44,23,0,0,0,0,65,0,0,0,0,0,17,18,0,0,0,19,68,10,0,0,0,0,35,0,0,0,none
0,0,0,0,0,0,0,33,5,0,0,0,0,0,0,0,0,0,0,22,19,0,0,0,0,0,58,0,0,0,0,0,9,0,0,0,6,99,95,0,0,0,0,0,13,0,0,0,0,0,0,0,0,0,0,0,0,0,0,0,0,0,0,0,0,0,0,0,44,23,0,0,0,0,65,0,0,0,0,0,17,18,0,0,0,16,67,9,0,0,0,0,35,0,0,0,none
0,0,0,0,0,0,0,33,5,0,0,0,0,0,0,0,0,0,0,23,20,0,0,0,0,0,59,0,0,0,0,0,12,0,0,0,4,100,96,0,0,0,0,0,13,0,0,0,0,0,0,0,0,0,0,0,0,0,0,0,0,0,0,0,0,0,0,0,45,22,0,0,0,0,65,0,0,0,0,0,18,17,0,0,0,17,69,10,0,0,0,0,35,0,0,0,none
0,0,0,0,0,0,0,33,5,0,0,0,0,0,0,0,0,0,0,22,20,0,0,0,0,0,59,0,0,0,0,0,12,0,0,0,4,101,95,0,0,0,0,0,13,0,0,0,0,0,0,0,0,0,0,0,0,0,0,0,0,0,0,0,0,0,0,0,46,22,0,0,0,0,65,0,0,0,0,0,18,19,0,0,0,18,68,10,0,0,0,0,35,0,0,0,none
0,0,0,0,0,0,0,29,5,0,0,0,0,0,0,0,0,0,0,23,20,0,0,0,0,0,60,0,0,0,0,0,12,0,0,0,4,99,96,0,0,0,0,0,12,0,0,0,0,0,0,0,0,0,0,0,0,0,0,0,0,0,0,0,0,0,0,0,45,22,0,0,0,0,65,0,0,0,0,0,18,19,0,0,0,18,68,10,0,0,0,0,35,0,0,0,none
0,0,0,0,0,0,0,32,5,0,0,0,0,0,0,0,0,0,0,19,20,0,0,0,0,0,60,0,0,0,0,0,12,0,0,0,4,100,96,0,0,0,0,0,13,0,0,0,0,0,0,0,0,0,0,0,0,0,0,0,0,0,0,0,0,0,0,0,45,22,0,0,0,0,65,0,0,0,0,0,18,19,0,0,0,20,69,9,0,0,0,0,35,0,0,0,none
0,0,0,0,0,0,0,59,16,0,0,0,0,0,0,0,0,0,0,13,9,0,0,0,0,47,86,0,0,0,0,0,9,0,0,0,28,90,90,0,0,0,0,0,6,0,0,0,0,0,0,0,0,0,0,0,0,0,0,0,0,0,37,0,0,0,0,0,40,18,0,0,0,0,71,19,0,0,0,0,0,14,0,0,0,0,75,5,0,0,0,0,29,0,0,0,none
0,0,0,0,0,0,0,59,16,0,0,0,0,0,0,0,0,0,0,13,9,0,0,0,0,49,83,0,0,0,0,0,9,0,0,0,29,90,91,0,0,0,0,0,6,0,0,0,0,0,0,0,0,0,0,0,0,0,0,0,0,0,39,0,0,0,0,0,40,17,0,0,0,0,72,21,0,0,0,0,0,14,0,0,0,0,78,7,0,0,0,0,27,0,0,0,none
0,0,0,0,0,0,0,59,16,0,0,0,0,0,0,0,0,0,0,13,9,0,0,0,0,49,83,0,0,0,0,0,9,0,0,0,29,90,91,0,0,0,0,0,4,0,0,0,0,0,0,0,0,0,0,0,0,0,0,0,0,0,38,0,0,0,0,0,40,17,0,0,0,0,71,21,0,0,0,0,0,14,0,0,0,0,75,5,0,0,0,0,29,0,0,0,none
0,0,0,0,0,0,0,59,16,0,0,0,0,0,0,0,0,0,0,14,9,0,0,0,0,50,85,0,0,0,0,0,9,0,0,0,30,90,89,0,0,0,0,0,6,0,0,0,0,0,0,0,0,0,0,0,0,0,0,0,0,0,39,0,0,0,0,0,40,17,0,0,0,0,72,20,0,0,0,0,0,14,0,0,0,3,77,4,0,0,0,0,30,0,0,0,none
0,0,0,0,0,0,0,54,29,0,0,0,0,3,30,0,0,0,0,0,16,0,0,0,0,38,77,0,0,0,0,0,21,0,0,0,0,10,53,0,0,0,0,0,0,0,0,0,0,0,0,0,0,0,0,0,3,0,0,0,0,0,52,0,0,0,0,0,44,31,0,0,0,0,67,15,0,0,0,0,8,30,0,0,0,0,32,0,0,0,0,0,36,11,0,0,none
0,0,0,0,0,0,0,51,26,0,0,0,0,12,36,0,0,0,0,0,12,0,0,0,0,53,83,0,0,0,0,0,17,0,0,0,0,24,66,0,0,0,0,0,0,0,0,0,0,0,0,0,0,0,0,0,3,0,0,0,0,0,52,0,0,0,0,0,43,31,0,0,0,0,65,14,0,0,0,0,9,30,0,0,0,0,30,0,0,0,0,0,40,12,0,0,none
0,0,0,0,0,0,0,50,26,0,0,0,0,15,37,0,0,0,0,0,11,0,0,0,0,55,85,0,0,0,0,0,16,0,0,0,0,24,67,0,0,0,0,0,0,0,0,0,0,0,0,0,0,0,0,0,3,0,0,0,0,0,52,0,0,0,0,0,44,31,0,0,0,0,65,14,0,0,0,0,10,30,0,0,0,0,31,0,0,0,0,0,41,12,0,0,none
0,0,0,0,0,0,0,42,21,0,0,0,0,0,0,0,0,0,0,0,28,0,0,0,0,0,24,0,0,0,0,0,37,0,0,0,0,0,26,0,0,0,0,0,8,0,0,0,0,0,0,0,0,0,0,0,0,0,0,0,0,0,30,0,0,0,0,0,48,42,0,0,0,0,48,0,0,0,0,0,31,43,0,0,0,0,0,0,0,0,0,0,51,26,0,0,none
0,0,0,0,0,0,0,0,0,0,0,0,0,0,0,0,0,0,0,30,19,0,0,0,0,37,77,0,0,0,0,0,9,0,0,0,21,113,91,0,0,0,0,0,21,0,0,0,0,0,0,0,0,0,0,0,0,0,0,0,0,0,30,0,0,0,0,0,48,42,0,0,0,0,48,0,0,0,0,0,31,43,0,0,0,0,0,0,0,0,0,0,51,26,0,0,none
0,0,0,0,0,0,0,0,0,0,0,0,0,0,0,0,0,0,0,31,19,0,0,0,0,38,76,0,0,0,0,0,9,0,0,0,22,116,92,0,0,0,0,0,21,0,0,0,0,0,0,0,0,0,0,0,0,0,0,0,0,0,30,0,0,0,0,0,48,42,0,0,0,0,48,0,0,0,0,0,31,43,0,0,0,0,0,0,0,0,0,0,51,26,0,0,none
0,0,0,0,0,0,0,0,0,0,0,0,0,0,0,0,0,0,0,31,20,0,0,0,0,38,76,0,0,0,0,0,9,0,0,0,22,116,91,0,0,0,0,0,21,0,0,0,0,0,0,0,0,0,0,0,0,0,0,0,0,0,30,0,0,0,0,0,48,42,0,0,0,0,48,0,0,0,0,0,31,43,0,0,0,0,0,0,0,0,0,0,51,26,0,0,none
0,0,0,0,0,0,0,0,0,0,0,0,0,0,0,0,0,0,0,31,20,0,0,0,0,38,76,0,0,0,0,0,9,0,0,0,21,116,91,0,0,0,0,0,21,0,0,0,0,0,0,0,0,0,0,0,0,0,0,0,0,0,30,0,0,0,0,0,48,42,0,0,0,0,48,0,0,0,0,0,31,43,0,0,0,0,0,0,0,0,0,0,51,26,0,0,none
0,0,0,0,0,0,0,0,0,0,0,0,0,0,0,0,0,0,0,31,19,0,0,0,0,38,76,0,0,0,0,0,9,0,0,0,23,115,92,0,0,0,0,0,21,0,0,0,0,0,0,0,0,0,0,0,0,0,0,0,0,0,30,0,0,0,0,0,48,42,0,0,0,0,48,0,0,0,0,0,31,43,0,0,0,0,0,0,0,0,0,0,51,26,0,0,none
0,0,0,0,0,0,0,57,12,0,0,0,0,0,0,0,0,0,0,27,15,0,0,0,0,46,68,0,0,0,0,0,20,0,0,0,39,74,75,0,0,0,0,0,22,0,0,0,0,0,0,0,0,0,0,0,0,0,0,0,0,0,48,0,0,0,0,0,45,3,0,0,0,0,67,9,0,0,0,0,7,3,0,0,0,0,72,0,0,0,0,0,48,0,0,0,none
0,0,0,0,0,0,0,58,12,0,0,0,0,0,0,0,0,0,0,27,17,0,0,0,0,48,69,0,0,0,0,0,18,0,0,0,38,74,76,0,0,0,0,0,22,0,0,0,0,0,0,0,0,0,0,0,0,0,0,0,0,0,45,0,0,0,0,0,44,4,0,0,0,0,68,9,0,0,0,0,7,3,0,0,0,0,68,0,0,0,0,0,48,0,0,0,none
0,0,0,0,0,0,0,59,12,0,0,0,0,0,0,0,0,0,0,28,17,0,0,0,0,47,68,0,0,0,0,0,18,0,0,0,40,74,75,0,0,0,0,0,22,0,0,0,0,0,0,0,0,0,0,0,0,0,0,0,0,0,48,0,0,0,0,0,45,3,0,0,0,0,67,8,0,0,0,0,7,3,0,0,0,0,67,0,0,0,0,0,48,0,0,0,none
0,0,0,0,0,0,0,59,12,0,0,0,0,0,0,0,0,0,0,27,17,0,0,0,0,47,67,0,0,0,0,0,21,0,0,0,37,73,72,0,0,0,0,0,23,0,0,0,0,0,0,0,0,0,0,0,0,0,0,0,0,0,49,0,0,0,0,0,44,3,0,0,0,0,67,8,0,0,0,0,8,3,0,0,0,0,67,0,0,0,0,0,47,0,0,0,none
0,0,0,0,0,0,0,59,12,0,0,0,0,0,0,0,0,0,0,27,15,0,0,0,0,46,67,0,0,0,0,0,20,0,0,0,27,70,73,0,0,0,0,0,22,0,0,0,0,0,0,0,0,0,0,0,0,0,0,0,0,0,49,0,0,0,0,0,44,3,0,0,0,0,66,8,0,0,0,0,7,3,0,0,0,0,66,0,0,0,0,0,48,0,0,0,none
0,0,0,0,0,0,19,31,0,0,0,0,74,33,0,0,0,0,0,20,0,0,0,0,66,20,0,0,0,0,0,18,0,0,0,0,20,0,0,0,0,0,0,0,0,0,0,0,0,0,0,0,0,0,0,0,0,0,0,0,0,0,0,0,0,0,0,0,49,0,0,0,0,0,63,0,0,0,0,0,14,4,0,0,0,0,57,0,0,0,0,0,26,0,0,0,none
0,0,0,0,0,0,19,29,0,0,0,0,72,33,0,0,0,0,0,21,0,0,0,0,64,19,0,0,0,0,0,18,0,0,0,0,18,0,0,0,0,0,0,0,0,0,0,0,0,0,0,0,0,0,0,0,0,0,0,0,0,0,0,0,0,0,0,0,51,0,0,0,0,0,64,0,0,0,0,0,11,3,0,0,0,0,56,0,0,0,0,0,26,0,0,0,none
0,0,0,0,0,0,19,31,0,0,0,0,72,33,0,0,0,0,0,20,0,0,0,0,64,19,0,0,0,0,0,16,0,0,0,0,21,0,0,0,0,0,0,0,0,0,0,0,0,0,0,0,0,0,0,0,0,0,0,0,0,0,0,0,0,0,0,0,54,0,0,0,0,0,65,0,0,0,0,0,14,4,0,0,0,0,55,0,0,0,0,0,26,0,0,0,none
0,0,0,0,0,0,20,32,0,0,0,0,66,31,0,0,0,0,0,21,0,0,0,0,55,18,0,0,0,0,0,23,0,0,0,0,10,0,0,0,0,0,0,0,0,0,0,0,0,0,0,0,0,0,0,0,0,0,0,0,0,0,0,0,0,0,0,0,54,0,0,0,0,0,64,0,0,0,0,0,14,0,0,0,0,0,58,0,0,0,0,0,26,0,0,0,none
0,0,0,0,0,0,5,57,9,0,0,0,0,5,6,0,0,0,0,25,7,0,0,0,0,12,35,0,0,0,0,4,3,0,0,0,0,0,11,0,0,0,0,0,0,0,0,0,0,0,0,0,0,0,0,0,0,0,0,0,0,0,0,0,0,0,0,3,54,13,0,0,0,0,63,8,0,0,0,0,0,4,0,0,0,0,52,5,0,0,0,0,0,0,0,0,none
0,0,0,0,0,0,3,54,7,0,0,0,0,15,8,0,0,0,0,22,0,0,0,0,0,19,40,0,0,0,0,0,0,0,0,0,0,5,14,0,0,0,0,0,0,0,0,0,0,0,0,0,0,0,0,0,0,0,0,0,0,0,0,0,0,0,0,0,48,3,0,0,0,0,68,9,0,0,0,0,0,0,0,0,0,0,66,12,0,0,0,0,0,0,0,0,none
0,0,0,0,0,0,5,56,9,0,0,0,0,8,7,0,0,0,0,24,6,0,0,0,0,13,36,0,0,0,0,7,4,0,0,0,0,0,12,0,0,0,0,0,0,0,0,0,0,0,0,0,0,0,0,0,0,0,0,0,0,0,0,0,0,0,0,0,48,3,0,0,0,0,65,9,0,0,0,0,0,0,0,0,0,0,67,13,0,0,0,0,0,0,0,0,none
0,0,0,0,0,0,0,46,4,0,0,0,0,0,0,0,0,0,0,20,9,0,0,0,0,13,29,0,0,0,0,18,20,0,0,0,4,8,15,0,0,0,0,17,0,0,0,0,0,0,0,0,0,0,0,0,0,0,0,0,0,0,0,0,0,0,0,0,43,0,0,0,0,0,68,6,0,0,0,0,0,0,0,0,0,0,65,12,0,0,0,0,6,0,0,0,none
0,0,0,0,0,0,0,48,4,0,0,0,0,0,0,0,0,0,0,20,11,0,0,0,0,14,27,0,0,0,0,14,18,0,0,0,4,11,16,0,0,0,0,14,0,0,0,0,0,0,0,0,0,0,0,0,0,0,0,0,0,0,0,0,0,0,0,0,47,11,0,0,0,0,56,0,0,0,0,0,8,12,0,0,0,0,34,0,0,0,0,0,14,0,0,0,none
0,0,0,0,0,0,0,49,4,0,0,0,0,0,0,0,0,0,0,22,13,0,0,0,0,10,25,0,0,0,0,16,19,0,0,0,0,9,15,0,0,0,0,16,0,0,0,0,0,0,0,0,0,0,0,0,0,0,0,0,0,0,0,0,0,0,0,0,39,0,0,0,0,0,64,0,0,0,0,0,4,3,0,0,0,0,49,4,0,0,0,0,12,0,0,0,none
0,0,0,0,0,0,0,49,5,0,0,0,0,0,0,0,0,0,0,21,12,0,0,0,0,15,26,0,0,0,0,17,20,0,0,0,0,14,15,0,0,0,0,12,0,0,0,0,0,0,0,0,0,0,0,0,0,0,0,0,0,0,0,0,0,0,0,0,43,0,0,0,0,0,64,0,0,0,0,0,3,0,0,0,0,0,55,7,0,0,0,0,12,0,0,0,none
0,0,0,0,0,0,0,41,5,0,0,0,0,0,0,0,0,0,0,21,11,0,0,0,0,22,30,0,0,0,0,19,25,0,0,0,9,24,16,0,0,0,0,16,0,0,0,0,0,0,0,0,0,0,0,0,0,0,0,0,0,0,0,0,0,0,0,0,43,0,0,0,0,0,66,0,0,0,0,0,0,0,0,0,0,0,59,9,0,0,0,0,11,0,0,0,none
0,0,0,0,0,0,0,43,5,0,0,0,0,0,0,0,0,0,0,19,12,0,0,0,0,18,26,0,0,0,0,21,27,0,0,0,7,23,15,0,0,0,0,19,0,0,0,0,0,0,0,0,0,0,0,0,0,0,0,0,0,0,0,0,0,0,0,0,43,0,0,0,0,0,66,0,0,0,0,0,0,0,0,0,0,0,60,8,0,0,0,0,11,0,0,0,none
0,0,0,0,0,0,0,45,0,0,0,0,0,0,0,0,0,0,0,23,14,0,0,0,0,17,26,0,0,0,0,22,29,0,0,0,4,24,14,0,0,0,0,21,0,0,0,0,0,0,0,0,0,0,0,0,0,0,0,0,0,0,0,0,0,0,0,0,44,0,0,0,0,0,61,0,0,0,0,0,3,0,0,0,0,0,51,5,0,0,0,0,13,0,0,0,none
0,0,0,0,0,0,0,46,5,0,0,0,0,0,0,0,0,0,0,23,13,0,0,0,0,9,26,0,0,0,0,20,25,0,0,0,0,17,14,0,0,0,0,15,0,0,0,0,0,0,0,0,0,0,0,0,0,0,0,0,0,0,0,0,0,0,0,0,51,26,0,0,0,0,0,0,0,0,0,0,36,42,0,0,0,0,0,0,0,0,0,0,23,0,0,0,none
0,0,0,0,0,0,0,45,4,0,0,0,0,17,6,0,0,0,0,17,0,0,0,0,0,26,40,0,0,0,0,4,6,0,0,0,4,19,19,0,0,0,0,0,0,0,0,0,0,0,0,0,0,0,0,0,0,0,0,0,0,0,50,0,0,0,0,0,36,0,0,0,0,0,60,8,0,0,0,0,0,0,0,0,0,0,54,0,0,0,0,0,6,0,0,0,none
0,0,0,0,0,0,0,48,6,0,0,0,0,0,0,0,0,0,0,21,6,0,0,0,0,18,36,0,0,0,0,9,9,0,0,0,0,15,17,0,0,0,0,0,0,0,0,0,0,0,0,0,0,0,0,0,0,0,0,0,0,0,50,0,0,0,0,0,36,0,0,0,0,0,60,8,0,0,0,0,0,0,0,0,0,0,54,0,0,0,0,0,6,0,0,0,none
0,0,0,0,0,0,0,49,4,0,0,0,0,0,0,0,0,0,0,21,6,0,0,0,0,17,37,0,0,0,0,10,10,0,0,0,0,16,18,0,0,0,0,0,0,0,0,0,0,0,0,0,0,0,0,0,0,0,0,0,0,0,50,0,0,0,0,0,36,0,0,0,0,0,60,8,0,0,0,0,0,0,0,0,0,0,54,0,0,0,0,0,6,0,0,0,none
0,0,0,0,0,0,0,49,6,0,0,0,0,0,0,0,0,0,0,21,4,0,0,0,0,18,38,0,0,0,0,10,11,0,0,0,0,18,19,0,0,0,0,0,0,0,0,0,0,0,0,0,0,0,0,0,0,0,0,0,0,0,49,0,0,0,0,0,38,0,0,0,0,0,61,10,0,0,0,0,0,0,0,0,0,0,57,0,0,0,0,0,6,0,0,0,none
0,0,0,0,0,0,0,49,7,0,0,0,0,6,3,0,0,0,0,21,6,0,0,0,0,21,40,0,0,0,0,8,10,0,0,0,0,18,19,0,0,0,0,0,0,0,0,0,0,0,0,0,0,0,0,0,0,0,0,0,0,0,50,0,0,0,0,0,37,0,0,0,0,0,62,10,0,0,0,0,0,0,0,0,0,0,57,0,0,0,0,0,5,0,0,0,none
0,0,0,0,0,0,0,52,8,0,0,0,0,7,4,0,0,0,0,20,5,0,0,0,0,21,37,0,0,0,0,6,9,0,0,0,0,22,20,0,0,0,0,0,0,0,0,0,0,0,0,0,0,0,0,0,0,0,0,0,0,0,50,0,0,0,0,0,38,0,0,0,0,0,62,9,0,0,0,0,0,0,0,0,0,0,59,0,0,0,0,0,5,0,0,0,none
0,0,0,0,0,0,0,20,0,0,0,0,32,64,28,0,0,0,0,0,0,0,0,0,75,65,87,0,0,0,0,0,0,0,0,0,84,39,17,0,0,0,0,0,0,0,0,0,0,0,0,0,0,0,0,0,0,0,0,0,0,0,92,0,0,0,0,0,0,0,0,0,0,18,107,28,0,0,0,0,0,0,0,0,0,0,96,0,0,0,0,0,0,0,0,0,backward
0,0,0,0,0,0,0,16,0,0,0,0,38,70,34,0,0,0,0,0,0,0,0,0,89,71,89,0,0,0,0,0,0,0,0,0,94,47,19,0,0,0,0,0,0,0,0,0,0,0,0,0,0,0,0,0,0,0,0,0,0,0,93,0,0,0,0,0,0,0,0,0,0,19,107,26,0,0,0,0,0,0,0,0,0,0,96,0,0,0,0,0,0,0,0,0,backward
0,0,0,0,0,0,0,8,0,0,0,0,44,76,39,0,0,0,0,0,0,0,0,0,107,79,91,0,0,0,0,0,0,0,0,0,101,53,20,0,0,0,0,0,0,0,0,0,0,0,0,0,0,0,0,0,0,0,0,0,0,0,92,0,0,0,0,0,0,0,0,0,0,23,104,21,0,0,0,0,0,0,0,0,0,0,97,0,0,0,0,0,0,0,0,0,backward
0,0,0,0,0,0,0,0,0,0,0,0,54,78,43,0,0,0,0,0,0,0,0,0,136,90,94,0,0,0,0,0,0,0,0,0,123,63,21,0,0,0,0,0,0,0,0,0,0,0,0,0,0,0,0,0,0,0,0,0,0,0,92,0,0,0,0,0,0,0,0,0,0,30,111,21,0,0,0,0,0,0,0,0,0,0,96,0,0,0,0,0,0,0,0,0,backward
0,0,0,0,0,0,0,0,0,0,0,0,53,77,44,0,0,0,0,0,0,0,0,0,132,89,95,0,0,0,0,0,0,0,0,0,124,66,24,0,0,0,0,0,0,0,0,0,0,0,0,0,0,0,0,0,0,0,0,0,0,0,87,0,0,0,0,0,0,0,0,0,0,31,112,22,0,0,0,0,0,0,0,0,0,0,97,0,0,0,0,0,0,0,0,0,backward
0,0,0,0,0,0,0,0,0,0,0,0,52,78,41,0,0,0,0,0,0,0,0,0,131,88,95,0,0,0,0,0,0,0,0,0,121,66,25,0,0,0,0,0,0,0,0,0,0,0,0,0,0,0,0,0,0,0,0,0,0,0,92,0,0,0,0,0,0,0,0,0,0,29,111,23,0,0,0,0,0,0,0,0,0,0,97,0,0,0,0,0,0,0,0,0,backward
0,0,0,0,0,0,3,58,10,0,0,0,0,0,0,0,0,0,0,31,19,0,0,0,0,9,36,0,0,0,0,9,14,0,0,0,0,0,17,0,0,0,0,0,0,0,0,0,0,0,0,0,0,0,0,0,0,0,0,0,0,0,55,0,0,0,0,0,36,0,0,0,0,0,73,15,0,0,0,0,0,0,0,0,0,0,68,0,0,0,0,0,0,0,0,0,none
0,0,0,0,0,0,0,57,10,0,0,0,0,0,0,0,0,0,0,31,20,0,0,0,0,9,36,0,0,0,0,9,11,0,0,0,0,0,17,0,0,0,0,0,0,0,0,0,0,0,0,0,0,0,0,0,0,0,0,0,0,0,56,0,0,0,0,0,37,0,0,0,0,0,74,17,0,0,0,0,0,0,0,0,0,0,68,0,0,0,0,0,0,0,0,0,none
0,0,0,0,0,0,0,58,10,0,0,0,0,0,0,0,0,0,0,31,20,0,0,0,0,8,33,0,0,0,0,8,13,0,0,0,0,0,17,0,0,0,0,0,0,0,0,0,0,0,0,0,0,0,0,0,0,0,0,0,0,0,55,0,0,0,0,0,37,0,0,0,0,0,73,17,0,0,0,0,0,0,0,0,0,0,66,0,0,0,0,0,0,0,0,0,none
0,0,0,0,0,0,3,59,11,0,0,0,0,0,0,0,0,0,0,31,20,0,0,0,0,8,34,0,0,0,0,8,13,0,0,0,0,0,14,0,0,0,0,0,0,0,0,0,0,0,0,0,0,0,0,0,0,0,0,0,0,0,56,0,0,0,0,0,35,0,0,0,0,0,74,18,0,0,0,0,0,0,0,0,0,0,67,0,0,0,0,0,0,0,0,0,none
0,0,0,0,0,0,3,56,10,0,0,0,0,0,0,0,0,0,0,32,20,0,0,0,0,9,35,0,0,0,0,9,13,0,0,0,0,0,18,0,0,0,0,0,0,0,0,0,0,0,0,0,0,0,0,0,0,0,0,0,0,0,53,0,0,0,0,0,36,0,0,0,0,0,74,17,0,0,0,0,0,0,0,0,0,0,67,0,0,0,0,0,0,0,0,0,none
0,0,0,0,0,0,0,0,0,0,0,0,0,50,49,0,0,0,0,0,0,0,0,0,58,105,121,0,0,0,0,0,0,0,0,0,132,129,74,0,0,0,0,0,0,0,0,0,0,0,0,0,0,0,0,0,0,0,0,0,0,0,82,0,0,0,0,0,0,0,0,0,0,0,101,34,0,0,0,0,0,0,0,0,0,0,82,0,0,0,0,0,0,0,0,0,backward
0,0,0,0,0,0,0,0,0,0,0,0,0,50,19,0,0,0,0,0,0,0,0,0,108,112,100,0,0,0,0,0,0,0,0,0,168,123,55,0,0,0,0,0,0,0,0,0,0,0,0,0,0,0,0,0,0,0,0,0,0,0,82,0,0,0,0,0,0,0,0,0,0,0,101,34,0,0,0,0,0,0,0,0,0,0,82,0,0,0,0,0,0,0,0,0,backward
0,0,0,0,0,0,0,0,0,0,0,0,0,55,26,0,0,0,0,0,0,0,0,0,110,120,105,0,0,0,0,0,0,0,0,0,177,132,59,0,0,0,0,0,0,0,0,0,0,0,0,0,0,0,0,0,0,0,0,0,0,0,82,0,0,0,0,0,0,0,0,0,0,0,101,34,0,0,0,0,0,0,0,0,0,0,82,0,0,0,0,0,0,0,0,0,backward
0,0,0,0,0,0,0,0,0,0,0,0,0,27,0,0,0,0,0,0,0,0,0,0,142,116,94,0,0,0,0,0,0,0,0,0,188,129,52,0,0,0,0,0,0,0,0,0,0,0,0,0,0,0,0,0,0,0,0,0,0,5,26,0,0,0,0,0,0,0,0,0,0,17,55,0,0,0,0,0,0,0,0,0,0,0,0,0,0,0,0,0,0,0,0,0,backward
0,0,0,0,0,0,0,0,0,0,0,0,0,20,0,0,0,0,0,0,0,0,0,0,157,110,77,0,0,0,0,0,0,0,0,0,195,118,37,0,0,0,0,0,0,0,0,0,0,0,0,0,0,0,0,0,0,0,0,0,0,10,41,0,0,0,0,0,0,0,0,0,0,22,67,0,0,0,0,0,0,0,0,0,0,0,0,0,0,0,0,0,0,0,0,0,backward
0,0,0,0,0,0,0,0,0,0,0,0,0,14,0,0,0,0,0,0,0,0,0,0,171,108,62,0,0,0,0,0,0,0,0,0,193,113,26,0,0,0,0,0,0,0,0,0,0,0,0,0,0,0,0,0,0,0,0,0,0,7,51,0,0,0,0,0,0,0,0,0,0,24,75,0,0,0,0,0,0,0,0,0,0,0,0,0,0,0,0,0,0,0,0,0,backward
0,0,0,0,0,0,0,0,0,0,0,0,0,19,0,0,0,0,0,0,0,0,0,0,164,110,76,0,0,0,0,0,0,0,0,0,183,119,33,0,0,0,0,0,0,0,0,0,0,0,0,0,0,0,0,0,0,0,0,0,0,8,57,0,0,0,0,0,0,0,0,0,0,21,79,0,0,0,0,0,0,0,0,0,0,0,0,0,0,0,0,0,0,0,0,0,backward
0,0,0,0,0,0,0,0,0,0,0,0,0,22,0,0,0,0,0,0,0,0,0,0,163,115,81,0,0,0,0,0,0,0,0,0,188,123,38,0,0,0,0,0,0,0,0,0,0,0,0,0,0,0,0,0,0,0,0,0,0,5,53,0,0,0,0,0,0,0,0,0,0,18,73,0,0,0,0,0,0,0,0,0,0,0,0,0,0,0,0,0,0,0,0,0,backward
0,0,0,0,0,0,0,0,0,0,0,0,0,38,42,0,0,0,0,0,0,0,0,0,50,91,123,0,0,0,0,0,0,0,0,0,135,133,82,0,0,0,0,0,0,0,0,0,0,0,0,0,0,0,0,0,0,0,0,0,0,0,83,0,0,0,0,0,0,0,0,0,0,14,89,0,0,0,0,0,0,0,0,0,0,0,16,0,0,0,0,0,0,0,0,0,backward
0,0,0,0,0,0,0,0,0,0,0,0,0,45,37,0,0,0,0,0,0,0,0,0,53,96,125,0,0,0,0,0,0,0,0,0,151,136,81,0,0,0,0,0,0,0,0,0,0,0,0,0,0,0,0,0,0,0,0,0,0,0,76,0,0,0,0,0,0,0,0,0,0,18,91,0,0,0,0,0,0,0,0,0,0,0,11,0,0,0,0,0,0,0,0,0,backward
0,0,0,0,0,0,0,0,0,0,0,0,0,49,44,0,0,0,0,0,0,0,0,0,64,102,126,0,0,0,0,0,0,0,0,0,151,138,81,0,0,0,0,0,0,0,0,0,0,0,0,0,0,0,0,0,0,0,0,0,0,0,74,0,0,0,0,0,0,0,0,0,0,15,91,0,0,0,0,0,0,0,0,0,0,0,9,0,0,0,0,0,0,0,0,0,backward
0,0,0,0,0,0,0,0,0,0,0,0,0,48,50,0,0,0,0,0,0,0,0,0,54,95,125,0,0,0,0,0,0,0,0,0,131,134,84,0,0,0,0,0,0,0,0,0,0,0,0,0,0,0,0,0,0,0,0,0,0,3,85,0,0,0,0,0,0,0,0,0,0,18,93,0,0,0,0,0,0,0,0,0,0,0,11,0,0,0,0,0,0,0,0,0,backward
0,0,0,0,0,0,0,0,0,0,0,0,0,43,54,0,0,0,0,0,0,0,0,0,34,81,123,0,0,0,0,0,0,0,0,0,109,121,86,0,0,0,0,0,0,0,0,0,0,0,0,0,0,0,0,0,0,0,0,0,0,0,86,0,0,0,0,0,0,0,0,0,0,18,93,0,0,0,0,0,0,0,0,0,0,0,10,0,0,0,0,0,0,0,0,0,backward
0,0,0,0,0,0,0,4,0,0,0,0,0,34,48,0,0,0,0,0,0,0,0,0,10,101,138,0,0,0,0,0,0,0,0,0,99,144,103,0,0,0,0,0,0,0,0,0,0,0,0,0,0,0,0,36,0,0,0,0,0,5,85,0,0,0,0,0,0,0,0,0,0,24,102,0,0,0,0,0,0,0,0,0,0,0,31,0,0,0,0,0,0,0,0,0,backward
0,0,0,0,0,0,0,0,0,0,0,0,0,36,51,0,0,0,0,0,0,0,0,0,21,103,139,0,0,0,0,0,0,0,0,0,103,145,101,0,0,0,0,0,0,0,0,0,0,0,0,0,0,0,0,34,0,0,0,0,0,11,85,0,0,0,0,0,0,0,0,0,0,30,104,0,0,0,0,0,0,0,0,0,0,0,33,0,0,0,0,0,0,0,0,0,backward
0,0,0,0,0,0,0,0,0,0,0,0,0,36,49,0,0,0,0,0,0,0,0,0,15,102,137,0,0,0,0,0,0,0,0,0,95,144,101,0,0,0,0,0,0,0,0,0,0,0,0,0,0,0,0,35,0,0,0,0,0,11,86,0,0,0,0,0,0,0,0,0,0,30,106,0,0,0,0,0,0,0,0,0,0,0,34,0,0,0,0,0,0,0,0,0,backward
0,0,0,0,0,0,0,14,0,0,0,0,0,35,45,0,0,0,0,0,0,0,0,0,9,100,137,0,0,0,0,0,0,0,0,0,94,142,102,0,0,0,0,0,0,0,0,0,0,0,0,0,0,0,0,37,0,0,0,0,0,10,84,0,0,0,0,0,0,0,0,0,0,30,106,0,0,0,0,0,0,0,0,0,0,0,34,0,0,0,0,0,0,0,0,0,backward
0,0,0,0,0,0,0,9,0,0,0,0,0,35,45,0,0,0,0,0,0,0,0,0,11,100,137,0,0,0,0,0,0,0,0,0,95,141,102,0,0,0,0,0,0,0,0,0,0,0,0,0,0,0,0,32,0,0,0,0,0,11,86,0,0,0,0,0,0,0,0,0,0,32,106,0,0,0,0,0,0,0,0,0,0,0,29,0,0,0,0,0,0,0,0,0,backward
0,0,0,0,0,0,0,16,0,0,0,0,0,88,82,0,0,0,0,0,0,0,0,0,0,104,143,0,0,0,0,0,0,0,0,0,0,38,60,0,0,0,0,0,0,0,0,0,0,0,0,0,0,0,0,0,0,0,0,0,0,0,60,0,0,0,0,0,0,0,0,0,0,12,90,0,0,0,0,0,0,0,0,0,0,25,88,0,0,0,0,0,0,0,0,0,backward
0,0,0,0,0,0,0,16,0,0,0,0,0,89,78,0,0,0,0,0,0,0,0,0,0,103,143,0,0,0,0,0,0,0,0,0,0,38,63,0,0,0,0,0,0,0,0,0,0,0,0,0,0,0,0,0,0,0,0,0,0,0,60,0,0,0,0,0,0,0,0,0,0,8,90,0,0,0,0,0,0,0,0,0,0,25,88,0,0,0,0,0,0,0,0,0,backward
0,0,0,0,0,0,0,15,0,0,0,0,0,88,81,0,0,0,0,0,0,0,0,0,0,104,143,0,0,0,0,0,0,0,0,0,0,40,63,0,0,0,0,0,0,0,0,0,0,0,0,0,0,0,0,0,0,0,0,0,0,0,60,0,0,0,0,0,0,0,0,0,0,10,91,0,0,0,0,0,0,0,0,0,0,26,89,0,0,0,0,0,0,0,0,0,backward
0,0,0,0,0,0,0,13,0,0,0,0,0,89,80,0,0,0,0,0,0,0,0,0,0,103,143,0,0,0,0,0,0,0,0,0,0,40,63,0,0,0,0,0,0,0,0,0,0,0,0,0,0,0,0,0,0,0,0,0,0,0,61,0,0,0,0,0,0,0,0,0,0,10,91,0,0,0,0,0,0,0,0,0,0,27,89,0,0,0,0,0,0,0,0,0,backward
0,0,0,0,0,0,0,0,0,0,0,0,0,88,84,0,0,0,0,0,0,0,0,0,0,106,142,0,0,0,0,0,0,0,0,0,5,51,65,0,0,0,0,0,0,0,0,0,0,0,0,0,0,0,0,0,0,0,0,0,0,0,56,0,0,0,0,0,0,0,0,0,0,13,92,0,0,0,0,0,0,0,0,0,0,34,90,0,0,0,0,0,0,0,0,0,backward
0,0,0,0,0,0,0,0,0,0,0,0,0,78,77,0,0,0,0,0,0,0,0,0,0,108,138,0,0,0,0,0,0,0,0,0,15,77,73,0,0,0,0,0,0,0,0,0,0,0,0,0,0,0,0,0,0,0,0,0,0,0,50,0,0,0,0,0,0,0,0,0,0,11,92,0,0,0,0,0,0,0,0,0,0,35,96,0,0,0,0,0,0,0,0,0,backward
0,0,0,0,0,0,0,0,0,0,0,0,0,75,75,0,0,0,0,0,0,0,0,0,0,109,138,0,0,0,0,0,0,0,0,0,11,80,73,0,0,0,0,0,0,0,0,0,0,0,0,0,0,0,0,0,0,0,0,0,0,0,49,0,0,0,0,0,0,0,0,0,0,12,93,0,0,0,0,0,0,0,0,0,0,34,95,0,0,0,0,0,0,0,0,0,backward
0,0,0,0,0,0,0,0,0,0,0,0,0,28,36,0,0,0,0,0,0,0,0,0,0,66,97,0,0,0,0,0,16,0,0,0,0,59,59,0,0,0,0,0,0,0,0,0,0,0,0,0,0,0,0,22,6,0,0,0,0,0,35,0,0,0,0,0,5,0,0,0,0,0,82,0,0,0,0,0,0,0,0,0,0,7,87,0,0,0,0,0,0,0,0,0,backward
0,0,0,0,0,0,0,52,15,0,0,0,0,40,40,0,0,0,0,0,7,0,0,0,0,59,95,0,0,0,0,0,14,0,0,0,0,10,44,0,0,0,0,0,0,0,0,0,0,0,0,0,0,0,0,45,47,0,0,0,0,0,37,0,0,0,0,0,26,0,0,0,0,3,72,0,0,0,0,0,0,0,0,0,0,0,78,0,0,0,0,0,0,0,0,0,none
0,0,0,0,0,0,0,55,16,0,0,0,0,41,40,0,0,0,0,0,6,0,0,0,0,59,95,0,0,0,0,0,14,0,0,0,0,10,44,0,0,0,0,0,0,0,0,0,0,0,0,0,0,0,0,44,48,0,0,0,0,0,37,0,0,0,0,0,26,0,0,0,0,0,75,0,0,0,0,0,0,0,0,0,0,0,78,0,0,0,0,0,0,0,0,0,none
0,0,0,0,0,0,0,55,15,0,0,0,0,42,40,0,0,0,0,0,5,0,0,0,0,59,96,0,0,0,0,0,14,0,0,0,0,10,44,0,0,0,0,0,0,0,0,0,0,0,0,0,0,0,0,45,47,0,0,0,0,0,37,0,0,0,0,0,25,0,0,0,0,3,76,0,0,0,0,0,0,0,0,0,0,0,79,0,0,0,0,0,0,0,0,0,none
0,0,0,0,0,0,0,55,16,0,0,0,0,43,39,0,0,0,0,0,7,0,0,0,0,59,96,0,0,0,0,0,12,0,0,0,0,8,44,0,0,0,0,0,0,0,0,0,0,0,0,0,0,0,0,45,47,0,0,0,0,0,37,0,0,0,0,0,26,0,0,0,0,3,76,0,0,0,0,0,0,0,0,0,0,0,78,0,0,0,0,0,0,0,0,0,none
0,0,0,0,0,0,0,63,24,0,0,0,0,6,20,0,0,0,0,6,19,0,0,0,0,23,69,0,0,0,0,0,33,0,0,0,0,0,33,0,0,0,0,0,13,0,0,0,0,0,0,0,0,0,0,42,53,0,0,0,0,0,10,0,0,0,0,0,43,0,0,0,0,0,46,0,0,0,0,0,8,0,0,0,0,0,61,0,0,0,0,0,0,0,0,0,none
0,0,0,0,0,0,0,60,24,0,0,0,0,3,18,0,0,0,0,5,19,0,0,0,0,23,65,0,0,0,0,0,35,0,0,0,0,0,33,0,0,0,0,0,19,0,0,0,0,0,0,0,0,0,0,40,52,0,0,0,0,0,10,0,0,0,0,0,40,0,0,0,0,0,46,0,0,0,0,0,7,0,0,0,0,0,64,0,0,0,0,0,0,0,0,0,none
0,0,0,0,0,0,0,53,21,0,0,0,0,0,16,0,0,0,0,0,17,0,0,0,0,28,66,0,0,0,0,0,36,0,0,0,0,0,37,0,0,0,0,0,24,0,0,0,0,0,0,0,0,0,0,31,39,0,0,0,0,0,8,0,0,0,0,0,34,0,0,0,0,0,51,0,0,0,0,0,7,0,0,0,0,0,69,0,0,0,0,0,0,0,0,0,none
0,0,0,0,0,0,0,51,16,0,0,0,0,0,15,0,0,0,0,0,16,0,0,0,0,36,70,0,0,0,0,0,35,0,0,0,0,13,43,0,0,0,0,0,27,0,0,0,0,0,0,0,0,0,0,12,28,0,0,0,0,0,0,0,0,0,0,0,33,0,0,0,0,0,54,0,0,0,0,0,7,0,0,0,0,0,71,0,0,0,0,0,0,0,0,0,none
0,0,0,0,0,0,0,50,15,0,0,0,0,0,16,0,0,0,0,0,14,0,0,0,0,40,70,0,0,0,0,0,32,0,0,0,0,17,44,0,0,0,0,0,28,0,0,0,0,0,0,0,0,0,0,12,25,0,0,0,0,0,0,0,0,0,0,0,31,0,0,0,0,0,55,0,0,0,0,0,7,0,0,0,0,0,69,0,0,0,0,0,0,0,0,0,none
0,0,0,0,0,0,0,52,15,0,0,0,0,0,18,0,0,0,0,0,15,0,0,0,0,41,72,0,0,0,0,0,34,0,0,0,0,18,44,0,0,0,0,0,25,0,0,0,0,0,0,0,0,0,0,16,28,0,0,0,0,0,0,0,0,0,0,0,32,0,0,0,0,0,56,0,0,0,0,0,5,0,0,0,0,0,70,0,0,0,0,0,0,0,0,0,none
0,0,0,0,0,0,0,58,14,0,0,0,0,15,33,0,0,0,0,0,13,0,0,0,0,51,82,0,0,0,0,0,25,0,0,0,0,22,49,0,0,0,0,0,12,0,0,0,0,0,0,0,0,0,0,31,36,0,0,0,0,0,14,0,0,0,0,0,32,0,0,0,0,0,59,0,0,0,0,0,0,0,0,0,0,0,73,0,0,0,0,0,0,0,0,0,none
0,0,0,0,0,0,0,54,13,0,0,0,0,28,36,0,0,0,0,0,5,0,0,0,0,55,88,0,0,0,0,0,22,0,0,0,0,28,54,0,0,0,0,0,4,0,0,0,0,0,0,0,0,0,0,31,35,0,0,0,0,0,16,0,0,0,0,0,27,0,0,0,0,0,59,0,0,0,0,0,0,0,0,0,0,0,75,0,0,0,0,0,0,0,0,0,none
0,0,0,0,0,0,0,54,14,0,0,0,0,23,33,0,0,0,0,0,9,0,0,0,0,51,89,0,0,0,0,0,23,0,0,0,0,26,54,0,0,0,0,0,8,0,0,0,0,0,0,0,0,0,0,29,35,0,0,0,0,0,16,0,0,0,0,0,29,0,0,0,0,0,60,0,0,0,0,0,0,0,0,0,0,0,78,0,0,0,0,0,0,0,0,0,none
0,0,0,0,0,0,0,57,18,0,0,0,0,8,27,0,0,0,0,0,15,0,0,0,0,38,74,0,0,0,0,0,31,0,0,0,0,7,45,0,0,0,0,0,20,0,0,0,0,0,0,0,0,0,0,28,34,0,0,0,0,0,16,0,0,0,0,0,29,0,0,0,0,0,60,0,0,0,0,0,0,0,0,0,0,0,77,0,0,0,0,0,0,0,0,0,none
0,0,0,0,0,0,0,58,21,0,0,0,0,0,18,0,0,0,0,3,18,0,0,0,0,29,67,0,0,0,0,0,35,0,0,0,0,3,40,0,0,0,0,0,23,0,0,0,0,0,0,0,0,0,0,32,36,0,0,0,0,0,15,0,0,0,0,0,30,0,0,0,0,0,59,0,0,0,0,0,0,0,0,0,0,0,73,0,0,0,0,0,0,0,0,0,none
0,0,0,0,0,0,0,59,22,0,0,0,0,9,26,0,0,0,0,0,17,0,0,0,0,33,73,0,0,0,0,0,31,0,0,0,0,6,44,0,0,0,0,0,15,0,0,0,0,0,0,0,0,0,0,37,38,0,0,0,0,0,19,0,0,0,0,0,31,0,0,0,0,0,59,0,0,0,0,0,0,0,0,0,0,0,76,0,0,0,0,0,0,0,0,0,none
0,0,0,0,0,0,0,57,19,0,0,0,0,32,37,0,0,0,0,0,11,0,0,0,0,54,89,0,0,0,0,0,22,0,0,0,0,23,54,0,0,0,0,0,0,0,0,0,0,0,0,0,0,0,0,45,46,0,0,0,0,0,32,0,0,0,0,0,29,0,0,0,0,0,62,0,0,0,0,0,0,0,0,0,0,0,78,0,0,0,0,0,0,0,0,0,none
0,0,0,0,0,0,0,59,17,0,0,0,0,41,42,0,0,0,0,0,8,0,0,0,0,57,96,0,0,0,0,0,16,0,0,0,0,17,50,0,0,0,0,0,0,0,0,0,0,0,0,0,0,0,0,45,49,0,0,0,0,0,35,0,0,0,0,0,30,0,0,0,0,0,70,0,0,0,0,0,0,0,0,0,0,0,83,0,0,0,0,0,0,0,0,0,none
0,0,0,0,0,0,0,58,18,0,0,0,0,42,41,0,0,0,0,0,7,0,0,0,0,58,96,0,0,0,0,0,16,0,0,0,0,14,50,0,0,0,0,0,0,0,0,0,0,0,0,0,0,0,0,41,49,0,0,0,0,0,35,0,0,0,0,0,29,0,0,0,0,0,70,0,0,0,0,0,0,0,0,0,0,0,85,0,0,0,0,0,0,0,0,0,none
0,0,0,0,0,0,0,59,18,0,0,0,0,43,43,0,0,0,0,0,8,0,0,0,0,60,97,0,0,0,0,0,16,0,0,0,0,16,46,0,0,0,0,0,0,0,0,0,0,0,0,0,0,0,0,44,49,0,0,0,0,0,36,0,0,0,0,0,27,0,0,0,0,0,71,0,0,0,0,0,0,0,0,0,0,0,85,0,0,0,0,0,0,0,0,0,none
0,0,0,0,0,0,0,59,18,0,0,0,0,42,43,0,0,0,0,0,8,0,0,0,0,58,97,0,0,0,0,0,16,0,0,0,0,15,49,0,0,0,0,0,0,0,0,0,0,0,0,0,0,0,0,45,48,0,0,0,0,0,36,0,0,0,0,0,27,0,0,0,0,0,72,0,0,0,0,0,0,0,0,0,0,0,85,0,0,0,0,0,0,0,0,0,none
0,0,0,0,0,0,0,58,17,0,0,0,0,43,44,0,0,0,0,0,7,0,0,0,0,58,98,0,0,0,0,0,16,0,0,0,0,15,49,0,0,0,0,0,0,0,0,0,0,0,0,0,0,0,0,45,48,0,0,0,0,0,35,0,0,0,0,0,28,0,0,0,0,0,71,0,0,0,0,0,0,0,0,0,0,0,85,0,0,0,0,0,0,0,0,0,none
0,0,0,0,0,0,0,0,0,0,0,0,0,101,95,0,0,0,0,0,0,0,0,0,0,110,139,0,0,0,0,0,0,0,0,0,4,65,68,0,0,0,0,0,0,0,0,0,0,0,0,0,0,0,0,0,0,0,0,0,0,0,56,0,0,0,0,0,0,0,0,0,0,24,98,0,0,0,0,0,0,0,0,0,0,51,101,0,0,0,0,0,0,0,0,0,backward
0,0,0,0,0,0,0,0,0,0,0,0,0,96,93,0,0,0,0,0,0,0,0,0,0,112,141,0,0,0,0,0,0,0,0,0,24,82,71,0,0,0,0,0,0,0,0,0,0,0,0,0,0,0,0,0,0,0,0,0,0,0,50,0,0,0,0,0,0,0,0,0,0,24,97,0,0,0,0,0,0,0,0,0,0,58,101,0,0,0,0,0,0,0,0,0,backward
0,0,0,0,0,0,0,0,0,0,0,0,0,82,64,0,0,0,0,0,0,0,0,0,23,109,133,0,0,0,0,0,0,0,0,0,38,91,63,0,0,0,0,0,0,0,0,0,0,0,0,0,0,0,0,0,0,0,0,0,0,0,22,0,0,0,0,0,0,0,0,0,0,33,95,0,0,0,0,0,0,0,0,0,0,61,92,0,0,0,0,0,0,0,0,0,backward
0,0,0,0,0,0,0,0,0,0,0,0,0,100,90,0,0,0,0,0,0,0,0,0,17,117,142,0,0,0,0,0,0,0,0,0,29,88,62,0,0,0,0,0,0,0,0,0,0,0,0,0,0,0,0,0,0,0,0,0,0,8,87,0,0,0,0,0,0,0,0,0,0,28,95,0,0,0,0,0,0,0,0,0,0,0,12,0,0,0,0,0,0,0,0,0,backward
0,0,0,0,0,0,0,0,0,0,0,0,0,101,100,0,0,0,0,0,0,0,0,0,0,117,148,0,0,0,0,0,0,0,0,0,12,91,73,0,0,0,0,0,0,0,0,0,0,0,0,0,0,0,0,0,0,0,0,0,0,5,87,0,0,0,0,0,0,0,0,0,0,23,93,0,0,0,0,0,0,0,0,0,0,0,16,0,0,0,0,0,0,0,0,0,backward
0,0,0,0,0,0,0,0,0,0,0,0,0,116,110,0,0,0,0,0,0,0,0,0,0,131,144,0,0,0,0,0,0,0,0,0,9,76,73,0,0,0,0,0,0,0,0,0,0,0,0,0,0,0,0,0,0,0,0,0,0,0,64,0,0,0,0,0,0,0,0,0,0,35,93,9,0,0,0,0,0,0,0,0,0,40,102,0,0,0,0,0,0,0,0,0,backward
0,0,0,0,0,0,0,0,0,0,0,0,0,115,110,0,0,0,0,0,0,0,0,0,0,130,145,0,0,0,0,0,0,0,0,0,3,74,72,0,0,0,0,0,0,0,0,0,0,0,0,0,0,0,0,0,0,0,0,0,0,0,69,0,0,0,0,0,0,0,0,0,0,33,97,13,0,0,0,0,0,0,0,0,0,37,101,0,0,0,0,0,0,0,0,0,backward
0,0,0,0,0,0,0,0,0,0,0,0,0,115,110,0,0,0,0,0,0,0,0,0,0,130,145,0,0,0,0,0,0,0,0,0,3,74,72,0,0,0,0,0,0,0,0,0,0,0,0,0,0,0,0,0,0,0,0,0,0,0,69,0,0,0,0,0,0,0,0,0,0,33,97,13,0,0,0,0,0,0,0,0,0,37,101,0,0,0,0,0,0,0,0,0,backward
0,0,0,0,0,0,0,0,0,0,0,0,0,114,109,0,0,0,0,0,0,0,0,0,0,130,145,0,0,0,0,0,0,0,0,0,7,79,73,0,0,0,0,0,0,0,0,0,0,0,0,0,0,0,0,0,0,0,0,0,0,0,65,0,0,0,0,0,0,0,0,0,0,37,98,10,0,0,0,0,0,0,0,0,0,42,101,0,0,0,0,0,0,0,0,0,backward
0,0,0,0,0,0,0,0,0,0,0,0,0,112,109,0,0,0,0,0,0,0,0,0,0,129,145,0,0,0,0,0,0,0,0,0,18,90,75,0,0,0,0,0,0,0,0,0,0,0,0,0,0,0,0,0,0,0,0,0,0,0,63,0,0,0,0,0,0,0,0,0,0,36,97,4,0,0,0,0,0,0,0,0,0,41,101,0,0,0,0,0,0,0,0,0,backward
0,0,0,0,0,0,0,0,0,0,0,0,0,110,105,0,0,0,0,0,0,0,0,0,0,127,146,0,0,0,0,0,0,0,0,0,29,97,80,0,0,0,0,0,0,0,0,0,0,0,0,0,0,0,0,0,0,0,0,0,0,0,49,0,0,0,0,0,0,0,0,0,0,30,94,0,0,0,0,0,0,0,0,0,0,42,98,0,0,0,0,0,0,0,0,0,backward
0,0,0,0,0,0,0,0,0,0,0,0,0,86,90,0,0,0,0,0,0,0,0,0,0,120,140,0,0,0,0,0,0,0,0,0,15,105,94,0,0,0,0,0,0,0,0,0,0,0,0,0,0,0,0,0,0,0,0,0,0,0,41,0,0,0,0,0,0,0,0,0,0,26,92,0,0,0,0,0,0,0,0,0,0,39,100,0,0,0,0,0,0,0,0,0,backward
0,0,0,0,0,0,0,0,0,0,0,0,0,90,84,0,0,0,0,0,0,0,0,0,0,114,137,0,0,0,0,0,0,0,0,0,0,96,93,0,0,0,0,0,0,0,0,0,0,0,0,0,0,0,0,0,0,0,0,0,0,0,26,0,0,0,0,0,4,0,0,0,0,3,82,7,0,0,0,0,0,0,0,0,0,20,97,0,0,0,0,0,0,0,0,0,backward
0,0,0,0,0,0,0,9,0,0,0,0,0,102,86,0,0,0,0,0,0,0,0,0,0,117,140,0,0,0,0,0,0,0,0,0,0,94,89,0,0,0,0,0,0,0,0,0,0,0,0,0,0,0,0,0,0,0,0,0,0,0,37,0,0,0,0,0,0,0,0,0,0,13,88,11,0,0,0,0,0,0,0,0,0,25,99,0,0,0,0,0,0,0,0,0,backward
0,0,0,0,0,0,0,8,0,0,0,0,0,110,93,0,0,0,0,0,0,0,0,0,0,116,143,0,0,0,0,0,0,0,0,0,0,66,76,0,0,0,0,0,0,0,0,0,0,0,0,0,0,0,0,0,0,0,0,0,0,0,55,0,0,0,0,0,0,0,0,0,0,25,94,10,0,0,0,0,0,0,0,0,0,36,98,0,0,0,0,0,0,0,0,0,backward
0,0,0,0,0,0,0,0,0,0,0,0,0,121,106,0,0,0,0,0,0,0,0,0,0,127,146,0,0,0,0,0,0,0,0,0,0,60,66,0,0,0,0,0,0,0,0,0,0,0,0,0,0,0,0,0,0,0,0,0,0,0,65,0,0,0,0,0,0,0,0,0,0,29,96,9,0,0,0,0,0,0,0,0,0,43,103,0,0,0,0,0,0,0,0,0,backward
0,0,0,0,0,0,0,0,0,0,0,0,0,121,111,0,0,0,0,0,0,0,0,0,0,131,144,0,0,0,0,0,0,0,0,0,0,60,59,0,0,0,0,0,0,0,0,0,0,0,0,0,0,0,0,0,0,0,0,0,0,0,65,0,0,0,0,0,0,0,0,0,0,31,95,3,0,0,0,0,0,0,0,0,0,46,106,0,0,0,0,0,0,0,0,0,backward
0,0,0,0,0,0,0,0,0,0,0,0,0,123,109,0,0,0,0,0,0,0,0,0,11,135,141,0,0,0,0,0,0,0,0,0,7,59,57,0,0,0,0,0,0,0,0,0,0,0,0,0,0,0,0,0,0,0,0,0,0,0,62,0,0,0,0,0,0,0,0,0,0,31,95,0,0,0,0,0,0,0,0,0,0,46,105,0,0,0,0,0,0,0,0,0,backward
0,0,0,0,0,0,0,0,0,0,0,0,0,123,109,0,0,0,0,0,0,0,0,0,0,130,139,0,0,0,0,0,0,0,0,0,0,54,55,0,0,0,0,0,0,0,0,0,0,0,0,0,0,0,0,0,0,0,0,0,0,0,64,0,0,0,0,0,0,0,0,0,0,32,95,0,0,0,0,0,0,0,0,0,0,46,106,0,0,0,0,0,0,0,0,0,backward
0,0,0,0,0,0,0,33,0,0,0,0,0,59,57,0,0,0,0,0,0,0,0,0,0,68,103,0,0,0,0,0,12,0,0,0,0,27,64,0,0,0,0,0,0,0,0,0,0,0,0,0,0,0,0,16,16,0,0,0,0,0,47,0,0,0,0,0,5,0,0,0,0,3,84,18,0,0,0,0,0,0,0,0,0,9,97,0,0,0,0,0,0,0,0,0,backward
0,0,0,0,0,0,0,25,0,0,0,0,0,114,99,0,0,0,0,0,0,0,0,0,0,126,152,0,0,0,0,0,0,0,0,0,0,83,85,0,0,0,0,0,0,0,0,0,0,0,0,0,0,0,0,0,0,0,0,0,0,0,61,0,0,0,0,0,0,0,0,0,0,31,98,23,0,0,0,0,0,0,0,0,0,35,110,0,0,0,0,0,0,0,0,0,backward
0,0,0,0,0,0,0,44,0,0,0,0,0,78,68,0,0,0,0,3,0,0,0,0,0,90,116,0,0,0,0,0,0,0,0,0,0,56,79,0,0,0,0,0,0,0,0,0,0,0,0,0,0,0,0,22,38,0,0,0,0,0,47,0,0,0,0,0,22,0,0,0,0,5,80,13,0,0,0,0,0,0,0,0,0,0,92,0,0,0,0,0,0,0,0,0,backward
0,0,0,0,0,0,0,43,0,0,0,0,0,105,88,0,0,0,0,0,0,0,0,0,0,110,145,0,0,0,0,0,0,0,0,0,0,54,73,0,0,0,0,0,0,0,0,0,0,0,0,0,0,0,0,9,21,0,0,0,0,0,61,0,0,0,0,0,0,0,0,0,0,35,105,31,0,0,0,0,0,0,0,0,0,25,106,0,0,0,0,0,0,0,0,0,backward
0,0,0,0,0,0,0,42,0,0,0,0,0,106,86,0,0,0,0,0,0,0,0,0,0,111,145,0,0,0,0,0,0,0,0,0,0,53,73,0,0,0,0,0,0,0,0,0,0,0,0,0,0,0,0,8,21,0,0,0,0,0,65,0,0,0,0,0,0,0,0,0,0,36,105,31,0,0,0,0,0,0,0,0,0,27,108,0,0,0,0,0,0,0,0,0,backward
0,0,0,0,0,0,0,41,0,0,0,0,0,105,87,0,0,0,0,0,0,0,0,0,0,111,143,0,0,0,0,0,0,0,0,0,0,53,74,0,0,0,0,0,0,0,0,0,0,0,0,0,0,0,0,3,16,0,0,0,0,0,65,0,0,0,0,0,0,0,0,0,0,36,105,31,0,0,0,0,0,0,0,0,0,29,107,0,0,0,0,0,0,0,0,0,backward
0,0,0,0,0,0,0,39,0,0,0,0,0,107,88,0,0,0,0,0,0,0,0,0,0,112,144,0,0,0,0,0,0,0,0,0,0,58,75,0,0,0,0,0,0,0,0,0,0,0,0,0,0,0,0,0,15,0,0,0,0,0,64,0,0,0,0,0,0,0,0,0,0,36,101,30,0,0,0,0,0,0,0,0,0,27,106,0,0,0,0,0,0,0,0,0,backward
0,0,0,0,0,0,0,35,0,0,0,0,0,107,87,0,0,0,0,0,0,0,0,0,0,113,143,0,0,0,0,0,0,0,0,0,0,60,73,0,0,0,0,0,0,0,0,0,0,0,0,0,0,0,0,0,11,0,0,0,0,0,62,0,0,0,0,0,0,0,0,0,0,36,104,29,0,0,0,0,0,0,0,0,0,29,106,0,0,0,0,0,0,0,0,0,backward
0,0,0,0,0,0,0,29,0,0,0,0,0,104,82,0,0,0,0,0,0,0,0,0,0,115,140,0,0,0,0,0,0,0,0,0,0,70,82,0,0,0,0,0,0,0,0,0,0,0,0,0,0,0,0,0,0,0,0,0,0,0,55,0,0,0,0,0,0,0,0,0,0,28,102,25,0,0,0,0,0,0,0,0,0,36,109,0,0,0,0,0,0,0,0,0,backward
0,0,0,0,0,0,0,32,0,0,0,0,0,96,79,0,0,0,0,0,0,0,0,0,0,110,131,0,0,0,0,0,0,0,0,0,0,69,82,0,0,0,0,0,0,0,0,0,0,0,0,0,0,0,0,0,8,0,0,0,0,0,52,0,0,0,0,0,0,0,0,0,0,27,101,25,0,0,0,0,0,0,0,0,0,30,106,0,0,0,0,0,0,0,0,0,backward
0,0,0,0,0,0,0,36,0,0,0,0,0,97,78,0,0,0,0,0,0,0,0,0,0,109,131,0,0,0,0,0,0,0,0,0,0,64,82,0,0,0,0,0,0,0,0,0,0,0,0,0,0,0,0,0,13,0,0,0,0,0,52,0,0,0,0,0,0,0,0,0,0,30,102,28,0,0,0,0,0,0,0,0,0,28,103,0,0,0,0,0,0,0,0,0,backward
0,0,0,0,0,0,0,41,0,0,0,0,0,101,81,0,0,0,0,0,0,0,0,0,0,106,130,0,0,0,0,0,0,0,0,0,0,58,78,0,0,0,0,0,0,0,0,0,0,0,0,0,0,0,0,3,14,0,0,0,0,0,52,0,0,0,0,0,0,0,0,0,0,29,101,27,0,0,0,0,0,0,0,0,0,25,105,0,0,0,0,0,0,0,0,0,backward
0,0,0,0,0,0,0,43,5,0,0,0,0,77,67,0,0,0,0,0,0,0,0,0,0,90,116,0,0,0,0,0,0,0,0,0,0,44,76,0,0,0,0,0,0,0,0,0,0,0,0,0,0,0,0,8,20,0,0,0,0,0,50,0,0,0,0,0,0,0,0,0,0,26,101,28,0,0,0,0,0,0,0,0,0,14,104,0,0,0,0,0,0,0,0,0,backward
0,0,0,0,0,0,0,44,10,0,0,0,0,61,58,0,0,0,0,0,0,0,0,0,0,79,105,0,0,0,0,0,12,0,0,0,0,45,68,0,0,0,0,0,0,0,0,0,0,0,0,0,0,0,0,21,36,0,0,0,0,0,50,0,0,0,0,0,9,0,0,0,0,9,94,24,0,0,0,0,0,0,0,0,0,16,99,0,0,0,0,0,0,0,0,0,backward
0,0,0,0,0,0,0,55,19,0,0,0,0,56,54,0,0,0,0,0,5,0,0,0,0,77,106,0,0,0,0,0,15,0,0,0,0,39,64,0,0,0,0,0,0,0,0,0,0,0,0,0,0,0,0,39,55,0,0,0,0,0,53,0,0,0,0,0,30,0,0,0,0,9,77,12,0,0,0,0,0,0,0,0,0,0,88,0,0,0,0,0,0,0,0,0,none
0,0,0,0,0,0,0,54,19,0,0,0,0,55,54,0,0,0,0,0,4,0,0,0,0,77,108,0,0,0,0,0,15,0,0,0,0,39,64,0,0,0,0,0,0,0,0,0,0,0,0,0,0,0,0,39,55,0,0,0,0,0,53,0,0,0,0,0,30,0,0,0,0,9,75,12,0,0,0,0,0,0,0,0,0,0,89,0,0,0,0,0,0,0,0,0,none
0,0,0,0,0,0,0,52,18,0,0,0,0,49,51,0,0,0,0,0,5,0,0,0,0,69,104,0,0,0,0,0,17,0,0,0,0,36,63,0,0,0,0,0,0,0,0,0,0,0,0,0,0,0,0,33,49,0,0,0,0,0,53,0,0,0,0,0,28,0,0,0,0,10,76,12,0,0,0,0,0,0,0,0,0,0,88,0,0,0,0,0,0,0,0,0,none
0,0,0,0,0,0,0,49,15,0,0,0,0,38,45,0,0,0,0,0,6,0,0,0,0,65,100,0,0,0,0,0,19,0,0,0,0,35,62,0,0,0,0,0,0,0,0,0,0,0,0,0,0,0,0,20,40,0,0,0,0,0,47,0,0,0,0,0,25,0,0,0,0,9,73,6,0,0,0,0,0,0,0,0,0,0,88,0,0,0,0,0,0,0,0,0,none
0,0,0,0,0,0,0,46,15,0,0,0,0,24,39,0,0,0,0,0,10,0,0,0,0,54,91,0,0,0,0,0,24,0,0,0,0,27,61,0,0,0,0,0,0,0,0,0,0,0,0,0,0,0,0,11,37,0,0,0,0,0,41,0,0,0,0,0,25,0,0,0,0,7,69,0,0,0,0,0,0,0,0,0,0,8,86,0,0,0,0,0,0,0,0,0,none
0,0,0,0,0,0,0,49,18,0,0,0,0,3,25,0,0,0,0,0,14,0,0,0,0,39,76,0,0,0,0,0,31,0,0,0,0,15,54,0,0,0,0,0,10,0,0,0,0,0,0,0,0,0,0,10,33,0,0,0,0,0,37,0,0,0,0,0,26,0,0,0,0,5,68,0,0,0,0,0,0,0,0,0,0,12,86,0,0,0,0,0,0,0,0,0,none
0,0,0,0,0,0,0,52,16,0,0,0,0,0,23,0,0,0,0,3,14,0,0,0,0,42,78,0,0,0,0,0,31,0,0,0,0,17,54,0,0,0,0,0,13,0,0,0,0,0,0,0,0,0,0,12,36,0,0,0,0,0,34,0,0,0,0,0,28,0,0,0,0,5,67,0,0,0,0,0,0,0,0,0,0,10,86,0,0,0,0,0,0,0,0,0,none
0,0,0,0,0,0,0,39,10,0,0,0,0,0,27,0,0,0,0,0,7,0,0,0,0,55,85,0,0,0,0,0,26,0,0,0,0,42,58,0,0,0,0,0,13,0,0,0,0,0,0,0,0,0,0,4,29,0,0,0,0,0,24,0,0,0,0,0,26,0,0,0,0,5,66,0,0,0,0,0,0,0,0,0,0,11,84,0,0,0,0,0,0,0,0,0,none
0,0,0,0,0,0,0,15,0,0,0,0,0,9,35,0,0,0,0,0,0,0,0,0,0,68,92,0,0,0,0,0,22,0,0,0,0,62,63,0,0,0,0,0,11,0,0,0,0,0,0,0,0,0,0,0,6,0,0,0,0,0,27,0,0,0,0,0,17,0,0,0,0,8,73,3,0,0,0,0,0,0,0,0,0,18,89,0,0,0,0,0,0,0,0,0,none
0,0,0,0,0,0,0,29,3,0,0,0,0,54,41,0,0,0,0,11,5,0,0,0,0,62,92,0,0,0,0,0,6,0,0,0,0,23,43,0,0,0,0,0,10,0,0,0,0,0,0,0,0,0,0,25,51,0,0,0,0,0,43,0,0,0,0,0,28,0,0,0,0,0,75,9,0,0,0,0,0,0,0,0,0,0,85,0,0,0,0,0,0,0,0,0,none
0,0,0,0,0,0,0,29,3,0,0,0,0,53,41,0,0,0,0,13,5,0,0,0,0,61,91,0,0,0,0,0,5,0,0,0,0,23,43,0,0,0,0,0,11,0,0,0,0,0,0,0,0,0,0,22,51,0,0,0,0,0,46,0,0,0,0,0,28,0,0,0,0,0,74,8,0,0,0,0,0,0,0,0,0,0,85,0,0,0,0,0,0,0,0,0,none
0,0,0,0,0,0,0,35,5,0,0,0,0,34,31,0,0,0,0,14,8,0,0,0,0,46,86,0,0,0,0,0,14,0,0,0,0,0,34,0,0,0,0,0,14,0,0,0,0,0,0,0,0,0,0,25,50,0,0,0,0,0,46,0,0,0,0,0,26,0,0,0,0,0,74,8,0,0,0,0,0,0,0,0,0,0,84,0,0,0,0,0,0,0,0,0,none
0,0,0,0,0,0,0,0,0,0,0,0,0,0,0,0,0,0,0,11,9,0,0,0,0,38,67,0,0,0,0,0,32,0,0,0,0,17,39,0,0,0,0,0,44,0,0,0,0,0,0,0,0,0,0,0,14,0,0,0,0,0,0,0,0,0,0,0,36,6,0,0,0,0,54,0,0,0,0,0,13,0,0,0,0,0,50,0,0,0,0,0,22,0,0,0,none
0,0,0,0,0,0,0,0,0,0,0,0,0,0,0,0,0,0,0,11,11,0,0,0,0,39,65,0,0,0,0,0,32,0,0,0,0,23,42,0,0,0,0,0,45,0,0,0,0,0,0,0,0,0,0,0,0,0,0,0,0,0,0,0,0,0,0,0,31,0,0,0,0,0,61,0,0,0,0,0,6,0,0,0,0,8,59,0,0,0,0,0,22,0,0,0,none
0,0,0,0,0,0,0,0,0,0,0,0,0,0,0,0,0,0,0,10,8,0,0,0,0,45,69,0,0,0,0,0,28,0,0,0,0,35,46,0,0,0,0,0,44,0,0,0,0,0,0,0,0,0,0,0,0,0,0,0,0,0,0,0,0,0,0,0,30,0,0,0,0,0,64,0,0,0,0,0,3,0,0,0,0,11,64,0,0,0,0,0,18,0,0,0,none
0,0,0,0,0,0,0,0,0,0,0,0,0,0,15,0,0,0,0,8,0,0,0,0,0,53,74,0,0,0,0,0,19,0,0,0,0,56,57,0,0,0,0,0,33,0,0,0,0,0,0,0,0,0,0,0,0,0,0,0,0,0,0,0,0,0,0,0,29,0,0,0,0,0,65,0,0,0,0,0,0,0,0,0,0,10,69,0,0,0,0,0,13,0,0,0,none
0,0,0,0,0,0,0,0,0,0,0,0,0,0,18,0,0,0,0,8,0,0,0,0,0,52,76,0,0,0,0,0,19,0,0,0,0,48,56,0,0,0,0,0,25,0,0,0,0,0,0,0,0,0,0,0,0,0,0,0,0,0,0,0,0,0,0,0,30,0,0,0,0,0,64,0,0,0,0,0,0,0,0,0,0,14,70,0,0,0,0,0,12,0,0,0,none
0,0,0,0,0,0,0,0,0,0,0,0,0,6,18,0,0,0,0,9,4,0,0,0,0,48,75,0,0,0,0,0,22,0,0,0,0,26,48,0,0,0,0,0,24,0,0,0,0,0,0,0,0,0,0,0,13,0,0,0,0,0,19,0,0,0,0,0,33,0,0,0,0,0,64,0,0,0,0,0,0,0,0,0,0,0,70,0,0,0,0,0,0,0,0,0,none
0,0,0,0,0,0,0,0,4,0,0,0,0,21,26,0,0,0,0,11,5,0,0,0,0,51,79,0,0,0,0,0,20,0,0,0,0,22,50,0,0,0,0,0,22,0,0,0,0,0,0,0,0,0,0,12,42,0,0,0,0,0,39,0,0,0,0,0,28,0,0,0,0,0,68,0,0,0,0,0,0,0,0,0,0,0,76,0,0,0,0,0,0,0,0,0,none
0,0,0,0,0,0,0,9,6,0,0,0,0,39,34,0,0,0,0,11,6,0,0,0,0,59,88,0,0,0,0,0,14,0,0,0,0,18,45,0,0,0,0,0,14,0,0,0,0,0,0,0,0,0,0,20,50,0,0,0,0,0,40,0,0,0,0,0,27,0,0,0,0,0,70,3,0,0,0,0,0,0,0,0,0,0,77,0,0,0,0,0,0,0,0,0,none
0,0,0,0,0,0,0,12,5,0,0,0,0,52,42,0,0,0,0,11,0,0,0,0,0,64,95,0,0,0,0,0,3,0,0,0,0,22,45,0,0,0,0,0,7,0,0,0,0,0,0,0,0,0,0,26,55,0,0,0,0,0,46,0,0,0,0,0,25,0,0,0,0,0,87,17,0,0,0,0,0,0,0,0,0,0,96,0,0,0,0,0,0,0,0,0,none
0,0,0,0,0,0,0,13,5,0,0,0,0,52,42,0,0,0,0,13,0,0,0,0,0,64,96,0,0,0,0,0,3,0,0,0,0,21,45,0,0,0,0,0,8,0,0,0,0,0,0,0,0,0,0,26,54,0,0,0,0,0,46,0,0,0,0,0,25,0,0,0,0,0,87,17,0,0,0,0,0,0,0,0,0,0,95,0,0,0,0,0,0,0,0,0,none
0,0,0,0,0,0,0,13,4,0,0,0,0,52,42,0,0,0,0,13,0,0,0,0,0,62,96,0,0,0,0,0,4,0,0,0,0,21,45,0,0,0,0,0,8,0,0,0,0,0,0,0,0,0,0,26,55,0,0,0,0,0,45,0,0,0,0,0,25,0,0,0,0,0,86,15,0,0,0,0,0,0,0,0,0,0,95,0,0,0,0,0,0,0,0,0,none
0,0,0,0,0,0,0,13,4,0,0,0,0,53,41,0,0,0,0,13,0,0,0,0,0,63,95,0,0,0,0,0,4,0,0,0,0,20,44,0,0,0,0,0,8,0,0,0,0,0,0,0,0,0,0,26,55,0,0,0,0,0,45,0,0,0,0,0,25,0,0,0,0,0,86,14,0,0,0,0,0,0,0,0,0,0,95,0,0,0,0,0,0,0,0,0,none
0,0,0,0,0,0,0,16,5,0,0,0,0,46,40,0,0,0,0,12,3,0,0,0,0,57,93,0,0,0,0,0,7,0,0,0,0,10,42,0,0,0,0,0,6,0,0,0,0,0,0,0,0,0,0,27,56,0,0,0,0,0,45,0,0,0,0,0,26,0,0,0,0,0,82,16,0,0,0,0,0,0,0,0,0,0,95,0,0,0,0,0,0,0,0,0,none
0,0,0,0,0,0,0,17,6,0,0,0,0,52,42,0,0,0,0,13,3,0,0,0,0,60,95,0,0,0,0,0,6,0,0,0,0,13,43,0,0,0,0,0,8,0,0,0,0,0,0,0,0,0,0,27,55,0,0,0,0,0,45,0,0,0,0,0,26,0,0,0,0,0,86,16,0,0,0,0,0,0,0,0,0,0,94,0,0,0,0,0,0,0,0,0,none
0,0,0,0,0,0,0,17,6,0,0,0,0,52,42,0,0,0,0,13,0,0,0,0,0,60,94,0,0,0,0,0,5,0,0,0,0,15,40,0,0,0,0,0,8,0,0,0,0,0,0,0,0,0,0,27,56,0,0,0,0,0,46,0,0,0,0,0,26,0,0,0,0,0,86,17,0,0,0,0,0,0,0,0,0,0,95,0,0,0,0,0,0,0,0,0,none
0,0,0,0,0,0,0,17,0,0,0,0,0,52,43,0,0,0,0,12,3,0,0,0,0,61,96,0,0,0,0,0,4,0,0,0,0,15,43,0,0,0,0,0,8,0,0,0,0,0,0,0,0,0,0,26,56,0,0,0,0,0,45,0,0,0,0,0,25,0,0,0,0,0,86,14,0,0,0,0,0,0,0,0,0,0,95,0,0,0,0,0,0,0,0,0,none
0,0,0,0,0,0,0,17,4,0,0,0,0,52,43,0,0,0,0,12,0,0,0,0,0,62,96,0,0,0,0,0,5,0,0,0,0,17,44,0,0,0,0,0,9,0,0,0,0,0,0,0,0,0,0,27,55,0,0,0,0,0,43,0,0,0,0,0,26,0,0,0,0,0,87,17,0,0,0,0,0,0,0,0,0,0,96,0,0,0,0,0,0,0,0,0,none
0,0,0,0,0,0,0,17,5,0,0,0,0,52,43,0,0,0,0,13,0,0,0,0,0,61,96,0,0,0,0,0,6,0,0,0,0,17,44,0,0,0,0,0,8,0,0,0,0,0,0,0,0,0,0,23,55,0,0,0,0,0,45,0,0,0,0,0,26,0,0,0,0,0,87,17,0,0,0,0,0,0,0,0,0,0,96,0,0,0,0,0,0,0,0,0,none
0,0,0,0,0,0,0,17,5,0,0,0,0,52,43,0,0,0,0,12,0,0,0,0,0,61,96,0,0,0,0,0,3,0,0,0,0,14,43,0,0,0,0,0,8,0,0,0,0,0,0,0,0,0,0,26,54,0,0,0,0,0,46,0,0,0,0,0,23,0,0,0,0,0,87,17,0,0,0,0,0,0,0,0,0,0,95,0,0,0,0,0,0,0,0,0,none
0,0,0,0,0,0,0,7,4,0,0,0,0,51,43,0,0,0,0,11,0,0,0,0,0,64,97,0,0,0,0,0,5,0,0,0,0,21,45,0,0,0,0,0,9,0,0,0,0,0,0,0,0,0,0,22,54,0,0,0,0,0,45,0,0,0,0,0,25,0,0,0,0,0,87,18,0,0,0,0,0,0,0,0,0,0,97,0,0,0,0,0,0,0,0,0,none
0,0,0,0,0,0,0,0,0,0,0,0,0,49,43,0,0,0,0,8,0,0,0,0,0,69,96,0,0,0,0,0,10,0,0,0,0,39,53,0,0,0,0,0,15,0,0,0,0,0,0,0,0,0,0,7,29,0,0,0,0,0,45,0,0,0,0,0,21,0,0,0,0,5,82,12,0,0,0,0,0,0,0,0,0,14,99,0,0,0,0,0,0,0,0,0,none
0,0,0,0,0,0,0,0,0,0,0,0,0,49,42,0,0,0,0,8,0,0,0,0,0,67,94,0,0,0,0,0,9,0,0,0,0,40,50,0,0,0,0,0,14,0,0,0,0,0,0,0,0,0,0,14,38,0,0,0,0,0,45,0,0,0,0,0,23,0,0,0,0,5,81,12,0,0,0,0,0,0,0,0,0,12,96,0,0,0,0,0,0,0,0,0,none
0,0,0,0,0,0,0,0,0,0,0,0,0,43,38,0,0,0,0,8,0,0,0,0,0,67,94,0,0,0,0,0,13,0,0,0,0,39,57,0,0,0,0,0,15,0,0,0,0,0,0,0,0,0,0,6,31,0,0,0,0,0,41,0,0,0,0,0,25,0,0,0,0,0,77,8,0,0,0,0,0,0,0,0,0,14,96,0,0,0,0,0,0,0,0,0,none
0,0,0,0,0,0,0,0,0,0,0,0,0,42,38,0,0,0,0,7,0,0,0,0,0,67,94,0,0,0,0,0,14,0,0,0,0,40,57,0,0,0,0,0,16,0,0,0,0,0,0,0,0,0,0,9,30,0,0,0,0,0,41,0,0,0,0,0,25,0,0,0,0,0,77,7,0,0,0,0,0,0,0,0,0,14,95,0,0,0,0,0,0,0,0,0,none
0,0,0,0,0,0,0,0,0,0,0,0,0,42,36,0,0,0,0,7,0,0,0,0,0,67,94,0,0,0,0,0,12,0,0,0,0,39,56,0,0,0,0,0,16,0,0,0,0,0,0,0,0,0,0,6,25,0,0,0,0,0,40,0,0,0,0,0,23,0,0,0,0,0,78,7,0,0,0,0,0,0,0,0,0,14,95,0,0,0,0,0,0,0,0,0,none
0,0,0,0,0,0,0,0,0,0,0,0,0,39,35,0,0,0,0,7,0,0,0,0,0,66,94,0,0,0,0,0,15,0,0,0,0,39,56,0,0,0,0,0,16,0,0,0,0,0,0,0,0,0,0,5,22,0,0,0,0,0,39,0,0,0,0,0,22,0,0,0,0,0,77,7,0,0,0,0,0,0,0,0,0,15,95,0,0,0,0,0,0,0,0,0,none
0,0,0,0,0,0,0,0,0,0,0,0,0,39,37,0,0,0,0,4,0,0,0,0,0,67,94,0,0,0,0,0,14,0,0,0,0,40,57,0,0,0,0,0,16,0,0,0,0,0,0,0,0,0,0,5,22,0,0,0,0,0,39,0,0,0,0,0,22,0,0,0,0,0,77,7,0,0,0,0,0,0,0,0,0,15,95,0,0,0,0,0,0,0,0,0,none
0,0,0,0,0,0,0,0,0,0,0,0,0,40,37,0,0,0,0,6,0,0,0,0,0,66,93,0,0,0,0,0,15,0,0,0,0,41,58,0,0,0,0,0,16,0,0,0,0,0,0,0,0,0,0,0,18,0,0,0,0,0,41,0,0,0,0,0,17,0,0,0,0,0,79,7,0,0,0,0,0,0,0,0,0,14,96,0,0,0,0,0,0,0,0,0,none
0,0,0,0,0,0,0,3,0,0,0,0,0,48,43,0,0,0,0,11,0,0,0,0,0,70,95,0,0,0,0,0,0,0,0,0,0,39,55,0,0,0,0,0,10,0,0,0,0,0,0,0,0,0,0,0,0,0,0,0,0,0,51,0,0,0,0,0,22,0,0,0,0,0,92,0,0,0,0,0,0,0,0,0,0,0,21,0,0,0,0,0,0,0,0,0,none
0,0,0,0,0,0,0,0,0,0,0,0,0,45,42,0,0,0,0,10,0,0,0,0,0,69,95,0,0,0,0,0,0,0,0,0,0,40,55,0,0,0,0,0,10,0,0,0,0,0,0,0,0,0,0,0,0,0,0,0,0,0,51,0,0,0,0,0,19,0,0,0,0,0,91,0,0,0,0,0,0,0,0,0,0,0,19,0,0,0,0,0,0,0,0,0,none
0,0,0,0,0,0,0,0,0,0,0,0,0,47,42,0,0,0,0,10,0,0,0,0,0,70,92,0,0,0,0,0,3,0,0,0,0,40,56,0,0,0,0,0,8,0,0,0,0,0,0,0,0,0,0,0,0,0,0,0,0,0,52,0,0,0,0,0,17,0,0,0,0,0,91,0,0,0,0,0,0,0,0,0,0,0,27,0,0,0,0,0,0,0,0,0,none
0,0,0,0,0,0,0,0,0,0,0,0,0,45,41,0,0,0,0,10,0,0,0,0,0,70,93,0,0,0,0,0,4,0,0,0,0,40,56,0,0,0,0,0,12,0,0,0,0,0,0,0,0,0,0,0,0,0,0,0,0,0,52,0,0,0,0,0,16,0,0,0,0,0,91,0,0,0,0,0,0,0,0,0,0,0,28,0,0,0,0,0,0,0,0,0,none
0,0,0,0,0,0,0,0,0,0,0,0,0,42,39,0,0,0,0,8,0,0,0,0,0,68,94,0,0,0,0,0,4,0,0,0,0,45,56,0,0,0,0,0,12,0,0,0,0,0,0,0,0,0,0,0,0,0,0,0,0,0,49,0,0,0,0,0,18,0,0,0,0,0,80,0,0,0,0,0,0,0,0,0,0,0,24,0,0,0,0,0,0,0,0,0,none
0,0,0,0,0,0,0,0,0,0,0,0,0,35,31,0,0,0,0,9,0,0,0,0,0,62,88,0,0,0,0,0,11,0,0,0,0,33,51,0,0,0,0,0,15,0,0,0,0,0,0,0,0,0,0,0,0,0,0,0,0,0,42,0,0,0,0,0,25,0,0,0,0,0,59,0,0,0,0,0,4,0,0,0,0,0,19,0,0,0,0,0,23,0,0,0,none
0,0,0,0,0,0,0,0,0,0,0,0,0,39,33,0,0,0,0,9,0,0,0,0,0,68,94,0,0,0,0,0,8,0,0,0,0,37,54,0,0,0,0,0,14,0,0,0,0,0,0,0,0,0,0,0,0,0,0,0,0,0,46,0,0,0,0,0,21,0,0,0,0,0,67,0,0,0,0,0,0,0,0,0,0,0,27,0,0,0,0,0,15,0,0,0,none
0,0,0,0,0,0,0,0,0,0,0,0,0,42,36,0,0,0,0,9,0,0,0,0,0,72,95,0,0,0,0,0,9,0,0,0,0,43,53,0,0,0,0,0,13,0,0,0,0,0,0,0,0,0,0,0,0,0,0,0,0,0,53,0,0,0,0,0,15,0,0,0,0,0,76,0,0,0,0,0,0,0,0,0,0,0,34,0,0,0,0,0,0,0,0,0,none
0,0,0,0,0,0,0,0,0,0,0,0,0,41,35,0,0,0,0,9,0,0,0,0,0,72,96,0,0,0,0,0,9,0,0,0,0,43,56,0,0,0,0,0,15,0,0,0,0,0,0,0,0,0,0,0,0,0,0,0,0,0,51,0,0,0,0,0,15,0,0,0,0,0,77,0,0,0,0,0,0,0,0,0,0,0,34,0,0,0,0,0,0,0,0,0,none
0,0,0,0,0,0,0,0,0,0,0,0,0,42,37,0,0,0,0,10,0,0,0,0,0,71,97,0,0,0,0,0,9,0,0,0,0,42,56,0,0,0,0,0,15,0,0,0,0,0,0,0,0,0,0,0,0,0,0,0,0,0,48,0,0,0,0,0,19,0,0,0,0,0,76,0,0,0,0,0,0,0,0,0,0,0,31,0,0,0,0,0,0,0,0,0,none
0,0,0,0,0,0,0,0,0,0,0,0,0,0,0,0,0,0,0,0,0,0,0,0,0,0,59,0,0,0,0,0,0,0,0,0,0,44,91,0,0,0,0,0,68,65,0,0,0,0,0,0,0,0,0,19,0,0,0,0,0,27,57,0,0,0,0,0,0,0,0,0,0,0,86,0,0,0,0,0,0,0,0,0,0,0,0,0,0,0,0,0,0,0,0,0,strafe_right
0,0,0,0,0,0,0,0,0,0,0,0,0,0,0,0,0,0,0,0,0,0,0,0,0,0,50,0,0,0,0,0,0,0,0,0,0,54,88,0,0,0,0,0,63,47,0,0,0,0,7,0,0,0,0,20,0,0,0,0,0,51,64,0,0,0,0,0,0,0,0,0,0,14,93,0,0,0,0,0,0,0,0,0,0,0,0,0,0,0,0,0,0,0,0,0,strafe_right
0,0,0,0,0,0,0,0,0,0,0,0,0,0,0,0,0,0,0,0,0,0,0,0,0,0,49,0,0,0,0,0,0,0,0,0,0,54,86,0,0,0,0,0,62,47,0,0,0,0,9,0,0,0,0,20,0,0,0,0,0,52,64,0,0,0,0,0,0,0,0,0,0,15,94,0,0,0,0,0,0,0,0,0,0,0,0,0,0,0,0,0,0,0,0,0,strafe_right
0,0,0,0,0,0,0,0,0,0,0,0,0,0,0,0,0,0,0,0,0,0,0,0,0,0,49,0,0,0,0,0,0,0,0,0,0,54,87,0,0,0,0,0,61,47,0,0,0,0,9,0,0,0,0,21,0,0,0,0,0,51,63,0,0,0,0,0,0,0,0,0,0,14,93,0,0,0,0,0,0,0,0,0,0,0,0,0,0,0,0,0,0,0,0,0,strafe_right
0,0,0,0,0,0,0,0,0,0,0,0,0,0,0,0,0,0,0,0,0,0,0,0,0,0,48,0,0,0,0,0,0,0,0,0,0,54,86,0,0,0,0,0,64,47,0,0,0,0,9,0,0,0,0,22,0,0,0,0,0,48,62,0,0,0,0,0,0,0,0,0,0,14,93,0,0,0,0,0,0,0,0,0,0,0,0,0,0,0,0,0,0,0,0,0,strafe_right
0,0,0,0,0,0,0,0,0,0,0,0,0,0,0,0,0,0,0,0,0,0,0,0,0,0,47,0,0,0,0,0,0,0,0,0,0,54,86,0,0,0,0,0,62,47,0,0,0,0,9,0,0,0,0,22,0,0,0,0,0,47,61,0,0,0,0,0,0,0,0,0,0,14,93,0,0,0,0,0,0,0,0,0,0,0,0,0,0,0,0,0,0,0,0,0,strafe_right
0,0,0,0,0,0,0,0,0,0,0,0,0,0,0,0,0,0,0,0,0,0,0,0,0,0,44,0,0,0,0,0,0,0,0,0,0,42,80,0,0,0,0,0,64,51,0,0,0,0,0,0,0,0,0,33,0,0,0,0,0,16,41,0,0,0,0,0,0,0,0,0,0,0,90,0,0,0,0,0,0,0,0,0,0,0,0,0,0,0,0,0,0,0,0,0,strafe_right
0,0,0,0,0,0,0,0,0,0,0,0,0,0,0,0,0,0,0,0,0,0,0,0,0,0,65,0,0,0,0,0,0,0,0,0,0,64,97,0,0,0,0,0,26,9,0,0,0,0,11,0,0,0,0,14,0,0,0,0,0,56,76,0,0,0,0,0,0,0,0,0,0,29,97,0,0,0,0,0,0,0,0,0,0,0,5,0,0,0,0,0,0,0,0,0,strafe_right
0,0,0,0,0,0,0,0,0,0,0,0,0,0,0,0,0,0,0,0,0,0,0,0,0,0,70,0,0,0,0,0,0,0,0,0,0,84,110,0,0,0,0,0,25,0,0,0,0,0,12,0,0,0,0,11,0,0,0,0,0,57,78,0,0,0,0,0,0,0,0,0,0,28,98,0,0,0,0,0,0,0,0,0,0,0,6,0,0,0,0,0,0,0,0,0,strafe_right
0,0,0,0,0,0,0,0,0,0,0,0,0,0,0,0,0,0,0,0,0,0,0,0,0,0,74,0,0,0,0,0,0,0,0,0,0,88,115,0,0,0,0,0,24,0,0,0,0,0,12,0,0,0,0,12,0,0,0,0,0,59,81,0,0,0,0,0,0,0,0,0,0,33,99,0,0,0,0,0,0,0,0,0,0,0,6,0,0,0,0,0,0,0,0,0,strafe_right
0,0,0,0,0,0,0,0,0,0,0,0,0,0,0,0,0,0,0,0,0,0,0,0,0,0,73,0,0,0,0,0,0,0,0,0,0,87,116,0,0,0,0,0,18,0,0,0,0,0,12,0,0,0,0,12,0,0,0,0,0,58,81,0,0,0,0,0,0,0,0,0,0,35,94,0,0,0,0,0,0,0,0,0,0,0,6,0,0,0,0,0,0,0,0,0,strafe_right
0,0,0,0,0,0,0,0,0,0,0,0,0,0,0,0,0,0,0,0,0,0,0,0,0,0,77,0,0,0,0,0,0,0,0,0,0,114,131,0,0,0,0,0,0,0,0,0,0,0,10,0,0,0,0,10,0,0,0,0,0,58,83,0,0,0,0,0,0,0,0,0,0,37,99,0,0,0,0,0,0,0,0,0,0,0,6,0,0,0,0,0,0,0,0,0,strafe_right
0,0,0,0,0,0,0,0,0,0,0,0,0,0,0,0,0,0,0,0,0,0,0,0,0,0,83,0,0,0,0,0,0,0,0,0,0,119,141,0,0,0,0,0,0,0,0,0,0,0,3,0,0,0,0,0,0,0,0,0,0,59,86,0,0,0,0,0,0,0,0,0,0,43,99,0,0,0,0,0,0,0,0,0,0,0,6,0,0,0,0,0,0,0,0,0,strafe_right
0,0,0,0,0,0,0,0,0,0,0,0,0,0,0,0,0,0,0,0,0,0,0,0,0,0,82,0,0,0,0,0,0,0,0,0,0,142,154,0,0,0,0,0,0,0,0,0,0,0,5,0,0,0,0,0,0,0,0,0,0,58,89,0,0,0,0,0,0,0,0,0,0,42,99,0,0,0,0,0,0,0,0,0,0,0,7,0,0,0,0,0,0,0,0,0,strafe_right
0,0,0,0,0,0,0,0,0,0,0,0,0,0,0,0,0,0,0,0,0,0,0,0,0,0,84,0,0,0,0,0,0,0,0,0,0,140,153,0,0,0,0,0,0,0,0,0,0,0,5,0,0,0,0,0,0,0,0,0,0,58,88,0,0,0,0,0,0,0,0,0,0,43,100,0,0,0,0,0,0,0,0,0,0,0,7,0,0,0,0,0,0,0,0,0,strafe_right
0,0,0,0,0,0,0,0,0,0,0,0,0,0,0,0,0,0,0,0,0,0,0,0,0,0,35,0,0,0,0,0,0,0,0,0,0,46,95,0,0,0,0,0,10,7,0,0,0,0,9,0,0,0,0,22,0,0,0,0,0,33,63,0,0,0,0,0,0,0,0,0,0,0,85,0,0,0,0,0,0,0,0,0,0,0,0,0,0,0,0,0,0,0,0,0,strafe_right
0,0,0,0,0,0,0,0,0,0,0,0,0,0,0,0,0,0,0,0,0,0,0,0,0,0,28,0,0,0,0,0,0,0,0,0,0,45,93,0,0,0,0,0,6,6,0,0,0,0,8,0,0,0,0,23,0,0,0,0,0,28,60,0,0,0,0,0,0,0,0,0,0,5,89,0,0,0,0,0,0,0,0,0,0,0,0,0,0,0,0,0,0,0,0,0,strafe_right
0,0,0,0,0,0,0,0,0,0,0,0,0,0,0,0,0,0,0,0,0,0,0,0,0,0,30,0,0,0,0,0,0,0,0,0,0,54,100,0,0,0,0,0,5,3,0,0,0,0,8,0,0,0,0,20,0,0,0,0,0,29,61,0,0,0,0,0,0,0,0,0,0,10,90,0,0,0,0,0,0,0,0,0,0,0,0,0,0,0,0,0,0,0,0,0,strafe_right
0,0,0,0,0,0,0,0,0,0,0,0,0,0,0,0,0,0,0,0,0,0,0,0,0,0,33,0,0,0,0,0,0,0,0,0,0,68,113,0,0,0,0,0,0,0,0,0,0,0,9,0,0,0,0,17,0,0,0,0,0,40,75,0,0,0,0,0,0,0,0,0,0,28,93,0,0,0,0,0,0,0,0,0,0,0,0,0,0,0,0,0,0,0,0,0,strafe_right
0,0,0,0,0,0,0,0,0,0,0,0,0,0,0,0,0,0,0,0,0,0,0,0,0,0,32,0,0,0,0,0,0,0,0,0,0,71,114,0,0,0,0,0,0,0,0,0,0,0,7,0,0,0,0,12,0,0,0,0,0,41,79,0,0,0,0,0,0,0,0,0,0,22,97,0,0,0,0,0,0,0,0,0,0,0,0,0,0,0,0,0,0,0,0,0,strafe_right
0,0,0,0,0,0,0,0,0,0,0,0,0,0,0,0,0,0,0,0,0,0,0,0,0,0,26,0,0,0,0,0,0,0,0,0,0,81,119,0,0,0,0,0,0,0,0,0,0,0,8,0,0,0,0,8,0,0,0,0,0,41,79,0,0,0,0,0,0,0,0,0,0,23,96,0,0,0,0,0,0,0,0,0,0,0,0,0,0,0,0,0,0,0,0,0,strafe_right
0,0,0,0,0,0,0,0,0,0,0,0,0,0,0,0,0,0,0,0,0,0,0,0,0,0,33,0,0,0,0,0,0,0,0,0,0,88,133,0,0,0,0,0,0,0,0,0,0,0,8,0,0,0,0,3,0,0,0,0,0,42,83,0,0,0,0,0,0,0,0,0,0,27,97,0,0,0,0,0,0,0,0,0,0,0,0,0,0,0,0,0,0,0,0,0,strafe_right
0,0,0,0,0,0,0,0,0,0,0,0,0,0,0,0,0,0,0,0,0,0,0,0,0,0,30,0,0,0,0,0,0,0,0,0,0,123,148,0,0,0,0,0,0,0,0,0,0,0,10,0,0,0,0,0,0,0,0,0,0,55,90,0,0,0,0,0,0,0,0,0,0,44,95,0,0,0,0,0,0,0,0,0,0,0,0,0,0,0,0,0,0,0,0,0,strafe_right
0,0,0,0,0,0,0,0,0,0,0,0,0,0,0,0,0,0,0,0,0,0,0,0,0,0,29,0,0,0,0,0,0,0,0,0,0,123,148,0,0,0,0,0,0,0,0,0,0,0,10,0,0,0,0,0,0,0,0,0,0,52,89,0,0,0,0,0,0,0,0,0,0,44,100,0,0,0,0,0,0,0,0,0,0,0,0,0,0,0,0,0,0,0,0,0,strafe_right
0,0,0,0,0,0,0,0,0,0,0,0,0,0,0,0,0,0,0,0,0,0,0,0,0,0,30,0,0,0,0,0,0,0,0,0,0,118,148,0,0,0,0,0,0,0,0,0,0,0,9,0,0,0,0,0,0,0,0,0,0,50,88,0,0,0,0,0,0,0,0,0,0,45,101,0,0,0,0,0,0,0,0,0,0,0,0,0,0,0,0,0,0,0,0,0,strafe_right
0,0,0,0,0,0,0,0,0,0,0,0,0,0,0,0,0,0,0,0,0,0,0,0,0,0,28,0,0,0,0,0,0,0,0,0,0,116,143,0,0,0,0,0,0,0,0,0,0,0,10,0,0,0,0,0,0,0,0,0,0,50,87,0,0,0,0,0,0,0,0,0,0,43,101,0,0,0,0,0,0,0,0,0,0,0,0,0,0,0,0,0,0,0,0,0,strafe_right
0,0,0,0,0,0,0,0,0,0,0,0,0,0,0,0,0,0,0,0,0,0,0,0,0,0,29,0,0,0,0,0,0,0,0,0,0,115,141,0,0,0,0,0,0,0,0,0,0,0,9,0,0,0,0,0,0,0,0,0,0,50,87,0,0,0,0,0,0,0,0,0,0,43,102,0,0,0,0,0,0,0,0,0,0,0,0,0,0,0,0,0,0,0,0,0,strafe_right
0,0,0,0,0,0,0,0,0,0,0,0,0,0,0,0,0,0,0,0,0,0,0,0,0,0,113,0,0,0,0,0,0,0,0,0,0,192,188,43,0,0,0,0,0,0,0,0,0,0,0,0,0,0,0,0,0,0,0,0,0,34,83,0,0,0,0,0,0,0,0,0,0,55,105,0,0,0,0,0,0,0,0,0,0,0,19,0,0,0,0,0,0,0,0,0,backward
0,0,0,0,0,0,0,0,0,0,0,0,0,0,0,0,0,0,0,0,0,0,0,0,0,0,102,0,0,0,0,0,0,0,0,0,0,220,192,33,0,0,0,0,0,0,0,0,0,0,0,0,0,0,0,0,0,0,0,0,0,34,82,0,0,0,0,0,0,0,0,0,0,56,103,0,0,0,0,0,0,0,0,0,0,0,17,0,0,0,0,0,0,0,0,0,backward
0,0,0,0,0,0,0,0,0,0,0,0,0,0,0,0,0,0,0,0,0,0,0,0,0,0,101,0,0,0,0,0,0,0,0,0,0,239,191,13,0,0,0,0,0,0,0,0,0,0,0,0,0,0,0,0,0,0,0,0,0,36,78,0,0,0,0,0,0,0,0,0,0,59,99,0,0,0,0,0,0,0,0,0,0,0,14,0,0,0,0,0,0,0,0,0,backward
0,0,0,0,0,0,0,0,0,0,0,0,0,0,0,0,0,0,0,0,0,0,0,0,0,11,205,24,0,0,0,0,0,0,0,0,0,296,212,38,0,0,0,0,0,0,0,0,0,0,0,0,0,0,0,0,0,0,0,0,0,21,58,0,0,0,0,0,0,0,0,0,0,56,91,0,0,0,0,0,0,0,0,0,0,0,12,0,0,0,0,0,0,0,0,0,backward
0,0,0,0,0,0,0,0,0,0,0,0,0,0,8,0,0,0,0,0,0,0,0,0,0,41,242,85,0,0,0,0,0,0,0,0,0,252,208,42,0,0,0,0,0,0,0,0,0,0,0,0,0,0,0,0,0,0,0,0,0,20,59,0,0,0,0,0,0,0,0,0,0,55,91,0,0,0,0,0,0,0,0,0,0,0,11,0,0,0,0,0,0,0,0,0,backward
0,0,0,0,0,0,0,0,0,0,0,0,0,0,4,0,0,0,0,0,0,0,0,0,0,36,236,77,0,0,0,0,0,0,0,0,0,266,214,48,0,0,0,0,0,0,0,0,0,0,0,0,0,0,0,0,0,0,0,0,0,17,56,0,0,0,0,0,0,0,0,0,0,51,90,0,0,0,0,0,0,0,0,0,0,0,6,0,0,0,0,0,0,0,0,0,backward
0,0,0,0,0,0,0,0,0,0,0,0,0,0,0,0,0,0,0,0,0,0,0,0,0,27,191,4,0,0,0,0,0,0,0,0,0,312,205,14,0,0,0,0,0,0,0,0,0,0,0,0,0,0,0,0,0,0,0,0,0,17,52,0,0,0,0,0,0,0,0,0,0,53,86,0,0,0,0,0,0,0,0,0,0,0,3,0,0,0,0,0,0,0,0,0,backward
0,0,0,0,0,0,0,0,0,0,0,0,0,0,0,0,0,0,0,0,0,0,0,0,0,26,174,0,0,0,0,0,0,0,0,0,0,335,203,3,0,0,0,0,0,0,0,0,0,0,0,0,0,0,0,0,0,0,0,0,0,21,54,0,0,0,0,0,0,0,0,0,0,52,88,0,0,0,0,0,0,0,0,0,0,0,3,0,0,0,0,0,0,0,0,0,backward
0,0,0,0,0,0,0,0,0,0,0,0,0,0,0,0,0,0,0,0,0,0,0,0,0,0,161,0,0,0,0,0,0,0,0,0,0,288,199,40,0,0,0,0,0,0,0,0,0,0,0,0,0,0,0,0,0,0,0,0,0,28,79,0,0,0,0,0,0,0,0,0,0,53,97,0,0,0,0,0,0,0,0,0,0,0,7,0,0,0,0,0,0,0,0,0,backward
0,0,0,0,0,0,0,0,0,0,0,0,0,0,0,0,0,0,0,0,0,0,0,0,0,0,24,0,0,0,0,0,0,0,0,0,0,0,87,15,0,0,0,0,10,29,0,0,0,12,11,0,0,0,0,23,5,0,0,0,0,47,57,0,0,0,0,7,9,0,0,0,0,8,104,0,0,0,0,0,0,0,0,0,0,0,0,0,0,0,0,0,0,0,0,0,strafe_right
0,0,0,0,0,0,0,0,0,0,0,0,0,0,0,0,0,0,0,0,0,0,0,0,0,0,25,0,0,0,0,0,0,0,0,0,0,0,89,16,0,0,0,0,13,30,0,0,0,12,11,0,0,0,0,23,6,0,0,0,0,48,57,0,0,0,0,7,8,0,0,0,0,7,102,0,0,0,0,0,0,0,0,0,0,0,0,0,0,0,0,0,0,0,0,0,strafe_right
0,0,0,0,0,0,0,0,0,0,0,0,0,0,0,0,0,0,0,0,0,0,0,0,0,0,25,0,0,0,0,0,0,0,0,0,0,0,88,16,0,0,0,0,14,32,0,0,0,13,9,0,0,0,0,23,5,0,0,0,0,49,58,0,0,0,0,7,8,0,0,0,0,8,102,0,0,0,0,0,0,0,0,0,0,0,0,0,0,0,0,0,0,0,0,0,strafe_right
0,0,0,0,0,0,0,0,0,0,0,0,0,0,0,0,0,0,0,0,0,0,0,0,0,0,25,0,0,0,0,0,0,0,0,0,0,0,89,16,0,0,0,0,15,33,0,0,0,5,7,0,0,0,0,22,5,0,0,0,0,43,54,0,0,0,0,7,8,0,0,0,0,6,102,0,0,0,0,0,0,0,0,0,0,0,0,0,0,0,0,0,0,0,0,0,strafe_right
0,0,0,0,0,0,0,0,0,0,0,0,0,0,0,0,0,0,0,0,0,0,0,0,0,0,20,0,0,0,0,0,0,0,0,0,0,0,89,17,0,0,0,0,15,34,0,0,0,7,8,0,0,0,0,22,4,0,0,0,0,44,56,0,0,0,0,7,8,0,0,0,0,7,102,0,0,0,0,0,0,0,0,0,0,0,0,0,0,0,0,0,0,0,0,0,strafe_right
0,0,0,0,0,0,0,0,0,0,0,0,0,0,0,0,0,0,0,0,0,0,0,0,0,0,26,0,0,0,0,0,0,0,0,0,0,0,89,17,0,0,0,0,17,33,0,0,0,7,8,0,0,0,0,23,5,0,0,0,0,43,56,0,0,0,0,7,8,0,0,0,0,5,102,0,0,0,0,0,0,0,0,0,0,0,0,0,0,0,0,0,0,0,0,0,strafe_right
0,0,0,0,0,0,0,0,0,0,0,0,0,0,0,0,0,0,0,0,0,0,0,0,0,0,28,0,0,0,0,0,0,0,0,0,0,0,91,17,0,0,0,0,16,30,0,0,0,7,8,0,0,0,0,23,6,0,0,0,0,43,56,0,0,0,0,7,10,0,0,0,0,0,101,0,0,0,0,0,0,0,0,0,0,0,0,0,0,0,0,0,0,0,0,0,strafe_right
0,0,0,0,0,0,0,0,0,0,0,0,0,0,0,0,0,0,0,0,0,0,0,0,0,0,29,0,0,0,0,0,0,0,0,0,0,0,91,17,0,0,0,0,16,32,0,0,0,7,8,0,0,0,0,23,6,0,0,0,0,43,56,0,0,0,0,8,10,0,0,0,0,0,101,0,0,0,0,0,0,0,0,0,0,0,0,0,0,0,0,0,0,0,0,0,strafe_right
0,0,0,0,0,0,0,0,0,0,0,0,0,0,0,0,0,0,0,0,0,0,0,0,0,0,29,0,0,0,0,0,0,0,0,0,0,0,91,17,0,0,0,0,16,33,0,0,0,7,8,0,0,0,0,22,6,0,0,0,0,44,56,0,0,0,0,8,8,0,0,0,0,0,101,0,0,0,0,0,0,0,0,0,0,0,0,0,0,0,0,0,0,0,0,0,strafe_right
0,0,0,0,0,0,0,0,0,0,0,0,0,0,0,0,0,0,0,0,0,0,0,0,0,0,21,0,0,0,0,0,0,7,0,0,0,0,95,19,0,0,0,0,20,48,0,0,0,0,0,0,0,0,0,17,0,0,0,0,0,35,48,0,0,0,0,7,8,0,0,0,0,0,94,0,0,0,0,0,0,0,0,0,0,0,0,0,0,0,0,0,0,0,0,0,strafe_right
0,0,0,0,0,0,0,0,0,0,0,0,0,0,0,0,0,0,0,0,0,0,0,0,0,0,21,0,0,0,0,0,0,0,0,0,0,0,94,18,0,0,0,0,21,47,0,0,0,0,0,0,0,0,0,17,0,0,0,0,0,35,49,0,0,0,0,7,8,0,0,0,0,0,99,0,0,0,0,0,0,0,0,0,0,0,0,0,0,0,0,0,0,0,0,0,strafe_right
0,0,0,0,0,0,0,0,0,0,0,0,0,0,0,0,0,0,0,0,0,0,0,0,0,0,21,0,0,0,0,0,0,6,0,0,0,0,94,19,0,0,0,0,21,45,0,0,0,0,3,0,0,0,0,18,0,0,0,0,0,35,49,0,0,0,0,7,8,0,0,0,0,0,100,0,0,0,0,0,0,0,0,0,0,0,0,0,0,0,0,0,0,0,0,0,strafe_right
0,0,0,0,0,0,0,0,0,0,0,0,0,0,0,0,0,0,0,0,0,0,0,0,0,0,17,0,0,0,0,0,0,6,0,0,0,0,95,20,0,0,0,0,19,47,0,0,0,0,4,0,0,0,0,17,0,0,0,0,0,33,48,0,0,0,0,6,8,0,0,0,0,0,99,0,0,0,0,0,0,0,0,0,0,0,0,0,0,0,0,0,0,0,0,0,strafe_right
0,0,0,0,0,0,0,0,0,0,0,0,0,0,0,0,0,0,0,0,0,0,0,0,0,0,20,0,0,0,0,0,0,5,0,0,0,0,92,18,0,0,0,0,21,47,0,0,0,0,3,0,0,0,0,17,0,0,0,0,0,35,48,0,0,0,0,7,8,0,0,0,0,0,100,0,0,0,0,0,0,0,0,0,0,0,0,0,0,0,0,0,0,0,0,0,strafe_right
0,0,0,0,0,0,0,0,0,0,0,0,0,0,0,0,0,0,0,0,0,0,0,0,0,0,20,0,0,0,0,0,0,5,0,0,0,0,92,18,0,0,0,0,20,47,0,0,0,0,4,0,0,0,0,18,0,0,0,0,0,33,48,0,0,0,0,7,8,0,0,0,0,0,99,0,0,0,0,0,0,0,0,0,0,0,0,0,0,0,0,0,0,0,0,0,strafe_right
0,0,0,0,0,0,0,0,0,0,0,0,0,0,28,7,0,0,0,10,50,0,0,0,0,0,113,39,0,0,0,0,0,0,0,0,0,0,75,0,0,0,0,0,0,0,0,0,0,0,0,0,0,0,0,11,0,0,0,0,0,0,25,0,0,0,0,9,25,0,0,0,0,7,91,0,0,0,0,0,0,0,0,0,0,0,16,0,0,0,0,0,0,0,0,0,strafe_right
0,0,0,0,0,0,0,46,200,4,0,0,0,0,69,97,23,0,0,0,0,0,0,0,0,0,170,50,0,0,0,0,0,0,0,0,0,0,74,0,0,0,0,0,0,0,0,0,0,0,0,0,0,0,0,0,0,0,0,0,0,0,0,0,0,0,0,0,0,0,0,0,0,0,21,0,0,0,0,0,0,0,0,0,0,19,28,0,0,0,0,0,84,0,0,0,strafe_left
0,0,0,0,0,0,0,46,202,5,0,0,0,0,64,95,24,0,0,0,0,0,0,0,0,0,168,50,0,0,0,0,0,0,0,0,0,0,74,0,0,0,0,0,0,0,0,0,0,0,0,0,0,0,0,0,0,0,0,0,0,0,0,0,0,0,0,0,0,0,0,0,0,0,21,0,0,0,0,0,0,0,0,0,0,19,30,0,0,0,0,0,84,0,0,0,strafe_left
0,0,0,0,0,0,0,46,202,4,0,0,0,0,66,95,24,0,0,0,0,0,0,0,0,0,168,51,0,0,0,0,0,0,0,0,0,0,70,0,0,0,0,0,0,0,0,0,0,0,0,0,0,0,0,0,0,0,0,0,0,0,0,0,0,0,0,0,0,0,0,0,0,0,19,0,0,0,0,0,0,0,0,0,0,19,30,0,0,0,0,0,84,0,0,0,strafe_left
0,0,0,0,0,16,0,54,222,0,0,0,0,0,172,148,65,0,0,0,0,0,0,0,0,0,218,50,0,0,0,0,0,0,0,0,0,0,52,0,0,0,0,0,0,0,0,0,0,0,0,0,0,0,0,0,0,0,0,0,0,0,0,0,0,0,0,0,0,0,0,0,0,0,0,0,0,0,0,0,0,0,0,0,0,0,13,0,0,0,0,0,70,0,0,0,strafe_left
0,0,0,0,0,24,0,57,249,0,0,0,0,0,178,149,68,0,0,0,0,0,0,0,0,0,210,35,0,0,0,0,0,0,0,0,0,0,35,0,0,0,0,0,0,0,0,0,0,0,0,0,0,0,0,0,0,0,0,0,0,0,0,0,0,0,0,0,0,0,0,0,0,0,0,0,0,0,0,0,0,0,0,0,0,0,16,0,0,0,0,0,75,0,0,0,strafe_left
0,0,0,0,0,27,0,55,260,0,0,0,0,0,180,153,71,0,0,0,0,0,0,0,0,0,197,30,0,0,0,0,0,0,0,0,0,0,27,0,0,0,0,0,0,0,0,0,0,0,0,0,0,0,0,0,0,0,0,0,0,0,0,0,0,0,0,0,0,0,0,0,0,0,0,0,0,0,0,0,0,0,0,0,0,0,7,0,0,0,0,0,76,0,0,0,strafe_left
0,0,0,0,0,19,0,57,229,16,0,0,0,0,130,125,55,0,0,0,0,0,0,0,0,0,179,38,0,0,0,0,0,0,0,0,0,0,42,0,0,0,0,0,0,0,0,0,0,0,0,0,0,0,0,0,0,0,0,0,0,0,0,0,0,0,0,0,0,0,0,0,0,0,0,0,0,0,0,0,0,0,0,0,0,0,9,0,0,0,0,0,77,0,0,0,strafe_left
0,0,0,0,0,10,0,46,198,9,0,0,0,0,109,109,33,0,0,0,0,0,0,0,0,0,168,35,0,0,0,0,0,0,0,0,0,0,44,0,0,0,0,0,0,0,0,0,0,0,0,0,0,0,0,0,0,0,0,0,0,0,0,0,0,0,0,0,0,0,0,0,0,0,0,0,0,0,0,0,0,0,0,0,0,7,28,0,0,0,0,0,77,0,0,0,strafe_left
0,0,0,0,0,0,0,35,152,0,0,0,0,0,133,126,27,0,0,0,0,0,0,0,0,0,196,45,0,0,0,0,0,0,0,0,0,0,66,0,0,0,0,0,0,0,0,0,0,0,0,0,0,0,0,0,0,0,0,0,0,0,0,0,0,0,0,0,0,0,0,0,0,0,0,0,0,0,0,0,0,0,0,0,0,30,44,0,0,0,0,0,83,0,0,5,strafe_left
0,0,0,0,0,0,0,35,141,0,0,0,0,0,128,127,17,0,0,0,0,0,0,0,0,0,197,45,0,0,0,0,0,0,0,0,0,0,71,0,0,0,0,0,0,0,0,0,0,0,0,0,0,0,0,0,0,0,0,0,0,0,0,0,0,0,0,0,0,0,0,0,0,0,0,0,0,0,0,0,0,0,0,0,0,46,54,0,0,0,0,0,81,0,0,13,strafe_left
0,0,0,0,0,0,0,34,141,0,0,0,0,0,123,119,18,0,0,0,0,0,0,0,0,0,195,46,0,0,0,0,0,0,0,0,0,0,73,0,0,0,0,0,0,0,0,0,0,0,0,0,0,0,0,0,0,0,0,0,0,0,0,0,0,0,0,0,0,0,0,0,0,0,0,0,0,0,0,0,0,0,0,0,0,51,55,0,0,0,0,0,79,0,0,18,strafe_left
0,0,0,0,0,0,0,31,138,0,0,0,0,0,125,122,16,0,0,0,0,0,0,0,0,0,192,42,0,0,0,0,0,0,0,0,0,0,72,0,0,0,0,0,0,0,0,0,0,0,0,0,0,0,0,0,0,0,0,0,0,0,0,0,0,0,0,0,0,0,0,0,0,0,0,0,0,0,0,0,0,0,0,0,0,70,74,0,0,0,0,0,85,6,0,40,strafe_left
0,0,0,0,0,0,0,29,133,0,0,0,0,0,124,121,8,0,0,0,0,0,0,0,0,0,197,42,0,0,0,0,0,0,0,0,0,0,73,0,0,0,0,0,0,0,0,0,0,0,0,0,0,0,0,0,0,0,0,0,0,0,0,0,0,0,0,0,0,0,0,0,0,0,4,0,0,0,0,0,0,0,0,0,0,79,78,0,0,0,0,0,82,5,0,36,strafe_left
0,0,0,0,0,0,0,29,134,0,0,0,0,0,128,122,9,0,0,0,0,0,0,0,0,0,196,44,0,0,0,0,0,0,0,0,0,0,68,0,0,0,0,0,0,0,0,0,0,0,0,0,0,0,0,0,0,0,0,0,0,0,0,0,0,0,0,0,0,0,0,0,0,0,0,0,0,0,0,0,0,0,0,0,0,72,75,0,0,0,0,0,87,6,0,37,strafe_left
0,0,0,0,0,0,0,29,135,0,0,0,0,0,127,123,9,0,0,0,0,0,0,0,0,0,197,44,0,0,0,0,0,0,0,0,0,0,72,0,0,0,0,0,0,0,0,0,0,0,0,0,0,0,0,0,0,0,0,0,0,0,0,0,0,0,0,0,0,0,0,0,0,0,0,0,0,0,0,0,0,0,0,0,0,68,73,0,0,0,0,0,87,5,0,38,strafe_left
0,0,0,0,0,0,0,30,140,0,0,0,0,0,124,123,12,0,0,0,0,0,0,0,0,0,197,47,0,0,0,0,0,0,0,0,0,0,74,0,0,0,0,0,0,0,0,0,0,0,0,0,0,0,0,0,0,0,0,0,0,0,0,0,0,0,0,0,0,0,0,0,0,0,0,0,0,0,0,0,0,0,0,0,0,64,70,0,0,0,0,0,83,0,0,28,strafe_left
0,0,0,0,0,0,0,30,138,0,0,0,0,0,141,130,18,0,0,0,0,0,0,0,0,0,208,48,0,0,0,0,0,0,0,0,0,0,75,0,0,0,0,0,0,0,0,0,0,0,0,0,0,0,0,0,0,0,0,0,0,0,0,0,0,0,0,0,0,0,0,0,0,0,0,0,0,0,0,0,0,0,0,0,0,54,61,0,0,0,0,0,81,0,0,7,strafe_left
0,0,0,0,0,0,0,22,117,0,0,0,0,0,175,144,23,0,0,0,0,0,0,0,0,0,222,53,0,0,0,0,0,0,0,0,0,0,77,0,0,0,0,0,0,0,0,0,0,0,0,0,0,0,0,0,0,0,0,0,0,0,0,0,0,0,0,0,0,0,0,0,0,0,0,0,0,0,0,0,0,0,0,0,0,62,65,0,0,0,0,0,72,0,0,0,strafe_left
0,0,0,0,0,0,0,15,91,0,0,0,0,0,221,160,40,0,0,0,0,0,0,0,0,0,274,70,0,0,0,0,0,0,0,0,0,0,93,0,0,0,0,0,0,0,0,0,0,0,0,0,0,0,0,0,0,0,0,0,0,0,0,0,0,0,0,0,0,0,0,0,0,0,0,0,0,0,0,0,0,0,0,0,0,41,48,0,0,0,0,0,61,0,0,0,strafe_left
0,0,0,0,0,0,0,25,111,0,0,0,0,0,238,169,59,0,0,0,0,0,0,0,0,11,286,74,0,0,0,0,0,0,0,0,0,0,93,0,0,0,0,0,0,0,0,0,0,0,0,0,0,0,0,0,0,0,0,0,0,0,0,0,0,0,0,0,0,0,0,0,0,0,0,0,0,0,0,0,0,0,0,0,0,12,32,0,0,0,0,0,55,0,0,0,strafe_left
0,0,0,0,0,3,0,36,144,0,0,0,0,0,233,178,75,0,0,0,0,0,0,0,0,0,266,73,0,0,0,0,0,0,0,0,0,0,79,0,0,0,0,0,0,0,0,0,0,0,0,0,0,0,0,0,0,0,0,0,0,0,0,0,0,0,0,0,0,0,0,0,0,0,0,0,0,0,0,0,0,0,0,0,0,0,18,0,0,0,0,0,53,0,0,0,strafe_left
0,0,0,0,0,12,0,47,206,10,0,0,0,0,141,126,63,0,0,0,0,0,0,0,0,0,178,35,0,0,0,0,0,0,0,0,0,0,48,0,0,0,0,0,0,0,0,0,0,0,0,0,0,0,0,0,0,0,0,0,0,0,0,0,0,0,0,0,0,0,0,0,0,0,0,0,0,0,0,0,0,0,0,0,0,0,14,0,0,0,0,0,56,0,0,0,strafe_left
0,0,0,0,0,20,0,56,244,23,0,0,0,0,131,106,54,0,0,0,0,0,0,0,0,0,148,0,0,0,0,0,0,0,0,0,0,0,0,0,0,0,0,0,0,0,0,0,0,0,0,0,0,0,0,0,0,0,0,0,0,0,0,0,0,0,0,0,0,0,0,0,0,0,0,0,0,0,0,0,0,0,0,0,0,0,14,0,0,0,0,0,63,0,0,0,strafe_left
0,0,0,0,0,21,0,48,222,18,0,0,0,0,170,132,62,0,0,0,0,0,0,0,0,0,186,14,0,0,0,0,0,0,0,0,0,0,0,0,0,0,0,0,0,0,0,0,0,0,0,0,0,0,0,0,0,0,0,0,0,0,0,0,0,0,0,0,0,0,0,0,0,0,0,0,0,0,0,0,0,0,0,0,0,0,13,0,0,0,0,0,63,0,0,0,strafe_left
0,0,0,0,0,24,3,58,251,31,0,0,0,0,148,128,56,0,0,0,0,0,0,0,0,0,155,4,0,0,0,0,0,0,0,0,0,0,0,0,0,0,0,0,0,0,0,0,0,0,0,0,0,0,0,0,0,0,0,0,0,0,0,0,0,0,0,0,0,0,0,0,0,0,0,0,0,0,0,0,0,0,0,0,0,0,14,0,0,0,0,0,64,0,0,0,strafe_left
0,0,0,0,0,22,7,63,297,52,0,0,0,0,70,80,21,0,0,0,0,0,0,0,0,0,112,0,0,0,0,0,0,0,0,0,0,0,0,0,0,0,0,0,0,0,0,0,0,0,0,0,0,0,0,0,0,0,0,0,0,0,0,0,0,0,0,0,0,0,0,0,0,0,0,0,0,0,0,0,0,0,0,0,0,0,10,0,0,0,0,0,73,0,0,0,strafe_left
0,0,0,0,0,5,0,54,284,52,0,0,0,0,17,43,0,0,0,0,0,0,0,0,0,0,85,0,0,0,0,0,0,0,0,0,0,0,0,0,0,0,0,0,0,0,0,0,0,0,0,0,0,0,0,0,0,0,0,0,0,0,0,0,0,0,0,0,0,0,0,0,0,0,0,0,0,0,0,0,0,0,0,0,0,0,0,0,0,0,0,0,101,24,0,85,strafe_left
0,0,0,0,0,0,0,38,189,13,0,0,0,0,50,75,0,0,0,0,0,0,0,0,0,0,128,20,0,0,0,0,0,0,0,0,0,0,0,0,0,0,0,0,0,0,0,0,0,0,0,0,0,0,0,0,0,0,0,0,0,0,0,0,0,0,0,0,0,0,0,0,0,0,0,0,0,0,0,0,0,0,0,0,0,37,50,0,0,0,0,0,67,0,0,9,strafe_left
0,0,0,0,0,0,0,32,169,0,0,0,0,0,69,96,6,0,0,0,0,0,0,0,0,0,152,32,0,0,0,0,0,0,0,0,0,0,22,0,0,0,0,0,0,0,0,0,0,0,0,0,0,0,0,0,0,0,0,0,0,0,0,0,0,0,0,0,0,0,0,0,0,0,0,0,0,0,0,0,0,0,0,0,0,40,53,0,0,0,0,0,70,0,0,12,strafe_left
0,0,0,0,0,0,0,30,169,0,0,0,0,0,69,95,7,0,0,0,0,0,0,0,0,0,155,34,0,0,0,0,0,0,0,0,0,0,32,0,0,0,0,0,0,0,0,0,0,0,0,0,0,0,0,0,0,0,0,0,0,0,0,0,0,0,0,0,0,0,0,0,0,0,0,0,0,0,0,0,0,0,0,0,0,44,55,0,0,0,0,0,65,0,0,25,strafe_left
0,0,0,0,0,0,0,37,178,6,0,0,0,0,71,96,8,0,0,0,0,0,0,0,0,0,152,30,0,0,0,0,0,0,0,0,0,0,28,0,0,0,0,0,0,0,0,0,0,0,0,0,0,0,0,0,0,0,0,0,0,0,0,0,0,0,0,0,0,0,0,0,0,0,32,0,0,0,0,0,0,0,0,0,0,64,78,0,0,0,0,0,48,0,0,27,strafe_left
0,0,0,0,0,0,0,43,197,16,0,0,0,0,64,88,9,0,0,0,0,0,0,0,0,0,131,16,0,0,0,0,0,0,0,0,0,0,6,0,0,0,0,0,0,0,0,0,0,0,0,0,0,0,0,0,0,0,0,0,0,0,0,0,0,0,0,0,0,0,0,0,0,0,0,0,0,0,0,0,0,0,0,0,0,39,53,0,0,0,0,0,66,0,0,27,strafe_left
0,0,0,0,0,4,0,54,262,44,9,0,0,0,25,53,0,0,0,0,0,0,0,0,0,0,88,0,0,0,0,0,0,0,0,0,0,0,0,0,0,0,0,0,0,0,0,0,0,0,0,0,0,0,0,0,0,0,0,0,0,0,0,0,0,0,0,0,0,0,0,0,0,0,0,0,0,0,0,0,0,0,0,0,0,30,50,0,0,0,0,0,72,0,0,36,strafe_left
0,0,0,0,0,0,0,43,199,19,0,0,0,0,90,95,24,0,0,0,0,0,0,0,0,0,149,25,0,0,0,0,0,0,0,0,0,0,9,0,0,0,0,0,0,0,0,0,0,0,0,0,0,0,0,0,0,0,0,0,0,0,0,0,0,0,0,0,0,0,0,0,0,0,54,0,0,0,0,0,0,0,0,0,0,59,75,0,0,0,0,0,33,0,0,0,strafe_left
0,0,0,0,0,7,0,20,166,22,0,0,0,0,91,84,23,0,0,0,0,0,0,0,0,0,146,26,0,0,0,0,0,0,0,0,0,0,0,0,0,0,0,0,0,0,0,0,0,0,0,0,0,0,0,0,0,0,0,0,0,0,0,0,0,0,0,0,0,0,0,0,0,0,34,0,0,0,0,0,0,0,0,0,0,0,29,0,0,0,0,0,120,38,0,0,strafe_left
0,0,0,0,0,5,0,21,165,22,0,0,0,0,87,83,24,0,0,0,0,0,0,0,0,0,144,26,0,0,0,0,0,0,0,0,0,0,0,0,0,0,0,0,0,0,0,0,0,0,0,0,0,0,0,0,0,0,0,0,0,0,0,0,0,0,0,0,0,0,0,0,0,0,32,0,0,0,0,0,0,0,0,0,0,0,28,0,0,0,0,0,121,36,0,0,strafe_left
0,0,0,0,0,0,0,17,146,15,0,0,0,0,94,91,27,0,0,0,0,0,0,0,0,0,155,35,0,0,0,0,0,0,0,0,0,0,0,0,0,0,0,0,0,0,0,0,0,0,0,0,0,0,0,0,0,0,0,0,0,0,0,0,0,0,0,0,0,0,0,0,0,0,37,0,0,0,0,0,0,0,0,0,0,0,32,0,0,0,0,0,120,32,0,0,strafe_left
0,0,0,0,0,0,0,16,138,6,0,0,0,0,121,100,28,0,0,0,0,0,0,0,0,0,178,45,0,0,0,0,0,0,0,0,0,0,26,0,0,0,0,0,0,0,0,0,0,0,0,0,0,0,0,0,0,0,0,0,0,0,0,0,0,0,0,0,0,0,0,0,0,0,45,0,0,0,0,0,0,0,0,0,0,21,41,0,0,0,0,0,103,15,0,0,strafe_left
0,0,0,0,0,0,0,7,108,0,0,0,0,0,138,117,28,0,0,0,0,0,0,0,0,0,204,57,0,0,0,0,0,0,0,0,0,0,63,0,0,0,0,0,0,0,0,0,0,0,0,0,0,0,0,0,0,0,0,0,0,0,0,0,0,0,0,0,0,0,0,0,0,0,63,0,0,0,0,0,0,0,0,0,0,43,61,0,0,0,0,0,79,0,0,0,strafe_left
0,0,0,0,0,0,0,0,81,0,0,0,0,0,160,123,20,0,0,0,0,0,0,0,0,0,235,62,0,0,0,0,0,0,0,0,0,0,68,0,0,0,0,0,0,0,0,0,0,0,0,0,0,0,0,0,0,0,0,0,0,0,0,0,0,0,0,0,0,0,0,0,0,0,65,0,0,0,0,0,0,0,0,0,0,48,62,0,0,0,0,0,73,0,0,0,strafe_left
0,0,0,0,0,0,0,0,40,0,0,0,0,0,201,128,0,0,0,0,0,0,0,0,0,20,255,56,0,0,0,0,0,0,0,0,0,0,56,0,0,0,0,0,0,0,0,0,0,0,0,0,0,0,0,0,0,0,0,0,0,0,0,0,0,0,0,0,0,0,0,0,0,0,69,0,0,0,0,0,0,0,0,0,0,54,63,0,0,0,0,0,65,0,0,0,strafe_left
0,0,0,0,0,0,0,0,34,0,0,0,0,0,224,134,0,0,0,0,0,0,0,0,0,33,268,53,0,0,0,0,0,0,0,0,0,0,52,0,0,0,0,0,0,0,0,0,0,0,0,0,0,0,0,0,0,0,0,0,0,0,0,0,0,0,0,0,0,0,0,0,0,0,64,0,0,0,0,0,0,0,0,0,0,43,55,0,0,0,0,0,79,0,0,0,strafe_left
0,0,0,0,0,0,0,0,102,0,0,0,0,0,161,120,28,0,0,0,0,0,0,0,0,0,214,48,0,0,0,0,0,0,0,0,0,0,28,0,0,0,0,0,0,0,0,0,0,0,0,0,0,0,0,0,0,0,0,0,0,0,0,0,0,0,0,0,0,0,0,0,0,0,54,0,0,0,0,0,0,0,0,0,0,26,47,0,0,0,0,0,91,0,0,0,strafe_left
0,0,0,0,0,3,0,0,176,3,0,0,0,0,82,70,12,0,0,0,0,0,0,0,0,0,129,8,0,0,0,0,0,0,0,0,0,0,0,0,0,0,0,0,0,0,0,0,0,0,0,0,0,0,0,0,0,0,0,0,0,0,0,0,0,0,0,0,0,0,0,0,0,0,32,0,0,0,0,0,0,0,0,0,0,0,27,0,0,0,0,0,100,7,0,0,strafe_left
0,0,0,0,0,0,0,22,223,25,0,0,0,0,46,51,0,0,0,0,0,0,0,0,0,0,104,0,0,0,0,0,0,0,0,0,0,0,0,0,0,0,0,0,0,0,0,0,0,0,0,0,0,0,0,0,0,0,0,0,0,0,0,0,0,0,0,0,0,0,0,0,0,0,28,0,0,0,0,0,0,0,0,0,0,0,26,0,0,0,0,0,106,19,0,0,strafe_left
0,0,0,0,0,7,0,28,227,30,0,0,0,0,44,42,0,0,0,0,0,0,0,0,0,0,79,0,0,0,0,0,0,0,0,0,0,0,0,0,0,0,0,0,0,0,0,0,0,0,0,0,0,0,0,0,0,0,0,0,0,0,0,0,0,0,0,0,0,0,0,0,0,0,36,0,0,0,0,0,0,0,0,0,0,0,30,0,0,0,0,0,98,15,0,0,strafe_left
0,0,0,0,0,0,0,29,272,51,17,0,0,0,0,0,0,0,0,0,0,0,0,0,0,0,0,0,0,0,0,0,0,0,0,0,0,0,0,0,0,0,0,0,0,0,0,0,0,0,0,0,0,0,0,0,0,0,0,0,0,0,0,0,0,0,0,0,0,0,0,0,0,0,40,0,0,0,0,0,0,0,0,0,0,4,32,0,0,0,0,0,92,7,0,0,strafe_left
0,0,3,0,0,0,0,0,78,0,0,0,0,0,235,137,0,0,0,0,0,0,0,0,0,0,142,0,0,0,0,0,0,0,0,0,0,0,0,0,0,0,0,0,0,0,0,0,0,0,0,0,0,0,0,0,0,0,0,0,0,0,0,0,0,0,0,0,0,0,0,0,0,0,50,0,0,0,0,0,0,0,0,0,0,46,61,0,0,0,0,0,94,0,0,0,strafe_left
0,0,0,0,0,0,0,6,113,0,0,0,0,0,148,92,0,0,0,0,0,0,0,0,0,0,108,0,0,0,0,0,0,0,0,0,0,0,0,0,0,0,0,0,0,0,0,0,0,0,0,0,0,0,0,0,0,0,0,0,0,0,0,0,0,0,0,0,0,0,0,0,0,0,37,0,0,0,0,0,0,0,0,0,0,18,46,0,0,0,0,0,115,16,0,0,strafe_left
0,0,0,0,0,0,0,9,127,0,0,0,0,0,125,82,0,0,0,0,0,0,0,0,0,0,97,0,0,0,0,0,0,0,0,0,0,0,0,0,0,0,0,0,0,0,0,0,0,0,0,0,0,0,0,0,0,0,0,0,0,0,0,0,0,0,0,0,0,0,0,0,0,0,35,0,0,0,0,0,0,0,0,0,0,11,40,0,0,0,0,0,116,19,0,0,strafe_left
0,0,0,0,0,6,0,18,187,24,4,0,0,0,90,59,0,0,0,0,0,0,0,0,0,0,27,0,0,0,0,0,0,0,0,0,0,0,0,0,0,0,0,0,0,0,0,0,0,0,0,0,0,0,0,0,0,0,0,0,0,0,0,0,0,0,0,0,0,0,0,0,0,0,34,0,0,0,0,0,0,0,0,0,0,0,30,0,0,0,0,0,117,27,0,0,strafe_left
0,0,0,0,0,8,0,17,186,28,9,0,0,0,93,62,0,0,0,0,0,0,0,0,0,0,31,0,0,0,0,0,0,0,0,0,0,0,0,0,0,0,0,0,0,0,0,0,0,0,0,0,0,0,0,0,0,0,0,0,0,0,0,0,0,0,0,0,0,0,0,0,0,0,40,0,0,0,0,0,0,0,0,0,0,24,47,0,0,0,0,0,104,17,0,0,strafe_left
0,0,0,0,0,0,0,10,128,0,0,0,0,0,183,114,0,0,0,0,0,0,0,0,0,0,117,0,0,0,0,0,0,0,0,0,0,0,0,0,0,0,0,0,0,0,0,0,0,0,0,0,0,0,0,0,0,0,0,0,0,0,0,0,0,0,0,0,0,0,0,0,0,0,46,0,0,0,0,0,0,0,0,0,0,42,57,0,0,0,0,0,86,0,0,0,strafe_left
0,0,0,0,0,0,0,4,99,0,0,0,0,0,213,127,0,0,0,0,0,0,0,0,0,0,136,0,0,0,0,0,0,0,0,0,0,0,0,0,0,0,0,0,0,0,0,0,0,0,0,0,0,0,0,0,0,0,0,0,0,0,0,0,0,0,0,0,0,0,0,0,0,0,49,0,0,0,0,0,0,0,0,0,0,48,56,0,0,0,0,0,91,0,0,0,strafe_left
0,0,0,0,0,0,0,3,100,0,0,0,0,0,219,128,0,0,0,0,0,0,0,0,0,0,135,0,0,0,0,0,0,0,0,0,0,0,0,0,0,0,0,0,0,0,0,0,0,0,0,0,0,0,0,0,0,0,0,0,0,0,0,0,0,0,0,0,0,0,0,0,0,0,43,0,0,0,0,0,0,0,0,0,0,43,56,0,0,0,0,0,105,8,0,0,strafe_left
0,0,0,0,0,0,0,8,137,0,0,0,0,0,168,107,0,0,0,0,0,0,0,0,0,0,100,0,0,0,0,0,0,0,0,0,0,0,0,0,0,0,0,0,0,0,0,0,0,0,0,0,0,0,0,0,0,0,0,0,0,0,0,0,0,0,0,0,0,0,0,0,0,0,43,0,0,0,0,0,0,0,0,0,0,41,56,0,0,0,0,0,107,10,0,0,strafe_left
0,0,0,0,0,5,0,13,154,8,0,0,0,0,133,89,0,0,0,0,0,0,0,0,0,0,93,0,0,0,0,0,0,0,0,0,0,0,0,0,0,0,0,0,0,0,0,0,0,0,0,0,0,0,0,0,0,0,0,0,0,0,0,0,0,0,0,0,0,0,0,0,0,0,43,0,0,0,0,0,0,0,0,0,0,44,58,0,0,0,0,0,95,5,0,0,strafe_left
0,0,0,0,0,0,0,0,4,0,0,0,0,0,0,0,0,0,0,0,0,0,0,23,0,0,136,21,0,0,0,0,0,3,0,0,0,49,165,68,0,0,0,0,31,82,0,0,0,0,0,0,0,0,0,36,41,0,0,0,0,20,79,0,0,0,0,0,0,0,0,0,0,14,95,0,0,0,0,0,0,0,0,0,0,0,11,0,0,0,0,0,0,0,0,0,strafe_right
0,0,0,0,0,0,0,0,7,0,0,0,0,0,0,0,0,0,0,0,0,0,0,24,0,0,134,21,0,0,0,0,0,6,0,0,0,39,162,67,0,0,0,0,32,89,0,0,0,0,0,0,0,0,0,36,40,0,0,0,0,22,80,0,0,0,0,0,0,0,0,0,0,15,96,0,0,0,0,0,0,0,0,0,0,0,11,0,0,0,0,0,0,0,0,0,strafe_right
0,0,0,0,0,0,0,0,9,0,0,0,0,0,0,0,0,0,0,0,0,0,0,27,0,0,133,22,0,0,0,0,0,9,0,0,0,32,161,66,0,0,0,0,32,92,0,0,0,0,0,0,0,0,0,36,40,0,0,0,0,21,80,0,0,0,0,0,0,0,0,0,0,16,96,0,0,0,0,0,0,0,0,0,0,0,11,0,0,0,0,0,0,0,0,0,strafe_right
0,0,0,0,0,0,0,0,8,0,0,0,0,0,0,0,0,0,0,0,0,0,0,21,0,0,132,22,0,0,0,0,0,9,0,0,0,26,157,63,0,0,0,0,30,92,0,3,0,0,0,0,0,0,0,37,39,0,0,0,0,21,80,0,0,0,0,0,0,0,0,0,0,16,96,0,0,0,0,0,0,0,0,0,0,0,12,0,0,0,0,0,0,0,0,0,strafe_right
0,0,0,0,0,0,0,0,9,0,0,0,0,0,0,0,0,0,0,0,0,0,0,24,0,0,133,22,0,0,0,0,0,9,0,0,0,25,156,65,0,0,0,0,30,90,0,0,0,0,0,0,0,0,0,38,41,0,0,0,0,23,79,0,0,0,0,0,0,0,0,0,0,19,97,0,0,0,0,0,0,0,0,0,0,0,11,0,0,0,0,0,0,0,0,0,strafe_right
0,0,0,0,0,0,0,0,9,0,0,0,0,0,0,0,0,0,0,0,0,0,0,27,0,0,134,24,0,0,0,0,0,12,0,0,0,26,158,64,0,0,0,0,28,88,0,0,0,0,0,0,0,0,0,40,46,0,0,0,0,22,80,0,0,0,0,0,0,0,0,0,0,21,97,0,0,0,0,0,0,0,0,0,0,0,9,0,0,0,0,0,0,0,0,0,strafe_right
0,0,0,0,0,0,0,0,7,0,0,0,0,0,0,0,0,0,0,0,0,0,0,31,0,0,136,26,0,0,0,0,0,14,0,0,0,24,159,65,0,0,0,0,28,88,0,0,0,0,0,0,0,0,0,40,48,0,0,0,0,21,80,0,0,0,0,0,0,0,0,0,0,17,92,0,0,0,0,0,0,0,0,0,0,0,7,0,0,0,0,0,0,0,0,0,strafe_right
0,0,0,0,0,0,0,0,9,0,0,0,0,0,0,0,0,0,0,0,0,0,0,27,0,0,135,26,0,0,0,0,0,14,0,0,0,23,157,63,0,0,0,0,29,88,0,0,0,0,0,0,0,0,0,39,47,0,0,0,0,20,81,0,0,0,0,0,0,0,0,0,0,16,96,0,0,0,0,0,0,0,0,0,0,0,5,0,0,0,0,0,0,0,0,0,strafe_right
0,0,0,0,0,0,0,0,9,0,0,0,0,0,0,0,0,0,0,0,0,0,0,19,0,0,130,19,0,0,0,0,0,8,0,0,0,21,150,59,0,0,0,0,27,87,0,0,0,0,0,0,0,0,0,39,46,0,0,0,0,23,81,0,0,0,0,0,0,0,0,0,0,16,92,0,0,0,0,0,0,0,0,0,0,0,5,0,0,0,0,0,0,0,0,0,strafe_right
0,0,0,0,0,0,0,0,9,0,0,0,0,0,0,0,0,0,0,0,0,0,0,16,0,0,132,15,0,0,0,0,0,7,0,0,0,24,148,59,0,0,0,0,30,82,0,0,0,0,0,0,0,0,0,38,47,0,0,0,0,20,81,0,0,0,0,0,0,0,0,0,0,17,97,0,0,0,0,0,0,0,0,0,0,0,6,0,0,0,0,0,0,0,0,0,strafe_right
0,0,0,0,0,0,0,0,8,0,0,0,0,0,0,0,0,0,0,0,0,0,0,13,0,0,130,16,0,0,0,0,0,3,0,0,0,32,141,54,0,0,0,0,31,67,0,0,0,0,0,0,0,0,0,38,45,0,0,0,0,14,76,0,0,0,0,0,0,0,0,0,0,14,91,0,0,0,0,0,0,0,0,0,0,0,9,0,0,0,0,0,0,0,0,0,strafe_right
0,0,0,0,0,0,0,0,0,0,0,0,0,0,44,0,0,0,0,0,0,0,0,0,0,0,273,94,0,0,0,0,0,0,0,0,0,101,237,91,0,0,0,0,0,0,0,0,0,0,0,0,0,0,0,0,0,0,0,0,0,0,41,0,0,0,0,0,0,0,0,0,0,102,119,0,0,0,0,0,0,0,0,0,0,186,144,0,0,0,0,0,0,0,0,0,backward
0,0,0,0,0,0,0,0,0,0,0,0,0,0,55,11,0,0,0,0,0,0,0,0,0,0,279,96,0,0,0,0,0,0,0,0,0,94,239,91,0,0,0,0,0,0,0,0,0,0,0,0,0,0,0,0,0,0,0,0,0,0,42,0,0,0,0,0,0,0,0,0,0,101,123,0,0,0,0,0,0,0,0,0,0,186,140,0,0,0,0,0,0,0,0,0,backward
0,0,0,0,0,0,0,0,0,0,0,0,0,0,86,29,0,0,0,0,0,0,0,0,0,0,281,105,0,0,0,0,0,0,0,0,0,78,245,84,0,0,0,0,0,0,0,0,0,0,0,0,0,0,0,0,0,0,0,0,0,0,44,0,0,0,0,0,0,0,0,0,0,103,119,0,0,0,0,0,0,0,0,0,0,164,129,0,0,0,0,0,0,0,0,0,backward
0,0,0,0,0,0,0,0,0,0,0,0,0,0,137,65,0,0,0,0,0,0,0,0,0,0,314,114,0,0,0,0,0,0,0,0,0,40,229,74,0,0,0,0,0,0,0,0,0,0,0,0,0,0,0,0,0,0,0,0,0,0,42,0,0,0,0,0,0,0,0,0,0,89,117,0,0,0,0,0,0,0,0,0,0,150,126,0,0,0,0,0,0,0,0,0,backward
0,0,0,0,0,0,0,0,0,0,0,0,0,0,132,48,0,0,0,0,0,0,0,0,0,6,306,98,0,0,0,0,0,0,0,0,0,83,228,63,0,0,0,0,0,0,0,0,0,0,0,0,0,0,0,0,0,0,0,0,0,0,40,0,0,0,0,0,0,0,0,0,0,83,113,0,0,0,0,0,0,0,0,0,0,146,124,0,0,0,0,0,0,0,0,0,backward
0,0,0,0,0,0,0,0,0,0,0,0,0,0,111,12,0,0,0,0,0,0,0,0,0,30,296,76,0,0,0,0,0,0,0,0,0,122,222,40,0,0,0,0,0,0,0,0,0,0,0,0,0,0,0,0,0,0,0,0,0,0,32,0,0,0,0,0,0,0,0,0,0,99,113,0,0,0,0,0,0,0,0,0,0,162,113,0,0,0,0,0,0,0,0,0,backward
0,0,0,0,0,0,0,0,0,0,0,0,0,0,45,0,0,0,0,0,0,0,0,0,0,65,265,35,0,0,0,0,0,0,0,0,0,243,241,19,0,0,0,0,0,0,0,0,0,0,0,0,0,0,0,0,0,0,0,0,0,0,15,0,0,0,0,0,0,0,0,0,0,115,106,0,0,0,0,0,0,0,0,0,0,195,113,0,0,0,0,0,0,0,0,0,backward
0,0,0,0,0,0,0,0,0,0,0,0,0,0,18,0,0,0,0,0,0,0,0,0,0,52,245,13,0,0,0,0,0,0,0,0,0,302,247,9,0,0,0,0,0,0,0,0,0,0,0,0,0,0,0,0,0,0,0,0,0,0,0,0,0,0,0,0,0,0,0,0,0,105,101,0,0,0,0,0,0,0,0,0,3,203,111,0,0,0,0,0,0,0,0,0,backward
0,0,0,0,0,0,0,0,0,0,0,0,0,0,29,0,0,0,0,0,0,0,0,0,0,64,284,29,0,0,0,0,0,0,0,0,0,249,244,12,0,0,0,0,0,0,0,0,0,0,0,0,0,0,0,0,0,0,0,0,0,0,0,0,0,0,0,0,0,0,0,0,0,114,111,0,0,0,0,0,0,0,0,0,0,172,113,0,0,0,0,0,0,0,0,0,backward
0,0,0,0,0,0,0,0,0,0,0,0,0,0,56,0,0,0,0,0,0,0,0,0,0,74,308,49,0,0,0,0,0,0,0,0,0,150,197,14,0,0,0,0,0,0,0,0,0,0,0,0,0,0,0,0,0,0,0,0,0,0,5,0,0,0,0,0,0,0,0,0,0,116,113,0,0,0,0,0,0,0,0,0,0,183,114,0,0,0,0,0,0,0,0,0,backward
0,0,0,0,0,0,0,0,0,0,0,0,0,0,0,0,0,0,0,0,0,0,0,0,0,44,187,0,0,0,0,0,0,0,0,0,0,373,230,0,0,0,0,0,0,0,0,0,0,0,0,0,0,0,0,0,0,0,0,0,0,0,0,0,0,0,0,0,0,0,0,0,0,97,90,0,0,0,0,0,0,0,0,0,16,227,109,0,0,0,0,0,0,0,0,0,backward
0,0,0,0,0,0,0,0,0,0,0,0,0,0,0,0,0,0,0,0,0,0,0,0,0,45,111,0,0,0,0,0,0,0,0,0,0,433,179,0,0,0,0,0,0,0,0,0,0,0,0,0,0,0,0,0,0,0,0,0,0,0,0,0,0,0,0,0,0,0,0,0,0,7,6,0,0,0,0,0,0,0,0,0,39,196,54,0,0,0,0,0,0,0,0,0,backward
0,0,0,0,0,0,0,0,0,0,0,0,0,0,0,0,0,0,0,0,0,0,0,0,0,51,132,0,0,0,0,0,0,0,0,0,0,400,192,0,0,0,0,0,0,0,0,0,0,0,0,0,0,0,0,0,0,0,0,0,0,0,0,0,0,0,0,0,0,0,0,0,0,15,19,0,0,0,0,0,0,0,0,0,30,204,65,0,0,0,0,0,0,0,0,0,backward
0,0,0,0,0,0,0,0,0,0,0,0,0,0,0,0,0,0,0,0,0,0,0,0,0,81,175,0,0,0,0,0,0,0,0,0,0,336,201,0,0,0,0,0,0,0,0,0,0,0,0,0,0,0,0,0,0,0,0,0,0,0,0,0,0,0,0,0,0,0,0,0,0,77,75,0,0,0,0,0,0,0,0,0,0,178,92,0,0,0,0,0,0,0,0,0,backward
0,0,0,0,0,0,0,0,0,0,0,0,0,0,0,0,0,0,0,0,0,0,0,0,0,87,216,0,0,0,0,0,0,0,0,0,0,249,189,0,0,0,0,0,0,0,0,0,0,0,0,0,0,0,0,0,0,0,0,0,0,0,0,0,0,0,0,0,0,0,0,0,0,89,103,0,0,0,0,0,0,0,0,0,3,177,106,0,0,0,0,0,0,0,0,0,backward
0,0,0,0,0,0,0,0,0,0,0,0,0,0,4,0,0,0,0,0,0,0,0,0,0,83,190,0,0,0,0,0,0,0,0,0,0,312,203,0,0,0,0,0,0,0,0,0,0,0,0,0,0,0,0,0,0,0,0,0,0,0,0,0,0,0,0,0,0,0,0,0,0,92,114,0,0,0,0,0,0,0,0,0,0,157,116,0,0,0,0,0,0,0,0,0,backward
0,0,0,0,0,0,0,0,0,0,0,0,0,0,0,0,0,0,0,0,0,0,0,0,0,53,182,0,0,0,0,0,0,0,0,0,0,327,214,0,0,0,0,0,0,0,0,0,0,0,0,0,0,0,0,0,0,0,0,0,0,0,58,0,0,0,0,0,0,0,0,0,0,79,123,0,0,0,0,0,0,0,0,0,0,94,112,0,0,0,0,0,0,0,0,0,backward
0,0,0,0,0,0,0,0,0,0,0,0,0,0,0,0,0,0,0,0,0,0,0,0,0,18,134,0,0,0,0,0,0,0,0,0,0,399,199,0,0,0,0,0,0,0,0,0,0,0,0,0,0,0,0,0,0,0,0,0,0,0,67,0,0,0,0,0,0,0,0,0,0,111,123,0,0,0,0,0,0,0,0,0,0,144,120,0,0,0,0,0,0,0,0,0,backward
0,0,0,0,0,0,0,0,0,0,0,0,0,0,7,0,0,0,0,0,0,0,0,0,0,75,226,0,0,0,0,0,0,0,0,0,0,267,215,0,0,0,0,0,0,0,0,0,0,0,0,0,0,0,0,0,0,0,0,0,0,0,0,0,0,0,0,0,0,0,0,0,0,88,100,0,0,0,0,0,0,0,0,0,19,173,108,0,0,0,0,0,0,0,0,0,backward
0,0,0,0,0,0,0,0,0,0,0,0,0,0,35,0,0,0,0,0,0,0,0,0,0,88,257,0,0,0,0,0,0,0,0,0,0,190,184,0,0,0,0,0,0,0,0,0,0,0,0,0,0,0,0,0,0,0,0,0,0,0,0,0,0,0,0,0,0,0,0,0,0,74,79,0,0,0,0,0,0,0,0,0,28,182,99,0,0,0,0,0,0,0,0,0,backward
0,0,0,0,0,0,0,0,0,0,0,0,0,0,21,0,0,0,0,0,0,0,0,0,0,99,260,0,0,0,0,0,0,0,0,0,0,251,209,0,0,0,0,0,0,0,0,0,0,0,0,0,0,0,0,0,0,0,0,0,0,0,6,0,0,0,0,0,0,0,0,0,0,98,116,0,0,0,0,0,0,0,0,0,0,165,118,0,0,0,0,0,0,0,0,0,backward
0,0,0,0,0,0,0,0,0,0,0,0,0,0,0,0,0,0,0,0,0,0,0,0,0,0,170,12,0,0,0,0,0,0,0,0,0,173,240,39,0,0,0,0,0,0,0,0,0,0,0,0,0,0,0,0,0,0,0,0,0,0,88,0,0,0,0,0,0,0,0,0,0,96,132,0,0,0,0,0,0,0,0,0,0,60,99,0,0,0,0,0,0,0,0,0,backward
0,0,0,0,0,0,0,0,0,0,0,0,0,0,0,0,0,0,0,0,0,0,0,0,0,0,113,0,0,0,0,0,0,0,0,0,0,409,218,0,0,0,0,0,0,0,0,0,0,0,0,0,0,0,0,0,0,0,0,0,0,0,87,0,0,0,0,0,0,0,0,0,0,117,124,0,0,0,0,0,0,0,0,0,0,73,89,0,0,0,0,0,0,0,0,0,backward
0,0,0,0,0,0,0,0,0,0,0,0,0,0,0,0,0,0,0,0,0,0,0,0,0,21,97,0,0,0,0,0,0,0,0,0,0,476,188,0,0,0,0,0,0,0,0,0,0,0,0,0,0,0,0,0,0,0,0,0,0,0,36,0,0,0,0,0,0,0,0,0,0,119,123,0,0,0,0,0,0,0,0,0,0,154,95,0,0,0,0,0,0,0,0,0,backward
0,0,0,0,0,0,0,0,0,0,0,0,0,0,0,0,0,0,0,0,0,0,0,0,0,29,120,0,0,0,0,0,0,0,0,0,0,463,206,0,0,0,0,0,0,0,0,0,0,0,0,0,0,0,0,0,0,0,0,0,0,0,0,0,0,0,0,0,0,0,0,0,0,120,107,0,0,0,0,0,0,0,0,0,17,175,99,0,0,0,0,0,0,0,0,0,backward
0,0,0,0,0,0,0,0,0,0,0,0,0,0,0,0,0,0,0,0,0,0,0,0,0,65,186,0,0,0,0,0,0,0,0,0,0,345,225,0,0,0,0,0,0,0,0,0,0,0,0,0,0,0,0,0,0,0,0,0,0,0,9,0,0,0,0,0,0,0,0,0,0,116,114,0,0,0,0,0,0,0,0,0,7,122,94,0,0,0,0,0,0,0,0,0,backward
0,0,0,0,0,0,0,0,0,0,0,0,0,0,135,0,0,0,0,0,0,0,0,0,0,85,277,37,0,0,0,0,0,0,0,0,0,108,184,0,0,0,0,0,0,0,0,0,0,0,0,0,0,0,0,0,0,0,0,0,0,0,0,0,0,0,0,0,0,0,0,0,0,64,89,0,0,0,0,0,0,0,0,0,18,135,101,0,0,0,0,0,0,0,0,0,backward
0,0,0,0,0,0,0,0,0,0,0,0,0,0,160,7,0,0,0,0,0,0,0,0,0,69,303,62,0,0,0,0,0,0,0,0,0,107,206,0,0,0,0,0,0,0,0,0,0,0,0,0,0,0,0,0,0,0,0,0,0,0,0,0,0,0,0,0,0,0,0,0,0,8,62,0,0,0,0,0,0,0,0,0,0,107,90,0,0,0,0,0,0,0,0,0,backward
0,0,0,0,0,0,0,0,0,0,0,0,0,0,276,148,0,0,0,0,0,0,0,0,0,29,310,92,0,0,0,0,0,0,0,0,0,0,122,0,0,0,0,0,0,0,0,0,0,0,0,0,0,0,0,0,0,0,0,0,0,0,0,0,0,0,0,0,0,0,0,0,0,9,79,0,0,0,0,0,0,0,0,0,0,48,95,0,0,0,0,0,0,0,0,0,backward
0,0,0,0,0,0,0,0,0,0,0,0,0,0,171,49,0,0,0,0,0,0,0,0,0,71,315,85,0,0,0,0,0,0,0,0,0,125,200,10,0,0,0,0,0,0,0,0,0,0,0,0,0,0,0,0,0,0,0,0,0,0,0,0,0,0,0,0,0,0,0,0,0,15,76,0,0,0,0,0,0,0,0,0,0,58,95,0,0,0,0,0,0,0,0,0,backward
0,0,0,0,0,0,0,0,0,0,0,0,0,0,82,0,0,0,0,0,0,0,0,0,0,68,262,27,0,0,0,0,0,0,0,0,0,255,240,0,0,0,0,0,0,0,0,0,0,0,0,0,0,0,0,0,0,0,0,0,0,0,0,0,0,0,0,0,0,0,0,0,0,24,48,0,0,0,0,0,0,0,0,0,0,78,57,0,0,0,0,0,0,0,0,0,backward
0,0,0,0,0,0,0,0,0,0,0,0,0,0,87,0,0,0,0,0,0,0,0,0,0,44,272,48,0,0,0,0,0,0,0,0,0,212,242,23,0,0,0,0,0,0,0,0,0,0,0,0,0,0,0,0,0,0,0,0,0,0,0,0,0,0,0,0,0,0,0,0,0,29,67,0,0,0,0,0,0,0,0,0,0,89,81,0,0,0,0,0,0,0,0,0,backward
0,0,0,0,0,0,0,0,0,0,0,0,0,0,72,0,0,0,0,0,0,0,0,0,0,34,253,44,0,0,0,0,0,0,0,0,0,220,248,34,0,0,0,0,0,0,0,0,0,0,0,0,0,0,0,0,0,0,0,0,0,0,0,0,0,0,0,0,0,0,0,0,0,35,86,0,0,0,0,0,0,0,0,0,0,92,98,0,0,0,0,0,0,0,0,0,backward
0,0,0,0,0,0,0,0,0,0,0,0,0,0,12,0,0,0,0,0,0,0,0,0,0,57,210,0,0,0,0,0,0,0,0,0,0,335,236,0,0,0,0,0,0,0,0,0,0,0,0,0,0,0,0,0,0,0,0,0,0,0,0,0,0,0,0,0,0,0,0,0,0,35,86,0,0,0,0,0,0,0,0,0,0,99,97,0,0,0,0,0,0,0,0,0,backward
0,0,0,0,0,0,0,0,0,0,0,0,0,0,0,0,0,0,0,0,0,0,0,0,0,35,168,0,0,0,0,0,0,0,0,0,0,406,226,0,0,0,0,0,0,0,0,0,0,0,0,0,0,0,0,0,0,0,0,0,0,0,0,0,0,0,0,0,0,0,0,0,0,29,37,0,0,0,0,0,0,0,0,0,45,153,59,0,0,0,0,0,0,0,0,0,backward
0,0,0,0,0,0,0,0,0,0,0,0,0,0,0,0,0,0,0,0,0,0,0,0,0,41,188,0,0,0,0,0,0,0,0,0,0,482,256,0,0,0,0,0,0,0,0,0,0,0,0,0,0,0,0,0,0,0,0,0,0,0,0,0,0,0,0,0,0,0,0,0,0,28,23,0,0,0,0,0,0,0,0,0,62,240,59,0,0,0,0,0,0,0,0,0,backward
0,0,0,0,0,0,0,0,0,0,0,0,0,0,0,0,0,0,0,0,0,0,0,0,0,28,207,0,0,0,0,0,0,0,0,0,0,371,256,0,0,0,0,0,0,0,0,0,0,0,0,0,0,0,0,0,0,0,0,0,0,0,0,0,0,0,0,0,0,0,0,0,0,71,67,0,0,0,0,0,0,0,0,0,0,168,98,0,0,0,0,0,0,0,0,0,backward
0,0,0,0,0,0,0,0,0,0,0,0,0,0,93,15,0,0,0,0,0,0,0,0,0,0,243,82,0,0,0,0,0,0,0,0,0,74,188,85,0,0,0,0,0,0,0,0,0,0,0,0,0,0,0,0,0,0,0,0,0,0,17,0,0,0,0,0,0,0,0,0,0,27,95,0,0,0,0,0,0,0,0,0,0,61,95,0,0,0,0,0,0,0,0,0,backward
0,0,0,0,0,0,0,0,0,0,0,0,0,0,90,10,0,0,0,0,0,0,0,0,0,0,246,76,0,0,0,0,0,0,0,0,0,89,184,74,0,0,0,0,0,0,0,0,0,0,0,0,0,0,0,0,0,0,0,0,0,0,16,0,0,0,0,0,0,0,0,0,0,29,96,0,0,0,0,0,0,0,0,0,0,68,96,0,0,0,0,0,0,0,0,0,backward
0,0,0,0,0,0,0,0,0,0,0,0,0,0,69,0,0,0,0,0,0,0,0,0,0,59,241,24,0,0,0,0,0,0,0,0,0,199,193,20,0,0,0,0,0,0,0,0,0,0,0,0,0,0,0,0,0,0,0,0,0,0,0,0,0,0,0,0,0,0,0,0,0,50,92,0,0,0,0,0,0,0,0,0,0,97,89,0,0,0,0,0,0,0,0,0,backward
0,0,0,0,0,0,0,0,0,0,0,0,0,0,10,0,0,0,0,0,0,0,0,0,0,113,214,0,0,0,0,0,0,0,0,0,0,280,175,0,0,0,0,0,0,0,0,0,0,0,0,0,0,0,0,0,0,0,0,0,0,0,0,0,0,0,0,0,0,0,0,0,0,51,82,0,0,0,0,0,0,0,0,0,5,98,78,0,0,0,0,0,0,0,0,0,backward
0,0,0,0,0,0,0,0,0,0,0,0,0,0,10,0,0,0,0,0,0,0,0,0,0,115,210,0,0,0,0,0,0,0,0,0,0,294,175,0,0,0,0,0,0,0,0,0,0,0,0,0,0,0,0,0,0,0,0,0,0,0,0,0,0,0,0,0,0,0,0,0,0,52,82,0,0,0,0,0,0,0,0,0,4,96,77,0,0,0,0,0,0,0,0,0,backward
0,0,0,0,0,0,0,0,0,0,0,0,0,0,43,0,0,0,0,0,0,0,0,0,0,65,240,10,0,0,0,0,0,0,0,0,0,172,190,7,0,0,0,0,0,0,0,0,0,0,0,0,0,0,0,0,0,0,0,0,0,0,0,0,0,0,0,0,0,0,0,0,0,40,95,0,0,0,0,0,0,0,0,0,0,97,91,0,0,0,0,0,0,0,0,0,backward
0,0,0,0,0,0,0,0,0,0,0,0,0,0,73,0,0,0,0,0,0,0,0,0,0,17,245,65,0,0,0,0,0,0,0,0,0,99,187,60,0,0,0,0,0,0,0,0,0,0,0,0,0,0,0,0,0,0,0,0,0,0,6,0,0,0,0,0,0,0,0,0,0,41,96,0,0,0,0,0,0,0,0,0,0,93,102,0,0,0,0,0,0,0,0,0,backward
0,0,0,0,0,0,0,0,0,0,0,0,0,0,84,17,0,0,0,0,0,0,0,0,0,0,237,94,0,0,0,0,0,0,0,0,0,34,170,90,0,0,0,0,0,0,0,0,0,0,0,0,0,0,0,0,0,0,0,0,0,0,15,0,0,0,0,0,0,0,0,0,0,39,98,0,0,0,0,0,0,0,0,0,0,90,108,0,0,0,0,0,0,0,0,0,backward
0,0,0,0,0,0,10,129,10,0,0,0,0,13,33,4,0,0,0,0,0,0,0,0,0,30,78,0,0,0,0,0,0,0,0,0,0,0,16,0,0,0,0,0,0,0,0,0,0,0,0,0,0,0,0,0,0,0,0,0,0,0,0,0,0,0,0,21,32,0,0,0,0,0,27,0,0,0,0,0,18,0,0,0,0,0,25,0,0,0,0,0,54,0,0,0,strafe_left
0,0,0,0,0,0,0,0,43,0,0,0,0,0,0,0,0,0,0,0,26,44,0,0,0,0,0,0,0,0,0,0,57,52,0,0,0,0,0,0,0,0,0,0,57,17,0,0,0,0,0,0,0,0,0,30,59,10,0,0,0,0,0,0,0,0,0,0,50,19,0,0,0,0,0,0,0,0,0,0,23,0,0,0,0,0,0,0,0,0,0,0,0,0,0,0,forward
0,0,0,0,0,0,0,0,43,3,0,0,0,0,0,0,0,0,0,0,27,43,0,0,0,0,0,0,0,0,0,0,57,52,0,0,0,0,0,0,0,0,0,0,57,16,0,0,0,0,0,0,0,0,0,31,58,10,0,0,0,0,0,0,0,0,0,0,50,19,0,0,0,0,0,0,0,0,0,0,23,0,0,0,0,0,0,0,0,0,0,0,0,0,0,0,forward
0,0,0,0,0,0,0,0,43,0,0,0,0,0,0,0,0,0,0,0,28,44,0,0,0,0,0,0,0,0,0,0,56,53,0,0,0,0,0,0,0,0,0,0,53,18,0,0,0,0,0,0,0,0,0,32,59,10,0,0,0,0,0,0,0,0,0,0,49,20,0,0,0,0,0,0,0,0,0,0,24,0,0,0,0,0,0,0,0,0,0,0,0,0,0,0,forward
0,0,0,0,0,0,0,0,45,3,0,0,0,0,0,0,0,0,0,0,29,44,0,0,0,0,0,0,0,0,0,0,58,54,0,0,0,0,0,0,0,0,0,0,58,17,0,0,0,0,0,0,0,0,0,31,60,11,0,0,0,0,0,0,0,0,0,0,49,20,0,0,0,0,0,0,0,0,0,0,23,0,0,0,0,0,0,0,0,0,0,0,0,0,0,0,forward
0,0,0,0,0,0,0,0,46,4,0,0,0,0,0,0,0,0,0,0,29,44,0,0,0,0,0,0,0,0,0,0,55,53,0,0,0,0,0,0,0,0,0,0,51,17,0,0,0,0,0,0,0,0,0,32,59,11,0,0,0,0,0,0,0,0,0,0,49,19,0,0,0,0,0,0,0,0,0,0,22,0,0,0,0,0,0,0,0,0,0,0,0,0,0,0,forward
0,0,0,0,0,0,0,0,46,4,0,0,0,0,0,0,0,0,0,0,32,48,0,0,0,0,0,0,0,0,0,0,39,57,0,0,0,0,0,0,0,0,0,0,43,26,0,0,0,0,0,0,0,0,0,24,54,10,0,0,0,0,0,0,0,0,0,0,41,0,0,0,0,0,0,0,0,0,0,0,12,0,0,0,0,0,0,0,0,0,0,0,0,0,0,0,forward
0,0,0,0,0,0,0,0,39,0,0,0,0,0,0,0,0,0,0,0,29,38,0,0,0,0,0,0,0,0,0,0,46,39,0,0,0,0,0,0,0,0,0,0,47,0,0,0,0,0,0,0,0,0,0,24,54,10,0,0,0,0,0,0,0,0,0,0,41,0,0,0,0,0,0,0,0,0,0,0,12,0,0,0,0,0,0,0,0,0,0,0,0,0,0,0,forward
0,0,0,0,0,0,0,0,37,0,0,0,0,0,0,0,0,0,0,0,27,34,0,0,0,0,0,0,0,0,0,0,48,33,0,0,0,0,0,0,0,0,0,0,47,0,0,0,0,0,0,0,0,0,0,24,54,10,0,0,0,0,0,0,0,0,0,0,41,0,0,0,0,0,0,0,0,0,0,0,12,0,0,0,0,0,0,0,0,0,0,0,0,0,0,0,forward
0,0,0,0,0,0,0,0,39,0,0,0,0,0,0,0,0,0,0,0,28,36,0,0,0,0,0,0,0,0,0,0,51,40,0,0,0,0,0,0,0,0,0,0,48,0,0,0,0,0,0,0,0,0,0,24,54,10,0,0,0,0,0,0,0,0,0,0,41,0,0,0,0,0,0,0,0,0,0,0,12,0,0,0,0,0,0,0,0,0,0,0,0,0,0,0,forward
0,0,0,0,0,0,0,0,45,0,0,0,0,0,0,0,0,0,0,0,31,41,0,0,0,0,0,0,0,0,0,0,57,47,0,0,0,0,0,0,0,0,0,0,52,0,0,0,0,0,0,0,0,0,0,36,62,18,0,0,0,0,0,0,0,0,0,0,45,22,0,0,0,0,0,0,0,0,0,0,12,3,0,0,0,0,0,0,0,0,0,0,0,0,0,21,forward
0,0,0,0,0,0,0,0,46,0,0,0,0,0,0,0,0,0,0,0,32,45,0,0,0,0,0,0,0,0,0,0,55,54,0,0,0,0,0,0,0,0,0,0,54,15,0,0,0,0,0,0,0,0,0,32,56,13,0,0,0,0,0,0,0,0,0,0,43,14,0,0,0,0,0,0,0,0,0,0,11,0,0,0,0,0,0,0,0,0,0,0,0,0,0,7,forward
0,0,0,0,0,0,0,0,43,0,0,0,0,0,0,0,0,0,0,0,29,40,0,0,0,0,0,0,0,0,0,0,53,45,0,0,0,0,0,0,0,0,0,0,50,0,0,0,0,0,0,0,0,0,0,35,59,14,0,0,0,0,0,0,0,0,0,0,46,19,0,0,0,0,0,0,0,0,0,0,17,5,0,0,0,0,0,0,0,0,0,0,0,0,0,9,forward
0,0,0,0,0,0,0,0,42,0,0,0,0,0,0,0,0,0,0,0,29,38,0,0,0,0,0,0,0,0,0,0,56,43,0,0,0,0,0,0,0,0,0,0,50,0,0,0,0,0,0,0,0,0,0,34,61,18,0,0,0,0,0,0,0,0,0,0,47,24,0,0,0,0,0,0,0,0,0,0,17,6,0,0,0,0,0,0,0,0,0,0,0,0,0,14,forward
0,0,0,0,0,0,0,0,48,4,0,0,0,0,0,0,0,0,0,0,33,44,0,0,0,0,0,0,0,0,0,0,56,46,0,0,0,0,0,0,0,0,0,0,48,0,0,0,0,0,0,0,0,0,0,38,61,19,0,0,0,0,0,0,0,0,0,0,44,25,0,0,0,0,0,0,0,0,0,0,9,6,0,0,0,0,0,0,0,0,0,0,0,0,0,19,forward
0,0,0,0,0,0,0,0,52,8,0,0,0,0,0,0,0,0,0,0,38,50,0,0,0,0,0,0,0,0,0,0,53,58,0,0,0,0,0,0,0,0,0,0,47,17,0,0,0,0,0,0,0,0,0,37,60,17,0,0,0,0,0,0,0,0,0,0,43,22,0,0,0,0,0,0,0,0,0,0,10,3,0,0,0,0,0,0,0,0,0,0,0,0,0,12,forward
0,0,0,0,0,0,0,0,50,5,0,0,0,0,0,0,0,0,0,0,36,49,0,0,0,0,0,0,0,0,0,0,36,57,0,0,0,0,0,0,0,0,0,0,35,23,0,0,0,0,0,0,0,0,0,29,52,0,0,0,0,0,0,0,0,0,0,0,38,0,0,0,0,0,0,0,0,0,0,0,15,0,0,0,0,0,0,0,0,0,0,0,0,0,0,0,forward
0,0,0,0,0,0,0,0,46,3,0,0,0,0,0,0,0,0,0,0,33,47,0,0,0,0,0,0,0,0,0,0,42,55,0,0,0,0,0,0,0,0,0,0,39,17,0,0,0,0,0,0,0,0,0,29,54,0,0,0,0,0,0,0,0,0,0,0,40,0,0,0,0,0,0,0,0,0,0,0,15,0,0,0,0,0,0,0,0,0,0,0,0,0,0,0,forward
0,0,0,0,0,0,0,0,43,0,0,0,0,0,0,0,0,0,0,0,33,34,0,0,0,0,0,0,0,0,0,0,43,42,0,0,0,0,0,0,0,0,0,0,34,0,0,0,0,0,0,0,0,0,0,29,64,19,0,0,0,0,0,0,0,0,0,0,42,23,0,0,0,0,0,0,0,0,0,0,18,6,0,0,0,0,0,0,0,0,0,0,0,0,0,13,forward
0,0,0,0,0,0,0,0,0,0,0,0,0,4,43,0,0,0,0,0,0,0,0,0,0,0,66,0,0,0,0,0,0,0,0,0,0,0,0,0,0,0,0,0,0,0,0,0,0,0,0,0,0,0,0,0,0,0,0,0,0,0,42,0,0,0,0,0,0,0,0,0,0,0,47,0,0,0,0,0,0,0,0,0,0,0,0,0,0,0,0,0,0,0,0,0,backward
0,0,0,0,0,0,0,0,0,0,0,0,0,10,47,0,0,0,0,0,0,0,0,0,0,4,64,0,0,0,0,0,0,0,0,0,0,0,0,0,0,0,0,0,0,0,0,0,0,0,0,0,0,0,0,0,0,0,0,0,0,0,44,0,0,0,0,0,0,0,0,0,0,0,48,0,0,0,0,0,0,0,0,0,0,0,0,0,0,0,0,0,0,0,0,0,backward
0,0,0,0,0,0,0,0,0,0,0,0,0,8,50,0,0,0,0,0,0,0,0,0,0,5,70,0,0,0,0,0,0,0,0,0,0,0,0,0,0,0,0,0,0,0,0,0,0,0,0,0,0,0,0,0,0,0,0,0,0,0,45,0,0,0,0,0,0,0,0,0,0,0,48,0,0,0,0,0,0,0,0,0,0,0,0,0,0,0,0,0,0,0,0,0,backward
0,0,0,0,0,0,0,0,0,0,0,0,0,13,53,0,0,0,0,0,0,0,0,0,0,4,69,0,0,0,0,0,0,0,0,0,0,0,0,0,0,0,0,0,0,0,0,0,0,0,0,0,0,0,0,0,0,0,0,0,0,0,46,0,0,0,0,0,0,0,0,0,0,0,52,0,0,0,0,0,0,0,0,0,0,0,0,0,0,0,0,0,0,0,0,0,backward
0,0,0,0,0,0,0,0,0,0,0,0,0,14,53,0,0,0,0,0,0,0,0,0,0,7,71,0,0,0,0,0,0,0,0,0,0,0,0,0,0,0,0,0,0,0,0,0,0,0,0,0,0,0,0,0,0,0,0,0,0,0,47,0,0,0,0,0,0,0,0,0,0,0,54,0,0,0,0,0,0,0,0,0,0,0,0,0,0,0,0,0,0,0,0,0,backward
0,0,0,0,0,0,0,0,0,0,0,0,0,11,53,0,0,0,0,0,0,0,0,0,0,4,65,0,0,0,0,0,0,0,0,0,0,0,0,0,0,0,0,0,0,0,0,0,0,0,0,0,0,0,0,0,0,0,0,0,0,0,46,0,0,0,0,0,0,0,0,0,0,0,56,0,0,0,0,0,0,0,0,0,0,0,0,0,0,0,0,0,0,0,0,0,backward
0,0,0,0,0,13,0,0,11,0,0,0,0,0,28,0,0,0,0,0,0,0,0,0,0,0,0,0,0,0,0,0,0,0,0,0,0,0,0,0,0,0,0,0,0,0,0,0,0,0,0,0,0,0,0,0,0,0,0,0,0,0,30,0,0,0,0,0,0,0,0,0,0,0,32,0,0,0,0,0,0,0,0,0,0,0,0,0,0,0,0,0,37,0,0,0,strafe_left
0,0,0,0,0,13,0,0,16,0,0,0,0,0,25,0,0,0,0,0,0,0,0,0,0,0,0,0,0,0,0,0,0,0,0,0,0,0,0,0,0,0,0,0,0,0,0,0,0,0,0,0,0,0,0,0,0,0,0,0,0,0,31,0,0,0,0,0,0,0,0,0,0,0,32,0,0,0,0,0,0,0,0,0,0,0,0,0,0,0,0,0,37,0,0,0,strafe_left
0,0,0,0,0,13,0,0,13,0,0,0,0,0,25,0,0,0,0,0,0,0,0,0,0,0,0,0,0,0,0,0,0,0,0,0,0,0,0,0,0,0,0,0,0,0,0,0,0,0,0,0,0,0,0,0,0,0,0,0,0,0,29,0,0,0,0,0,0,0,0,0,0,0,30,0,0,0,0,0,0,0,0,0,0,0,0,0,0,0,0,0,35,0,0,0,strafe_left
0,0,0,0,0,13,0,0,16,0,0,0,0,0,24,0,0,0,0,0,0,0,0,0,0,0,0,0,0,0,0,0,0,0,0,0,0,0,0,0,0,0,0,0,0,0,0,0,0,0,0,0,0,0,0,0,0,0,0,0,0,0,30,0,0,0,0,0,0,0,0,0,0,0,31,0,0,0,0,0,0,0,0,0,0,0,0,0,0,0,0,0,38,0,0,0,strafe_left
0,0,0,0,0,13,0,0,16,0,0,0,0,0,25,0,0,0,0,0,0,0,0,0,0,0,0,0,0,0,0,0,0,0,0,0,0,0,0,0,0,0,0,0,0,0,0,0,0,0,0,0,0,0,0,0,0,0,0,0,0,0,30,0,0,0,0,0,0,0,0,0,0,0,32,0,0,0,0,0,0,0,0,0,0,0,0,0,0,0,0,0,37,0,0,0,strafe_left
0,0,0,0,0,11,0,0,16,0,0,0,0,0,25,0,0,0,0,0,0,0,0,0,0,0,7,0,0,0,0,0,0,0,0,0,0,0,0,0,0,0,0,0,0,0,0,0,0,0,0,0,0,0,0,0,0,0,0,0,0,0,29,0,0,0,0,0,0,0,0,0,0,0,32,0,0,0,0,0,0,0,0,0,0,0,0,0,0,0,0,0,35,0,0,0,strafe_left
0,0,0,0,0,12,0,0,17,0,0,0,0,0,26,5,0,0,0,0,0,0,0,0,0,0,11,0,0,0,0,0,0,0,0,0,0,0,0,0,0,0,0,0,0,0,0,0,0,0,0,0,0,0,0,0,0,0,0,0,0,0,28,0,0,0,0,0,0,0,0,0,0,0,31,0,0,0,0,0,0,0,0,0,0,0,0,0,0,0,0,0,33,0,0,0,strafe_left
0,0,0,0,0,12,0,0,18,0,0,0,0,0,25,4,0,0,0,0,0,0,0,0,0,0,12,0,0,0,0,0,0,0,0,0,0,0,0,0,0,0,0,0,0,0,0,0,0,0,0,0,0,0,0,0,0,0,0,0,0,0,22,0,0,0,0,0,0,0,0,0,0,0,31,0,0,0,0,0,0,0,0,0,0,0,0,0,0,0,0,0,31,0,0,0,strafe_left
0,0,0,0,0,12,0,0,17,0,0,0,0,0,26,5,0,0,0,0,0,0,0,0,0,0,15,0,0,0,0,0,0,0,0,0,0,0,0,0,0,0,0,0,0,0,0,0,0,0,0,0,0,0,0,0,0,0,0,0,0,0,25,0,0,0,0,0,0,0,0,0,0,0,31,0,0,0,0,0,0,0,0,0,0,0,0,0,0,0,0,0,30,0,0,0,strafe_left
0,0,0,0,0,0,0,0,0,0,0,0,0,0,24,0,0,0,0,0,0,0,0,0,0,0,40,0,0,0,0,0,0,0,0,0,0,0,0,0,0,0,0,0,29,0,0,0,0,0,0,0,19,26,0,11,0,0,0,0,0,0,19,0,0,0,0,0,0,0,0,0,0,0,15,0,0,0,0,0,0,0,0,0,0,0,0,0,0,0,0,0,0,0,0,0,strafe_right
0,0,0,0,0,0,0,0,0,0,0,0,0,0,25,0,0,0,0,0,0,0,0,0,0,0,40,0,0,0,0,0,0,0,0,0,0,0,0,0,0,0,0,0,33,0,0,0,0,0,0,0,18,22,0,6,0,0,0,0,0,0,23,0,0,0,0,0,0,0,0,0,0,0,11,0,0,0,0,0,0,0,0,0,0,0,0,0,0,0,0,0,0,0,0,0,strafe_right
0,0,0,0,0,0,0,0,0,0,0,0,0,0,26,0,0,0,0,0,0,0,0,0,0,0,40,0,0,0,0,0,0,0,0,0,0,0,0,0,0,0,0,0,33,0,0,0,0,0,0,0,13,20,0,8,0,0,0,0,0,0,26,0,0,0,0,0,0,0,0,0,0,0,13,0,0,0,0,0,0,0,0,0,0,0,0,0,0,0,0,0,0,0,0,0,strafe_right
0,0,0,0,0,0,0,0,0,0,0,0,0,0,25,0,0,0,0,0,0,0,0,0,0,0,40,0,0,0,0,0,0,0,0,0,0,0,0,0,0,0,0,0,33,0,0,0,0,0,0,0,13,22,0,9,0,0,0,0,0,0,26,0,0,0,0,0,0,0,0,0,0,0,13,0,0,0,0,0,0,0,0,0,0,0,0,0,0,0,0,0,0,0,0,0,strafe_right
0,0,0,0,0,0,0,0,0,0,0,0,0,0,25,0,0,0,0,0,0,0,0,0,0,0,41,0,0,0,0,0,0,0,0,0,0,0,0,0,0,0,0,0,34,0,0,0,0,0,0,0,12,20,0,9,0,0,0,0,0,0,25,0,0,0,0,0,0,0,0,0,0,0,11,0,0,0,0,0,0,0,0,0,0,0,0,0,0,0,0,0,0,0,0,0,strafe_right
0,0,0,0,0,0,0,0,0,0,0,0,0,0,26,0,0,0,0,0,0,0,0,0,0,0,42,0,0,0,0,0,0,0,0,0,0,0,0,0,0,0,0,0,32,0,0,0,0,0,0,0,9,18,0,10,0,0,0,0,0,0,27,0,0,0,0,0,0,0,0,0,0,0,15,0,0,0,0,0,0,0,0,0,0,0,0,0,0,0,0,0,0,0,0,0,strafe_right
0,0,0,0,0,0,0,0,3,0,0,0,0,0,23,0,0,0,0,0,0,0,0,0,0,0,40,0,0,0,0,0,0,0,0,0,0,0,0,0,0,0,0,0,25,0,0,0,0,0,0,0,0,15,0,17,11,0,0,0,0,0,14,0,0,0,0,0,0,0,0,0,0,0,25,0,0,0,0,0,0,0,0,0,0,0,0,0,0,0,0,0,0,0,0,0,strafe_right
0,0,0,0,0,0,0,0,4,0,0,0,0,0,20,0,0,0,0,0,0,0,0,0,0,0,40,0,0,0,0,0,0,0,0,0,0,0,0,0,0,0,0,0,23,0,0,0,0,0,0,0,3,17,0,16,11,0,0,0,0,0,14,0,0,0,0,0,0,0,0,0,0,0,28,0,0,0,0,0,0,0,0,0,0,0,0,0,0,0,0,0,0,0,0,0,strafe_right
0,0,0,0,0,0,0,0,3,0,0,0,0,0,22,0,0,0,0,0,0,0,0,0,0,0,40,0,0,0,0,0,0,0,0,0,0,0,0,0,0,0,0,0,25,0,0,0,0,0,0,0,3,16,0,18,13,0,0,0,0,0,15,0,0,0,0,0,0,0,0,0,0,0,26,0,0,0,0,0,0,0,0,0,0,0,0,0,0,0,0,0,0,0,0,0,strafe_right
0,0,0,0,0,0,0,0,0,0,0,0,0,0,26,0,0,0,0,0,0,0,0,0,0,0,41,0,0,0,0,0,0,0,0,0,0,0,0,0,0,0,0,0,29,0,0,0,0,0,0,0,0,16,0,14,10,0,0,0,0,0,16,0,0,0,0,0,0,0,0,0,0,0,34,0,0,0,0,0,0,0,0,0,0,0,0,0,0,0,0,0,0,0,0,0,strafe_right
0,0,0,0,0,0,0,0,0,0,0,0,0,37,34,0,0,0,0,0,0,0,0,0,0,56,76,0,0,0,0,0,0,0,0,0,0,0,0,0,0,0,0,0,0,0,0,0,0,0,0,0,0,0,0,0,0,0,0,0,0,0,34,0,0,0,0,0,0,0,0,0,0,24,41,0,0,0,0,0,0,0,0,0,0,0,0,0,0,0,0,0,0,0,0,0,backward
0,0,0,0,0,0,0,0,0,0,0,0,0,37,36,0,0,0,0,0,0,0,0,0,0,56,82,0,0,0,0,0,0,0,0,0,0,0,0,0,0,0,0,0,0,0,0,0,0,0,0,0,0,0,0,0,0,0,0,0,0,0,34,0,0,0,0,0,0,0,0,0,0,23,43,0,0,0,0,0,0,0,0,0,0,0,0,0,0,0,0,0,0,0,0,0,backward
0,0,0,0,0,0,0,0,0,0,0,0,0,40,38,0,0,0,0,0,0,0,0,0,0,57,83,0,0,0,0,0,0,0,0,0,0,0,0,0,0,0,0,0,0,0,0,0,0,0,0,0,0,0,0,0,0,0,0,0,0,0,33,0,0,0,0,0,0,0,0,0,0,28,42,0,0,0,0,0,0,0,0,0,0,0,0,0,0,0,0,0,0,0,0,0,backward
0,0,0,0,0,0,0,0,0,0,0,0,0,39,39,0,0,0,0,0,0,0,0,0,0,58,83,0,0,0,0,0,0,0,0,0,0,0,0,0,0,0,0,0,0,0,0,0,0,0,0,0,0,0,0,0,0,0,0,0,0,0,37,0,0,0,0,0,0,0,0,0,0,25,45,0,0,0,0,0,0,0,0,0,0,0,0,0,0,0,0,0,0,0,0,0,backward
0,0,0,0,0,0,0,0,0,0,0,0,0,35,42,0,0,0,0,0,0,0,0,0,0,56,82,0,0,0,0,0,0,0,0,0,0,0,0,0,0,0,0,0,0,0,0,0,0,0,0,0,0,0,0,0,0,0,0,0,0,0,44,0,0,0,0,0,0,0,0,0,0,26,56,0,0,0,0,0,0,0,0,0,0,0,0,0,0,0,0,0,0,0,0,0,backward
0,0,0,0,0,0,0,0,0,0,0,0,0,39,40,0,0,0,0,0,0,0,0,0,0,55,82,0,0,0,0,0,0,0,0,0,0,0,0,0,0,0,0,0,0,0,0,0,0,0,0,0,0,0,0,0,0,0,0,0,0,0,47,0,0,0,0,0,0,0,0,0,0,27,56,0,0,0,0,0,0,0,0,0,0,0,0,0,0,0,0,0,0,0,0,0,backward
0,0,0,0,0,0,0,0,0,0,0,0,0,42,45,0,0,0,0,0,0,0,0,0,0,57,83,0,0,0,0,0,0,0,0,0,0,0,0,0,0,0,0,0,0,0,0,0,0,0,0,0,0,0,0,0,0,0,0,0,0,0,46,0,0,0,0,0,0,0,0,0,0,26,54,0,0,0,0,0,0,0,0,0,0,0,0,0,0,0,0,0,0,0,0,0,backward
0,0,0,0,0,0,0,0,0,0,0,0,0,40,46,0,0,0,0,0,0,0,0,0,0,60,84,0,0,0,0,0,0,0,0,0,0,0,0,0,0,0,0,0,0,0,0,0,0,0,0,0,0,0,0,0,0,0,0,0,0,0,46,0,0,0,0,0,0,0,0,0,0,26,51,0,0,0,0,0,0,0,0,0,0,0,0,0,0,0,0,0,0,0,0,0,backward
0,0,0,0,0,0,0,0,0,0,0,0,0,42,48,0,0,0,0,0,0,0,0,0,0,60,84,0,0,0,0,0,0,0,0,0,0,0,0,0,0,0,0,0,0,0,0,0,0,0,0,0,0,0,0,0,0,0,0,0,0,0,46,0,0,0,0,0,0,0,0,0,0,25,55,0,0,0,0,0,0,0,0,0,0,0,0,0,0,0,0,0,0,0,0,0,backward
0,0,0,0,0,0,0,0,0,0,0,0,0,42,48,0,0,0,0,0,0,0,0,0,0,61,80,0,0,0,0,0,0,0,0,0,0,0,0,0,0,0,0,0,0,0,0,0,0,0,0,0,0,0,0,0,0,0,0,0,0,0,47,0,0,0,0,0,0,0,0,0,0,24,56,0,0,0,0,0,0,0,0,0,0,0,0,0,0,0,0,0,0,0,0,0,backward
0,0,0,0,0,0,0,0,0,0,0,0,0,41,50,0,0,0,0,0,0,0,0,0,0,54,84,0,0,0,0,0,0,0,0,0,0,0,0,0,0,0,0,0,0,0,0,0,0,0,0,0,0,0,0,0,0,0,0,0,0,0,47,0,0,0,0,0,0,0,0,0,0,22,54,0,0,0,0,0,0,0,0,0,0,0,0,0,0,0,0,0,0,0,0,0,backward
0,0,0,0,0,0,0,0,24,0,0,0,0,0,0,0,0,0,0,0,0,34,0,0,0,0,0,0,0,0,0,0,19,47,0,0,0,0,0,0,0,0,0,0,37,21,0,0,0,0,0,0,0,0,0,7,60,16,0,0,0,0,0,0,0,0,0,0,41,34,0,0,0,0,0,0,0,0,0,0,25,29,0,0,0,0,0,0,0,0,0,0,17,0,0,11,forward
0,0,0,0,0,0,0,0,26,0,0,0,0,0,0,0,0,0,0,0,4,36,0,0,0,0,0,0,0,0,0,0,18,48,0,0,0,0,0,0,0,0,0,0,36,23,0,0,0,0,0,0,0,0,0,7,60,16,0,0,0,0,0,0,0,0,0,0,41,34,0,0,0,0,0,0,0,0,0,0,25,29,0,0,0,0,0,0,0,0,0,0,17,0,0,11,forward
0,0,0,0,0,0,0,0,27,0,0,0,0,0,0,0,0,0,0,0,6,32,0,0,0,0,0,0,0,0,0,0,18,49,0,0,0,0,0,0,0,0,0,0,36,23,0,0,0,0,0,0,0,0,0,7,60,16,0,0,0,0,0,0,0,0,0,0,41,34,0,0,0,0,0,0,0,0,0,0,25,29,0,0,0,0,0,0,0,0,0,0,17,0,0,11,forward
0,0,0,0,0,0,0,0,28,0,0,0,0,0,0,0,0,0,0,0,6,36,0,0,0,0,0,0,0,0,0,0,19,49,0,0,0,0,0,0,0,0,0,0,37,24,0,0,0,0,0,0,0,0,0,7,60,16,0,0,0,0,0,0,0,0,0,0,41,34,0,0,0,0,0,0,0,0,0,0,25,29,0,0,0,0,0,0,0,0,0,0,17,0,0,11,forward
0,0,0,0,0,0,0,0,27,0,0,0,0,0,0,0,0,0,0,0,5,37,0,0,0,0,0,0,0,0,0,0,19,49,0,0,0,0,0,0,0,0,0,0,35,22,0,0,0,0,0,0,0,0,0,7,60,16,0,0,0,0,0,0,0,0,0,0,41,34,0,0,0,0,0,0,0,0,0,0,25,29,0,0,0,0,0,0,0,0,0,0,17,0,0,11,forward
0,0,0,0,0,0,0,0,24,0,0,0,0,0,0,0,0,0,0,0,7,37,0,0,0,0,0,0,0,0,0,0,20,49,0,0,0,0,0,0,0,0,0,0,34,21,0,0,0,0,0,0,0,0,0,7,60,16,0,0,0,0,0,0,0,0,0,0,41,34,0,0,0,0,0,0,0,0,0,0,25,29,0,0,0,0,0,0,0,0,0,0,17,0,0,11,forward
0,0,0,0,0,0,0,0,28,0,0,0,0,0,0,0,0,0,0,0,6,33,0,0,0,0,0,0,0,0,0,0,21,50,0,0,0,0,0,0,0,0,0,0,35,20,0,0,0,0,0,0,0,0,0,14,61,22,0,0,0,0,0,0,0,0,0,0,46,39,0,0,0,0,0,0,0,0,0,0,25,37,0,0,0,0,0,0,0,0,0,0,13,0,0,0,forward
0,0,0,0,0,0,0,0,27,0,0,0,0,0,0,0,0,0,0,0,0,37,0,0,0,0,0,0,0,0,0,0,21,49,0,0,0,0,0,0,0,0,0,0,34,18,0,0,0,0,0,0,0,0,0,14,61,22,0,0,0,0,0,0,0,0,0,0,46,39,0,0,0,0,0,0,0,0,0,0,25,37,0,0,0,0,0,0,0,0,0,0,13,0,0,0,forward
0,0,0,0,0,24,0,0,13,0,0,0,0,0,25,4,0,0,0,0,0,0,0,0,0,0,40,0,0,0,0,0,0,0,0,0,0,0,0,0,0,0,0,0,0,0,0,0,0,0,0,0,0,0,0,0,0,0,0,0,0,0,14,0,0,0,0,0,0,0,0,0,0,0,37,0,0,0,0,0,0,0,0,0,0,0,7,0,0,0,0,0,23,0,0,0,strafe_left
0,0,0,0,0,23,0,0,12,0,0,0,0,0,26,5,0,0,0,0,0,0,0,0,0,0,41,0,0,0,0,0,0,0,0,0,0,0,0,0,0,0,0,0,0,0,0,0,0,0,0,0,0,0,0,0,0,0,0,0,0,0,15,0,0,0,0,0,0,0,0,0,0,0,37,0,0,0,0,0,0,0,0,0,0,0,8,0,0,0,0,0,21,0,0,0,strafe_left
0,0,0,0,0,26,0,0,11,0,0,0,0,0,26,6,0,0,0,0,0,0,0,0,0,0,31,0,0,0,0,0,0,0,0,0,0,0,0,0,0,0,0,0,0,0,0,0,0,0,0,0,0,0,0,0,0,0,0,0,0,0,14,0,0,0,0,0,0,0,0,0,0,0,36,0,0,0,0,0,0,0,0,0,0,0,9,0,0,0,0,0,20,0,0,0,strafe_left
0,0,0,0,0,21,0,0,5,0,0,0,0,0,33,9,0,0,0,0,0,0,0,0,0,0,48,0,0,0,0,0,0,0,0,0,0,0,0,0,0,0,0,0,0,0,0,0,0,0,0,0,0,0,0,0,0,0,0,0,0,0,11,0,0,0,0,0,0,0,0,0,0,0,36,0,0,0,0,0,0,0,0,0,0,0,9,0,0,0,0,0,20,0,0,0,strafe_left
0,0,0,0,0,21,0,0,6,0,0,0,0,0,33,11,0,0,0,0,0,0,0,0,0,0,45,0,0,0,0,0,0,0,0,0,0,0,0,0,0,0,0,0,0,0,0,0,0,0,0,0,0,0,0,0,0,0,0,0,0,0,14,0,0,0,0,0,0,0,0,0,0,0,35,0,0,0,0,0,0,0,0,0,0,0,7,0,0,0,0,0,20,0,0,0,strafe_left
0,0,0,0,0,23,0,0,9,0,0,0,0,0,31,9,0,0,0,0,0,0,0,0,0,0,41,0,0,0,0,0,0,0,0,0,0,0,0,0,0,0,0,0,0,0,0,0,0,0,0,0,0,0,0,0,0,0,0,0,0,0,13,0,0,0,0,0,0,0,0,0,0,0,33,0,0,0,0,0,0,0,0,0,0,0,8,0,0,0,0,0,18,0,0,0,strafe_left
0,0,0,0,0,24,0,0,9,0,0,0,0,0,32,9,0,0,0,0,0,0,0,0,0,0,40,0,0,0,0,0,0,0,0,0,0,0,0,0,0,0,0,0,0,0,0,0,0,0,0,0,0,0,0,0,0,0,0,0,0,0,15,0,0,0,0,0,0,0,0,0,0,0,35,0,0,0,0,0,0,0,0,0,0,0,8,0,0,0,0,0,19,0,0,0,strafe_left
0,0,0,0,0,24,0,0,11,0,0,0,0,0,29,8,0,0,0,0,0,0,0,0,0,0,31,0,0,0,0,0,0,0,0,0,0,0,0,0,0,0,0,0,0,0,0,0,0,0,0,0,0,0,0,0,0,0,0,0,0,0,14,0,0,0,0,0,0,0,0,0,0,0,36,0,0,0,0,0,0,0,0,0,0,0,9,0,0,0,0,0,20,0,0,0,strafe_left
0,0,0,0,0,22,0,0,9,0,0,0,0,0,35,12,0,0,0,0,0,0,0,0,0,0,42,0,0,0,0,0,0,0,0,0,0,0,0,0,0,0,0,0,0,0,0,0,0,0,0,0,0,0,0,0,0,0,0,0,0,0,15,0,0,0,0,0,0,0,0,0,0,0,37,0,0,0,0,0,0,0,0,0,0,0,9,0,0,0,0,0,20,0,0,0,strafe_left
0,0,0,0,0,0,0,0,11,0,0,0,0,0,16,0,0,0,0,0,0,0,0,0,0,0,43,0,0,0,0,0,0,0,0,0,0,0,0,0,0,0,0,0,6,0,0,0,0,0,0,0,0,25,0,18,55,0,0,0,0,0,4,0,0,0,0,0,7,0,0,0,0,0,28,0,0,0,0,0,0,0,0,0,0,0,0,0,0,0,0,0,0,0,0,0,strafe_right
0,0,0,0,0,0,0,0,12,0,0,0,0,0,16,0,0,0,0,0,0,0,0,0,0,0,44,0,0,0,0,0,0,0,0,0,0,0,0,0,0,0,0,0,5,0,0,0,0,0,0,0,0,25,0,18,55,0,0,0,0,0,4,0,0,0,0,0,7,0,0,0,0,0,28,0,0,0,0,0,0,0,0,0,0,0,0,0,0,0,0,0,0,0,0,0,strafe_right
0,0,0,0,0,0,0,0,13,0,0,0,0,0,15,0,0,0,0,0,0,0,0,0,0,0,44,0,0,0,0,0,0,0,0,0,0,0,0,0,0,0,0,0,0,0,0,0,0,0,0,0,0,25,0,18,55,0,0,0,0,0,4,0,0,0,0,0,7,0,0,0,0,0,28,0,0,0,0,0,0,0,0,0,0,0,0,0,0,0,0,0,0,0,0,0,strafe_right
0,0,0,0,0,0,0,0,13,0,0,0,0,0,16,0,0,0,0,0,0,0,0,0,0,0,43,0,0,0,0,0,0,0,0,0,0,0,0,0,0,0,0,0,5,0,0,0,0,0,0,0,0,25,0,18,55,0,0,0,0,0,4,0,0,0,0,0,7,0,0,0,0,0,28,0,0,0,0,0,0,0,0,0,0,0,0,0,0,0,0,0,0,0,0,0,strafe_right
0,0,0,0,0,0,0,0,14,0,0,0,0,0,14,0,0,0,0,0,0,0,0,0,0,0,44,0,0,0,0,0,0,0,0,0,0,0,0,0,0,0,0,0,3,0,0,0,0,0,0,0,0,33,32,47,82,0,0,0,0,0,0,0,0,0,0,0,0,0,0,0,0,0,0,0,0,0,0,0,0,0,0,0,0,0,0,0,0,0,0,0,0,0,0,0,strafe_right
0,0,0,0,0,0,0,0,15,0,0,0,0,0,14,0,0,0,0,0,0,0,0,0,0,0,43,0,0,0,0,0,0,0,0,0,0,0,0,0,0,0,0,0,0,0,0,0,0,0,0,0,0,31,31,48,82,0,0,0,0,0,0,0,0,0,0,0,0,0,0,0,0,0,0,0,0,0,0,0,0,0,0,0,0,0,0,0,0,0,0,0,0,0,0,0,strafe_right
0,0,0,0,0,0,0,0,15,0,0,0,0,0,14,0,0,0,0,0,0,0,0,0,0,0,43,0,0,0,0,0,0,0,0,0,0,0,0,0,0,0,0,0,0,0,0,0,0,0,0,0,0,29,31,47,82,0,0,0,0,0,0,0,0,0,0,0,0,0,0,0,0,0,0,0,0,0,0,0,0,0,0,0,0,0,0,0,0,0,0,0,0,0,0,0,strafe_right
0,0,0,0,0,0,0,0,16,0,0,0,0,0,13,0,0,0,0,0,0,0,0,0,0,0,44,0,0,0,0,0,0,0,0,0,0,0,0,0,0,0,0,0,0,0,0,0,0,0,0,0,0,30,30,47,82,0,0,0,0,0,0,0,0,0,0,0,0,0,0,0,0,0,0,0,0,0,0,0,0,0,0,0,0,0,0,0,0,0,0,0,0,0,0,0,strafe_right
0,0,0,0,0,0,0,0,16,0,0,0,0,0,11,0,0,0,0,0,0,0,0,0,0,0,43,0,0,0,0,0,0,0,0,0,0,0,0,0,0,0,0,0,0,0,0,0,0,0,0,0,0,30,29,47,82,0,0,0,0,0,0,0,0,0,0,0,0,0,0,0,0,0,0,0,0,0,0,0,0,0,0,0,0,0,0,0,0,0,0,0,0,0,0,0,strafe_right
0,0,0,0,0,0,0,0,16,0,0,0,0,0,13,0,0,0,0,0,0,0,0,0,0,0,41,0,0,0,0,0,0,0,0,0,0,0,0,0,0,0,0,0,0,0,0,0,0,0,0,0,0,24,27,46,83,0,0,0,0,0,0,0,0,0,0,0,0,0,0,0,0,0,0,0,0,0,0,0,0,0,0,0,0,0,0,0,0,0,0,0,0,0,0,0,strafe_right
0,0,0,0,0,0,0,0,16,0,0,0,0,0,13,0,0,0,0,0,0,0,0,0,0,0,43,0,0,0,0,0,0,0,0,0,0,0,0,0,0,0,0,0,0,0,0,0,0,0,0,0,0,25,28,47,87,0,0,0,0,0,0,0,0,0,0,0,0,0,0,0,0,0,0,0,0,0,0,0,0,0,0,0,0,0,0,0,0,0,0,0,0,0,0,0,strafe_right
0,0,0,0,0,0,0,0,16,0,0,0,0,0,13,0,0,0,0,0,0,0,0,0,0,0,43,0,0,0,0,0,0,0,0,0,0,0,0,0,0,0,0,0,0,0,0,0,0,0,0,0,0,25,27,47,86,0,0,0,0,0,0,0,0,0,0,0,0,0,0,0,0,0,0,0,0,0,0,0,0,0,0,0,0,0,0,0,0,0,0,0,0,0,0,0,strafe_right
0,0,0,0,0,0,0,0,0,0,0,0,0,22,56,0,0,0,0,0,0,0,0,0,0,37,93,0,0,0,0,0,0,0,0,0,0,0,0,0,0,0,0,0,0,0,0,0,0,0,0,0,0,0,0,0,0,0,0,0,0,0,49,0,0,0,0,0,0,0,0,0,0,56,83,0,0,0,0,0,0,0,0,0,0,0,6,0,0,0,0,0,0,0,0,0,backward
0,0,0,0,0,0,0,0,0,0,0,0,0,22,56,0,0,0,0,0,0,0,0,0,0,37,94,0,0,0,0,0,0,0,0,0,0,0,0,0,0,0,0,0,0,0,0,0,0,0,0,0,0,0,0,0,0,0,0,0,0,0,46,0,0,0,0,0,0,0,0,0,0,57,80,0,0,0,0,0,0,0,0,0,0,0,0,0,0,0,0,0,0,0,0,0,backward
0,0,0,0,0,0,0,0,0,0,0,0,0,22,56,0,0,0,0,0,0,0,0,0,0,36,94,0,0,0,0,0,0,0,0,0,0,0,0,0,0,0,0,0,0,0,0,0,0,0,0,0,0,0,0,0,0,0,0,0,0,0,45,0,0,0,0,0,0,0,0,0,0,57,76,0,0,0,0,0,0,0,0,0,0,0,0,0,0,0,0,0,0,0,0,0,backward
0,0,0,0,0,0,0,0,0,0,0,0,0,25,56,0,0,0,0,0,0,0,0,0,0,36,93,0,0,0,0,0,0,0,0,0,0,0,0,0,0,0,0,0,0,0,0,0,0,0,0,0,0,0,0,0,0,0,0,0,0,0,45,0,0,0,0,0,0,0,0,0,0,57,81,0,0,0,0,0,0,0,0,0,0,0,0,0,0,0,0,0,0,0,0,0,backward
0,0,0,0,0,0,0,0,0,0,0,0,0,24,57,0,0,0,0,0,0,0,0,0,0,36,94,0,0,0,0,0,0,0,0,0,0,0,0,0,0,0,0,0,0,0,0,0,0,0,0,0,0,0,0,0,0,0,0,0,0,0,44,0,0,0,0,0,0,0,0,0,0,56,81,0,0,0,0,0,0,0,0,0,0,0,0,0,0,0,0,0,0,0,0,0,backward
0,0,0,0,0,0,0,0,15,0,0,0,0,0,10,0,0,0,0,0,0,0,0,0,0,0,52,0,0,0,0,0,0,0,0,0,0,0,0,0,0,0,0,0,0,0,0,0,0,0,0,0,0,0,0,6,14,0,0,0,0,0,20,0,0,0,0,0,0,0,0,0,0,0,48,0,0,0,0,0,0,0,0,0,0,0,32,0,0,0,0,0,0,0,0,0,none
0,0,0,0,0,0,0,0,13,0,0,0,0,0,10,0,0,0,0,0,0,0,0,0,0,0,52,0,0,0,0,0,0,0,0,0,0,0,0,0,0,0,0,0,0,0,0,0,0,0,0,0,0,0,0,7,14,0,0,0,0,0,20,0,0,0,0,0,0,0,0,0,0,0,48,0,0,0,0,0,0,0,0,0,0,0,31,0,0,0,0,0,0,0,0,0,none
0,0,0,0,0,0,0,0,16,0,0,0,0,0,10,0,0,0,0,0,0,0,0,0,0,0,53,0,0,0,0,0,0,0,0,0,0,0,0,0,0,0,0,0,0,0,0,0,0,0,0,0,0,0,0,6,14,0,0,0,0,0,19,0,0,0,0,0,0,0,0,0,0,0,48,0,0,0,0,0,0,0,0,0,0,0,31,0,0,0,0,0,0,0,0,0,none
0,0,0,0,0,0,0,0,16,0,0,0,0,0,10,0,0,0,0,0,0,0,0,0,0,0,53,0,0,0,0,0,0,0,0,0,0,0,0,0,0,0,0,0,0,0,0,0,0,0,0,0,0,0,0,6,14,0,0,0,0,0,18,0,0,0,0,0,0,0,0,0,0,0,49,0,0,0,0,0,0,0,0,0,0,0,32,0,0,0,0,0,0,0,0,0,none
0,0,0,0,0,0,0,0,16,0,0,0,0,0,10,0,0,0,0,0,0,0,0,0,0,0,52,0,0,0,0,0,0,0,0,0,0,0,0,0,0,0,0,0,0,0,0,0,0,0,0,0,0,0,0,5,10,0,0,0,0,0,21,0,0,0,0,0,0,0,0,0,0,0,48,0,0,0,0,0,0,0,0,0,0,0,31,0,0,0,0,0,0,0,0,0,none
0,0,0,0,0,0,0,0,16,0,0,0,0,0,11,0,0,0,0,0,0,0,0,0,0,0,47,0,0,0,0,0,0,0,0,0,0,0,0,0,0,0,0,0,4,0,0,0,0,0,0,0,0,0,0,6,15,0,0,0,0,0,21,0,0,0,0,0,0,0,0,0,0,0,48,0,0,0,0,0,0,0,0,0,0,0,31,0,0,0,0,0,0,0,0,0,none
0,0,0,0,0,0,0,0,15,0,0,0,0,0,11,0,0,0,0,0,0,0,0,0,0,0,51,0,0,0,0,0,0,0,0,0,0,0,0,0,0,0,0,0,4,0,0,0,0,0,0,0,0,0,0,6,12,0,0,0,0,0,21,0,0,0,0,0,0,0,0,0,0,0,48,0,0,0,0,0,0,0,0,0,0,0,31,0,0,0,0,0,0,0,0,0,none
0,0,0,0,0,33,0,9,29,0,0,0,0,0,0,0,0,0,0,0,0,0,0,0,0,0,0,0,0,0,0,0,0,0,0,0,0,0,0,0,0,0,0,0,0,0,0,0,0,0,0,0,0,0,0,0,0,0,0,0,0,0,29,0,0,0,0,0,0,0,0,0,0,0,44,0,0,0,0,0,0,0,0,0,0,0,27,0,0,0,0,0,11,0,0,0,strafe_left
0,0,0,0,0,33,4,8,29,0,0,0,0,0,0,0,0,0,0,0,0,0,0,0,0,0,0,0,0,0,0,0,0,0,0,0,0,0,0,0,0,0,0,0,0,0,0,0,0,0,0,0,0,0,0,0,0,0,0,0,0,0,29,0,0,0,0,0,0,0,0,0,0,0,45,0,0,0,0,0,0,0,0,0,0,0,29,0,0,0,0,0,11,0,0,0,strafe_left
0,0,0,0,0,32,4,10,29,0,0,0,0,0,0,0,0,0,0,0,0,0,0,0,0,0,0,0,0,0,0,0,0,0,0,0,0,0,0,0,0,0,0,0,0,0,0,0,0,0,0,0,0,0,0,0,0,0,0,0,0,0,24,0,0,0,0,0,0,0,0,0,0,0,45,0,0,0,0,0,0,0,0,0,0,0,29,0,0,0,0,0,10,0,0,0,strafe_left
0,0,0,0,0,0,0,0,16,0,0,0,0,0,6,0,0,0,0,0,0,0,0,0,0,0,53,0,0,0,0,0,0,0,0,0,0,0,0,0,0,0,0,0,0,0,0,0,0,0,0,0,0,0,0,14,20,0,0,0,0,0,22,0,0,0,0,0,0,0,0,0,0,0,47,0,0,0,0,0,0,0,0,0,0,0,35,0,0,0,0,0,0,0,0,0,none
0,0,0,0,0,0,0,0,16,0,0,0,0,0,8,0,0,0,0,0,0,0,0,0,0,0,53,0,0,0,0,0,0,0,0,0,0,0,0,0,0,0,0,0,0,0,0,0,0,0,0,0,0,0,0,14,19,0,0,0,0,0,22,0,0,0,0,0,0,0,0,0,0,0,46,0,0,0,0,0,0,0,0,0,0,0,31,0,0,0,0,0,0,0,0,0,none
0,0,0,0,0,0,0,0,14,0,0,0,0,0,9,0,0,0,0,0,0,0,0,0,0,0,52,0,0,0,0,0,0,0,0,0,0,0,0,0,0,0,0,0,0,0,0,0,0,0,0,0,0,0,0,14,20,0,0,0,0,0,22,0,0,0,0,0,0,0,0,0,0,0,46,0,0,0,0,0,0,0,0,0,0,0,31,0,0,0,0,0,0,0,0,0,none
0,0,0,0,0,0,0,0,14,0,0,0,0,0,9,0,0,0,0,0,0,0,0,0,0,0,53,0,0,0,0,0,0,0,0,0,0,0,0,0,0,0,0,0,0,0,0,0,0,0,0,0,0,0,0,13,18,0,0,0,0,0,22,0,0,0,0,0,0,0,0,0,0,0,46,0,0,0,0,0,0,0,0,0,0,0,35,0,0,0,0,0,0,0,0,0,none
0,0,0,0,0,0,0,0,17,0,0,0,0,0,9,0,0,0,0,0,0,0,0,0,0,0,53,0,0,0,0,0,0,0,0,0,0,0,0,0,0,0,0,0,0,0,0,0,0,0,0,0,0,0,0,13,18,0,0,0,0,0,22,0,0,0,0,0,0,0,0,0,0,0,46,0,0,0,0,0,0,0,0,0,0,0,35,0,0,0,0,0,0,0,0,0,none
0,0,0,0,0,0,0,0,7,0,0,0,0,0,17,0,0,0,0,0,0,0,0,0,0,0,52,0,0,0,0,0,0,0,0,0,0,0,0,0,0,0,0,0,12,0,0,0,0,0,0,0,0,27,21,18,30,0,0,0,0,0,16,0,0,0,0,0,0,0,0,0,0,0,16,0,0,0,0,0,0,0,0,0,0,0,0,0,0,0,0,0,0,0,0,0,strafe_right
0,0,0,0,0,0,0,0,3,0,0,0,0,0,18,0,0,0,0,0,0,0,0,0,0,0,51,0,0,0,0,0,0,0,0,0,0,0,0,0,0,0,0,0,14,0,0,0,0,0,0,0,0,27,22,18,31,0,0,0,0,0,19,0,0,0,0,0,0,0,0,0,0,0,15,0,0,0,0,0,0,0,0,0,0,0,0,0,0,0,0,0,0,0,0,0,strafe_right
0,0,0,0,0,0,0,0,7,0,0,0,0,0,18,0,0,0,0,0,0,0,0,0,0,0,50,0,0,0,0,0,0,0,0,0,0,0,0,0,0,0,0,0,14,0,0,0,0,0,0,0,0,30,23,22,32,0,0,0,0,0,16,0,0,0,0,0,0,0,0,0,0,0,8,0,0,0,0,0,0,0,0,0,0,0,0,0,0,0,0,0,0,0,0,0,strafe_right
0,0,0,0,0,0,0,0,7,0,0,0,0,0,18,0,0,0,0,0,0,0,0,0,0,0,50,0,0,0,0,0,0,0,0,0,0,0,0,0,0,0,0,0,14,0,0,0,0,0,0,0,0,31,26,23,34,0,0,0,0,0,17,0,0,0,0,0,0,0,0,0,0,0,13,0,0,0,0,0,0,0,0,0,0,0,0,0,0,0,0,0,0,0,0,0,strafe_right
0,0,0,0,0,0,0,0,6,0,0,0,0,0,25,0,0,0,0,0,0,0,0,0,0,0,51,0,0,0,0,0,0,0,0,0,0,0,0,0,0,0,0,0,14,0,0,0,0,0,0,0,0,31,26,23,34,0,0,0,0,0,17,0,0,0,0,0,0,0,0,0,0,0,13,0,0,0,0,0,0,0,0,0,0,0,0,0,0,0,0,0,0,0,0,0,strafe_right
0,0,0,0,0,0,0,0,5,0,0,0,0,0,26,0,0,0,0,0,0,0,0,0,0,0,52,0,0,0,0,0,0,0,0,0,0,0,0,0,0,0,0,0,14,0,0,0,0,0,0,0,0,31,26,23,34,0,0,0,0,0,17,0,0,0,0,0,0,0,0,0,0,0,13,0,0,0,0,0,0,0,0,0,0,0,0,0,0,0,0,0,0,0,0,0,strafe_right
0,0,0,0,0,0,0,0,0,0,0,0,0,0,27,0,0,0,0,0,0,0,0,0,0,0,53,0,0,0,0,0,0,0,0,0,0,0,0,0,0,0,0,0,14,0,0,0,0,0,0,0,0,31,26,23,34,0,0,0,0,0,17,0,0,0,0,0,0,0,0,0,0,0,13,0,0,0,0,0,0,0,0,0,0,0,0,0,0,0,0,0,0,0,0,0,strafe_right
0,0,0,0,0,0,0,0,19,0,0,0,0,0,16,0,0,0,0,0,0,0,0,0,0,0,52,0,0,0,0,0,0,0,0,0,0,0,0,0,0,0,0,0,0,0,0,0,0,0,0,0,0,0,0,5,13,0,0,0,0,0,24,0,0,0,0,0,0,0,0,0,0,0,49,0,0,0,0,0,0,0,0,0,0,0,23,0,0,0,0,0,0,0,0,0,none
0,0,0,0,0,0,0,0,17,0,0,0,0,0,17,0,0,0,0,0,0,0,0,0,0,0,52,0,0,0,0,0,0,0,0,0,0,0,0,0,0,0,0,0,0,0,0,0,0,0,0,0,0,0,0,5,13,0,0,0,0,0,23,0,0,0,0,0,0,0,0,0,0,0,47,0,0,0,0,0,0,0,0,0,0,0,24,0,0,0,0,0,0,0,0,0,none
0,0,0,0,0,0,0,0,14,0,0,0,0,0,16,0,0,0,0,0,0,0,0,0,0,0,52,0,0,0,0,0,0,0,0,0,0,0,0,0,0,0,0,0,0,0,0,0,0,0,0,0,0,0,0,6,13,0,0,0,0,0,24,0,0,0,0,0,0,0,0,0,0,0,49,0,0,0,0,0,0,0,0,0,0,0,19,0,0,0,0,0,0,0,0,0,none
0,0,0,0,0,0,0,0,18,0,0,0,0,0,16,0,0,0,0,0,0,0,0,0,0,0,53,0,0,0,0,0,0,0,0,0,0,0,0,0,0,0,0,0,0,0,0,0,0,0,0,0,0,0,0,6,13,0,0,0,0,0,24,0,0,0,0,0,0,0,0,0,0,0,49,0,0,0,0,0,0,0,0,0,0,0,24,0,0,0,0,0,0,0,0,0,none
0,0,0,0,0,0,0,0,18,0,0,0,0,0,17,0,0,0,0,0,0,0,0,0,0,0,53,0,0,0,0,0,0,0,0,0,0,0,0,0,0,0,0,0,0,0,0,0,0,0,0,0,0,0,0,6,14,0,0,0,0,0,24,0,0,0,0,0,0,0,0,0,0,0,49,0,0,0,0,0,0,0,0,0,0,0,23,0,0,0,0,0,0,0,0,0,none
0,0,0,0,0,0,0,0,18,0,0,0,0,0,16,0,0,0,0,0,0,0,0,0,0,0,53,0,0,0,0,0,0,0,0,0,0,0,0,0,0,0,0,0,0,0,0,0,0,0,0,0,0,0,0,7,14,0,0,0,0,0,24,0,0,0,0,0,0,0,0,0,0,0,50,0,0,0,0,0,0,0,0,0,0,0,23,0,0,0,0,0,0,0,0,0,none
0,0,0,0,0,0,0,0,14,0,0,0,0,0,16,0,0,0,0,0,0,0,0,0,0,0,53,0,0,0,0,0,0,0,0,0,0,0,0,0,0,0,0,0,0,0,0,0,0,0,0,0,0,0,0,7,14,0,0,0,0,0,24,0,0,0,0,0,0,0,0,0,0,0,49,0,0,0,0,0,0,0,0,0,0,0,23,0,0,0,0,0,0,0,0,0,none
0,0,0,0,0,0,0,0,0,0,0,0,0,23,62,0,0,0,0,0,0,0,0,0,0,41,103,0,0,0,0,0,0,0,0,0,0,0,0,0,0,0,0,0,0,0,0,0,0,0,0,0,0,0,0,0,0,0,0,0,0,0,57,0,0,0,0,0,0,0,0,0,0,42,95,0,0,0,0,0,0,0,0,0,0,0,42,0,0,0,0,0,0,0,0,0,backward
0,0,0,0,0,0,0,0,0,0,0,0,0,18,60,0,0,0,0,0,0,0,0,0,0,38,102,0,0,0,0,0,0,0,0,0,0,0,0,0,0,0,0,0,0,0,0,0,0,0,0,0,0,0,0,0,0,0,0,0,0,0,57,0,0,0,0,0,0,0,0,0,0,41,94,0,0,0,0,0,0,0,0,0,0,0,42,0,0,0,0,0,0,0,0,0,backward
0,0,0,0,0,0,0,0,0,0,0,0,0,19,62,0,0,0,0,0,0,0,0,0,0,43,105,0,0,0,0,0,0,0,0,0,0,0,0,0,0,0,0,0,0,0,0,0,0,0,0,0,0,0,0,0,0,0,0,0,0,0,57,0,0,0,0,0,0,0,0,0,0,42,96,0,0,0,0,0,0,0,0,0,0,0,40,0,0,0,0,0,0,0,0,0,backward
0,0,0,0,0,3,0,0,16,0,0,0,0,0,10,0,0,0,0,0,0,0,0,0,0,0,49,0,0,0,0,0,0,0,0,0,0,0,0,0,0,0,0,0,0,0,0,0,0,0,0,0,0,0,0,4,7,0,0,0,0,0,11,0,0,0,0,0,0,0,0,0,0,0,35,0,0,0,0,0,0,0,0,0,0,0,0,0,0,0,0,0,0,0,0,0,none
0,0,0,0,0,3,0,0,18,0,0,0,0,0,10,0,0,0,0,0,0,0,0,0,0,0,46,0,0,0,0,0,0,0,0,0,0,0,0,0,0,0,0,0,0,0,0,0,0,0,0,0,0,0,0,4,7,0,0,0,0,0,12,0,0,0,0,0,0,0,0,0,0,0,36,0,0,0,0,0,0,0,0,0,0,0,0,0,0,0,0,0,0,0,0,0,none
0,0,0,0,0,4,0,0,18,0,0,0,0,0,10,0,0,0,0,0,0,0,0,0,0,0,50,0,0,0,0,0,0,0,0,0,0,0,0,0,0,0,0,0,0,0,0,0,0,0,0,0,0,0,0,4,7,0,0,0,0,0,11,0,0,0,0,0,0,0,0,0,0,0,35,0,0,0,0,0,0,0,0,0,0,0,0,0,0,0,0,0,0,0,0,0,none
0,0,0,0,0,0,0,0,18,0,0,0,0,0,10,0,0,0,0,0,0,0,0,0,0,0,49,0,0,0,0,0,0,0,0,0,0,0,0,0,0,0,0,0,0,0,0,0,0,0,0,0,0,0,0,0,4,0,0,0,0,0,12,0,0,0,0,0,0,0,0,0,0,0,36,0,0,0,0,0,0,0,0,0,0,0,0,0,0,0,0,0,0,0,0,0,none
0,0,0,0,0,3,0,0,19,0,0,0,0,0,10,0,0,0,0,0,0,0,0,0,0,0,51,0,0,0,0,0,0,0,0,0,0,0,0,0,0,0,0,0,0,0,0,0,0,0,0,0,0,0,0,3,5,0,0,0,0,0,13,0,0,0,0,0,0,0,0,0,0,0,35,0,0,0,0,0,0,0,0,0,0,0,0,0,0,0,0,0,0,0,0,0,none
0,0,0,0,0,24,0,12,43,0,0,0,0,0,0,0,0,0,0,0,0,0,0,0,0,0,0,0,0,0,0,0,0,0,0,0,0,0,0,0,0,0,0,0,0,0,0,0,0,0,0,0,0,0,0,0,0,0,0,0,0,0,28,0,0,0,0,0,0,0,0,0,0,0,36,0,0,0,0,0,0,0,0,0,0,0,0,0,0,0,0,0,25,0,0,0,strafe_left
0,0,0,0,0,22,0,8,39,0,0,0,0,0,0,0,0,0,0,0,0,0,0,0,0,0,8,0,0,0,0,0,0,0,0,0,0,0,0,0,0,0,0,0,0,0,0,0,0,0,0,0,0,0,0,0,0,0,0,0,0,0,22,0,0,0,0,0,0,0,0,0,0,0,35,0,0,0,0,0,0,0,0,0,0,0,0,0,0,0,0,0,18,0,0,0,strafe_left
0,0,0,0,0,22,0,8,39,0,0,0,0,0,0,0,0,0,0,0,0,0,0,0,0,0,10,0,0,0,0,0,0,0,0,0,0,0,0,0,0,0,0,0,0,0,0,0,0,0,0,0,0,0,0,0,0,0,0,0,0,0,23,0,0,0,0,0,0,0,0,0,0,0,37,0,0,0,0,0,0,0,0,0,0,0,0,0,0,0,0,0,23,0,0,0,strafe_left
0,0,0,0,0,25,0,10,42,0,0,0,0,0,0,0,0,0,0,0,0,0,0,0,0,0,0,0,0,0,0,0,0,0,0,0,0,0,0,0,0,0,0,0,0,0,0,0,0,0,0,0,0,0,0,0,0,0,0,0,0,0,23,0,0,0,0,0,0,0,0,0,0,5,36,0,0,0,0,0,0,0,0,0,0,0,0,0,0,0,0,0,22,0,0,0,strafe_left
0,0,0,0,0,0,0,0,4,0,0,0,0,0,30,0,0,0,0,0,0,0,0,0,0,0,51,0,0,0,0,0,0,0,0,0,0,0,0,0,0,0,0,0,28,0,0,0,0,0,0,0,0,8,0,15,25,0,0,0,0,0,10,0,0,0,0,0,0,0,0,0,0,0,43,0,0,0,0,0,0,0,0,0,0,0,0,0,0,0,0,0,0,0,0,0,strafe_right
0,0,0,0,0,0,0,0,4,0,0,0,0,0,29,0,0,0,0,0,0,0,0,0,0,0,52,0,0,0,0,0,0,0,0,0,0,0,0,0,0,0,0,0,30,0,0,0,0,0,0,0,0,5,0,13,20,0,0,0,0,0,11,0,0,0,0,0,0,0,0,0,0,0,40,0,0,0,0,0,0,0,0,0,0,0,0,0,0,0,0,0,0,0,0,0,strafe_right
0,0,0,0,0,0,0,0,5,0,0,0,0,0,33,0,0,0,0,0,0,0,0,0,0,0,55,0,0,0,0,0,0,0,0,0,0,0,0,0,0,0,0,0,30,0,0,0,0,0,0,0,0,3,0,12,18,0,0,0,0,0,13,0,0,0,0,0,0,0,0,0,0,0,46,0,0,0,0,0,0,0,0,0,0,0,0,0,0,0,0,0,0,0,0,0,strafe_right
0,0,0,0,0,0,0,0,5,0,0,0,0,0,34,0,0,0,0,0,0,0,0,0,0,0,52,0,0,0,0,0,0,0,0,0,0,0,0,0,0,0,0,0,31,0,0,0,0,0,0,0,0,6,0,12,20,0,0,0,0,0,11,0,0,0,0,0,0,0,0,0,0,0,44,0,0,0,0,0,0,0,0,0,0,0,0,0,0,0,0,0,0,0,0,0,strafe_right
0,0,0,0,0,0,0,0,15,0,0,0,0,0,0,0,0,0,0,0,0,52,0,0,0,0,0,0,0,0,0,0,0,74,0,0,0,0,0,0,0,0,0,0,0,50,0,42,0,0,0,0,0,0,0,14,34,0,0,0,0,0,0,0,0,0,0,0,4,0,0,0,0,0,0,0,0,0,0,0,0,0,0,0,0,0,0,0,0,0,0,0,0,0,0,0,forward
0,0,0,0,0,0,0,0,11,0,0,0,0,0,0,0,0,0,0,0,0,52,0,0,0,0,0,0,0,0,0,0,0,72,0,0,0,0,0,0,0,0,0,0,0,49,0,40,0,0,0,0,0,0,0,14,34,0,0,0,0,0,0,0,0,0,0,0,4,0,0,0,0,0,0,0,0,0,0,0,0,0,0,0,0,0,0,0,0,0,0,0,0,0,0,0,forward
0,0,0,0,0,0,0,0,16,0,0,0,0,0,0,0,0,0,0,0,0,51,0,0,0,0,0,0,0,0,0,0,0,73,0,0,0,0,0,0,0,0,0,0,0,48,0,43,0,0,0,0,0,0,0,14,34,0,0,0,0,0,0,0,0,0,0,0,4,0,0,0,0,0,0,0,0,0,0,0,0,0,0,0,0,0,0,0,0,0,0,0,0,0,0,0,forward
0,0,0,0,0,0,0,0,15,0,0,0,0,0,0,0,0,0,0,0,0,50,0,0,0,0,0,0,0,0,0,0,0,73,0,0,0,0,0,0,0,0,0,0,0,49,0,44,0,0,0,0,0,0,0,14,34,0,0,0,0,0,0,0,0,0,0,0,4,0,0,0,0,0,0,0,0,0,0,0,0,0,0,0,0,0,0,0,0,0,0,0,0,0,0,0,forward
0,0,0,0,0,0,0,0,23,0,0,0,0,0,0,0,0,0,0,0,0,53,0,0,0,0,0,0,0,0,0,0,0,71,0,0,0,0,0,0,0,0,0,0,0,42,0,34,0,0,0,0,0,0,0,14,34,0,0,0,0,0,0,0,0,0,0,0,4,0,0,0,0,0,0,0,0,0,0,0,0,0,0,0,0,0,0,0,0,0,0,0,0,0,0,0,forward
0,0,0,0,0,0,0,0,37,13,0,0,0,0,0,0,0,0,0,0,17,60,0,0,0,0,0,0,0,0,0,0,0,70,0,0,0,0,0,0,0,0,0,0,8,26,0,38,0,0,0,0,0,0,0,29,71,28,0,0,0,0,0,0,0,0,0,0,41,21,0,0,0,0,0,0,0,0,0,0,7,5,0,0,0,0,0,0,0,0,0,0,0,0,0,11,forward
0,0,0,0,0,0,0,0,37,13,0,0,0,0,0,0,0,0,0,0,18,60,0,0,0,0,0,0,0,0,0,0,4,70,0,0,0,0,0,0,0,0,0,0,4,26,0,40,0,0,0,0,0,0,0,29,71,27,0,0,0,0,0,0,0,0,0,0,40,22,0,0,0,0,0,0,0,0,0,0,4,6,0,0,0,0,0,0,0,0,0,0,0,0,0,11,forward
0,0,0,0,0,0,0,0,34,14,0,0,0,0,0,0,0,0,0,0,19,60,0,0,0,0,0,0,0,0,0,0,3,68,0,0,0,0,0,0,0,0,0,0,6,24,0,39,0,0,0,0,0,0,0,29,74,30,0,0,0,0,0,0,0,0,0,0,42,23,0,0,0,0,0,0,0,0,0,0,8,7,0,0,0,0,0,0,0,0,0,0,0,0,0,12,forward
0,0,0,0,0,0,0,0,36,15,0,0,0,0,0,0,0,0,0,0,15,60,0,0,0,0,0,0,0,0,0,0,3,69,0,0,0,0,0,0,0,0,0,0,6,26,0,37,0,0,0,0,0,0,0,29,74,31,0,0,0,0,0,0,0,0,0,0,42,23,0,0,0,0,0,0,0,0,0,0,8,7,0,0,0,0,0,0,0,0,0,0,0,0,0,14,forward
0,0,0,0,0,0,0,0,37,15,0,0,0,0,0,0,0,0,0,0,18,60,0,0,0,0,0,0,0,0,0,0,0,69,0,0,0,0,0,0,0,0,0,0,0,26,0,38,0,0,0,0,0,0,0,30,74,31,0,0,0,0,0,0,0,0,0,0,42,23,0,0,0,0,0,0,0,0,0,0,8,8,0,0,0,0,0,0,0,0,0,0,0,0,0,7,forward
0,0,0,0,0,0,0,0,38,15,0,0,0,0,0,0,0,0,0,0,19,59,0,0,0,0,0,0,0,0,0,0,3,69,0,0,0,0,0,0,0,0,0,0,7,27,0,36,0,0,0,0,0,0,0,26,73,30,0,0,0,0,0,0,0,0,0,0,42,23,0,0,0,0,0,0,0,0,0,0,9,4,0,0,0,0,0,0,0,0,0,0,0,0,0,12,forward
0,0,0,0,0,0,0,0,35,15,0,0,0,0,0,0,0,0,0,0,19,60,0,0,0,0,0,0,0,0,0,0,4,69,0,0,0,0,0,0,0,0,0,0,7,27,0,39,0,0,0,0,0,0,0,29,70,30,0,0,0,0,0,0,0,0,0,0,42,23,0,0,0,0,0,0,0,0,0,0,11,9,0,0,0,0,0,0,0,0,0,0,0,0,0,11,forward
0,0,0,0,0,0,0,0,37,15,0,0,0,0,0,0,0,0,0,0,18,60,0,0,0,0,0,0,0,0,0,0,3,71,0,0,0,0,0,0,0,0,0,0,6,29,0,41,0,0,0,0,0,0,0,30,73,30,0,0,0,0,0,0,0,0,0,0,42,23,0,0,0,0,0,0,0,0,0,0,11,10,0,0,0,0,0,0,0,0,0,0,0,0,0,8,forward
0,0,10,0,0,0,0,0,0,0,0,0,0,43,71,3,0,0,0,0,0,0,0,0,0,6,86,0,0,0,0,0,0,0,0,0,0,0,0,0,0,0,0,0,0,0,0,0,0,0,0,0,0,0,0,0,0,0,0,0,0,0,54,0,0,0,0,0,0,0,0,0,0,4,55,0,0,0,0,0,0,0,0,0,0,0,0,0,0,0,0,0,0,0,0,0,backward
0,0,11,0,0,0,0,0,0,0,0,0,0,52,79,3,0,0,0,0,0,0,0,0,0,7,86,0,0,0,0,0,0,0,0,0,0,0,0,0,0,0,0,0,0,0,0,0,0,0,0,0,0,0,0,0,0,0,0,0,0,0,53,0,0,0,0,0,0,0,0,0,0,6,57,0,0,0,0,0,0,0,0,0,0,0,0,0,0,0,0,0,0,0,0,0,backward
0,0,9,0,0,0,0,0,0,0,0,0,0,53,80,0,0,0,0,0,0,0,0,0,0,5,85,0,0,0,0,0,0,0,0,0,0,0,0,0,0,0,0,0,0,0,0,0,0,0,0,0,0,0,0,0,0,0,0,0,0,0,54,0,0,0,0,0,0,0,0,0,0,6,59,0,0,0,0,0,0,0,0,0,0,0,0,0,0,0,0,0,0,0,0,0,backward
0,0,12,0,0,0,0,0,0,0,0,0,0,52,80,0,0,0,0,0,0,0,0,0,0,8,85,0,0,0,0,0,0,0,0,0,0,0,0,0,0,0,0,0,0,0,0,0,0,0,0,0,0,0,0,0,0,0,0,0,0,0,55,0,0,0,0,0,0,0,0,0,0,5,60,0,0,0,0,0,0,0,0,0,0,0,0,0,0,0,0,0,0,0,0,0,backward
0,0,14,0,0,0,0,0,0,0,0,0,0,52,78,7,0,0,0,0,0,0,0,0,0,10,85,0,0,0,0,0,0,0,0,0,0,0,0,0,0,0,0,0,0,0,0,0,0,0,0,0,0,0,0,0,0,0,0,0,0,0,57,0,0,0,0,0,0,0,0,0,0,5,61,0,0,0,0,0,0,0,0,0,0,0,0,0,0,0,0,0,0,0,0,0,backward
0,0,14,0,0,0,0,0,0,0,0,0,0,52,79,7,0,0,0,0,0,0,0,0,0,10,86,0,0,0,0,0,0,0,0,0,0,0,0,0,0,0,0,0,0,0,0,0,0,0,0,0,0,0,0,0,0,0,0,0,0,0,57,0,0,0,0,0,0,0,0,0,0,7,61,0,0,0,0,0,0,0,0,0,0,0,0,0,0,0,0,0,0,0,0,0,backward
0,0,15,0,0,0,0,0,0,0,0,0,0,56,80,5,0,0,0,0,0,0,0,0,0,8,86,0,0,0,0,0,0,0,0,0,0,0,0,0,0,0,0,0,0,0,0,0,0,0,0,0,0,0,0,0,0,0,0,0,0,0,57,0,0,0,0,0,0,0,0,0,0,6,62,0,0,0,0,0,0,0,0,0,0,0,0,0,0,0,0,0,0,0,0,0,backward
0,0,15,0,0,0,0,0,0,0,0,0,0,57,82,7,0,0,0,0,0,0,0,0,0,6,88,0,0,0,0,0,0,0,0,0,0,0,0,0,0,0,0,0,0,0,0,0,0,0,0,0,0,0,0,0,0,0,0,0,0,0,57,0,0,0,0,0,0,0,0,0,0,6,63,0,0,0,0,0,0,0,0,0,0,0,0,0,0,0,0,0,0,0,0,0,backward
0,0,16,0,0,0,0,0,0,0,0,0,0,55,82,10,0,0,0,0,0,0,0,0,0,7,88,0,0,0,0,0,0,0,0,0,0,0,0,0,0,0,0,0,0,0,0,0,0,0,0,0,0,0,0,0,0,0,0,0,0,0,54,0,0,0,0,0,0,0,0,0,0,7,64,0,0,0,0,0,0,0,0,0,0,0,0,0,0,0,0,0,0,0,0,0,backward
0,0,16,0,0,0,0,0,0,0,0,0,0,57,82,9,0,0,0,0,0,0,0,0,0,7,88,0,0,0,0,0,0,0,0,0,0,0,0,0,0,0,0,0,0,0,0,0,0,0,0,0,0,0,0,0,0,0,0,0,0,0,59,0,0,0,0,0,0,0,0,0,0,7,65,0,0,0,0,0,0,0,0,0,0,0,0,0,0,0,0,0,0,0,0,0,backward
0,0,16,0,0,0,0,0,0,0,0,0,0,56,82,11,0,0,0,0,0,0,0,0,0,7,89,0,0,0,0,0,0,0,0,0,0,0,0,0,0,0,0,0,0,0,0,0,0,0,0,0,0,0,0,0,0,0,0,0,0,0,57,0,0,0,0,0,0,0,0,0,0,8,63,0,0,0,0,0,0,0,0,0,0,0,0,0,0,0,0,0,0,0,0,0,backward
0,0,16,0,0,0,0,0,0,0,0,0,0,57,82,13,0,0,0,0,0,0,0,0,0,8,87,0,0,0,0,0,0,0,0,0,0,0,0,0,0,0,0,0,0,0,0,0,0,0,0,0,0,0,0,0,0,0,0,0,0,0,59,0,0,0,0,0,0,0,0,0,0,8,63,0,0,0,0,0,0,0,0,0,0,0,0,0,0,0,0,0,0,0,0,0,backward
0,0,17,0,0,0,0,0,0,0,0,0,0,58,83,15,0,0,0,0,0,0,0,0,0,9,84,0,0,0,0,0,0,0,0,0,0,0,0,0,0,0,0,0,0,0,0,0,0,0,0,0,0,0,0,0,0,0,0,0,0,0,59,0,0,0,0,0,0,0,0,0,0,8,67,0,0,0,0,0,0,0,0,0,0,0,0,0,0,0,0,0,0,0,0,0,backward
0,0,17,0,0,0,0,0,0,0,0,0,0,54,83,14,0,0,0,0,0,0,0,0,0,7,87,0,0,0,0,0,0,0,0,0,0,0,0,0,0,0,0,0,0,0,0,0,0,0,0,0,0,0,0,0,0,0,0,0,0,0,58,0,0,0,0,0,0,0,0,0,0,10,68,0,0,0,0,0,0,0,0,0,0,0,0,0,0,0,0,0,0,0,0,0,backward
0,0,17,0,0,0,0,0,0,0,0,0,0,55,82,14,0,0,0,0,0,0,0,0,0,8,85,0,0,0,0,0,0,0,0,0,0,0,0,0,0,0,0,0,0,0,0,0,0,0,0,0,0,0,0,0,0,0,0,0,0,0,58,0,0,0,0,0,0,0,0,0,0,8,68,0,0,0,0,0,0,0,0,0,0,0,0,0,0,0,0,0,0,0,0,0,backward
0,0,15,0,0,0,0,0,0,0,0,0,0,56,84,13,0,0,0,0,0,0,0,0,0,8,88,0,0,0,0,0,0,0,0,0,0,0,0,0,0,0,0,0,0,0,0,0,0,0,0,0,0,0,0,0,0,0,0,0,0,0,57,0,0,0,0,0,0,0,0,0,0,10,67,0,0,0,0,0,0,0,0,0,0,0,0,0,0,0,0,0,0,0,0,0,backward
0,0,17,0,0,0,0,0,0,0,0,0,0,57,85,10,0,0,0,0,0,0,0,0,0,10,89,0,0,0,0,0,0,0,0,0,0,0,0,0,0,0,0,0,0,0,0,0,0,0,0,0,0,0,0,0,0,0,0,0,0,0,58,0,0,0,0,0,0,0,0,0,0,10,67,0,0,0,0,0,0,0,0,0,0,0,0,0,0,0,0,0,0,0,0,0,backward
0,0,0,0,0,0,0,0,12,0,0,0,0,0,17,4,0,0,0,0,0,0,0,0,0,0,56,0,0,0,0,0,0,0,0,0,0,0,0,0,0,0,0,0,0,0,0,0,0,0,0,0,0,0,0,0,6,0,0,0,0,0,15,0,0,0,0,0,0,0,0,0,0,0,43,0,0,0,0,0,0,0,0,0,0,0,0,0,0,0,0,0,0,0,0,0,none
0,0,0,0,0,0,0,0,10,0,0,0,0,0,17,5,0,0,0,0,0,0,0,0,0,0,58,0,0,0,0,0,0,0,0,0,0,0,0,0,0,0,0,0,0,0,0,0,0,0,0,0,0,0,0,0,5,0,0,0,0,0,15,0,0,0,0,0,0,0,0,0,0,0,43,0,0,0,0,0,0,0,0,0,0,0,0,0,0,0,0,0,0,0,0,0,none
0,0,0,0,0,0,0,0,12,0,0,0,0,0,16,4,0,0,0,0,0,0,0,0,0,0,54,0,0,0,0,0,0,0,0,0,0,0,0,0,0,0,0,0,0,0,0,0,0,0,0,0,0,0,0,0,6,0,0,0,0,0,15,0,0,0,0,0,0,0,0,0,0,0,44,0,0,0,0,0,0,0,0,0,0,0,0,0,0,0,0,0,0,0,0,0,none
0,0,0,0,0,0,0,0,10,0,0,0,0,0,16,4,0,0,0,0,0,0,0,0,0,0,57,0,0,0,0,0,0,0,0,0,0,0,0,0,0,0,0,0,0,0,0,0,0,0,0,0,0,0,0,0,4,0,0,0,0,0,15,0,0,0,0,0,0,0,0,0,0,0,44,0,0,0,0,0,0,0,0,0,0,0,0,0,0,0,0,0,0,0,0,0,none
0,0,0,0,0,0,0,0,12,0,0,0,0,0,16,4,0,0,0,0,0,0,0,0,0,0,57,0,0,0,0,0,0,0,0,0,0,0,0,0,0,0,0,0,0,0,0,0,0,0,0,0,0,0,0,0,6,0,0,0,0,0,15,0,0,0,0,0,0,0,0,0,0,0,44,0,0,0,0,0,0,0,0,0,0,0,0,0,0,0,0,0,0,0,0,0,none
0,0,13,0,0,0,0,0,0,0,0,0,0,58,84,8,0,0,0,0,0,0,0,0,0,15,93,0,0,0,0,0,0,0,0,0,0,0,0,0,0,0,0,0,0,0,0,0,0,0,0,0,0,0,0,0,0,0,0,0,0,0,56,0,0,0,0,0,0,0,0,0,0,10,69,0,0,0,0,0,0,0,0,0,0,0,0,0,0,0,0,0,0,0,0,0,backward
0,0,14,0,0,0,0,0,0,0,0,0,0,58,85,10,0,0,0,0,0,0,0,0,0,15,93,0,0,0,0,0,0,0,0,0,0,0,0,0,0,0,0,0,0,0,0,0,0,0,0,0,0,0,0,0,0,0,0,0,0,0,56,0,0,0,0,0,0,0,0,0,0,9,65,0,0,0,0,0,0,0,0,0,0,0,0,0,0,0,0,0,0,0,0,0,backward
0,0,12,0,0,0,0,0,0,0,0,0,0,58,84,6,0,0,0,0,0,0,0,0,0,16,94,0,0,0,0,0,0,0,0,0,0,0,0,0,0,0,0,0,0,0,0,0,0,0,0,0,0,0,0,0,0,0,0,0,0,0,53,0,0,0,0,0,0,0,0,0,0,9,69,0,0,0,0,0,0,0,0,0,0,0,0,0,0,0,0,0,0,0,0,0,backward
0,0,12,0,0,0,0,0,0,0,0,0,0,59,85,7,0,0,0,0,0,0,0,0,0,14,93,0,0,0,0,0,0,0,0,0,0,0,0,0,0,0,0,0,0,0,0,0,0,0,0,0,0,0,0,0,0,0,0,0,0,0,57,0,0,0,0,0,0,0,0,0,0,10,68,0,0,0,0,0,0,0,0,0,0,0,0,0,0,0,0,0,0,0,0,0,backward
0,0,15,0,0,0,0,0,0,0,0,0,0,57,84,6,0,0,0,0,0,0,0,0,0,15,92,0,0,0,0,0,0,0,0,0,0,0,0,0,0,0,0,0,0,0,0,0,0,0,0,0,0,0,0,0,0,0,0,0,0,0,56,0,0,0,0,0,0,0,0,0,0,10,64,0,0,0,0,0,0,0,0,0,0,0,0,0,0,0,0,0,0,0,0,0,backward
0,0,14,0,0,0,0,0,0,0,0,0,0,58,83,5,0,0,0,0,0,0,0,0,0,15,88,0,0,0,0,0,0,0,0,0,0,0,0,0,0,0,0,0,0,0,0,0,0,0,0,0,0,0,0,0,0,0,0,0,0,0,57,0,0,0,0,0,0,0,0,0,0,11,64,0,0,0,0,0,0,0,0,0,0,0,0,0,0,0,0,0,0,0,0,0,backward
0,0,13,0,0,0,0,0,0,0,0,0,0,57,83,0,0,0,0,0,0,0,0,0,0,14,92,0,0,0,0,0,0,0,0,0,0,0,0,0,0,0,0,0,0,0,0,0,0,0,0,0,0,0,0,0,0,0,0,0,0,0,57,0,0,0,0,0,0,0,0,0,0,11,66,0,0,0,0,0,0,0,0,0,0,0,0,0,0,0,0,0,0,0,0,0,backward
0,0,10,0,0,0,0,0,0,0,0,0,0,58,82,0,0,0,0,0,0,0,0,0,0,16,92,0,0,0,0,0,0,0,0,0,0,0,0,0,0,0,0,0,0,0,0,0,0,0,0,0,0,0,0,0,0,0,0,0,0,0,57,0,0,0,0,0,0,0,0,0,0,10,63,0,0,0,0,0,0,0,0,0,0,0,0,0,0,0,0,0,0,0,0,0,backward
0,0,9,0,0,0,0,0,0,0,0,0,0,59,79,0,0,0,0,0,0,0,0,0,0,15,93,0,0,0,0,0,0,0,0,0,0,0,0,0,0,0,0,0,0,0,0,0,0,0,0,0,0,0,0,0,0,0,0,0,0,0,57,0,0,0,0,0,0,0,0,0,0,9,65,0,0,0,0,0,0,0,0,0,0,0,0,0,0,0,0,0,0,0,0,0,backward
0,0,0,0,0,0,0,0,18,0,0,0,0,0,8,0,0,0,0,0,0,0,0,0,0,0,40,0,0,0,0,0,0,0,0,0,0,0,0,0,0,0,0,0,0,0,0,0,0,0,0,0,0,0,0,7,6,0,0,0,0,0,10,0,0,0,0,0,0,0,0,0,0,0,23,0,0,0,0,0,0,0,0,0,0,0,0,0,0,0,0,0,0,0,0,0,none
0,0,0,0,0,3,0,0,24,0,0,0,0,0,6,0,0,0,0,0,0,0,0,0,0,0,37,0,0,0,0,0,0,0,0,0,0,0,0,0,0,0,0,0,0,0,0,0,0,0,0,0,0,0,0,4,8,0,0,0,0,0,10,0,0,0,0,0,0,0,0,0,0,0,29,0,0,0,0,0,0,0,0,0,0,0,0,0,0,0,0,0,0,0,0,0,none
0,0,0,0,0,3,0,0,24,0,0,0,0,0,7,0,0,0,0,0,0,0,0,0,0,0,38,0,0,0,0,0,0,0,0,0,0,0,0,0,0,0,0,0,0,0,0,0,0,0,0,0,0,0,0,6,9,0,0,0,0,0,11,0,0,0,0,0,0,0,0,0,0,0,32,0,0,0,0,0,0,0,0,0,0,0,0,0,0,0,0,0,0,0,0,0,none
0,0,0,0,0,5,0,0,26,0,0,0,0,0,7,0,0,0,0,0,0,0,0,0,0,0,37,0,0,0,0,0,0,0,0,0,0,0,0,0,0,0,0,0,0,0,0,0,0,0,0,0,0,0,0,6,11,0,0,0,0,0,11,0,0,0,0,0,0,0,0,0,0,0,34,0,0,0,0,0,0,0,0,0,0,0,0,0,0,0,0,0,0,0,0,0,none
0,0,0,0,0,5,0,0,26,0,0,0,0,0,8,0,0,0,0,0,0,0,0,0,0,0,36,0,0,0,0,0,0,0,0,0,0,0,0,0,0,0,0,0,0,0,0,0,0,0,0,0,0,0,0,5,11,0,0,0,0,0,12,0,0,0,0,0,0,0,0,0,0,0,35,0,0,0,0,0,0,0,0,0,0,0,0,0,0,0,0,0,0,0,0,0,none
0,0,0,0,0,4,0,0,25,0,0,0,0,0,9,0,0,0,0,0,0,0,0,0,0,0,38,0,0,0,0,0,0,0,0,0,0,0,0,0,0,0,0,0,0,0,0,0,0,0,0,0,0,0,0,5,8,0,0,0,0,0,12,0,0,0,0,0,0,0,0,0,0,0,35,0,0,0,0,0,0,0,0,0,0,0,0,0,0,0,0,0,0,0,0,0,none
0,0,0,0,0,0,0,0,3,0,0,0,0,0,32,0,0,0,0,0,0,0,0,0,0,0,46,0,0,0,0,0,0,0,0,0,0,0,0,0,0,0,0,0,34,0,0,0,0,0,0,0,0,9,0,0,0,0,0,0,0,0,25,0,0,0,0,0,0,0,0,0,0,0,0,0,0,0,0,0,0,0,0,0,0,0,0,0,0,0,0,0,0,0,0,0,strafe_right
0,0,0,0,0,0,0,0,3,0,0,0,0,0,27,0,0,0,0,0,0,0,0,0,0,0,42,0,0,0,0,0,0,0,0,0,0,0,0,0,0,0,0,0,33,0,0,0,0,0,0,0,0,9,0,4,0,0,0,0,0,0,19,0,0,0,0,0,0,0,0,0,0,0,0,0,0,0,0,0,0,0,0,0,0,0,0,0,0,0,0,0,0,0,0,0,strafe_right
0,0,0,0,0,0,0,0,3,0,0,0,0,0,29,0,0,0,0,0,0,0,0,0,0,0,44,0,0,0,0,0,0,0,0,0,0,0,0,0,0,0,0,0,33,0,0,0,0,0,0,0,0,9,0,0,0,0,0,0,0,0,24,0,0,0,0,0,0,0,0,0,0,0,0,0,0,0,0,0,0,0,0,0,0,0,0,0,0,0,0,0,0,0,0,0,strafe_right
0,0,0,0,0,0,0,0,3,0,0,0,0,0,28,0,0,0,0,0,0,0,0,0,0,0,44,0,0,0,0,0,0,0,0,0,0,0,0,0,0,0,0,0,32,0,0,0,0,0,0,0,0,9,0,3,0,0,0,0,0,0,23,0,0,0,0,0,0,0,0,0,0,0,0,0,0,0,0,0,0,0,0,0,0,0,0,0,0,0,0,0,0,0,0,0,strafe_right
0,0,0,0,0,0,0,0,3,0,0,0,0,0,27,0,0,0,0,0,0,0,0,0,0,0,45,0,0,0,0,0,0,0,0,0,0,0,0,0,0,0,0,0,32,0,0,0,0,0,0,0,0,10,0,4,0,0,0,0,0,0,25,0,0,0,0,0,0,0,0,0,0,0,0,0,0,0,0,0,0,0,0,0,0,0,0,0,0,0,0,0,0,0,0,0,strafe_right
0,0,0,0,0,0,0,0,0,0,0,0,0,0,26,0,0,0,0,0,0,0,0,0,0,0,44,0,0,0,0,0,0,0,0,0,0,0,0,0,0,0,0,0,31,0,0,0,0,0,0,0,0,9,0,0,0,0,0,0,0,0,23,0,0,0,0,0,0,0,0,0,0,0,10,0,0,0,0,0,0,0,0,0,0,0,0,0,0,0,0,0,0,0,0,0,strafe_right
0,0,0,0,0,0,0,0,3,0,0,0,0,0,25,0,0,0,0,0,0,0,0,0,0,0,43,0,0,0,0,0,0,0,0,0,0,0,0,0,0,0,0,0,31,0,0,0,0,0,0,0,0,9,0,0,0,0,0,0,0,0,28,0,0,0,0,0,0,0,0,0,0,0,12,0,0,0,0,0,0,0,0,0,0,0,0,0,0,0,0,0,0,0,0,0,strafe_right
0,0,0,0,0,0,0,0,3,0,0,0,0,0,25,0,0,0,0,0,0,0,0,0,0,0,43,0,0,0,0,0,0,0,0,0,0,0,0,0,0,0,0,0,31,0,0,0,0,0,0,0,0,9,0,0,0,0,0,0,0,0,28,0,0,0,0,0,0,0,0,0,0,0,12,0,0,0,0,0,0,0,0,0,0,0,0,0,0,0,0,0,0,0,0,0,strafe_right
0,0,0,0,0,0,0,0,0,0,0,0,0,0,25,0,0,0,0,0,0,0,0,0,0,0,43,0,0,0,0,0,0,0,0,0,0,0,0,0,0,0,0,0,31,0,0,0,0,0,0,0,0,10,0,0,0,0,0,0,0,0,28,0,0,0,0,0,0,0,0,0,0,0,11,0,0,0,0,0,0,0,0,0,0,0,0,0,0,0,0,0,0,0,0,0,strafe_right
0,0,0,0,0,0,0,0,3,0,0,0,0,0,23,0,0,0,0,0,0,0,0,0,0,0,42,0,0,0,0,0,0,0,0,0,0,0,0,0,0,0,0,0,31,0,0,0,0,0,0,0,0,9,0,0,0,0,0,0,0,0,28,0,0,0,0,0,0,0,0,0,0,0,11,0,0,0,0,0,0,0,0,0,0,0,0,0,0,0,0,0,0,0,0,0,strafe_right
0,0,0,0,0,0,0,0,4,0,0,0,0,0,25,0,0,0,0,0,0,0,0,0,0,0,42,0,0,0,0,0,0,0,0,0,0,0,0,0,0,0,0,0,32,0,0,0,0,0,0,0,0,9,0,0,0,0,0,0,0,0,28,0,0,0,0,0,0,0,0,0,0,0,11,0,0,0,0,0,0,0,0,0,0,0,0,0,0,0,0,0,0,0,0,0,strafe_right
0,0,0,0,0,0,0,0,4,0,0,0,0,0,24,0,0,0,0,0,0,0,0,0,0,0,42,0,0,0,0,0,0,0,0,0,0,0,0,0,0,0,0,0,31,0,0,0,0,0,0,0,0,9,0,0,0,0,0,0,0,0,28,0,0,0,0,0,0,0,0,0,0,0,11,0,0,0,0,0,0,0,0,0,0,0,0,0,0,0,0,0,0,0,0,0,strafe_right
0,0,0,0,0,0,0,0,0,0,0,0,0,0,23,0,0,0,0,0,0,0,0,0,0,0,43,0,0,0,0,0,0,0,0,0,0,0,0,0,0,0,0,0,31,0,0,0,0,0,0,0,0,7,0,0,0,0,0,0,0,0,28,0,0,0,0,0,0,0,0,0,0,0,7,0,0,0,0,0,0,0,0,0,0,0,0,0,0,0,0,0,0,0,0,0,strafe_right
0,0,0,0,0,21,0,9,41,0,0,0,0,0,12,0,0,0,0,0,0,0,0,0,0,0,0,0,0,0,0,0,0,0,0,0,0,0,0,0,0,0,0,0,0,0,0,0,0,0,0,0,0,0,0,0,0,0,0,0,0,0,24,0,0,0,0,0,0,0,0,0,0,0,36,0,0,0,0,0,0,0,0,0,0,0,21,0,0,0,0,0,0,0,0,0,strafe_left
0,0,0,0,0,22,0,9,42,0,0,0,0,0,11,0,0,0,0,0,0,0,0,0,0,0,0,0,0,0,0,0,0,0,0,0,0,0,0,0,0,0,0,0,0,0,0,0,0,0,0,0,0,0,0,0,0,0,0,0,0,0,24,0,0,0,0,0,0,0,0,0,0,0,36,0,0,0,0,0,0,0,0,0,0,0,20,0,0,0,0,0,0,0,0,0,strafe_left
0,0,0,0,0,22,0,9,41,0,0,0,0,0,12,0,0,0,0,0,0,0,0,0,0,0,0,0,0,0,0,0,0,0,0,0,0,0,0,0,0,0,0,0,0,0,0,0,0,0,0,0,0,0,0,0,0,0,0,0,0,0,24,0,0,0,0,0,0,0,0,0,0,0,35,0,0,0,0,0,0,0,0,0,0,0,17,0,0,0,0,0,0,0,0,0,strafe_left
0,0,0,0,0,22,0,8,42,0,0,0,0,0,11,0,0,0,0,0,0,0,0,0,0,0,0,0,0,0,0,0,0,0,0,0,0,0,0,0,0,0,0,0,0,0,0,0,0,0,0,0,0,0,0,0,0,0,0,0,0,0,25,0,0,0,0,0,0,0,0,0,0,0,35,0,0,0,0,0,0,0,0,0,0,0,16,0,0,0,0,0,0,0,0,0,strafe_left
0,0,0,0,0,22,0,9,42,0,0,0,0,0,8,0,0,0,0,0,0,0,0,0,0,0,0,0,0,0,0,0,0,0,0,0,0,0,0,0,0,0,0,0,0,0,0,0,0,0,0,0,0,0,0,0,0,0,0,0,0,0,25,0,0,0,0,0,0,0,0,0,0,0,36,0,0,0,0,0,0,0,0,0,0,0,18,0,0,0,0,0,0,0,0,0,strafe_left
0,0,0,0,0,21,0,7,38,0,0,0,0,0,5,0,0,0,0,0,0,0,0,0,0,0,0,0,0,0,0,0,0,0,0,0,0,0,0,0,0,0,0,0,0,0,0,0,0,0,0,0,0,0,0,0,0,0,0,0,0,0,28,0,0,0,0,0,0,0,0,0,0,0,36,0,0,0,0,0,0,0,0,0,0,0,17,0,0,0,0,0,10,0,0,0,strafe_left
0,0,0,0,0,21,0,8,39,0,0,0,0,0,5,0,0,0,0,0,0,0,0,0,0,0,0,0,0,0,0,0,0,0,0,0,0,0,0,0,0,0,0,0,0,0,0,0,0,0,0,0,0,0,0,0,0,0,0,0,0,0,28,0,0,0,0,0,0,0,0,0,0,0,35,0,0,0,0,0,0,0,0,0,0,0,17,0,0,0,0,0,10,0,0,0,strafe_left
0,0,0,0,0,21,0,8,39,0,0,0,0,0,5,0,0,0,0,0,0,0,0,0,0,0,0,0,0,0,0,0,0,0,0,0,0,0,0,0,0,0,0,0,0,0,0,0,0,0,0,0,0,0,0,0,0,0,0,0,0,0,28,0,0,0,0,0,0,0,0,0,0,0,37,0,0,0,0,0,0,0,0,0,0,0,16,0,0,0,0,0,12,0,0,0,strafe_left
0,0,0,0,0,20,0,7,37,0,0,0,0,0,3,0,0,0,0,0,0,0,0,0,0,0,0,0,0,0,0,0,0,0,0,0,0,0,0,0,0,0,0,0,0,0,0,0,0,0,0,0,0,0,0,0,0,0,0,0,0,0,39,0,0,0,0,0,0,0,0,0,0,7,43,0,0,0,0,0,0,0,0,0,0,0,19,0,0,0,0,0,11,0,0,0,strafe_left
0,5,16,0,0,0,0,0,0,0,0,0,0,70,83,4,0,0,0,0,0,0,0,0,0,14,79,0,0,0,0,0,0,0,0,0,0,0,0,0,0,0,0,0,0,0,0,0,0,0,0,0,0,0,0,0,0,0,0,0,0,0,54,0,0,0,0,0,0,0,0,0,0,36,81,0,0,0,0,0,0,0,0,0,0,0,16,0,0,0,0,0,0,0,0,0,backward
0,11,19,0,0,0,0,0,0,0,0,0,0,72,84,8,0,0,0,0,0,0,0,0,0,10,74,0,0,0,0,0,0,0,0,0,0,0,0,0,0,0,0,0,0,0,0,0,0,0,0,0,0,0,0,0,0,0,0,0,0,0,59,0,0,0,0,0,0,0,0,0,0,29,81,0,0,0,0,0,0,0,0,0,0,0,25,0,0,0,0,0,0,0,0,0,backward
0,9,17,0,0,0,0,0,0,0,0,0,0,74,83,9,0,0,0,0,0,0,0,0,0,10,79,0,0,0,0,0,0,0,0,0,0,0,0,0,0,0,0,0,0,0,0,0,0,0,0,0,0,0,0,0,0,0,0,0,0,0,57,0,0,0,0,0,0,0,0,0,0,29,81,0,0,0,0,0,0,0,0,0,0,0,26,0,0,0,0,0,0,0,0,0,backward
0,11,19,0,0,0,0,0,0,0,0,0,0,74,84,9,0,0,0,0,0,0,0,0,0,11,80,0,0,0,0,0,0,0,0,0,0,0,0,0,0,0,0,0,0,0,0,0,0,0,0,0,0,0,0,0,0,0,0,0,0,0,57,0,0,0,0,0,0,0,0,0,0,28,81,0,0,0,0,0,0,0,0,0,0,0,25,0,0,0,0,0,0,0,0,0,backward
0,9,21,0,0,0,0,0,0,0,0,0,0,74,84,9,0,0,0,0,0,0,0,0,0,14,81,0,0,0,0,0,0,0,0,0,0,0,0,0,0,0,0,0,0,0,0,0,0,0,0,0,0,0,0,0,0,0,0,0,0,0,50,0,0,0,0,0,0,0,0,0,0,30,80,0,0,0,0,0,0,0,0,0,0,0,24,0,0,0,0,0,0,0,0,0,backward
0,7,20,0,0,0,0,0,0,0,0,0,0,75,84,10,0,0,0,0,0,0,0,0,0,14,82,0,0,0,0,0,0,0,0,0,0,0,0,0,0,0,0,0,0,0,0,0,0,0,0,0,0,0,0,0,0,0,0,0,0,0,54,0,0,0,0,0,0,0,0,0,0,29,80,0,0,0,0,0,0,0,0,0,0,0,22,0,0,0,0,0,0,0,0,0,backward
0,0,0,0,0,17,0,6,35,0,0,0,0,0,21,0,0,0,0,0,0,0,0,0,0,0,0,0,0,0,0,0,0,0,0,0,0,0,0,0,0,0,0,0,0,0,0,0,0,0,0,0,0,0,0,0,0,0,0,0,0,0,26,0,0,0,0,0,0,0,0,0,0,9,44,0,0,0,0,0,0,0,0,0,0,0,16,0,0,0,0,0,21,0,0,0,strafe_left
0,0,0,0,0,16,0,6,35,0,0,0,0,0,17,0,0,0,0,0,0,0,0,0,0,0,0,0,0,0,0,0,0,0,0,0,0,0,0,0,0,0,0,0,0,0,0,0,0,0,0,0,0,0,0,0,0,0,0,0,0,0,24,0,0,0,0,0,0,0,0,0,0,9,45,0,0,0,0,0,0,0,0,0,0,0,17,0,0,0,0,0,19,0,0,0,strafe_left
0,0,0,0,0,17,0,6,36,0,0,0,0,0,16,0,0,0,0,0,0,0,0,0,0,0,0,0,0,0,0,0,0,0,0,0,0,0,0,0,0,0,0,0,0,0,0,0,0,0,0,0,0,0,0,0,0,0,0,0,0,0,21,0,0,0,0,0,0,0,0,0,0,8,43,0,0,0,0,0,0,0,0,0,0,0,17,0,0,0,0,0,18,0,0,0,strafe_left
0,0,0,0,0,17,0,6,36,0,0,0,0,0,18,0,0,0,0,0,0,0,0,0,0,0,0,0,0,0,0,0,0,0,0,0,0,0,0,0,0,0,0,0,0,0,0,0,0,0,0,0,0,0,0,0,0,0,0,0,0,0,19,0,0,0,0,0,0,0,0,0,0,8,42,0,0,0,0,0,0,0,0,0,0,0,16,0,0,0,0,0,18,0,0,0,strafe_left
0,0,0,0,0,0,0,0,0,0,0,0,0,0,38,0,0,0,0,0,0,0,0,0,0,0,58,0,0,0,0,0,0,0,0,0,0,0,0,0,0,0,0,0,33,0,0,0,0,0,0,0,0,7,0,19,29,0,0,0,0,0,17,0,0,0,0,0,0,0,0,0,0,0,44,0,0,0,0,0,0,0,0,0,0,0,0,0,0,0,0,0,0,0,0,0,strafe_right
0,0,0,0,0,0,0,0,0,0,0,0,0,0,36,0,0,0,0,0,0,0,0,0,0,0,57,0,0,0,0,0,0,0,0,0,0,0,0,0,0,0,0,0,32,0,0,0,0,0,0,0,0,7,0,18,27,0,0,0,0,0,18,0,0,0,0,0,0,0,0,0,0,0,45,0,0,0,0,0,0,0,0,0,0,0,0,0,0,0,0,0,0,0,0,0,strafe_right
0,0,0,0,0,0,0,0,0,0,0,0,0,0,33,0,0,0,0,0,0,0,0,0,0,0,57,0,0,0,0,0,0,0,0,0,0,0,0,0,0,0,0,0,31,0,0,0,0,0,0,0,0,21,0,22,39,0,0,0,0,0,14,0,0,0,0,0,0,0,0,0,0,0,41,0,0,0,0,0,0,0,0,0,0,0,0,0,0,0,0,0,0,0,0,0,strafe_right
0,0,0,0,0,0,0,0,0,0,0,0,0,0,36,0,0,0,0,0,0,0,0,0,0,0,57,0,0,0,0,0,0,0,0,0,0,0,0,0,0,0,0,0,33,0,0,0,0,0,0,0,0,35,0,26,50,0,0,0,0,0,10,0,0,0,0,0,0,0,0,0,0,0,38,0,0,0,0,0,0,0,0,0,0,0,0,0,0,0,0,0,0,0,0,0,strafe_right
0,0,0,0,0,0,0,0,0,0,0,0,0,0,44,0,0,0,0,0,0,0,0,0,0,8,69,0,0,0,0,0,0,0,0,0,0,0,0,0,0,0,0,0,37,0,0,3,0,0,0,0,4,47,30,30,39,0,0,0,0,0,14,0,0,0,0,0,0,0,0,0,0,0,0,0,0,0,0,0,0,0,0,0,0,0,0,0,0,0,0,0,0,0,0,0,strafe_right
0,0,0,0,0,0,0,0,0,0,0,0,0,0,44,0,0,0,0,0,0,0,0,0,0,7,69,0,0,0,0,0,0,0,0,0,0,0,0,0,0,0,0,0,37,0,0,4,0,0,0,0,4,47,30,30,39,0,0,0,0,0,14,0,0,0,0,0,0,0,0,0,0,0,0,0,0,0,0,0,0,0,0,0,0,0,0,0,0,0,0,0,0,0,0,0,strafe_right
0,0,0,0,0,0,0,0,0,0,0,0,0,0,45,0,0,0,0,0,0,0,0,0,0,7,69,0,0,0,0,0,0,0,0,0,0,0,0,0,0,0,0,0,37,0,0,0,0,0,0,0,4,47,30,30,39,0,0,0,0,0,14,0,0,0,0,0,0,0,0,0,0,0,0,0,0,0,0,0,0,0,0,0,0,0,0,0,0,0,0,0,0,0,0,0,strafe_right
0,0,0,0,0,23,9,12,37,0,0,0,0,0,16,0,0,0,0,0,0,0,0,0,0,0,0,0,0,0,0,0,0,0,0,0,0,0,0,0,0,0,0,0,0,0,0,0,0,0,0,0,0,0,0,0,0,0,0,0,0,0,52,0,0,0,0,0,0,0,0,0,0,8,74,0,0,0,0,0,0,0,0,0,0,16,28,0,0,0,0,0,8,0,0,0,strafe_left
0,0,0,0,0,22,7,11,37,0,0,0,0,0,14,0,0,0,0,0,0,0,0,0,0,0,0,0,0,0,0,0,0,0,0,0,0,0,0,0,0,0,0,0,0,0,0,0,0,0,0,0,0,0,0,0,0,0,0,0,0,0,54,0,0,0,0,0,0,0,0,0,0,10,68,0,0,0,0,0,0,0,0,0,0,8,24,0,0,0,0,0,5,0,0,0,strafe_left
0,0,0,0,0,23,7,10,36,0,0,0,0,0,13,0,0,0,0,0,0,0,0,0,0,0,0,0,0,0,0,0,0,0,0,0,0,0,0,0,0,0,0,0,0,0,0,0,0,0,0,0,0,0,0,0,0,0,0,0,0,0,41,0,0,0,0,0,0,0,0,0,0,7,64,0,0,0,0,0,0,0,0,0,0,0,19,0,0,0,0,0,0,0,0,0,strafe_left
0,0,0,0,0,23,7,11,36,0,0,0,0,0,12,0,0,0,0,0,0,0,0,0,0,0,0,0,0,0,0,0,0,0,0,0,0,0,0,0,0,0,0,0,0,0,0,0,0,0,0,0,0,0,0,0,0,0,0,0,0,0,33,0,0,0,0,0,0,0,0,0,0,11,59,0,0,0,0,0,0,0,0,0,0,0,17,0,0,0,0,0,0,0,0,0,strafe_left
0,0,0,0,0,0,0,0,52,20,0,0,0,0,0,0,0,0,0,0,16,47,0,0,0,0,0,0,0,0,0,0,0,44,0,0,0,0,0,0,0,0,0,0,0,0,0,0,0,0,0,0,0,0,0,23,72,40,0,0,0,0,0,0,0,0,0,0,35,31,0,0,0,0,0,0,0,0,0,0,9,52,0,0,0,0,0,0,0,0,0,0,0,0,0,0,forward
0,0,0,0,0,0,0,0,51,18,0,0,0,0,0,0,0,0,0,0,22,47,0,0,0,0,0,0,0,0,0,0,0,43,0,0,0,0,0,0,0,0,0,0,0,0,0,0,0,0,0,0,0,0,0,21,71,39,0,0,0,0,0,0,0,0,0,0,38,35,0,0,0,0,0,0,0,0,0,0,4,52,0,0,0,0,0,0,0,0,0,0,0,0,0,0,forward
0,0,0,0,0,0,0,0,54,18,0,0,0,0,0,0,0,0,0,0,21,47,0,0,0,0,0,0,0,0,0,0,0,45,0,0,0,0,0,0,0,0,0,0,0,0,0,0,0,0,0,0,0,0,0,20,71,39,0,0,0,0,0,0,0,0,0,0,36,32,0,0,0,0,0,0,0,0,0,0,8,53,0,0,0,0,0,0,0,0,0,0,0,0,0,0,forward
0,0,0,0,0,0,0,0,54,19,0,0,0,0,0,0,0,0,0,0,21,47,0,0,0,0,0,0,0,0,0,0,0,45,0,0,0,0,0,0,0,0,0,0,0,0,0,0,0,0,0,0,0,0,0,21,70,38,0,0,0,0,0,0,0,0,0,0,35,29,0,0,0,0,0,0,0,0,0,0,9,52,0,0,0,0,0,0,0,0,0,0,0,0,0,0,forward
0,0,0,0,0,0,0,0,0,0,0,0,0,238,123,0,0,0,0,0,0,0,0,0,0,332,193,0,0,0,0,0,0,0,0,0,0,85,44,0,0,0,0,0,0,0,0,0,0,0,0,0,0,0,0,0,0,0,0,0,0,51,56,0,0,0,0,0,0,0,0,0,0,231,121,0,0,0,0,0,0,0,0,0,14,150,35,0,0,0,0,0,0,0,0,0,forward
0,0,0,0,0,0,0,0,0,0,0,0,0,243,124,0,0,0,0,0,0,0,0,0,0,333,188,0,0,0,0,0,0,0,0,0,0,84,44,0,0,0,0,0,0,0,0,0,0,0,0,0,0,0,0,0,0,0,0,0,0,53,55,0,0,0,0,0,0,0,0,0,0,230,121,0,0,0,0,0,0,0,0,0,16,148,35,0,0,0,0,0,0,0,0,0,forward
0,0,0,0,0,0,0,0,0,0,0,0,0,244,121,0,0,0,0,0,0,0,0,0,0,329,192,0,0,0,0,0,0,0,0,0,0,82,44,0,0,0,0,0,0,0,0,0,0,0,0,0,0,0,0,0,0,0,0,0,0,54,55,0,0,0,0,0,0,0,0,0,0,237,122,0,0,0,0,0,0,0,0,0,17,155,34,0,0,0,0,0,0,0,0,0,forward
0,0,0,0,0,0,0,0,0,0,0,0,0,245,127,0,0,0,0,0,0,0,0,0,0,328,187,0,0,0,0,0,0,0,0,0,0,80,44,0,0,0,0,0,0,0,0,0,0,0,0,0,0,0,0,0,0,0,0,0,0,52,54,0,0,0,0,0,0,0,0,0,0,236,123,0,0,0,0,0,0,0,0,0,18,154,38,0,0,0,0,0,0,0,0,0,forward
0,0,0,0,0,0,0,0,0,0,0,0,0,245,124,0,0,0,0,0,0,0,0,0,0,322,193,0,0,0,0,0,0,0,0,0,0,70,43,0,0,0,0,0,0,0,0,0,0,0,0,0,0,0,0,0,0,0,0,0,0,54,55,0,0,0,0,0,0,0,0,0,0,238,124,0,0,0,0,0,0,0,0,0,10,150,38,0,0,0,0,0,0,0,0,0,forward
0,0,0,0,0,0,0,0,0,0,0,0,0,232,126,0,0,0,0,0,0,0,0,0,0,315,191,0,0,0,0,0,0,0,0,0,0,68,43,0,0,0,0,0,0,0,0,0,0,0,0,0,0,0,0,0,0,0,0,0,0,52,58,0,0,0,0,0,0,0,0,0,0,240,124,0,0,0,0,0,0,0,0,0,4,153,41,0,0,0,0,0,0,0,0,0,forward
0,0,0,0,0,0,0,0,0,0,0,0,0,225,125,0,0,0,0,0,0,0,0,0,0,304,190,0,0,0,0,0,0,0,0,0,0,67,43,0,0,0,0,0,0,0,0,0,0,0,0,0,0,0,0,0,0,0,0,0,0,58,63,0,0,0,0,0,0,0,0,0,0,247,129,0,0,0,0,0,0,0,0,0,5,154,45,0,0,0,0,0,0,0,0,0,forward
0,0,0,0,0,0,0,0,0,0,0,0,0,213,119,0,0,0,0,0,0,0,0,0,0,310,192,0,0,0,0,0,0,0,0,0,0,84,46,0,0,0,0,0,0,0,0,0,0,0,0,0,0,0,0,0,0,0,0,0,0,55,60,0,0,0,0,0,0,0,0,0,0,235,127,0,0,0,0,0,0,0,0,0,0,136,42,0,0,0,0,0,0,0,0,0,forward
0,0,0,0,0,0,0,0,0,0,0,0,0,195,113,0,0,0,0,0,0,0,0,0,0,279,185,0,0,0,0,0,0,0,0,0,0,79,44,0,0,0,0,0,0,0,0,0,0,0,0,0,0,0,0,0,0,0,0,0,0,62,65,0,0,0,0,0,0,0,0,0,0,245,130,0,0,0,0,0,0,0,0,0,0,159,48,0,0,0,0,0,0,0,0,0,forward
0,0,0,0,0,0,0,0,0,0,0,0,0,195,116,0,0,0,0,0,0,0,0,0,0,285,187,0,0,0,0,0,0,0,0,0,0,78,45,0,0,0,0,0,0,0,0,0,0,0,0,0,0,0,0,0,0,0,0,0,0,64,69,0,0,0,0,0,0,0,0,0,0,243,128,0,0,0,0,0,0,0,0,0,0,155,45,0,0,0,0,0,0,0,0,0,forward
0,0,0,0,0,0,0,0,0,0,0,0,0,183,121,0,0,0,0,0,0,0,0,0,0,259,192,0,0,0,0,0,0,0,0,0,0,70,51,0,0,0,0,0,0,0,0,0,0,0,0,0,0,0,0,0,0,0,0,0,0,64,64,0,0,0,0,0,0,0,0,0,0,246,129,0,0,0,0,0,0,0,0,0,0,159,47,0,0,0,0,0,0,0,0,0,forward
0,0,0,0,0,0,0,0,0,0,0,0,0,176,117,0,0,0,0,0,0,0,0,0,0,262,191,0,0,0,0,0,0,0,0,0,0,80,55,0,0,0,0,0,0,0,0,0,0,0,0,0,0,0,0,0,0,0,0,0,0,65,74,0,0,0,0,0,0,0,0,0,0,237,130,0,0,0,0,0,0,0,0,0,0,138,48,0,0,0,0,0,0,0,0,0,forward
0,13,0,0,0,0,0,0,0,0,0,0,0,273,155,0,0,0,0,0,0,0,0,0,0,387,248,0,0,0,0,0,0,0,0,0,0,78,75,0,0,0,0,0,0,0,0,0,0,0,0,0,0,0,0,0,0,0,0,0,0,5,15,0,0,0,0,0,0,0,0,0,0,213,106,0,0,0,0,0,0,0,0,0,57,233,39,0,0,0,0,0,0,0,0,0,backward
0,5,0,0,0,0,0,0,0,0,0,0,0,236,140,0,0,0,0,0,0,0,0,0,0,336,227,0,0,0,0,0,0,0,0,0,0,61,67,0,0,0,0,0,0,0,0,0,0,0,0,0,0,0,0,0,0,0,0,0,0,12,25,0,0,0,0,0,0,0,0,0,0,230,113,0,0,0,0,0,0,0,0,0,44,252,49,0,0,0,0,0,0,0,0,0,backward
0,0,0,0,0,0,0,0,0,0,0,0,0,195,124,0,0,0,0,0,0,0,0,0,0,276,200,0,0,0,0,0,0,0,0,0,0,64,49,0,0,0,0,0,0,0,0,0,0,0,0,0,0,0,0,0,0,0,0,0,0,20,33,0,0,0,0,0,0,0,0,0,0,239,123,0,0,0,0,0,0,0,0,0,33,257,57,0,0,0,0,0,0,0,0,0,backward
0,0,0,0,0,0,0,0,0,0,0,0,0,187,123,0,0,0,0,0,0,0,0,0,0,268,193,0,0,0,0,0,0,0,0,0,0,62,49,0,0,0,0,0,0,0,0,0,0,0,0,0,0,0,0,0,0,0,0,0,0,33,45,0,0,0,0,0,0,0,0,0,0,245,125,0,0,0,0,0,0,0,0,0,8,242,67,0,0,0,0,0,0,0,0,0,backward
0,0,0,0,0,0,0,0,0,0,0,0,0,183,118,0,0,0,0,0,0,0,0,0,0,268,191,0,0,0,0,0,0,0,0,0,0,77,51,0,0,0,0,0,0,0,0,0,0,0,0,0,0,0,0,0,0,0,0,0,0,33,48,0,0,0,0,0,0,0,0,0,0,242,124,0,0,0,0,0,0,0,0,0,9,243,65,0,0,0,0,0,0,0,0,0,backward
0,0,0,0,0,0,0,0,0,0,0,0,0,182,118,0,0,0,0,0,0,0,0,0,0,275,195,0,0,0,0,0,0,0,0,0,0,92,53,0,0,0,0,0,0,0,0,0,0,0,0,0,0,0,0,0,0,0,0,0,0,33,52,0,0,0,0,0,0,0,0,0,0,250,128,0,0,0,0,0,0,0,0,0,0,251,71,0,0,0,0,0,0,0,0,0,backward
0,0,0,0,0,0,0,0,0,0,0,0,0,164,113,0,0,0,0,0,0,0,0,0,0,268,194,0,0,0,0,0,0,0,0,0,0,90,55,0,0,0,0,0,0,0,0,0,0,0,0,0,0,0,0,0,0,0,0,0,0,34,58,0,0,0,0,0,0,0,0,0,0,246,128,0,0,0,0,0,0,0,0,0,0,231,80,0,0,0,0,0,0,0,0,0,backward
0,0,0,0,0,0,0,0,0,0,0,0,0,155,105,0,0,0,0,0,0,0,0,0,0,250,185,0,0,0,0,0,0,0,0,0,0,82,53,0,0,0,0,0,0,0,0,0,0,0,0,0,0,0,0,0,0,0,0,0,0,36,56,0,0,0,0,0,0,0,0,0,0,255,131,0,0,0,0,0,0,0,0,0,0,240,77,0,0,0,0,0,0,0,0,0,backward
0,0,0,0,0,0,0,0,0,0,0,0,0,147,105,0,0,0,0,0,0,0,0,0,0,212,184,0,0,0,0,0,0,0,0,0,0,80,55,0,0,0,0,0,0,0,0,0,0,0,0,0,0,0,0,0,0,0,0,0,0,49,55,0,0,0,0,0,0,0,0,0,0,261,138,0,0,0,0,0,0,0,0,0,4,226,77,0,0,0,0,0,0,0,0,0,backward
0,0,0,0,0,0,0,0,0,0,0,0,0,138,104,0,0,0,0,0,0,0,0,0,0,190,171,0,0,0,0,0,0,0,0,0,0,62,47,0,0,0,0,0,0,0,0,0,0,0,0,0,0,0,0,0,0,0,0,0,0,46,54,0,0,0,0,0,0,0,0,0,0,265,135,0,0,0,0,0,0,0,0,0,0,225,76,0,0,0,0,0,0,0,0,0,backward
0,0,0,0,0,0,0,0,0,0,0,0,0,131,104,0,0,0,0,0,0,0,0,0,0,195,172,0,0,0,0,0,0,0,0,0,0,61,49,0,0,0,0,0,0,0,0,0,0,0,0,0,0,0,0,0,0,0,0,0,0,46,50,0,0,0,0,0,0,0,0,0,0,263,128,0,0,0,0,0,0,0,0,0,6,220,64,0,0,0,0,0,0,0,0,0,backward
0,0,0,0,0,0,0,0,0,0,0,0,0,134,105,0,0,0,0,0,0,0,0,0,0,192,171,0,0,0,0,0,0,0,0,0,0,50,44,0,0,0,0,0,0,0,0,0,0,0,0,0,0,0,0,0,0,0,0,0,0,44,49,0,0,0,0,0,0,0,0,0,0,272,133,0,0,0,0,0,0,0,0,0,10,223,67,0,0,0,0,0,0,0,0,0,backward
0,0,0,0,0,0,0,0,0,0,0,0,0,120,104,0,0,0,0,0,0,0,0,0,0,173,165,0,0,0,0,0,0,0,0,0,0,39,45,0,0,0,0,0,0,0,0,0,0,0,0,0,0,0,0,0,0,0,0,0,0,44,49,0,0,0,0,0,0,0,0,0,0,272,133,0,0,0,0,0,0,0,0,0,10,223,67,0,0,0,0,0,0,0,0,0,backward
0,0,0,0,0,0,0,0,0,0,0,0,0,117,104,0,0,0,0,0,0,0,0,0,0,175,162,0,0,0,0,0,0,0,0,0,0,49,49,0,0,0,0,0,0,0,0,0,0,0,0,0,0,0,0,0,0,0,0,0,0,37,41,0,0,0,0,0,0,0,0,0,0,224,124,0,0,0,0,0,0,0,0,0,0,159,37,0,0,0,0,0,0,0,0,0,backward
0,0,0,0,0,0,0,0,0,0,0,0,0,128,108,0,0,0,0,0,0,0,0,0,0,182,176,0,0,0,0,0,0,0,0,0,0,37,50,0,0,0,0,0,0,0,0,0,0,0,0,0,0,0,0,0,0,0,0,0,0,34,46,0,0,0,0,0,0,0,0,0,0,222,124,0,0,0,0,0,0,0,0,0,0,163,44,0,0,0,0,0,0,0,0,0,backward
0,0,0,0,0,0,0,0,0,0,0,0,0,129,115,0,0,0,0,0,0,0,0,0,0,178,173,0,0,0,0,0,0,0,0,0,0,26,48,0,0,0,0,0,0,0,0,0,0,0,0,0,0,0,0,0,0,0,0,0,0,34,46,0,0,0,0,0,0,0,0,0,0,222,124,0,0,0,0,0,0,0,0,0,0,163,44,0,0,0,0,0,0,0,0,0,backward
0,0,0,0,0,0,0,0,0,0,0,0,0,140,118,0,0,0,0,0,0,0,0,0,0,192,185,0,0,0,0,0,0,0,0,0,0,32,50,0,0,0,0,0,0,0,0,0,0,0,0,0,0,0,0,0,0,0,0,0,0,28,54,0,0,0,0,0,0,0,0,0,0,211,131,0,0,0,0,0,0,0,0,0,0,172,50,0,0,0,0,0,0,0,0,0,backward
